-78,46,2,25,25,24,22,21,20,18,20,22,21,20,19,17,18,19,18,17,16,15,15,15,15,14,12,12,4,0,0,0,0,0,0,0,0,0,6,23,24,26,28,27,26,26,25,25,26,27,28,27,27,28,29,27,25,24,23,22,22,24,25,26,24
-76,98,6,25,24,21,19,20,20,19,18,17,19,19,18,18,19,19,18,18,17,16,17,14,13,13,14,14,4,0,0,0,0,0,0,0,0,0,6,25,27,29,29,28,28,28,26,28,28,29,30,30,29,27,27,27,25,25,24,23,23,23,24,26,26
-77,131,5,22,21,19,18,17,16,16,17,18,17,16,17,16,15,17,16,16,15,13,13,13,13,13,13,12,3,0,0,0,0,0,0,0,0,0,4,20,19,22,24,23,22,21,23,24,24,25,25,23,22,23,25,23,20,20,20,21,21,23,24,24,23
-83,163,8,21,20,19,17,15,13,11,7,6,9,9,7,8,9,11,10,9,8,6,5,4,3,5,5,4,1,0,0,0,0,0,0,0,0,0,6,25,28,29,31,31,31,30,30,31,32,34,34,31,29,28,28,27,26,26,26,25,25,23,23,25,23
-78,114,14,22,21,21,19,19,20,19,22,27,24,19,19,20,21,22,21,19,18,18,18,17,17,16,14,12,3,0,0,0,0,0,0,0,0,0,6,22,23,25,27,26,25,25,27,27,27,27,28,29,30,28,28,27,23,22,22,21,21,23,25,25,24
-81,125,20,23,25,24,21,21,21,21,25,28,25,22,22,22,24,26,25,24,23,23,21,19,18,18,17,17,5,0,0,0,0,0,0,0,0,0,5,19,20,21,21,23,23,24,24,24,25,25,25,26,25,25,26,25,23,23,21,21,24,25,25,24,22
-82,125,20,24,24,24,23,21,22,21,21,23,23,21,19,19,20,20,19,19,18,18,18,18,17,15,13,12,3,0,0,0,0,0,0,0,0,0,5,20,20,21,21,22,23,23,24,24,26,28,27,25,23,22,22,23,24,24,23,23,22,22,25,27,25
-79,125,20,24,25,25,23,23,22,22,25,27,24,21,21,20,20,21,21,21,21,21,20,18,17,17,16,16,3,0,0,0,0,0,0,0,0,0,3,15,15,17,19,20,22,24,22,23,25,26,27,27,26,27,26,26,25,27,27,26,27,27,27,28,29
-82,125,20,20,18,15,14,16,16,16,13,12,13,13,11,10,9,10,10,8,6,7,7,6,7,8,7,6,1,0,0,0,0,0,0,0,0,0,5,22,24,24,25,26,27,28,28,28,30,32,32,30,28,28,28,27,28,29,29,27,25,23,25,25,24
-83,125,20,22,19,19,19,18,17,17,16,15,15,13,10,10,11,13,13,14,14,12,11,12,10,8,7,8,3,0,0,0,0,0,0,0,0,0,5,21,21,22,23,24,25,25,24,26,29,30,29,28,28,28,27,27,26,24,25,26,24,24,23,21,21
-79,125,20,23,23,23,22,21,20,21,23,24,21,18,19,19,20,20,20,19,19,18,17,17,18,17,15,15,4,0,0,0,0,0,0,0,0,0,5,20,21,22,22,22,23,25,25,25,25,27,27,26,26,26,26,25,25,26,25,25,24,23,24,25,24
-78,125,20,25,25,25,25,24,23,22,22,22,22,21,21,22,23,22,21,20,21,21,20,18,18,17,16,15,3,0,0,0,0,0,0,0,0,0,4,19,19,20,22,22,23,24,24,26,27,27,27,27,26,26,24,25,25,24,25,25,24,26,26,25,24
-77,125,20,25,24,24,23,22,23,22,23,24,21,19,20,19,20,21,21,20,19,19,19,19,17,17,17,16,5,0,0,0,0,0,0,0,0,0,5,19,20,22,23,24,23,23,24,25,26,28,27,26,25,25,25,24,23,23,24,26,25,25,26,26,26
-79,125,20,24,24,24,23,22,23,22,19,16,19,21,20,20,20,19,19,18,18,18,17,15,14,12,12,12,3,0,0,0,0,0,0,0,0,0,5,21,20,22,23,25,26,27,27,28,27,28,27,27,25,25,28,27,26,27,26,25,24,24,26,26,27
-80,125,20,23,23,22,21,22,20,20,18,16,16,17,17,17,17,18,18,17,17,16,14,13,13,11,10,10,3,0,0,0,0,0,0,0,0,0,5,19,20,22,22,22,24,24,24,25,25,24,25,25,23,22,23,23,22,22,23,23,21,22,23,23,23
-81,125,20,24,23,22,21,21,23,23,19,15,18,19,18,20,19,19,18,18,17,17,16,15,13,12,12,13,4,0,0,0,0,0,0,0,0,0,5,23,23,24,24,26,28,28,28,28,28,28,28,27,26,25,25,24,23,23,24,25,26,26,25,25,24
-85,125,20,19,17,16,17,15,13,12,9,9,10,13,14,12,10,10,11,12,11,9,9,10,8,7,7,7,1,0,0,0,0,0,0,0,0,0,6,27,28,29,31,33,31,31,30,30,31,32,31,30,28,26,28,25,23,24,25,22,19,19,20,17,16
-83,125,20,20,18,18,18,17,16,15,12,11,13,15,13,12,12,14,14,14,13,12,11,9,8,9,9,9,2,0,0,0,0,0,0,0,0,0,5,21,21,20,23,25,25,25,26,27,26,26,26,26,26,25,26,24,23,23,25,25,23,22,22,20,20
-83,125,20,18,16,15,16,17,17,17,13,9,11,13,12,14,16,17,16,15,13,12,12,12,11,11,11,12,3,0,0,0,0,0,0,0,0,0,6,20,21,23,24,25,26,26,25,25,27,29,29,26,23,24,26,26,25,23,23,23,25,24,22,21,19
-83,125,20,24,22,23,21,19,17,17,19,20,16,14,14,13,13,13,14,16,16,15,14,13,12,10,9,8,2,0,0,0,0,0,0,0,0,0,6,24,23,22,24,27,29,30,30,28,28,29,28,27,27,27,28,30,29,28,30,29,25,23,24,29,30
-82,125,20,23,21,22,22,22,22,20,18,17,17,20,19,18,19,20,20,19,18,18,17,15,16,17,17,18,5,0,0,0,0,0,0,0,0,0,5,21,24,28,30,29,29,30,30,31,31,32,31,29,28,28,28,27,28,29,28,26,28,28,27,25,22
-79,125,20,22,22,23,23,22,20,19,17,13,15,18,18,18,18,19,19,19,18,18,17,16,15,15,15,13,3,0,0,0,0,0,0,0,0,0,5,19,19,21,22,23,24,25,25,26,27,28,28,27,26,26,27,27,25,26,26,25,23,22,23,23,25
-82,125,20,21,21,19,18,18,17,15,15,16,17,18,16,15,16,17,17,16,16,17,17,14,14,14,14,12,3,0,0,0,0,0,0,0,0,0,4,17,19,22,23,23,24,26,26,26,28,29,28,28,28,26,25,24,23,23,22,20,18,20,22,21,19
-80,125,20,26,25,23,21,20,20,19,19,20,20,18,16,17,18,17,16,15,15,17,15,12,13,13,13,12,2,0,0,0,0,0,0,0,0,0,5,20,22,23,23,24,25,27,27,26,26,27,28,29,29,27,27,26,26,27,28,28,27,27,27,26,27
-79,125,20,25,24,23,22,21,20,20,15,10,15,19,19,18,20,20,19,20,20,18,17,16,15,15,14,13,3,0,0,0,0,0,0,0,0,0,4,18,19,21,21,21,23,25,25,26,27,28,30,29,26,27,28,26,24,25,25,25,24,23,24,25,24
-76,125,20,25,25,24,23,21,20,20,19,18,19,20,19,18,18,18,18,18,18,18,17,16,15,14,13,13,4,0,0,0,0,0,0,0,0,0,6,22,22,24,25,25,25,26,25,25,26,27,27,27,25,25,26,27,25,24,24,26,27,26,27,27,27
-81,125,20,22,20,18,18,17,17,17,21,23,19,16,16,15,16,16,15,14,13,12,12,12,12,10,10,10,3,0,0,0,0,0,0,0,0,0,7,27,27,28,29,30,31,31,30,30,30,31,30,29,29,29,28,26,25,25,28,28,26,23,23,25,27
-76,125,20,21,21,20,19,17,16,15,17,17,17,16,17,17,17,16,17,17,16,15,15,16,14,14,14,14,3,0,0,0,0,0,0,0,0,0,5,22,24,25,26,27,29,29,28,27,28,29,30,29,27,27,27,26,25,25,25,23,23,22,23,23,23
-78,125,20,21,21,19,18,18,17,17,15,12,12,16,18,17,17,18,17,17,17,17,17,16,15,14,14,14,3,0,0,0,0,0,0,0,0,0,5,22,23,25,26,26,27,28,27,27,27,27,29,28,26,26,26,27,24,24,24,25,24,23,23,23,23
-78,125,20,23,22,22,22,21,19,19,21,22,21,19,19,20,20,21,20,20,19,17,17,15,15,15,15,15,3,0,0,0,0,0,0,0,0,0,5,23,23,24,24,25,27,27,27,27,27,28,28,28,27,27,26,25,25,25,25,25,25,24,26,24,25
-77,125,20,22,21,20,19,18,18,18,16,14,16,18,17,17,17,17,17,17,16,16,15,15,14,13,12,12,4,0,0,0,0,0,0,0,0,0,6,22,23,24,25,25,25,26,26,25,26,28,28,26,26,25,25,25,23,23,23,23,23,22,23,23,23
-77,125,20,23,21,19,20,19,19,20,17,14,16,18,18,18,19,19,18,17,17,16,16,15,14,14,13,13,3,0,0,0,0,0,0,0,0,0,7,26,27,28,31,30,30,32,32,30,29,31,31,31,29,28,28,27,26,25,26,26,27,26,26,27,28
-77,125,20,23,23,24,23,21,21,21,20,18,20,20,19,19,20,20,20,20,20,20,19,18,18,18,19,18,5,0,0,0,0,0,0,0,0,0,5,22,24,25,25,25,27,27,27,27,28,27,27,26,25,24,25,25,23,23,24,26,27,26,25,26,25
-76,125,20,23,22,21,21,20,20,19,21,23,20,18,17,17,18,17,17,17,16,15,14,14,12,12,12,12,2,0,0,0,0,0,0,0,0,0,6,24,24,25,25,25,26,26,26,27,27,28,28,26,25,25,24,24,23,22,22,23,23,24,24,26,26
-83,125,20,22,20,20,22,24,22,18,21,25,23,19,17,19,21,22,22,20,19,18,16,13,12,12,11,10,2,0,0,0,0,0,0,0,0,0,5,24,22,22,23,24,25,26,27,26,26,26,25,24,21,19,19,20,19,19,19,19,20,20,19,20,21
-83,125,20,21,20,20,19,19,18,17,18,20,16,14,13,15,16,17,14,15,14,13,13,13,12,11,11,11,2,0,0,0,0,0,0,0,0,0,5,22,21,23,26,25,26,27,26,24,22,23,25,27,25,23,24,23,21,22,23,20,18,17,19,22,23
-81,125,20,22,20,19,18,19,18,17,21,25,20,16,15,15,16,17,17,16,14,13,14,13,12,11,10,11,2,0,0,0,0,0,0,0,0,0,5,24,24,26,26,25,26,28,28,28,28,27,27,26,26,27,29,28,25,25,24,24,24,23,24,24,24
-81,125,20,24,24,20,19,20,20,20,16,16,19,20,17,17,17,17,17,17,18,17,16,14,13,13,12,10,3,0,0,0,0,0,0,0,0,0,5,21,21,22,24,22,22,24,23,23,23,23,24,25,24,22,23,23,22,22,23,23,24,24,23,21,21
-86,125,20,19,19,19,19,18,16,18,23,26,20,14,13,13,13,16,15,14,13,14,14,14,13,14,13,11,2,0,0,0,0,0,0,0,0,0,5,21,20,21,20,19,18,19,20,21,21,22,21,20,21,22,21,19,17,18,20,20,17,16,17,18,18
-78,125,20,24,24,21,20,19,19,18,18,17,16,15,14,14,14,13,11,10,11,10,9,9,9,7,6,6,2,0,0,0,0,0,0,0,0,0,6,25,27,27,28,28,28,27,28,29,30,31,31,30,28,27,27,25,26,26,25,26,26,26,26,25,26
-77,121,38,27,26,25,24,22,21,19,21,23,21,17,16,16,16,16,16,14,12,11,10,8,7,6,5,4,1,0,0,0,0,0,0,0,0,0,5,22,23,24,25,24,26,26,26,27,27,29,29,29,27,27,28,28,28,26,25,25,25,26,26,28,28
-85,121,38,11,10,11,13,13,12,12,12,12,14,20,22,22,22,24,25,26,25,26,28,31,32,32,30,27,7,0,0,0,0,0,0,0,0,0,6,25,26,27,27,25,25,23,21,23,24,24,22,21,19,18,17,16,14,12,12,12,11,9,9,9,9
-78,125,20,24,24,25,24,22,20,20,19,18,19,19,17,16,16,16,16,16,15,13,13,11,10,10,9,8,2,0,0,0,0,0,0,0,0,0,5,21,22,22,22,22,23,24,24,26,27,27,26,26,25,24,24,26,23,24,24,25,25,24,24,26,26
-81,125,20,25,25,27,27,26,24,25,27,30,27,23,24,25,24,26,25,24,23,23,24,23,21,20,19,19,5,0,0,0,0,0,0,0,0,0,2,6,8,11,12,11,12,13,14,15,16,17,20,21,21,21,21,21,20,22,23,23,23,24,25,25,25
-84,125,20,23,23,21,20,20,19,18,21,23,19,18,18,17,16,15,15,15,14,13,11,9,9,9,8,7,2,0,0,0,0,0,0,0,0,0,4,17,19,20,21,21,20,21,20,20,19,18,19,21,20,19,18,20,22,21,18,17,19,21,21,20,19
-82,125,20,22,22,21,19,19,20,19,22,25,20,14,13,15,16,15,14,14,14,15,14,13,13,12,11,11,3,0,0,0,0,0,0,0,0,0,6,26,25,26,27,29,30,29,28,27,27,28,29,29,28,27,27,25,24,23,22,23,23,24,24,26,26
-81,125,20,22,21,21,20,20,21,20,20,18,17,19,19,18,17,18,19,18,17,16,14,13,13,13,13,13,3,0,0,0,0,0,0,0,0,0,5,22,22,23,24,24,24,26,25,25,27,28,26,25,25,25,25,24,24,22,21,22,22,22,24,25,24
-79,125,20,28,27,26,25,26,24,21,23,27,24,21,22,23,22,21,20,20,19,18,18,18,16,14,14,15,4,0,0,0,0,0,0,0,0,0,5,18,19,20,22,22,23,24,24,23,24,26,27,27,26,26,27,27,25,26,25,26,25,26,25,27,28
-80,125,20,20,19,20,20,20,21,21,23,25,23,21,19,18,18,19,20,20,20,21,20,18,16,15,15,14,3,0,0,0,0,0,0,0,0,0,5,21,22,23,22,23,23,25,25,25,25,25,24,22,21,21,21,22,21,20,20,19,21,23,23,23,23
-78,125,20,22,21,22,22,22,21,20,18,19,18,19,19,18,16,15,16,18,18,17,16,16,16,16,17,18,5,0,0,0,0,0,0,0,0,0,6,24,25,24,25,25,26,26,27,26,25,25,25,26,25,24,25,25,24,22,22,23,23,23,24,26,26
-81,125,20,24,25,25,24,23,23,22,18,15,18,21,21,20,20,22,24,21,20,19,19,19,17,18,17,17,5,0,0,0,0,0,0,0,0,0,6,24,25,26,26,27,28,29,29,29,29,28,28,27,26,23,23,25,26,25,25,25,24,24,25,26,27
-82,125,20,24,25,24,24,24,24,22,24,26,25,22,23,23,22,23,24,25,26,26,26,24,21,20,20,21,6,0,0,0,0,0,0,0,0,0,4,17,17,18,20,20,19,19,20,21,22,22,21,20,22,21,20,22,22,21,21,21,21,21,21,24,26
-83,125,20,14,11,8,9,13,13,13,10,12,11,12,13,15,17,17,18,17,18,19,18,19,21,20,18,18,4,0,0,0,0,0,0,0,0,0,7,33,33,34,34,35,34,33,31,31,32,30,31,31,28,24,22,22,20,18,17,20,18,16,15,17,17
-78,125,20,24,24,24,24,23,22,21,25,27,24,20,21,22,22,22,22,22,21,20,20,19,17,18,17,17,4,0,0,0,0,0,0,0,0,0,5,20,21,21,21,23,26,26,27,26,26,27,26,26,26,27,28,27,25,25,25,24,23,23,25,27,28
-80,125,20,25,24,22,20,19,18,17,20,22,20,18,18,18,17,15,13,12,11,13,12,10,10,10,9,8,2,0,0,0,0,0,0,0,0,0,5,22,23,25,26,24,25,25,25,26,25,26,25,24,25,24,25,26,25,24,25,24,22,22,23,22,19
-80,125,20,26,25,22,19,18,19,20,18,16,18,20,19,19,19,20,20,20,20,19,18,17,17,17,16,16,4,0,0,0,0,0,0,0,0,0,5,24,25,26,28,29,29,28,29,29,31,31,31,30,28,28,28,25,25,27,28,26,25,24,23,23,23
-82,125,20,22,20,18,18,17,17,17,15,13,13,15,15,15,15,16,16,15,15,15,16,16,15,16,16,14,4,0,0,0,0,0,0,0,0,0,7,26,26,28,29,29,29,28,27,28,29,29,29,29,27,26,26,25,23,23,23,23,23,23,22,22,22
-84,125,20,20,18,18,18,18,17,15,17,23,23,19,20,23,24,25,25,25,25,26,25,23,23,23,22,23,6,0,0,0,0,0,0,0,0,0,4,18,20,21,21,22,23,23,22,23,22,21,21,21,20,18,18,18,17,19,17,16,16,16,16,16,18
-82,125,20,14,13,16,16,16,14,14,16,20,18,15,15,16,18,19,19,20,22,21,20,21,23,24,22,21,5,0,0,0,0,0,0,0,0,0,7,29,29,31,31,32,33,32,29,29,29,30,29,28,25,23,22,21,19,18,18,17,13,12,13,13,14
-77,125,20,26,26,25,24,23,23,22,18,16,19,20,20,20,19,19,19,19,18,16,15,14,13,14,13,13,3,0,0,0,0,0,0,0,0,0,5,22,23,23,24,24,25,26,26,26,27,29,29,27,26,26,26,26,26,26,26,26,27,27,27,27,28
-80,125,20,23,24,24,23,23,22,21,23,26,23,19,19,19,19,20,19,18,18,17,17,15,15,16,16,15,4,0,0,0,0,0,0,0,0,0,6,24,24,24,26,27,28,28,29,30,30,28,28,28,28,27,27,27,27,27,25,23,23,24,24,24,24
-80,125,20,19,18,18,17,16,16,16,14,14,14,14,14,15,14,14,13,13,13,11,10,9,11,11,10,8,1,0,0,0,0,0,0,0,0,0,5,22,23,25,26,27,27,26,27,29,28,28,27,26,25,23,24,24,23,22,22,23,21,21,21,22,20
-82,125,20,22,21,19,18,19,21,21,21,22,23,21,20,21,22,21,21,22,21,19,20,20,19,19,18,17,5,0,0,0,0,0,0,0,0,0,5,23,24,25,26,26,27,27,25,26,25,26,26,25,26,26,24,23,22,21,22,23,22,21,23,24,25
-81,125,20,23,23,24,23,20,19,19,16,14,16,18,16,16,17,18,18,17,16,16,16,15,14,15,15,17,5,0,0,0,0,0,0,0,0,0,8,30,30,30,31,31,31,32,32,31,31,31,32,31,30,26,25,25,25,26,27,26,22,21,24,27,27
-81,125,20,23,21,20,20,20,20,18,14,15,17,18,18,18,19,20,20,17,17,17,16,15,15,17,16,15,4,0,0,0,0,0,0,0,0,0,7,26,27,28,29,28,29,28,28,27,26,28,29,28,27,27,24,23,22,21,20,20,20,20,21,23,23
-83,125,20,20,19,18,17,17,17,17,19,22,20,16,16,17,17,18,16,16,16,15,16,16,16,16,16,16,4,0,0,0,0,0,0,0,0,0,7,25,25,25,26,28,29,28,28,28,28,29,28,27,26,23,22,21,20,21,22,22,21,21,21,22,22
-79,125,20,21,21,22,22,24,22,21,20,20,20,21,21,20,20,20,19,21,19,18,17,15,13,14,14,14,3,0,0,0,0,0,0,0,0,0,5,20,21,22,24,25,24,24,24,25,25,26,27,26,23,22,25,25,23,21,21,21,22,23,25,25,26
-84,125,20,19,17,16,16,16,16,16,21,25,20,14,15,17,17,17,18,19,18,18,18,19,19,18,17,17,3,0,0,0,0,0,0,0,0,0,6,25,25,27,28,28,29,28,28,28,27,27,26,25,23,22,23,22,21,20,17,16,15,17,17,14,13
-80,125,20,24,23,22,21,20,19,19,22,25,21,16,15,16,18,18,17,17,17,17,17,14,13,13,13,14,3,0,0,0,0,0,0,0,0,0,5,24,24,25,26,26,28,28,27,27,29,30,30,27,25,26,27,26,24,23,23,23,23,23,24,25,25
-83,125,20,14,12,12,13,15,15,14,16,20,18,17,19,19,19,19,20,21,20,20,20,20,19,18,19,21,5,0,0,0,0,0,0,0,0,0,5,25,26,25,25,25,25,25,25,22,21,20,20,21,19,18,17,16,15,16,16,15,14,15,16,15,13
-84,125,20,16,16,17,18,16,14,15,15,13,16,21,23,21,20,20,19,17,20,23,24,23,22,22,21,22,6,0,0,0,0,0,0,0,0,0,5,25,25,24,24,26,26,25,27,28,26,25,25,24,22,21,22,21,19,18,18,19,19,19,20,22,23
-82,125,20,20,19,19,20,21,21,21,25,28,25,21,22,22,22,22,23,24,22,20,20,19,20,21,19,17,5,0,0,0,0,0,0,0,0,0,4,18,20,20,22,23,22,24,25,24,23,25,26,24,23,22,23,23,22,23,24,24,23,21,23,24,24
-83,125,20,20,18,18,19,20,19,16,13,13,15,18,18,18,17,17,15,14,14,15,15,13,12,12,11,10,3,0,0,0,0,0,0,0,0,0,6,23,25,26,28,29,31,31,30,29,30,32,33,29,25,25,25,24,24,24,24,22,21,21,23,24,24
-82,125,20,18,19,20,21,21,23,23,20,15,18,20,21,24,26,26,27,26,25,25,24,25,25,24,22,21,5,0,0,0,0,0,0,0,0,0,4,19,18,19,21,20,19,17,16,18,21,22,21,19,20,19,19,19,20,19,18,18,20,20,22,22,23
-80,125,20,21,20,20,20,20,18,18,20,21,18,17,17,16,15,15,16,16,15,16,15,15,14,14,13,12,2,0,0,0,0,0,0,0,0,0,4,20,20,22,25,25,26,26,26,26,27,27,26,25,24,23,23,25,25,24,24,23,23,23,23,23,24
-79,125,20,28,28,27,26,27,26,25,26,29,28,25,25,26,27,27,27,27,25,25,25,24,23,23,22,20,5,0,0,0,0,0,0,0,0,0,2,10,10,10,12,13,14,14,15,15,16,18,20,21,20,20,22,22,22,22,23,24,24,25,26,26,27
-82,125,20,20,20,18,17,15,14,15,18,20,17,14,14,12,12,11,11,9,8,8,9,9,8,8,8,8,2,0,0,0,0,0,0,0,0,0,7,28,27,27,28,29,30,29,29,27,27,27,28,29,29,27,27,26,25,24,23,23,24,24,25,24,22
-80,125,20,22,21,21,21,21,20,19,17,16,17,18,17,17,17,19,17,16,17,18,18,15,14,14,14,14,4,0,0,0,0,0,0,0,0,0,6,25,26,26,25,26,26,26,26,27,27,26,25,25,26,27,27,27,25,25,24,24,23,25,24,24,24
-81,125,20,23,21,19,18,20,21,18,15,17,17,16,17,18,19,19,19,19,18,19,19,19,19,18,17,18,5,0,0,0,0,0,0,0,0,0,6,23,24,27,29,29,28,26,25,26,28,29,28,27,26,25,25,23,22,23,23,22,21,21,23,23,21
-82,125,20,20,18,17,18,19,19,21,23,24,22,20,21,23,24,24,22,22,23,23,23,22,21,20,20,20,5,0,0,0,0,0,0,0,0,0,5,22,21,23,24,24,24,24,24,22,23,25,27,25,24,22,21,21,21,21,22,23,22,21,22,22,23
-80,125,20,22,21,20,20,21,20,19,15,11,14,18,17,16,15,14,14,13,13,14,15,14,13,13,11,10,3,0,0,0,0,0,0,0,0,0,6,23,24,25,27,27,28,28,28,27,28,29,30,29,28,27,27,26,24,24,25,25,23,22,22,22,22
-80,125,20,26,26,26,26,26,26,27,31,34,31,28,28,28,29,32,32,31,30,28,27,26,28,27,26,25,6,0,0,0,0,0,0,0,0,0,5,17,18,17,18,18,19,19,20,20,20,22,21,19,18,18,20,21,21,20,20,22,25,24,23,24,24
-79,125,20,23,23,21,20,22,22,22,24,26,25,23,24,24,24,24,23,23,24,23,22,23,23,23,21,21,4,0,0,0,0,0,0,0,0,0,5,21,20,22,24,23,23,23,21,22,23,25,25,23,21,21,21,20,19,20,20,20,20,20,21,20,20
-79,125,20,29,27,27,27,28,28,29,26,23,25,27,27,28,29,28,28,29,29,27,25,24,23,22,20,20,5,0,0,0,0,0,0,0,0,0,2,9,9,10,13,15,16,18,18,19,20,23,24,23,22,24,24,23,24,25,26,26,25,26,27,30,31
-78,125,20,26,26,27,25,24,24,24,23,20,22,23,24,25,25,26,26,26,24,24,23,22,22,22,21,20,5,0,0,0,0,0,0,0,0,0,1,7,7,8,9,11,12,13,14,15,17,18,19,19,19,18,19,20,20,20,21,21,23,25,25,25,24
-80,125,20,23,23,22,20,21,21,21,22,24,22,21,20,21,22,22,23,22,21,21,20,19,19,19,18,17,3,0,0,0,0,0,0,0,0,0,4,17,18,18,19,21,22,22,23,24,24,25,24,23,23,24,26,25,22,22,22,22,21,21,21,22,22
-80,125,20,22,22,21,20,20,18,16,20,22,19,14,14,15,15,14,14,13,12,11,11,11,11,11,11,11,3,0,0,0,0,0,0,0,0,0,6,25,25,26,28,29,29,30,30,30,30,30,30,29,29,29,28,27,26,26,25,24,24,24,23,23,23
-81,125,20,15,13,11,9,10,9,8,7,5,7,9,10,12,12,11,13,15,16,16,16,16,16,16,16,16,4,0,0,0,0,0,0,0,0,0,8,32,32,32,33,32,32,31,31,31,30,31,30,28,25,24,25,23,21,21,20,20,19,17,17,17,17
-79,125,20,21,21,23,24,23,20,19,19,18,19,21,22,22,22,23,23,23,23,22,21,19,19,19,18,19,5,0,0,0,0,0,0,0,0,0,5,20,20,21,22,23,23,25,24,23,22,22,24,24,23,21,23,23,20,21,21,21,21,22,21,22,24
-80,125,20,25,23,21,20,20,18,19,24,26,23,21,21,20,21,21,21,20,20,20,21,18,16,16,17,17,5,0,0,0,0,0,0,0,0,0,5,21,21,23,24,24,23,24,24,24,23,24,25,24,23,23,23,22,23,24,24,25,24,23,22,23,21
-82,125,20,20,22,21,21,22,22,21,19,20,20,20,20,20,22,25,25,24,24,23,20,18,19,20,21,21,5,0,0,0,0,0,0,0,0,0,5,20,19,19,19,20,21,22,22,21,21,22,20,18,17,18,19,19,19,19,19,18,19,20,20,18,17
-83,125,20,18,19,16,16,17,15,15,18,21,18,17,18,17,17,19,22,22,20,19,20,21,20,20,21,21,5,0,0,0,0,0,0,0,0,0,6,25,26,27,26,26,26,26,25,24,25,25,24,23,23,22,22,21,17,17,18,18,18,19,21,18,18
-82,125,20,21,21,20,18,18,19,20,25,27,23,18,18,20,21,21,21,21,19,19,19,19,19,18,18,18,5,0,0,0,0,0,0,0,0,0,5,19,20,21,22,21,20,21,22,23,23,23,23,22,20,20,20,20,20,21,20,21,20,20,21,22,22
-77,125,20,25,24,24,24,24,24,22,24,25,24,22,23,23,23,25,25,24,23,23,22,20,20,19,18,18,5,0,0,0,0,0,0,0,0,0,2,9,10,10,12,12,13,14,14,15,17,19,20,20,20,20,22,21,21,20,20,21,23,24,25,26,26
-81,125,20,16,16,16,16,16,15,16,19,22,19,17,17,17,17,17,18,18,19,18,18,17,16,16,16,15,3,0,0,0,0,0,0,0,0,0,4,16,16,16,17,18,19,18,18,19,19,19,18,18,18,17,17,17,18,19,18,16,15,15,15,16,21
-78,125,20,21,21,20,20,19,17,17,15,13,16,17,16,16,16,16,16,15,16,16,16,14,12,11,11,10,3,0,0,0,0,0,0,0,0,0,6,26,26,27,27,26,27,27,26,26,27,27,27,25,24,24,25,24,22,22,23,22,21,21,22,24,23
-78,125,20,24,25,24,23,22,22,21,19,19,20,20,19,20,20,20,20,20,20,19,17,17,16,16,16,16,4,0,0,0,0,0,0,0,0,0,5,19,20,21,22,22,22,22,23,25,26,27,24,22,21,22,23,23,23,22,22,22,22,22,23,23,24
-82,125,20,19,18,18,18,17,16,17,17,17,17,17,18,18,19,19,19,20,20,20,20,21,20,18,17,17,4,0,0,0,0,0,0,0,0,0,7,28,28,28,27,26,26,27,26,26,26,26,24,25,23,22,21,20,18,20,21,22,21,19,18,19,20
-83,125,20,17,17,17,18,19,18,18,17,14,15,17,17,19,20,21,20,20,20,20,20,21,20,20,19,20,5,0,0,0,0,0,0,0,0,0,6,24,24,26,26,26,26,25,26,26,26,26,26,25,24,23,21,20,20,22,22,20,17,17,19,20,18
-82,125,20,20,19,18,21,21,19,18,13,8,12,15,16,17,17,16,16,16,16,15,14,13,13,14,13,13,2,0,0,0,0,0,0,0,0,0,6,25,25,25,26,27,28,29,29,29,30,31,28,24,23,22,23,25,25,24,23,24,23,20,19,21,23
-78,125,20,25,25,24,23,23,22,21,22,22,21,19,19,19,20,19,19,19,19,18,17,15,14,15,14,13,3,0,0,0,0,0,0,0,0,0,5,22,21,22,23,23,23,24,24,24,26,27,26,25,25,25,25,25,24,24,23,23,24,24,24,25,25
-78,125,20,25,24,23,21,20,19,20,23,25,21,19,20,19,18,19,20,20,19,18,18,17,16,15,14,13,3,0,0,0,0,0,0,0,0,0,5,23,23,24,25,26,27,28,28,29,29,29,29,28,27,27,27,26,24,25,24,24,25,25,26,27,26
-80,125,20,23,21,20,20,22,21,19,16,15,18,19,17,17,16,16,17,16,15,14,13,12,12,12,11,11,2,0,0,0,0,0,0,0,0,0,6,24,24,26,27,28,28,29,29,29,30,30,30,29,28,27,27,27,26,27,27,27,26,25,26,26,25
-80,125,20,17,17,17,17,16,16,17,19,20,19,16,17,18,18,19,20,19,17,17,18,17,14,16,17,15,3,0,0,0,0,0,0,0,0,0,4,21,22,24,24,25,26,25,26,27,26,25,26,26,25,21,20,20,19,18,18,19,20,19,19,21,21
-82,125,20,21,19,18,17,17,16,17,19,22,18,16,15,15,17,19,20,21,21,20,20,20,20,19,19,19,4,0,0,0,0,0,0,0,0,0,5,24,24,24,24,24,26,27,27,24,22,23,23,21,21,22,20,18,17,18,16,16,17,19,19,18,18
-81,125,20,22,23,21,19,18,20,21,18,13,13,14,15,16,17,19,19,18,18,17,17,16,16,16,16,17,5,0,0,0,0,0,0,0,0,0,5,20,22,23,24,23,23,24,24,24,24,25,24,24,24,23,21,22,22,21,19,19,18,17,19,21,22
-81,125,20,25,25,25,25,26,24,22,26,30,27,23,21,22,23,22,22,23,24,23,22,22,21,20,18,17,4,0,0,0,0,0,0,0,0,0,4,14,15,16,16,16,18,18,17,18,20,23,24,22,20,18,20,22,22,21,21,21,22,23,23,22,22
-83,125,20,21,20,19,21,21,21,19,23,25,20,18,15,14,18,18,16,16,17,17,14,13,12,12,12,12,3,0,0,0,0,0,0,0,0,0,7,25,26,26,29,28,28,30,30,27,27,28,27,27,26,26,26,27,25,24,25,25,24,21,23,25,25
-78,125,20,23,22,21,20,19,19,18,16,13,15,17,17,15,14,15,16,14,13,13,13,12,12,12,12,11,2,0,0,0,0,0,0,0,0,0,6,24,24,24,25,26,27,27,27,28,29,29,29,28,26,25,26,26,26,26,26,27,26,26,26,26,26
-80,125,20,25,25,24,25,24,21,23,19,16,19,22,22,22,22,22,23,23,22,21,21,20,19,18,17,18,5,0,0,0,0,0,0,0,0,0,6,23,25,25,27,27,26,25,26,28,27,28,28,27,26,26,27,27,25,25,24,25,27,26,26,26,25
-84,125,20,10,10,11,14,16,16,14,13,13,14,17,18,21,23,26,27,27,28,30,31,29,26,26,27,28,7,0,0,0,0,0,0,0,0,0,8,30,31,31,31,31,32,31,29,27,26,26,24,23,21,20,19,18,17,15,14,12,12,11,8,8,9
-80,125,20,17,15,16,19,19,18,17,14,13,16,17,17,17,17,18,18,16,16,17,17,17,15,15,14,14,3,0,0,0,0,0,0,0,0,0,5,24,24,26,27,26,27,27,27,26,26,26,25,24,25,26,26,25,23,21,21,23,21,20,21,20,20
-80,125,20,25,23,22,21,21,20,19,21,23,21,19,19,19,20,20,20,21,19,18,17,17,16,16,14,13,3,0,0,0,0,0,0,0,0,0,4,18,21,22,23,24,26,26,23,25,26,25,26,28,27,25,26,26,25,26,26,24,25,25,26,26,25
-78,125,20,25,23,24,23,21,21,22,24,26,24,20,20,20,20,21,20,21,21,20,20,19,19,17,16,14,3,0,0,0,0,0,0,0,0,0,5,19,19,19,20,22,22,22,23,24,23,24,24,22,22,23,23,22,22,22,22,23,25,25,23,23,23
-79,125,20,23,21,21,21,22,21,18,21,23,20,17,17,19,20,19,18,18,18,18,17,14,13,14,15,16,4,0,0,0,0,0,0,0,0,0,5,24,24,25,27,27,26,27,28,26,26,27,29,29,27,26,26,26,26,24,22,21,22,25,25,24,23
-80,125,20,24,21,20,21,20,20,19,20,22,19,18,18,18,17,16,17,18,18,18,17,16,16,16,15,16,3,0,0,0,0,0,0,0,0,0,5,22,23,24,25,24,24,24,25,27,27,27,26,26,25,23,23,22,23,22,22,22,22,22,22,21,19
-78,125,20,24,23,23,23,21,21,19,21,24,22,19,19,19,19,19,18,17,17,16,15,14,13,13,12,12,3,0,0,0,0,0,0,0,0,0,5,19,19,20,20,21,21,21,22,22,23,23,23,23,23,22,21,22,23,23,23,23,24,23,23,24,24
-82,125,20,21,19,20,20,19,19,20,18,14,18,22,20,21,23,24,23,22,24,22,22,21,20,20,21,22,5,0,0,0,0,0,0,0,0,0,5,21,22,23,24,24,24,24,24,24,23,21,20,20,20,19,19,20,21,20,19,19,20,20,19,19,22
-83,125,20,18,18,18,17,15,16,17,21,26,21,16,16,15,18,19,20,20,20,20,21,20,20,21,19,18,4,0,0,0,0,0,0,0,0,0,6,26,28,28,28,29,28,27,27,26,25,25,26,26,25,24,25,23,21,21,22,21,18,17,17,18,17
-82,125,20,21,20,19,18,19,18,19,17,16,17,19,17,20,22,22,20,21,23,22,21,20,21,19,19,19,5,0,0,0,0,0,0,0,0,0,4,18,20,22,23,23,23,23,22,22,21,21,22,22,22,20,20,20,18,17,18,20,19,18,19,19,17
-81,125,20,21,19,21,22,22,21,18,15,12,16,20,21,22,21,21,19,19,20,19,18,16,15,16,14,13,3,0,0,0,0,0,0,0,0,0,5,22,21,22,23,23,24,25,25,24,25,27,25,24,22,21,21,22,21,20,21,21,21,20,20,20,20
-80,125,20,25,23,24,22,21,21,21,19,17,19,22,23,23,22,22,22,20,19,17,17,17,16,17,16,16,4,0,0,0,0,0,0,0,0,0,5,19,20,21,21,23,24,24,24,25,26,27,27,25,25,23,22,23,23,22,23,22,23,24,25,26,26
-82,125,20,19,19,20,19,21,22,21,21,23,23,22,23,26,26,26,25,22,22,24,26,23,22,22,21,21,5,0,0,0,0,0,0,0,0,0,5,19,20,20,21,22,22,20,19,20,21,22,21,19,18,18,17,17,18,19,19,19,18,18,20,22,20
-80,125,20,24,24,23,21,20,19,18,20,24,21,16,15,15,15,15,15,15,14,13,13,10,9,9,9,9,1,0,0,0,0,0,0,0,0,0,5,24,24,24,26,28,28,28,27,26,28,29,29,28,26,25,26,27,27,27,25,24,23,24,24,27,27
-82,125,20,23,25,27,28,28,30,32,36,37,34,31,30,32,31,32,32,31,31,33,32,29,26,26,26,25,6,0,0,0,0,0,0,0,0,0,7,28,26,26,27,28,28,28,28,27,27,28,27,25,26,26,25,25,22,23,26,25,25,25,27,29,31
-78,125,20,23,24,24,24,25,24,23,25,28,25,21,20,20,22,22,22,20,19,19,18,16,16,17,17,16,4,0,0,0,0,0,0,0,0,0,5,19,19,20,22,22,24,24,23,25,26,28,26,26,25,25,26,25,23,23,24,24,25,25,26,27,27
-82,125,20,20,18,18,18,19,20,19,17,17,17,17,16,17,19,20,19,17,16,17,17,17,17,18,18,17,4,0,0,0,0,0,0,0,0,0,7,25,26,26,26,28,29,28,26,26,28,29,27,27,27,25,24,22,21,21,23,22,21,21,21,24,25
-80,125,20,23,25,23,21,22,23,23,19,17,22,25,23,20,20,22,22,21,21,20,19,18,17,16,16,17,5,0,0,0,0,0,0,0,0,0,6,22,23,23,24,24,25,26,27,26,26,26,26,25,25,24,23,24,21,20,21,23,25,25,26,26,28
-81,125,20,24,25,24,21,20,21,22,18,15,20,22,20,21,22,21,20,20,20,19,19,19,20,19,17,16,4,0,0,0,0,0,0,0,0,0,6,24,27,27,26,28,29,31,30,30,31,31,30,30,30,29,26,25,23,22,23,24,23,24,22,22,21
-81,125,20,22,21,20,18,18,16,18,19,20,19,17,17,18,18,18,16,14,16,17,18,16,15,12,12,14,3,0,0,0,0,0,0,0,0,0,4,21,21,23,25,27,26,24,24,25,25,25,24,25,25,26,25,23,20,19,21,22,22,20,22,23,22
-83,125,20,21,18,18,18,19,21,20,20,23,20,17,16,16,17,19,21,22,22,21,20,19,17,17,15,13,3,0,0,0,0,0,0,0,0,0,6,23,22,23,25,27,26,25,26,28,29,28,27,27,25,23,23,21,19,18,18,20,20,21,22,20,21
-81,125,20,19,18,16,15,16,16,15,18,22,19,14,14,15,15,15,16,16,14,13,15,16,14,13,13,14,3,0,0,0,0,0,0,0,0,0,6,27,27,27,26,26,27,26,26,27,26,25,25,25,26,25,24,23,22,22,22,21,21,22,22,22,22
-84,125,20,17,17,18,18,15,16,18,19,20,21,21,19,18,18,20,21,20,20,21,20,17,17,19,19,19,5,0,0,0,0,0,0,0,0,0,8,29,28,28,29,28,28,29,26,25,27,28,28,25,24,24,24,24,23,21,19,19,19,19,19,21,21
-83,125,20,26,24,22,21,22,23,24,20,17,21,26,25,23,23,26,25,23,22,24,25,23,22,22,20,18,4,0,0,0,0,0,0,0,0,0,5,18,17,18,17,18,21,22,21,20,22,23,23,23,22,22,24,24,22,20,20,23,24,24,25,25,25
-79,125,20,26,26,24,24,24,23,22,21,21,23,22,23,24,24,24,23,22,23,23,23,21,20,20,19,19,5,0,0,0,0,0,0,0,0,0,2,8,8,9,11,12,14,15,17,16,18,19,21,21,19,20,20,21,22,22,22,23,25,24,24,26,29
-80,125,20,23,21,19,20,18,18,18,15,12,14,15,15,16,18,18,16,16,17,16,14,13,15,14,14,15,4,0,0,0,0,0,0,0,0,0,7,28,27,27,27,27,28,29,30,28,28,30,31,30,27,25,24,24,24,24,23,23,24,23,24,24,24
-81,125,20,22,21,20,22,23,23,21,24,29,25,22,22,23,23,25,23,23,23,23,21,22,21,19,17,16,3,0,0,0,0,0,0,0,0,0,4,18,18,17,16,15,16,18,19,18,19,20,21,21,20,19,19,19,20,19,20,21,20,20,21,23,25
-80,125,20,22,21,23,24,23,23,23,26,28,26,24,25,25,26,26,25,25,24,23,23,23,22,21,20,20,5,0,0,0,0,0,0,0,0,0,4,15,16,16,18,18,18,18,17,18,19,20,19,19,19,19,19,19,19,19,19,20,19,21,22,22,23
-80,125,20,26,26,25,22,20,20,20,22,23,21,20,21,22,23,23,22,22,23,22,21,20,20,20,20,19,4,0,0,0,0,0,0,0,0,0,5,21,21,23,24,25,25,25,25,25,25,25,25,24,24,23,24,23,23,22,23,22,20,21,22,23,25
-81,125,20,24,23,24,21,19,21,22,23,25,24,23,25,26,26,26,26,26,26,24,25,24,21,21,20,19,5,0,0,0,0,0,0,0,0,0,3,17,17,18,20,20,21,21,21,22,22,23,24,23,21,20,21,21,20,21,22,21,20,20,21,22,25
-79,125,20,22,21,20,21,21,19,19,21,23,21,19,18,18,18,19,18,16,15,15,14,13,12,12,11,11,2,0,0,0,0,0,0,0,0,0,5,20,20,20,21,21,21,22,23,23,24,24,26,24,23,23,24,22,23,23,23,22,21,22,24,24,23
-82,125,20,18,16,17,18,19,19,19,20,22,19,17,17,18,19,20,21,21,20,19,21,22,21,19,17,16,4,0,0,0,0,0,0,0,0,0,7,28,29,29,28,28,27,28,29,28,28,28,28,27,24,23,22,22,22,21,20,19,19,17,19,22,23
-79,125,20,20,19,20,20,18,16,17,21,23,20,19,18,19,19,17,17,17,16,15,14,15,16,15,14,13,3,0,0,0,0,0,0,0,0,0,6,25,24,25,25,25,25,26,28,29,30,30,29,29,26,25,26,25,24,22,22,23,23,21,22,22,21
-78,125,20,25,24,23,22,22,22,21,24,26,23,20,20,21,22,23,22,21,21,20,19,18,19,20,17,16,4,0,0,0,0,0,0,0,0,0,5,19,20,22,23,23,24,24,24,24,26,28,27,25,25,26,26,24,23,24,24,25,24,24,26,26,27
-80,125,20,24,23,21,21,21,20,19,22,25,22,19,18,18,18,19,20,19,18,16,15,16,17,18,17,15,4,0,0,0,0,0,0,0,0,0,7,27,26,27,29,28,28,28,28,28,26,25,25,25,23,23,24,23,23,23,23,22,22,24,24,24,25
-79,125,20,25,24,24,24,24,24,23,27,31,29,24,24,24,25,26,26,26,25,24,23,24,22,21,20,20,5,0,0,0,0,0,0,0,0,0,2,9,10,10,11,13,15,16,17,18,18,19,20,18,18,20,21,22,22,22,21,22,23,25,25,25,25
-84,125,20,22,21,22,19,15,17,18,11,7,10,15,13,14,19,19,15,14,14,14,14,13,12,12,10,10,1,0,0,0,0,0,0,0,0,0,6,27,28,29,27,27,29,29,29,30,31,31,30,27,28,30,29,27,26,26,27,27,25,24,23,24,23
-78,125,20,24,25,23,22,22,21,19,18,17,20,20,20,20,20,20,19,19,18,17,15,16,14,13,13,13,4,0,0,0,0,0,0,0,0,0,4,18,19,20,21,21,22,22,21,21,22,22,22,22,24,23,22,22,22,23,22,22,21,21,24,26,26
-82,125,20,18,19,20,19,19,18,16,18,21,21,19,19,20,20,20,21,21,20,20,21,20,20,19,17,16,3,0,0,0,0,0,0,0,0,0,5,25,25,26,28,27,27,25,24,23,23,24,25,22,20,20,20,22,25,22,18,17,17,16,18,19,19
-83,125,20,18,19,19,17,16,17,17,21,25,21,15,14,15,15,15,16,16,16,18,17,15,16,17,17,17,4,0,0,0,0,0,0,0,0,0,7,30,29,30,31,31,30,29,28,29,31,32,32,31,27,23,23,24,23,22,21,20,21,21,20,20,19
-80,125,20,21,21,18,16,17,17,16,17,18,18,18,17,17,15,14,13,14,14,14,14,12,10,10,10,10,2,0,0,0,0,0,0,0,0,0,6,27,26,27,29,29,28,28,29,29,29,29,28,27,27,25,24,23,23,22,22,21,21,22,22,23,25
-80,125,20,24,22,21,21,19,19,18,19,22,18,15,15,15,15,17,17,15,12,12,11,11,12,11,10,11,3,0,0,0,0,0,0,0,0,0,5,20,21,23,24,24,25,25,25,24,26,26,25,24,24,23,23,23,22,22,23,23,24,23,22,24,24
-82,125,20,17,19,20,18,16,16,16,14,13,13,12,11,12,12,11,10,9,9,9,9,10,10,11,11,9,2,0,0,0,0,0,0,0,0,0,5,24,24,27,26,26,26,26,26,28,29,29,30,29,26,25,27,26,24,22,20,19,20,20,20,20,19
-84,125,20,16,15,15,14,14,16,14,10,10,12,16,17,15,15,16,17,15,15,16,16,16,16,15,13,11,2,0,0,0,0,0,0,0,0,0,8,33,32,32,32,33,33,32,30,30,30,30,30,28,26,24,22,23,23,23,23,22,22,20,19,21,22
-79,125,20,22,22,20,19,20,19,19,17,18,18,17,15,15,13,14,16,15,15,14,13,12,12,12,10,10,2,0,0,0,0,0,0,0,0,0,5,22,23,24,25,25,26,26,27,27,27,28,28,26,24,25,25,24,24,25,23,23,23,24,24,23,22
-81,125,20,20,20,21,20,19,19,20,21,21,20,18,19,18,19,20,19,19,19,19,20,19,18,18,18,19,5,0,0,0,0,0,0,0,0,0,5,21,22,23,23,22,22,21,21,21,20,21,22,23,22,20,20,20,20,20,20,20,20,18,18,20,22
-80,125,20,27,25,25,25,26,25,24,27,30,26,22,22,23,24,25,24,22,20,19,20,20,19,17,16,17,5,0,0,0,0,0,0,0,0,0,5,19,19,21,22,23,23,22,23,25,27,27,25,25,26,26,27,26,26,26,25,24,25,25,27,27,27
-80,125,20,20,21,21,21,20,19,18,20,23,22,19,18,18,19,19,18,17,17,19,18,16,15,16,17,15,4,0,0,0,0,0,0,0,0,0,6,24,25,26,27,29,28,28,29,30,30,29,28,29,27,24,23,24,23,23,24,24,23,23,24,25,26
-82,125,20,19,21,22,21,21,22,20,19,19,19,18,18,18,18,17,17,17,17,16,15,13,12,13,12,11,3,0,0,0,0,0,0,0,0,0,8,33,32,32,33,34,33,33,32,33,33,33,31,29,28,26,25,25,25,25,26,23,21,23,23,23,24
-77,125,20,23,23,23,22,18,17,18,19,20,18,17,17,17,17,17,15,14,14,14,13,12,11,11,10,9,2,0,0,0,0,0,0,0,0,0,5,20,21,23,23,22,24,25,24,24,23,24,25,25,25,24,25,23,21,21,21,22,23,23,22,24,27
-79,125,20,26,24,22,23,24,22,20,22,24,20,16,16,17,17,18,17,15,14,15,14,13,14,14,11,10,3,0,0,0,0,0,0,0,0,0,7,27,27,27,29,30,31,31,31,30,30,33,33,31,29,28,28,27,26,26,26,27,27,26,26,28,28
-82,125,20,23,22,21,18,18,18,17,17,15,18,20,20,21,21,19,18,17,17,17,19,20,19,17,18,17,4,0,0,0,0,0,0,0,0,0,5,22,23,25,26,26,25,25,25,27,29,27,26,25,24,23,23,24,24,23,21,20,21,21,21,21,19
-79,125,20,24,23,22,21,20,20,19,16,13,17,19,19,19,18,18,18,17,15,15,16,17,16,14,12,11,3,0,0,0,0,0,0,0,0,0,6,23,23,24,25,26,27,27,27,26,26,27,27,26,26,26,26,24,25,24,24,23,23,24,25,25,24
-81,125,20,24,24,24,24,25,25,24,25,27,27,26,26,25,25,26,27,29,29,26,25,24,23,23,22,20,4,0,0,0,0,0,0,0,0,0,5,21,21,20,20,22,21,20,20,21,23,23,22,20,19,18,18,17,18,19,20,21,21,21,22,23,23
-83,125,20,17,17,15,14,14,16,19,15,12,12,13,11,10,11,14,13,12,11,12,13,13,10,10,11,11,3,0,0,0,0,0,0,0,0,0,6,23,23,24,26,26,26,26,25,25,25,26,27,25,22,21,22,21,21,21,19,18,16,17,20,20,16
-83,125,20,24,23,24,23,21,21,22,24,28,28,27,26,26,28,29,27,25,25,24,24,24,24,24,23,22,5,0,0,0,0,0,0,0,0,0,4,19,22,22,21,22,24,23,22,21,21,21,23,24,22,22,23,21,21,21,22,20,19,20,21,24,25
-82,125,20,21,22,22,21,20,19,19,22,25,21,20,20,20,21,21,20,19,20,20,18,18,18,17,17,17,5,0,0,0,0,0,0,0,0,0,6,24,24,24,25,25,26,27,26,25,25,25,24,24,23,23,24,23,21,21,19,19,19,21,22,22,22
-81,125,20,21,22,21,20,21,19,18,17,17,17,15,15,16,17,15,15,13,13,13,11,11,11,10,10,12,4,0,0,0,0,0,0,0,0,0,6,24,24,25,26,26,28,28,28,27,28,29,29,28,26,25,25,24,22,23,24,24,23,23,23,24,25
-82,125,20,14,13,13,14,13,12,13,14,13,14,15,15,18,19,18,18,19,20,20,21,20,20,20,19,19,4,0,0,0,0,0,0,0,0,0,5,22,24,25,26,27,27,27,26,25,24,24,23,21,21,20,17,15,16,18,17,15,15,16,16,16,20
-77,125,20,27,27,26,25,24,22,21,18,16,18,19,17,18,19,19,17,15,15,14,12,12,11,10,9,9,2,0,0,0,0,0,0,0,0,0,6,24,26,27,27,28,29,30,31,30,31,33,33,32,30,28,28,28,28,28,29,29,29,29,29,29,29
-79,125,20,24,26,25,22,20,20,21,20,18,20,20,19,18,19,21,20,19,19,19,17,15,15,15,13,13,3,0,0,0,0,0,0,0,0,0,5,18,18,19,20,20,21,23,24,24,25,25,25,26,25,24,24,22,21,20,20,21,24,24,24,26,25
-83,125,20,15,15,16,17,16,15,17,21,23,23,20,20,25,28,27,27,28,28,28,29,30,29,28,26,24,5,0,0,0,0,0,0,0,0,0,5,24,24,25,24,24,26,27,25,23,23,24,22,20,19,18,18,16,13,14,16,16,15,15,16,16,15
-80,125,20,28,27,26,26,25,25,24,22,22,24,24,23,22,21,23,22,21,20,20,18,18,18,18,17,16,4,0,0,0,0,0,0,0,0,0,5,20,21,23,24,24,25,25,24,25,26,28,28,25,24,23,23,25,25,25,25,25,24,23,24,24,24
-79,125,20,27,25,24,24,23,21,19,17,17,18,17,17,16,16,16,15,15,14,14,14,14,12,12,12,11,2,0,0,0,0,0,0,0,0,0,6,27,27,28,30,30,29,29,29,29,30,31,32,30,30,29,29,28,28,28,27,27,26,25,26,27,28
-81,125,20,21,20,20,19,20,18,19,20,22,24,24,23,23,24,25,26,25,25,25,25,23,23,24,22,21,6,0,0,0,0,0,0,0,0,0,7,25,25,24,25,25,24,24,24,21,20,21,21,21,21,19,20,20,20,19,19,19,20,20,20,19,18
-82,125,20,19,20,20,19,19,20,19,20,24,21,19,20,21,20,20,21,22,22,20,19,17,15,17,19,19,5,0,0,0,0,0,0,0,0,0,7,26,27,27,26,25,25,25,25,25,25,25,24,23,22,22,21,19,18,17,16,17,19,20,19,19,20
-80,125,20,25,23,23,24,25,21,21,20,18,18,20,20,21,21,20,18,17,16,18,18,14,13,13,13,12,2,0,0,0,0,0,0,0,0,0,4,18,19,19,21,21,22,23,23,22,21,22,23,23,21,19,21,22,22,21,22,24,22,21,22,25,27
-82,125,20,12,13,11,10,10,9,8,11,14,10,8,8,7,7,7,9,10,11,11,10,9,10,10,10,11,2,0,0,0,0,0,0,0,0,0,8,33,33,33,33,32,31,31,31,29,27,27,27,25,23,22,21,18,18,18,16,16,16,14,13,14,15
-79,125,20,26,25,24,23,23,23,22,25,28,24,20,20,21,22,23,21,20,19,19,18,16,16,15,15,15,3,0,0,0,0,0,0,0,0,0,5,20,21,21,21,22,24,24,25,26,27,28,28,26,25,25,25,26,26,24,23,23,24,25,26,25,24
-81,125,20,23,22,22,21,22,22,21,21,19,19,20,22,22,21,22,24,24,23,21,20,20,20,19,18,17,5,0,0,0,0,0,0,0,0,0,4,14,16,18,20,20,20,20,18,17,18,18,19,20,19,18,19,20,19,18,16,15,16,16,18,22,22
-78,125,20,24,24,23,22,22,22,21,22,23,22,19,19,21,22,22,21,20,20,20,19,18,17,17,16,16,4,0,0,0,0,0,0,0,0,0,4,20,21,22,22,22,22,22,23,23,23,25,25,25,24,24,24,23,21,21,23,24,24,23,23,24,22
-79,125,20,26,25,25,25,22,22,22,20,20,21,21,20,21,21,21,21,20,18,17,17,17,17,17,15,14,3,0,0,0,0,0,0,0,0,0,4,18,19,19,21,21,22,24,24,23,25,26,26,27,26,25,25,24,24,25,25,25,25,26,25,26,28
-82,125,20,20,19,18,16,15,16,15,19,24,20,16,16,16,17,18,17,17,17,18,17,15,13,13,14,16,3,0,0,0,0,0,0,0,0,0,6,26,26,27,27,26,27,26,26,26,26,26,26,24,23,21,20,21,21,18,17,17,17,18,19,20,22
-81,125,20,23,22,22,20,20,20,20,19,19,20,21,21,20,20,20,20,19,19,20,18,15,15,15,14,14,3,0,0,0,0,0,0,0,0,0,5,20,19,20,20,20,23,24,23,24,25,26,26,25,22,22,24,23,22,22,23,24,23,23,23,24,25
-81,125,20,25,24,22,21,20,19,19,15,13,17,19,17,17,17,18,18,17,16,15,14,14,14,13,13,13,3,0,0,0,0,0,0,0,0,0,6,24,24,25,27,29,29,30,30,30,28,27,29,30,29,27,26,26,26,25,25,26,26,25,25,26,26
-80,125,20,23,22,22,20,22,24,24,26,29,24,21,21,22,21,21,21,20,20,20,19,18,18,18,18,18,5,0,0,0,0,0,0,0,0,0,6,25,27,27,26,25,27,28,27,27,28,29,27,26,25,25,26,26,24,24,24,22,21,21,23,24,23
-80,125,20,24,22,20,20,20,19,19,18,14,16,19,19,19,19,19,18,19,19,18,17,16,15,15,16,16,4,0,0,0,0,0,0,0,0,0,5,21,23,24,24,24,25,26,26,25,25,26,26,25,24,23,24,23,23,23,24,23,22,23,24,25,27
-83,125,20,17,19,20,20,19,17,18,18,17,19,20,19,19,20,21,22,22,22,20,19,19,20,19,18,18,4,0,0,0,0,0,0,0,0,0,5,23,23,22,22,23,24,24,21,20,21,22,21,18,19,20,17,16,17,17,16,16,18,19,19,19,18
-84,125,20,23,23,21,22,21,21,21,21,22,21,21,22,21,22,24,23,22,22,23,22,20,20,20,21,21,6,0,0,0,0,0,0,0,0,0,6,22,22,23,24,24,25,26,26,25,22,24,24,22,21,19,20,20,22,22,21,19,18,19,21,22,22
-77,125,20,21,21,19,17,18,19,19,19,20,17,16,16,15,15,15,15,14,13,13,14,12,11,11,10,12,2,0,0,0,0,0,0,0,0,0,5,22,22,21,23,25,25,25,25,25,25,25,26,25,25,24,23,23,22,23,24,23,22,22,23,24,24
-83,125,20,19,19,19,19,17,16,18,23,25,22,19,18,19,19,20,20,20,19,19,20,19,18,18,18,18,5,0,0,0,0,0,0,0,0,0,4,16,18,21,22,22,21,22,22,20,19,21,21,19,19,20,20,19,19,19,19,19,19,18,16,16,15
-82,125,20,19,19,19,19,19,18,17,18,19,18,19,20,20,20,20,20,20,19,19,18,17,18,19,18,16,3,0,0,0,0,0,0,0,0,0,5,22,24,26,26,26,27,27,26,26,26,25,26,26,23,22,22,22,21,19,21,20,19,19,19,19,19
-81,125,20,24,22,22,21,20,20,19,20,21,20,18,18,17,17,18,19,17,17,15,15,16,14,13,14,13,2,0,0,0,0,0,0,0,0,0,5,25,25,27,28,28,28,28,28,28,29,30,29,27,26,24,24,24,23,21,21,22,21,23,24,25,26
-82,125,20,21,20,21,21,21,18,17,18,23,20,15,14,13,14,15,16,17,16,14,13,12,12,13,10,7,2,0,0,0,0,0,0,0,0,0,6,24,25,27,29,30,31,30,29,29,30,30,30,29,27,25,24,23,22,21,21,22,23,23,24,24,25
-82,125,20,20,21,20,21,23,22,20,17,15,18,21,22,21,21,22,23,22,22,22,19,18,19,20,19,20,5,0,0,0,0,0,0,0,0,0,6,21,22,24,25,25,25,25,24,22,24,25,25,24,23,22,24,23,22,22,22,21,20,20,21,23,24
-83,125,20,19,18,18,18,18,16,17,18,16,14,16,17,18,20,21,19,18,19,19,17,16,17,17,15,13,3,0,0,0,0,0,0,0,0,0,6,24,25,25,25,25,25,24,25,24,23,23,22,21,21,20,20,18,17,17,16,16,17,18,18,19,20
-83,125,20,22,21,21,22,23,24,26,26,23,23,24,24,25,26,28,30,28,27,26,26,24,25,27,26,26,7,0,0,0,0,0,0,0,0,0,5,22,23,23,23,22,23,23,23,23,23,23,23,21,19,19,21,22,20,18,16,17,19,21,20,17,16
-84,125,20,14,11,10,10,10,11,11,6,2,5,8,7,7,7,9,9,9,9,9,10,10,12,13,12,13,4,0,0,0,0,0,0,0,0,0,7,33,35,37,36,36,37,36,32,31,33,34,35,33,29,27,27,25,22,20,20,20,20,18,17,15,14
-81,125,20,20,21,20,19,20,20,21,24,24,21,23,22,21,20,21,21,21,18,18,19,16,15,16,15,13,3,0,0,0,0,0,0,0,0,0,5,21,20,22,23,22,22,25,24,24,25,26,26,24,21,22,24,22,19,20,22,22,23,22,20,21,21
-81,125,20,18,15,15,17,21,19,17,13,10,12,17,17,15,15,17,17,17,15,15,15,14,14,13,12,11,2,0,0,0,0,0,0,0,0,0,6,25,25,26,27,28,28,28,28,29,29,29,29,26,24,24,25,24,24,24,23,20,20,21,21,20,19
-82,125,20,23,23,25,26,24,23,23,20,19,22,24,24,24,23,25,26,25,25,23,22,21,21,21,18,17,4,0,0,0,0,0,0,0,0,0,5,21,23,23,22,23,26,28,26,23,23,23,26,26,24,23,24,23,22,24,24,23,24,23,24,25,23
-78,125,20,25,23,21,21,19,19,19,18,17,19,19,18,18,18,17,15,16,14,13,12,12,12,12,12,12,3,0,0,0,0,0,0,0,0,0,6,24,24,25,25,25,26,25,25,25,25,25,26,27,26,25,26,25,25,24,23,23,22,21,23,25,24
-84,125,20,16,16,16,14,13,15,15,18,24,19,15,17,18,18,19,19,19,19,18,21,22,21,20,20,20,5,0,0,0,0,0,0,0,0,0,7,26,27,27,28,30,29,29,28,29,29,28,25,23,21,20,21,19,18,17,16,16,16,16,16,16,18
-82,125,20,21,22,21,20,18,17,18,21,23,23,21,21,22,22,23,25,26,25,24,24,23,20,19,19,19,4,0,0,0,0,0,0,0,0,0,4,17,16,15,16,17,19,18,17,17,16,17,17,16,15,15,14,13,13,15,15,15,15,14,16,19,19
-81,125,20,21,19,19,20,19,17,20,25,27,23,21,21,21,23,23,24,25,23,23,24,24,24,23,23,21,5,0,0,0,0,0,0,0,0,0,5,21,21,22,21,21,22,21,22,22,22,23,22,21,20,20,21,21,19,18,18,18,19,20,21,22,21
-78,125,20,25,24,24,24,23,23,22,21,23,24,24,24,26,27,27,26,25,24,23,23,22,21,20,19,19,4,0,0,0,0,0,0,0,0,0,2,10,12,13,13,13,14,14,16,17,17,19,20,20,20,20,21,21,20,21,22,22,21,22,24,25,27
-79,125,20,22,21,20,19,19,19,17,16,17,17,15,13,14,15,17,16,14,13,14,14,12,11,12,10,9,2,0,0,0,0,0,0,0,0,0,7,27,26,27,29,29,29,29,29,28,28,30,31,30,28,27,26,25,24,25,26,25,22,21,22,23,23
-81,125,20,24,26,26,27,26,26,25,24,25,25,25,26,26,25,25,25,25,23,21,21,20,20,19,17,17,5,0,0,0,0,0,0,0,0,0,5,18,18,19,19,20,21,21,22,22,23,24,25,25,24,25,24,20,18,21,23,22,22,26,27,27,28
-78,125,20,24,23,22,21,21,22,22,24,26,22,18,18,18,19,19,18,19,17,17,17,16,14,13,12,11,2,0,0,0,0,0,0,0,0,0,4,19,21,23,24,24,24,24,23,24,25,25,25,24,23,23,24,23,23,24,23,23,25,25,25,24,24
-81,125,20,14,13,13,12,12,12,13,17,20,18,18,18,19,20,21,23,24,24,22,23,24,23,24,24,24,6,0,0,0,0,0,0,0,0,0,7,29,30,31,32,31,31,31,30,28,27,27,26,24,23,21,19,20,17,16,16,16,14,12,12,13,15
-83,125,20,21,20,18,19,21,22,21,21,22,22,23,20,19,19,21,20,20,18,18,17,17,15,14,13,13,3,0,0,0,0,0,0,0,0,0,6,23,24,26,28,27,26,26,26,26,27,27,27,25,24,23,23,22,20,21,20,20,20,20,21,23,23
-80,125,20,23,24,22,21,22,21,20,22,26,25,22,22,22,21,21,20,19,20,21,17,16,17,17,15,14,4,0,0,0,0,0,0,0,0,0,6,21,21,21,22,21,22,25,25,24,23,23,23,23,23,23,25,23,22,22,23,23,23,25,25,25,24
-81,125,20,22,19,17,15,15,17,17,12,9,12,15,14,13,15,15,15,15,13,11,11,10,9,9,8,8,2,0,0,0,0,0,0,0,0,0,6,24,26,27,28,28,29,29,28,29,30,29,28,28,27,27,26,25,24,24,24,22,21,22,23,22,20
-82,125,20,20,20,21,19,20,21,21,18,16,19,22,22,25,25,25,25,24,24,24,23,21,21,21,21,21,4,0,0,0,0,0,0,0,0,0,4,17,18,18,18,19,18,18,19,19,20,20,19,18,18,19,20,20,19,19,20,20,21,22,21,20,19
-77,125,20,24,24,24,23,23,23,22,20,19,18,19,19,20,19,19,19,18,17,17,17,17,16,15,14,14,4,0,0,0,0,0,0,0,0,0,6,22,23,24,24,24,24,25,25,25,26,27,27,26,25,24,24,24,24,23,23,23,24,23,24,25,26
-78,125,20,23,21,21,20,19,20,19,17,15,15,17,16,16,15,16,15,14,13,12,12,12,12,11,10,9,2,0,0,0,0,0,0,0,0,0,5,23,24,25,24,25,27,26,25,25,25,26,25,24,24,24,25,24,23,23,23,23,22,22,23,25,25
-82,125,20,24,22,22,21,20,18,19,18,19,20,21,23,23,23,23,24,25,24,23,23,22,21,21,21,21,5,0,0,0,0,0,0,0,0,0,7,26,26,26,25,25,28,28,26,26,25,26,26,27,26,25,23,23,22,20,20,21,20,20,23,23,23
-82,125,20,22,22,20,17,17,18,21,26,28,22,19,20,20,21,21,20,20,21,21,20,21,21,20,20,20,5,0,0,0,0,0,0,0,0,0,6,25,26,27,28,30,28,28,27,27,26,26,27,26,25,22,23,23,20,19,19,20,18,20,21,21,22
-78,125,20,24,24,23,22,22,23,24,23,23,23,21,19,20,21,20,20,20,20,19,18,16,15,15,15,15,3,0,0,0,0,0,0,0,0,0,4,20,21,21,21,20,21,23,24,24,24,24,25,25,24,24,23,22,22,21,22,23,23,22,23,25,25
-79,125,20,19,20,21,22,21,20,20,23,27,25,19,18,19,20,21,19,19,20,20,18,17,16,16,15,16,4,0,0,0,0,0,0,0,0,0,5,21,22,23,24,25,25,25,24,24,24,25,25,25,24,23,23,23,22,21,20,20,19,20,20,21,21
-84,125,20,14,15,17,14,11,10,11,13,15,12,11,11,13,14,13,11,12,13,13,11,9,10,12,11,11,2,0,0,0,0,0,0,0,0,0,8,32,31,31,32,31,31,29,28,30,28,27,27,25,24,24,23,23,20,19,19,19,19,18,17,17,17
-84,125,20,17,17,19,21,20,19,16,17,22,23,23,20,22,26,26,22,22,24,25,24,22,22,21,22,24,6,0,0,0,0,0,0,0,0,0,5,19,19,19,20,21,21,21,20,19,19,19,19,17,16,16,15,14,16,17,17,16,17,19,18,18,19
-82,125,20,23,22,22,21,21,21,20,24,29,26,23,23,22,22,25,28,27,28,26,26,25,25,24,23,23,6,0,0,0,0,0,0,0,0,0,6,24,23,23,23,24,25,26,25,23,23,21,22,23,22,21,21,20,19,20,20,18,17,18,19,20,22
-84,125,20,17,18,20,22,21,20,20,22,24,23,21,20,19,21,24,22,20,21,21,20,19,19,18,18,16,4,0,0,0,0,0,0,0,0,0,6,24,25,25,25,25,26,26,26,24,23,24,26,24,22,21,22,22,21,21,18,19,21,21,20,19,19
-79,125,20,26,26,25,23,23,22,21,22,25,23,20,20,18,18,19,19,19,20,19,16,14,14,16,17,18,5,0,0,0,0,0,0,0,0,0,6,25,26,25,25,27,28,28,27,27,27,27,27,26,26,27,27,26,25,25,26,25,24,24,25,27,28
-83,125,20,15,16,17,17,16,16,16,19,22,19,17,18,17,17,16,17,19,20,20,20,19,19,20,19,19,4,0,0,0,0,0,0,0,0,0,6,26,26,26,26,26,26,26,26,25,25,25,25,24,22,22,22,22,21,19,19,19,18,19,19,18,16
-81,125,20,19,18,20,21,21,18,16,16,18,20,22,23,23,23,23,24,24,22,21,24,26,24,22,21,21,6,0,0,0,0,0,0,0,0,0,6,22,23,24,24,23,24,23,24,26,26,26,25,22,17,18,20,24,25,22,20,21,21,19,17,20,23
-77,125,20,22,22,25,26,24,23,23,24,25,24,23,23,23,24,24,23,22,22,22,22,21,20,20,19,19,5,0,0,0,0,0,0,0,0,0,6,21,22,21,21,20,21,22,23,21,22,25,25,23,23,21,21,21,21,22,23,23,25,25,25,25,28
-83,125,20,20,20,21,20,18,16,16,16,16,16,16,15,15,16,17,16,16,15,15,15,13,11,11,10,11,3,0,0,0,0,0,0,0,0,0,8,30,30,30,31,31,34,34,34,32,31,32,32,30,29,29,29,29,25,24,25,25,25,25,26,23,21
-83,125,20,16,15,11,10,9,9,9,11,13,10,8,8,7,5,5,6,7,10,10,10,10,10,11,10,12,4,0,0,0,0,0,0,0,0,0,6,29,29,31,33,33,31,30,30,30,29,30,30,28,24,24,24,23,23,24,24,22,19,17,17,16,16
-84,125,20,19,18,14,14,17,20,20,16,13,16,17,16,17,18,21,22,21,19,18,16,18,19,18,17,18,4,0,0,0,0,0,0,0,0,0,6,23,24,25,24,24,25,25,25,24,21,21,21,21,20,20,20,19,18,18,18,17,17,19,20,19,18
-82,125,20,23,23,23,22,22,20,21,23,25,18,15,16,17,17,17,15,16,17,15,14,13,13,11,10,11,2,0,0,0,0,0,0,0,0,0,6,28,29,30,30,30,30,29,29,30,30,30,30,31,30,28,27,25,24,25,25,24,25,26,24,24,27
-85,125,20,9,10,11,12,11,11,10,12,17,14,12,13,15,15,16,17,16,16,18,17,17,17,19,17,14,2,0,0,0,0,0,0,0,0,0,7,30,30,30,30,30,30,27,27,27,28,27,28,26,23,20,16,15,15,15,13,12,13,14,13,12,13
-84,125,20,13,16,18,16,15,15,15,20,24,20,17,18,19,20,20,19,20,22,22,20,21,22,21,21,21,6,0,0,0,0,0,0,0,0,0,8,29,28,26,25,26,28,29,29,27,26,26,29,28,22,19,20,20,20,21,22,21,18,15,15,15,17
-85,125,20,22,25,23,18,18,19,19,17,17,19,21,19,18,18,18,18,19,19,19,19,18,17,16,16,17,4,0,0,0,0,0,0,0,0,0,5,24,26,27,29,30,29,29,29,29,28,27,27,28,28,28,26,23,22,21,20,22,23,22,19,19,21
-81,125,20,24,25,22,21,23,25,23,25,28,24,20,20,22,22,20,20,20,21,21,20,17,17,17,16,15,4,0,0,0,0,0,0,0,0,0,6,26,26,25,27,28,28,27,27,25,25,26,26,25,24,24,24,23,21,20,20,17,19,18,20,22,21
-80,125,20,25,24,22,21,22,23,21,17,14,17,18,16,17,18,18,17,16,15,14,14,13,12,13,13,13,4,0,0,0,0,0,0,0,0,0,6,24,25,25,26,25,25,26,27,27,27,28,28,27,27,26,25,25,25,25,24,23,23,23,24,25,27
-78,125,20,28,29,28,26,25,25,26,23,22,25,26,24,23,25,27,26,25,25,23,22,21,20,20,20,19,4,0,0,0,0,0,0,0,0,0,2,9,10,11,12,13,13,14,15,16,19,20,20,20,22,22,22,22,22,22,23,23,23,25,27,27,26
-82,125,20,21,20,20,19,18,17,17,14,13,15,17,17,17,15,15,16,15,14,14,14,12,11,12,14,13,3,0,0,0,0,0,0,0,0,0,6,26,25,27,29,30,28,28,28,28,29,29,29,27,26,26,26,23,22,24,24,21,22,22,24,24,22
-81,125,20,18,15,17,19,21,20,18,15,16,17,17,16,15,15,17,17,14,13,13,12,12,11,13,13,14,4,0,0,0,0,0,0,0,0,0,6,23,25,25,26,26,28,29,28,29,30,30,29,27,26,25,25,26,26,26,23,21,23,25,27,26,25
-79,125,20,25,24,24,21,18,18,19,21,23,19,16,16,14,13,14,14,14,12,9,9,10,11,11,11,10,2,0,0,0,0,0,0,0,0,0,5,24,24,26,27,28,27,27,28,29,29,29,29,28,27,28,27,25,24,25,26,26,26,25,24,24,25
-81,125,20,22,22,22,20,20,20,21,25,28,25,22,22,22,23,23,22,21,23,20,19,19,19,18,18,17,4,0,0,0,0,0,0,0,0,0,4,20,21,22,22,23,24,24,23,22,23,25,24,23,22,20,20,19,19,20,20,19,19,19,22,23,23
-82,125,20,17,18,19,20,20,21,21,26,29,25,21,20,21,23,25,25,25,24,23,24,24,22,21,20,21,5,0,0,0,0,0,0,0,0,0,5,19,21,21,21,21,22,23,22,21,21,21,23,23,20,19,18,17,16,17,16,17,17,18,17,17,17
-78,125,20,24,25,24,23,23,22,21,18,17,18,18,17,19,20,19,19,18,16,15,15,14,14,14,13,13,3,0,0,0,0,0,0,0,0,0,5,23,24,25,25,25,26,26,26,26,27,27,27,27,27,26,25,26,26,25,26,25,24,25,25,24,25
-81,125,20,19,20,18,14,14,15,15,18,21,18,15,15,15,15,14,15,15,15,14,12,11,10,11,11,10,3,0,0,0,0,0,0,0,0,0,6,22,23,25,26,26,26,26,26,26,27,27,26,25,24,24,25,23,22,23,22,21,21,22,22,21,20
-82,125,20,17,17,18,17,15,16,17,16,16,15,14,15,14,13,15,15,15,13,13,15,16,15,14,14,13,3,0,0,0,0,0,0,0,0,0,6,25,25,26,26,27,28,29,28,27,28,28,27,25,22,23,25,23,20,18,19,20,21,20,21,21,19
-82,125,20,20,19,18,19,20,20,19,17,18,20,21,20,20,20,20,20,20,20,19,18,18,18,18,16,14,3,0,0,0,0,0,0,0,0,0,4,17,18,19,19,19,20,20,21,21,19,19,19,19,19,18,17,17,18,17,18,19,18,18,18,18,21
-80,125,20,17,18,20,20,20,20,19,23,25,21,19,19,18,17,18,17,19,20,18,18,17,16,16,15,13,3,0,0,0,0,0,0,0,0,0,5,24,25,27,27,26,25,25,26,26,26,28,28,24,23,25,25,26,25,23,21,20,20,20,21,22,22
-78,125,20,25,23,22,23,23,21,21,19,17,18,17,16,16,17,16,15,14,13,12,12,12,11,10,9,8,2,0,0,0,0,0,0,0,0,0,7,26,26,26,27,29,28,28,30,30,31,30,30,30,28,27,27,28,28,26,25,26,26,26,27,28,28
-79,125,20,25,24,23,23,22,20,18,15,14,17,20,18,15,16,15,14,13,13,12,12,12,10,8,8,7,1,0,0,0,0,0,0,0,0,0,6,26,28,30,29,28,30,30,30,31,33,32,31,30,29,28,29,28,26,25,24,24,25,25,26,26,25
-78,125,20,27,26,26,26,27,26,24,22,22,25,25,25,24,24,26,26,26,25,24,23,22,22,22,20,17,4,0,0,0,0,0,0,0,0,0,2,7,9,10,11,12,14,15,15,15,17,17,17,18,17,18,19,18,19,21,21,21,23,24,24,24,25
-81,125,20,22,22,22,21,19,19,21,24,25,21,19,19,18,19,20,20,18,18,18,18,17,17,16,15,14,4,0,0,0,0,0,0,0,0,0,6,24,25,27,28,27,28,28,28,29,29,27,26,25,25,26,27,25,23,21,21,21,22,24,23,21,21
-80,125,20,25,25,25,24,24,23,22,21,23,24,23,23,23,23,23,23,25,23,21,20,19,19,18,18,16,4,0,0,0,0,0,0,0,0,0,4,18,17,18,19,18,18,18,19,21,22,23,23,22,21,21,22,21,20,21,22,22,23,24,23,23,25
-80,125,20,21,22,22,23,22,19,18,17,16,16,16,17,17,16,16,17,17,18,18,16,15,14,14,13,13,4,0,0,0,0,0,0,0,0,0,5,20,23,24,24,24,26,27,27,25,25,26,26,25,24,25,24,22,23,24,25,23,21,23,25,24,24
-80,125,20,19,19,21,22,21,19,17,20,24,21,18,17,18,19,17,16,15,15,15,14,13,14,15,15,15,3,0,0,0,0,0,0,0,0,0,4,20,22,24,24,25,26,28,27,26,26,27,27,26,26,25,24,23,22,22,23,22,22,23,25,25,24
-84,125,20,14,14,17,18,19,20,20,21,20,20,19,19,22,24,25,24,23,23,22,22,20,21,23,23,22,5,0,0,0,0,0,0,0,0,0,5,24,26,27,26,27,27,28,26,25,24,25,26,23,23,23,21,17,17,17,16,15,14,16,16,17,20
-78,125,20,21,21,22,21,19,17,17,18,18,17,16,15,15,14,14,14,13,13,11,10,11,11,11,10,10,3,0,0,0,0,0,0,0,0,0,5,22,25,26,27,27,27,28,27,27,27,28,28,27,25,25,25,24,22,23,24,24,23,23,23,25,26
-82,125,20,18,18,18,17,17,18,18,21,25,21,17,17,17,17,19,20,20,20,20,18,16,17,17,17,17,4,0,0,0,0,0,0,0,0,0,7,28,28,29,29,28,29,30,28,27,29,29,28,27,25,24,25,25,24,23,22,21,20,19,19,20,21
-82,125,20,21,21,21,24,24,23,23,19,17,22,25,22,24,26,27,28,30,29,27,26,26,26,26,26,27,7,0,0,0,0,0,0,0,0,0,4,17,16,17,17,18,19,20,20,21,21,19,20,20,20,19,19,18,15,15,15,15,15,18,22,22,19
-77,125,20,24,23,25,26,24,22,22,23,24,22,21,20,20,21,20,20,21,19,17,17,15,15,15,15,14,3,0,0,0,0,0,0,0,0,0,5,22,21,22,24,25,25,24,24,24,25,27,27,26,24,23,25,26,24,23,23,23,24,24,25,27,27
-81,125,20,18,18,21,22,19,18,18,19,21,20,20,21,21,22,21,20,18,18,17,17,14,14,15,15,16,3,0,0,0,0,0,0,0,0,0,6,25,26,27,26,26,27,29,28,26,26,28,29,28,25,24,24,23,23,25,25,22,21,23,26,27,24
-82,125,20,20,22,24,22,20,19,17,13,12,14,18,19,18,15,15,14,14,14,13,12,11,12,13,12,11,3,0,0,0,0,0,0,0,0,0,7,25,26,27,28,28,28,29,30,29,29,30,30,29,26,25,26,26,24,23,24,25,23,23,22,21,21
-78,125,20,24,24,24,24,25,22,19,22,25,23,21,21,21,21,20,19,18,18,18,16,16,15,15,15,15,5,0,0,0,0,0,0,0,0,0,5,20,20,21,22,22,23,23,24,23,23,24,24,23,23,22,22,22,23,24,23,24,25,23,23,24,24
-79,125,20,21,22,23,22,21,20,20,18,16,19,20,19,19,20,21,19,18,17,17,17,15,14,14,13,13,3,0,0,0,0,0,0,0,0,0,4,17,18,21,23,24,23,24,23,23,24,26,27,25,24,23,24,24,22,23,23,24,25,23,22,24,26
-79,125,20,22,21,20,21,21,20,18,20,23,19,17,16,15,15,14,15,16,16,15,14,13,11,12,13,12,3,0,0,0,0,0,0,0,0,0,4,21,23,24,25,25,24,24,25,25,25,26,26,25,24,24,23,22,22,23,24,24,24,23,23,24,23
-82,125,20,23,22,21,21,21,21,21,19,16,19,21,20,21,21,22,21,20,20,21,21,20,19,18,17,16,4,0,0,0,0,0,0,0,0,0,4,18,19,19,20,22,23,21,21,21,21,22,21,21,21,21,20,19,19,20,20,19,19,20,22,23,23
-82,125,20,23,22,18,16,17,20,22,21,19,22,25,25,25,25,27,28,28,27,26,25,25,25,24,23,22,5,0,0,0,0,0,0,0,0,0,5,22,21,20,20,20,21,21,21,21,21,20,17,17,18,19,20,19,17,16,15,17,19,17,15,18,20
-82,125,20,20,19,18,19,20,20,19,15,11,14,18,18,18,19,20,18,16,16,17,17,16,14,14,15,14,3,0,0,0,0,0,0,0,0,0,5,24,25,25,25,25,26,26,27,26,26,27,26,26,26,22,22,22,22,21,20,21,20,21,21,20,22
-80,125,20,22,23,23,20,19,20,21,22,22,21,22,21,21,21,20,21,20,19,17,18,18,17,17,16,15,3,0,0,0,0,0,0,0,0,0,5,21,22,23,24,25,28,28,27,26,24,24,24,25,25,25,24,23,22,21,21,20,21,21,22,22,23
-80,125,20,21,20,20,19,18,19,21,18,16,18,19,19,20,22,22,21,20,19,19,17,16,17,17,16,14,2,0,0,0,0,0,0,0,0,0,5,21,23,25,27,26,27,27,27,28,29,29,28,25,24,24,24,24,24,22,21,22,21,21,22,22,22
-82,125,20,19,18,16,16,17,18,18,17,15,16,16,15,16,17,17,16,15,14,15,16,16,16,15,13,12,2,0,0,0,0,0,0,0,0,0,5,22,23,23,22,24,24,24,24,25,27,25,25,25,22,21,21,21,20,19,20,22,22,21,21,21,19
-82,125,20,17,15,16,17,16,15,16,12,8,14,18,18,19,20,23,22,21,22,23,20,20,21,21,20,20,5,0,0,0,0,0,0,0,0,0,7,27,27,27,27,29,30,27,27,27,28,28,26,24,23,23,21,19,19,17,18,19,17,15,15,15,14
-79,125,20,21,20,19,20,21,20,18,18,18,18,18,18,17,17,17,16,16,15,13,12,13,13,12,12,13,3,0,0,0,0,0,0,0,0,0,5,23,25,24,25,25,25,26,28,28,28,28,28,27,26,27,28,26,24,23,24,25,25,24,23,24,25
-83,125,20,23,24,26,22,20,20,22,26,28,25,23,24,24,24,24,24,24,22,24,24,22,20,20,21,21,5,0,0,0,0,0,0,0,0,0,4,17,18,19,19,18,20,20,20,21,22,21,20,20,20,20,20,18,16,16,18,20,19,17,18,23,26
-82,125,20,18,20,20,19,18,18,17,22,28,23,19,22,21,23,25,24,24,23,21,23,23,21,21,21,18,4,0,0,0,0,0,0,0,0,0,5,21,21,22,23,23,23,22,22,21,23,25,23,21,19,19,19,17,15,16,17,19,18,16,15,18,21
-80,125,20,18,18,19,18,18,18,18,20,22,20,19,18,18,19,21,22,23,22,19,18,20,20,20,19,18,3,0,0,0,0,0,0,0,0,0,5,21,23,23,23,23,24,24,23,23,23,23,22,22,20,20,21,20,18,19,17,16,17,20,20,20,19
-79,125,20,23,24,21,19,19,18,17,16,17,15,13,13,13,13,12,12,12,12,11,9,8,8,9,9,9,2,0,0,0,0,0,0,0,0,0,5,21,23,24,24,26,26,27,26,25,24,25,27,25,24,24,24,24,23,23,22,20,20,20,23,24,25
-82,125,20,22,20,18,17,18,19,19,16,13,15,17,17,16,16,16,17,17,16,16,16,14,13,14,14,14,4,0,0,0,0,0,0,0,0,0,6,25,26,28,29,29,29,29,28,28,27,27,27,25,23,22,25,25,23,22,22,20,20,21,19,18,19
-79,125,20,24,24,24,24,25,25,25,27,29,26,24,24,24,24,24,24,25,25,23,21,21,21,21,20,21,5,0,0,0,0,0,0,0,0,0,1,7,7,8,9,10,12,13,15,17,17,19,19,19,19,19,21,20,20,22,23,23,24,23,24,25,24
-81,125,20,32,29,24,23,27,28,27,22,17,20,25,24,23,23,24,23,24,23,20,18,17,17,18,17,17,4,0,0,0,0,0,0,0,0,0,6,24,24,25,25,27,28,29,29,29,28,28,28,28,28,27,26,26,26,26,25,24,24,23,25,27,28
-82,125,20,18,21,23,21,19,19,19,17,18,18,19,20,21,22,23,23,23,22,22,21,19,18,17,16,16,3,0,0,0,0,0,0,0,0,0,5,20,19,20,19,19,19,20,21,21,22,22,22,20,19,18,17,18,19,18,16,15,16,19,21,22,25
-81,125,20,20,20,20,18,18,19,19,18,17,18,19,18,18,18,18,17,17,18,19,18,17,16,15,15,15,4,0,0,0,0,0,0,0,0,0,6,24,24,25,25,24,24,27,27,27,27,27,28,27,27,26,25,24,21,21,22,21,19,20,22,24,23
-80,125,20,21,20,20,18,18,18,17,17,19,18,16,16,15,15,15,14,13,12,12,13,13,13,12,12,12,3,0,0,0,0,0,0,0,0,0,6,24,24,26,28,28,27,27,28,28,29,29,29,28,27,25,24,25,25,25,25,25,24,24,25,24,22
-81,125,20,25,22,19,20,22,22,21,18,15,16,19,19,20,20,21,22,20,18,18,17,17,18,17,15,15,4,0,0,0,0,0,0,0,0,0,6,24,25,27,27,28,28,29,29,29,29,29,28,26,25,25,26,24,23,23,24,24,22,20,20,20,21
-83,125,20,18,18,19,19,21,22,20,17,18,20,19,19,20,20,21,22,23,22,22,23,21,20,20,20,21,5,0,0,0,0,0,0,0,0,0,4,19,19,19,20,21,20,20,20,20,19,19,18,17,16,16,17,18,17,16,15,14,16,17,18,18,17
-82,125,20,20,20,20,19,17,17,17,21,24,19,14,15,17,17,17,16,16,15,13,14,14,13,13,11,11,3,0,0,0,0,0,0,0,0,0,8,30,30,30,29,29,30,30,29,29,29,29,28,26,25,25,25,24,25,24,23,23,23,20,21,22,20
-78,125,20,26,25,25,24,21,21,22,20,19,20,20,19,19,19,20,18,16,15,16,15,15,14,12,11,11,3,0,0,0,0,0,0,0,0,0,6,25,25,26,28,29,30,29,29,30,31,32,32,31,30,28,27,28,27,27,27,27,27,28,28,27,27
-81,125,20,21,20,20,21,21,20,20,22,24,23,21,22,24,24,22,22,23,23,22,21,19,19,20,21,20,4,0,0,0,0,0,0,0,0,0,5,23,20,21,23,22,21,23,24,24,23,23,22,20,21,21,22,19,18,19,18,17,19,20,22,20,18
-80,125,20,25,24,25,23,23,24,23,25,26,25,23,22,22,22,21,22,23,23,22,21,20,19,18,17,15,3,0,0,0,0,0,0,0,0,0,5,23,23,24,24,25,25,26,27,26,27,27,26,25,23,23,24,25,24,23,23,22,23,23,23,22,21
-84,125,20,18,17,17,20,20,22,22,26,31,27,22,22,24,24,24,26,26,26,26,25,25,25,26,26,25,6,0,0,0,0,0,0,0,0,0,6,23,23,24,24,23,24,23,20,19,20,19,20,18,18,19,18,16,17,18,17,17,16,13,14,17,16
-82,125,20,21,22,20,18,16,17,20,25,29,24,20,21,20,20,22,24,23,23,22,21,20,19,20,18,15,3,0,0,0,0,0,0,0,0,0,5,21,22,24,24,23,23,26,26,26,28,27,25,24,23,21,21,20,19,19,19,19,20,20,21,22,21
-85,125,20,15,16,15,15,14,13,14,14,17,16,15,15,15,15,15,15,15,15,14,16,16,17,18,15,15,4,0,0,0,0,0,0,0,0,0,7,29,32,33,33,33,33,34,31,30,29,29,26,25,23,21,24,26,22,20,19,16,14,16,17,17,17
-78,125,20,26,25,25,25,26,26,25,28,30,28,25,25,25,26,26,25,24,24,24,24,24,23,22,22,20,5,0,0,0,0,0,0,0,0,0,2,8,9,10,12,12,13,14,15,17,17,18,18,19,20,21,21,21,21,21,20,21,23,23,25,26,28
-82,125,20,20,20,20,17,16,18,19,15,13,16,18,17,16,15,15,16,16,14,14,16,17,16,14,12,11,3,0,0,0,0,0,0,0,0,0,6,25,24,26,27,27,28,29,29,27,27,28,28,27,25,24,23,23,21,21,21,21,21,21,21,21,20
-80,125,20,22,22,22,21,20,20,18,20,25,24,21,19,19,20,20,18,18,18,18,19,17,17,16,16,14,4,0,0,0,0,0,0,0,0,0,5,23,24,24,24,26,26,26,26,25,25,25,25,23,23,24,25,23,22,22,22,21,21,22,22,21,21
-82,125,20,19,21,21,21,21,20,18,19,23,21,18,19,20,19,20,23,24,22,21,22,23,24,23,20,19,5,0,0,0,0,0,0,0,0,0,5,21,21,20,20,22,22,22,21,20,20,19,17,17,18,15,14,13,14,17,19,16,14,15,15,17,23
-81,125,20,24,23,26,26,24,25,24,22,20,22,24,24,23,24,25,27,27,26,24,24,24,21,19,18,17,4,0,0,0,0,0,0,0,0,0,5,22,23,23,24,23,24,25,25,25,26,27,26,25,25,25,25,24,23,22,22,24,24,23,24,25,25
-80,125,20,25,24,25,24,22,24,22,24,29,27,23,21,22,22,22,23,24,23,22,20,20,19,19,18,17,4,0,0,0,0,0,0,0,0,0,3,15,17,18,19,19,19,19,19,20,21,22,23,24,22,22,21,19,21,23,25,25,24,23,23,25,28
-80,125,20,24,22,22,24,23,22,22,23,25,23,22,23,22,22,22,21,20,20,19,20,19,18,16,16,14,3,0,0,0,0,0,0,0,0,0,4,18,18,17,20,21,22,23,23,23,24,25,24,23,22,22,23,23,23,22,22,22,22,22,24,26,26
-81,125,20,21,19,18,18,18,18,17,19,22,18,15,14,13,13,12,13,14,14,13,12,12,11,11,11,11,3,0,0,0,0,0,0,0,0,0,7,27,28,28,27,28,31,31,30,30,31,31,31,29,28,27,25,24,25,25,24,22,22,23,25,24,22
-80,125,20,25,25,24,24,24,22,23,26,29,26,23,22,24,24,24,24,23,23,22,21,21,20,18,17,16,4,0,0,0,0,0,0,0,0,0,3,13,13,14,14,16,17,17,17,18,20,19,19,19,20,21,23,22,21,20,21,22,23,22,23,24,26
-85,125,20,17,18,16,15,17,17,17,17,18,17,17,16,18,21,22,24,25,25,24,24,22,21,22,24,24,5,0,0,0,0,0,0,0,0,0,7,30,28,28,28,28,29,30,29,28,27,26,26,25,24,23,22,22,19,19,17,19,18,15,16,17,16
-82,125,20,21,25,24,21,21,19,18,21,23,21,20,20,20,22,25,25,25,25,22,21,21,20,18,19,19,4,0,0,0,0,0,0,0,0,0,4,19,19,20,20,20,19,20,21,20,20,21,21,22,21,21,21,20,18,17,20,22,23,21,21,22,21
-81,125,20,24,24,24,22,20,19,19,21,22,19,17,18,18,17,17,17,17,17,17,14,11,12,13,14,14,3,0,0,0,0,0,0,0,0,0,5,22,23,25,26,26,27,28,28,30,28,27,28,27,27,27,27,25,23,22,23,23,21,22,25,26,24
-82,125,20,24,26,27,27,25,23,21,27,33,30,24,24,26,25,26,27,26,25,25,26,26,25,24,23,22,5,0,0,0,0,0,0,0,0,0,5,22,22,22,22,22,22,23,24,24,24,24,24,25,24,22,21,22,21,20,21,22,23,23,21,19,18
-85,125,20,19,18,17,18,18,18,18,18,20,17,15,17,18,15,15,17,18,17,16,13,13,14,15,15,15,3,0,0,0,0,0,0,0,0,0,5,22,23,24,26,25,25,25,26,26,24,24,23,22,23,22,22,21,20,21,22,20,20,19,18,18,18
-81,125,20,18,19,18,17,17,18,17,18,20,16,14,16,17,17,16,17,16,16,15,14,15,14,13,13,13,3,0,0,0,0,0,0,0,0,0,6,25,25,26,27,26,26,25,26,26,26,26,27,25,21,22,23,22,21,20,19,20,21,20,20,21,21
-84,125,20,19,21,21,19,16,15,14,17,20,15,10,10,11,12,11,11,10,9,10,9,10,11,12,13,13,3,0,0,0,0,0,0,0,0,0,6,25,26,26,29,31,31,29,29,28,30,31,29,26,24,22,22,22,21,23,22,22,25,25,24,22,22
-80,125,20,22,23,21,18,17,16,16,15,14,14,14,15,16,15,14,14,15,14,12,11,11,12,11,8,8,2,0,0,0,0,0,0,0,0,0,5,22,23,23,23,23,23,23,23,24,25,26,25,23,23,23,23,22,20,20,20,21,22,23,22,21,22
-80,125,20,24,22,20,18,21,20,18,16,16,17,17,15,15,16,15,15,16,15,14,13,11,11,11,10,10,3,0,0,0,0,0,0,0,0,0,6,25,27,29,29,29,30,29,29,30,32,31,31,30,28,27,26,25,24,24,26,26,25,24,24,25,27
-82,125,20,16,15,16,16,15,16,17,21,25,23,20,21,21,22,21,21,21,19,19,21,21,21,20,18,17,5,0,0,0,0,0,0,0,0,0,6,24,25,25,25,25,25,25,25,25,24,23,23,22,21,20,19,19,19,19,19,19,18,16,15,15,17
-84,125,20,17,16,16,16,16,17,16,10,10,14,16,11,7,8,10,11,11,10,8,8,10,10,9,9,9,2,0,0,0,0,0,0,0,0,0,6,26,25,25,26,27,26,26,27,27,28,29,28,24,22,23,25,25,24,22,22,23,24,23,22,21,22
-80,125,20,22,22,20,19,18,19,20,22,25,21,19,18,18,19,20,19,17,18,18,18,17,16,14,14,15,3,0,0,0,0,0,0,0,0,0,5,22,22,23,24,25,25,26,26,26,25,26,25,24,22,22,24,24,23,22,22,20,21,21,21,21,21
-77,125,20,25,25,23,21,20,19,19,19,20,20,18,17,16,17,18,18,17,16,16,15,13,12,13,13,11,3,0,0,0,0,0,0,0,0,0,5,18,21,22,22,23,23,23,23,24,24,24,25,26,26,24,23,22,21,21,21,21,22,24,25,25,22
-83,125,20,19,19,20,20,20,21,22,24,25,24,25,27,28,25,25,27,30,31,30,29,27,26,27,26,26,6,0,0,0,0,0,0,0,0,0,5,22,24,25,24,25,24,21,20,22,22,21,21,20,18,16,16,16,16,15,17,19,18,16,17,18,17
-82,125,20,19,20,20,20,19,18,19,21,21,16,17,18,19,19,18,15,15,17,18,16,14,14,14,13,11,2,0,0,0,0,0,0,0,0,0,5,26,27,27,28,29,29,29,28,27,26,27,28,28,26,25,26,25,22,23,22,21,21,21,21,22,23
-82,125,20,23,21,21,21,24,25,23,23,25,25,26,26,26,26,28,27,27,29,27,25,26,26,27,25,25,6,0,0,0,0,0,0,0,0,0,6,23,21,21,22,22,22,21,20,20,19,20,21,21,20,21,20,18,19,19,19,19,18,17,19,21,21
-79,125,20,24,24,24,23,22,22,20,22,24,23,21,20,19,20,19,19,19,18,18,17,15,14,14,13,13,3,0,0,0,0,0,0,0,0,0,5,21,21,22,23,23,25,26,25,25,26,26,26,25,26,25,26,25,25,24,24,25,25,25,25,26,26
-82,125,20,20,20,20,21,21,23,24,24,22,25,27,28,28,29,31,31,31,30,28,29,30,28,26,26,27,7,0,0,0,0,0,0,0,0,0,5,18,18,18,19,19,18,20,19,17,17,19,19,18,19,18,16,14,15,15,17,18,18,16,16,17,18
-85,125,20,11,10,8,6,5,6,8,15,20,15,12,13,15,16,15,17,17,17,20,22,22,22,23,21,20,5,0,0,0,0,0,0,0,0,0,7,31,32,31,29,30,31,30,29,30,29,24,24,25,24,22,21,20,19,19,19,17,16,16,13,13,13
-78,125,20,26,25,24,25,26,25,25,23,22,23,24,24,24,25,26,26,25,24,25,24,22,21,20,19,20,5,0,0,0,0,0,0,0,0,0,3,11,12,13,14,13,15,15,15,15,16,19,19,20,21,22,22,22,21,21,21,22,23,25,24,25,26
-80,125,20,25,25,25,24,24,23,21,18,18,21,24,22,21,22,24,23,21,21,20,19,19,17,16,16,16,3,0,0,0,0,0,0,0,0,0,4,18,18,19,20,20,21,21,23,24,24,23,22,23,23,22,21,20,20,21,22,22,22,21,22,25,28
-82,125,20,22,22,19,20,20,20,20,17,15,19,23,23,23,24,25,24,25,23,21,21,21,21,21,20,20,5,0,0,0,0,0,0,0,0,0,4,17,18,18,17,19,18,16,17,17,18,20,19,18,18,18,19,18,18,19,16,17,18,18,18,18,19
-80,125,20,21,21,21,21,21,20,20,21,23,21,19,19,20,19,21,21,20,21,21,19,17,16,17,17,17,4,0,0,0,0,0,0,0,0,0,4,18,18,19,21,20,21,20,20,21,21,22,22,22,21,20,19,19,19,19,19,20,21,22,21,20,19
-81,125,20,19,18,17,18,19,18,15,15,16,16,16,15,14,15,16,16,16,15,14,14,14,14,14,14,13,3,0,0,0,0,0,0,0,0,0,5,21,20,20,20,21,23,24,23,23,23,24,26,24,22,20,19,20,21,21,20,20,21,21,21,20,18
-81,125,20,25,24,21,20,22,22,22,21,22,21,20,22,24,23,24,25,25,22,22,23,20,20,20,20,20,5,0,0,0,0,0,0,0,0,0,3,16,16,17,17,17,17,18,18,17,18,18,20,19,18,18,18,18,18,18,19,19,18,19,19,19,18
-79,125,20,26,27,26,25,25,25,25,25,25,25,24,24,24,25,25,25,25,25,24,23,22,22,22,22,22,5,0,0,0,0,0,0,0,0,0,0,4,6,8,11,12,13,15,16,16,17,19,19,20,19,20,21,23,23,22,22,22,23,24,24,25,25
-78,125,20,29,28,28,28,28,28,29,26,24,26,29,29,29,29,30,30,29,28,27,27,25,25,24,23,22,6,0,0,0,0,0,0,0,0,0,2,8,10,12,13,14,16,17,18,20,21,23,24,23,24,23,23,25,25,25,24,25,26,26,26,28,29
-83,125,20,18,17,15,15,18,18,18,16,15,15,15,15,15,15,15,15,14,13,12,12,12,12,14,12,10,2,0,0,0,0,0,0,0,0,0,5,21,23,26,27,27,26,29,29,28,29,29,29,29,26,22,22,22,22,23,24,25,23,19,20,21,21
-78,125,20,24,25,26,25,23,22,23,23,22,22,21,20,21,22,22,22,22,21,21,19,18,17,17,16,14,3,0,0,0,0,0,0,0,0,0,4,19,20,21,21,21,22,22,22,23,24,26,27,25,23,22,23,23,23,22,22,21,22,22,21,20,21
-82,125,20,16,17,17,15,17,16,16,19,23,20,15,14,14,15,15,18,19,19,18,17,15,15,16,17,15,3,0,0,0,0,0,0,0,0,0,7,27,28,29,30,29,28,30,30,29,29,28,27,27,25,25,25,23,21,21,22,23,20,19,18,18,20
-81,125,20,21,22,21,22,22,23,22,22,23,21,20,20,20,21,23,22,21,22,20,21,20,19,19,19,17,4,0,0,0,0,0,0,0,0,0,4,18,19,20,19,20,23,23,23,23,24,23,21,20,21,23,22,22,22,21,21,19,18,18,18,18,21
-78,125,20,22,20,20,19,20,19,18,16,15,16,15,14,14,16,16,16,15,13,12,12,12,12,11,12,11,2,0,0,0,0,0,0,0,0,0,5,23,23,23,24,25,25,26,26,27,28,28,27,27,27,26,25,25,25,26,24,23,21,22,24,24,22
-79,125,20,25,25,25,23,21,20,19,20,23,20,18,18,17,16,16,16,15,14,13,11,10,9,9,9,8,1,0,0,0,0,0,0,0,0,0,5,24,23,26,27,26,26,27,27,28,30,30,29,29,27,27,27,26,25,26,27,27,26,24,24,26,24
-79,125,20,22,23,22,20,19,19,18,16,14,16,17,16,16,16,15,15,15,16,15,14,12,10,9,9,9,2,0,0,0,0,0,0,0,0,0,4,19,22,23,24,25,26,26,25,26,26,26,26,25,25,24,23,23,23,23,23,22,21,22,23,23,22
-80,125,20,23,22,19,20,20,19,18,20,20,20,19,18,20,22,21,20,19,18,18,17,17,17,16,16,14,4,0,0,0,0,0,0,0,0,0,5,19,21,22,24,24,25,24,23,24,26,26,25,25,23,23,24,23,22,22,21,22,22,23,22,22,23
-81,125,20,21,21,23,23,23,22,21,24,28,26,23,22,21,23,24,24,24,21,19,19,19,19,19,18,18,5,0,0,0,0,0,0,0,0,0,5,19,19,20,20,21,23,24,22,21,22,24,24,24,24,22,23,22,21,21,21,20,20,21,22,21,20
-84,125,20,18,16,15,16,18,19,18,20,24,21,19,20,21,23,22,21,23,24,22,21,23,23,24,24,24,6,0,0,0,0,0,0,0,0,0,8,30,32,32,30,28,30,29,27,25,26,27,27,25,23,22,21,19,18,19,20,20,18,19,18,17,18
-81,125,20,25,25,24,23,24,23,22,17,14,20,24,23,23,24,23,22,22,21,20,21,18,17,17,15,17,4,0,0,0,0,0,0,0,0,0,4,19,20,20,20,21,23,24,24,23,24,26,27,26,25,25,26,25,22,21,21,21,22,22,23,24,24
-78,125,20,20,20,20,20,19,20,22,22,23,22,21,19,18,18,17,15,17,17,17,15,14,14,15,15,15,4,0,0,0,0,0,0,0,0,0,6,25,26,26,26,28,28,28,26,25,24,25,26,25,24,25,23,22,22,22,23,22,20,20,22,24,22
-81,125,20,23,24,24,23,23,23,21,24,29,28,25,24,23,23,23,25,26,25,26,26,24,24,23,22,21,6,0,0,0,0,0,0,0,0,0,6,24,23,24,25,26,25,24,24,24,25,23,21,21,22,21,20,20,20,21,21,18,17,19,21,23,25
-80,125,20,37,36,35,35,33,33,36,41,43,39,34,36,35,33,32,33,32,31,31,30,27,27,27,27,27,6,0,0,0,0,0,0,0,0,0,5,26,28,30,31,33,34,35,35,35,37,39,39,38,35,34,35,34,34,35,37,35,33,32,34,36,36
-80,125,20,20,21,19,19,21,20,19,16,13,15,19,18,18,16,17,17,17,15,14,15,15,14,14,13,13,3,0,0,0,0,0,0,0,0,0,6,24,25,26,27,26,27,27,28,27,28,28,27,27,26,26,25,23,21,21,21,21,20,20,20,21,21
-83,125,20,18,17,16,16,16,16,15,17,22,19,17,17,19,19,18,18,16,16,18,17,15,15,17,18,17,5,0,0,0,0,0,0,0,0,0,7,27,27,27,27,27,28,28,27,26,25,26,27,26,25,24,26,25,22,22,20,19,20,21,19,18,17
-81,125,20,21,20,18,17,16,19,20,14,11,15,17,16,17,17,17,16,17,16,13,12,13,13,13,11,9,2,0,0,0,0,0,0,0,0,0,5,24,24,26,27,27,26,26,28,28,26,26,26,25,23,21,23,23,20,21,22,23,23,21,20,20,18
-83,125,20,18,16,13,16,17,18,17,18,21,22,19,19,23,25,25,25,26,26,24,25,25,26,26,24,22,5,0,0,0,0,0,0,0,0,0,6,25,26,27,26,25,26,28,28,27,27,27,25,21,18,20,21,19,17,18,17,17,19,19,17,16,17
-83,125,20,21,20,17,17,20,22,22,22,23,21,22,24,26,26,26,26,28,26,24,25,25,24,24,22,22,5,0,0,0,0,0,0,0,0,0,5,19,20,20,22,23,23,21,21,22,20,20,21,18,15,16,16,16,17,18,17,16,17,15,15,16,17
-82,125,20,20,17,18,21,23,24,20,23,27,25,21,19,20,21,21,22,22,21,20,20,20,19,20,19,16,4,0,0,0,0,0,0,0,0,0,5,20,22,21,21,21,22,23,22,21,20,20,21,22,21,19,17,17,18,19,19,18,17,19,21,23,24
-80,125,20,19,19,20,21,21,20,19,17,17,19,20,21,20,20,20,20,19,19,17,17,17,15,14,14,14,4,0,0,0,0,0,0,0,0,0,5,20,20,20,20,20,21,22,23,23,22,23,25,23,22,22,22,22,22,21,20,21,21,20,21,21,19
-83,125,20,18,17,18,19,20,19,20,23,26,21,18,18,18,17,18,20,21,20,18,17,16,15,15,16,16,4,0,0,0,0,0,0,0,0,0,6,22,23,23,23,22,22,22,24,24,23,24,24,22,20,20,20,19,18,18,17,18,17,17,18,18,17
-84,125,20,21,20,21,20,20,18,19,23,25,21,18,18,17,18,20,21,20,17,17,20,18,16,16,17,19,5,0,0,0,0,0,0,0,0,0,7,28,28,32,33,31,30,29,28,27,27,26,25,25,24,23,24,21,20,20,21,21,18,18,21,21,20
-82,125,20,22,22,22,23,25,26,25,24,26,26,25,25,25,25,25,25,25,25,25,24,25,26,24,22,21,6,0,0,0,0,0,0,0,0,0,5,19,20,21,21,21,21,21,19,20,21,21,20,20,21,20,19,19,20,20,19,19,17,18,21,23,24
-83,125,20,16,16,16,16,19,20,15,14,19,21,20,21,21,23,23,21,20,21,22,21,19,20,19,18,19,5,0,0,0,0,0,0,0,0,0,5,17,18,19,18,18,19,18,17,17,18,17,16,17,17,16,17,18,16,14,13,14,15,14,15,19,20
-84,125,20,15,15,15,15,18,19,18,17,18,17,17,17,18,18,19,20,22,22,22,22,22,21,20,20,20,4,0,0,0,0,0,0,0,0,0,5,22,25,25,25,23,23,21,22,23,23,24,23,21,17,17,19,19,18,18,17,17,18,18,15,16,18
-82,125,20,19,18,16,16,17,18,17,16,17,20,20,19,20,20,18,19,19,18,17,17,17,17,15,15,15,3,0,0,0,0,0,0,0,0,0,4,21,20,20,20,21,22,22,21,21,21,20,19,20,20,19,19,17,16,16,17,20,21,19,17,18,17
-82,125,20,20,21,21,22,22,24,26,26,26,23,23,25,26,28,28,30,29,29,28,26,27,27,27,25,21,5,0,0,0,0,0,0,0,0,0,5,22,21,20,21,22,23,20,20,20,21,23,23,20,18,19,20,17,19,18,17,17,15,16,18,20,20
-80,125,20,22,20,20,20,20,20,19,19,22,19,17,18,18,18,18,18,18,18,18,16,15,15,14,15,17,4,0,0,0,0,0,0,0,0,0,5,24,24,24,26,28,28,30,30,29,29,30,30,29,29,27,25,26,26,25,24,23,22,22,22,23,22
-78,125,20,26,25,24,23,23,25,25,23,21,24,25,26,26,26,26,27,25,24,23,23,22,23,22,20,19,4,0,0,0,0,0,0,0,0,0,1,7,7,8,10,10,11,12,12,13,14,14,17,17,17,17,18,20,21,21,20,20,22,24,24,24,24
-79,125,20,26,25,23,21,20,22,20,17,14,16,18,18,19,19,19,18,17,17,18,19,16,14,13,14,14,3,0,0,0,0,0,0,0,0,0,6,24,24,24,25,26,27,27,26,26,27,28,29,27,26,26,26,26,24,23,24,25,25,24,24,25,26
-82,125,20,22,20,18,17,18,18,18,23,26,22,19,20,21,20,20,22,24,23,21,20,19,19,17,16,18,4,0,0,0,0,0,0,0,0,0,4,19,20,21,21,21,22,22,21,22,23,22,21,22,23,21,18,17,18,18,18,18,19,19,19,18,17
-80,125,20,17,17,19,21,22,22,20,20,24,19,17,18,18,18,18,18,18,18,17,17,16,16,15,14,15,3,0,0,0,0,0,0,0,0,0,5,25,26,27,29,29,28,28,28,28,27,27,28,26,24,24,23,23,22,22,20,19,19,21,22,22,24
-82,125,20,14,16,17,15,14,14,15,18,19,15,13,14,15,14,15,15,15,15,15,16,15,15,14,13,13,4,0,0,0,0,0,0,0,0,0,6,21,23,24,23,22,23,24,24,23,22,21,22,21,20,21,21,18,16,17,15,13,11,14,16,16,15
-80,125,20,21,24,25,23,23,25,25,22,22,25,25,25,25,26,26,26,26,27,26,24,23,24,24,23,22,5,0,0,0,0,0,0,0,0,0,4,16,17,17,18,18,19,18,18,19,17,18,17,17,17,16,18,17,16,16,15,18,19,20,20,20,18
-80,125,20,25,24,22,21,21,19,19,18,17,18,19,18,17,17,16,17,17,15,16,15,13,13,14,14,13,4,0,0,0,0,0,0,0,0,0,6,23,25,27,28,27,27,28,28,28,28,28,27,26,26,26,28,27,24,23,23,23,23,23,23,23,22
-79,125,20,21,21,19,18,17,17,17,19,21,19,15,15,15,15,15,17,17,15,14,14,12,12,12,12,12,3,0,0,0,0,0,0,0,0,0,5,22,22,24,25,26,26,26,27,27,28,29,28,26,24,24,24,25,23,23,23,23,23,22,22,23,21
-79,125,20,27,26,25,26,27,24,24,25,27,26,25,25,26,25,26,28,27,26,23,23,23,23,21,20,19,4,0,0,0,0,0,0,0,0,0,1,7,7,9,11,13,15,14,15,17,19,20,21,20,20,21,23,23,22,23,23,23,24,26,27,27,29
-84,125,20,20,19,19,17,18,18,19,18,19,17,15,18,18,17,19,19,17,17,16,15,15,15,14,12,13,2,0,0,0,0,0,0,0,0,0,3,17,18,19,20,20,21,22,22,21,21,21,21,21,22,21,19,18,17,19,19,17,17,17,20,21,21
-83,125,20,18,17,17,20,19,18,19,19,16,18,23,24,22,23,25,27,27,25,24,24,24,23,23,21,20,5,0,0,0,0,0,0,0,0,0,5,25,24,25,25,24,24,24,22,23,21,20,20,20,20,20,20,20,20,19,19,16,16,15,15,17,19
-77,125,20,25,26,26,26,25,24,24,23,21,22,22,22,22,22,22,22,21,21,19,18,17,17,16,14,14,3,0,0,0,0,0,0,0,0,0,6,23,24,24,25,24,26,27,25,25,25,26,27,25,24,23,23,23,22,23,24,24,24,24,25,27,28
-82,125,20,22,18,16,16,17,19,19,19,21,19,19,18,18,18,17,17,17,17,16,16,16,16,16,16,16,5,0,0,0,0,0,0,0,0,0,6,26,26,26,25,25,26,26,27,28,26,25,25,26,25,24,24,22,20,20,21,21,19,18,19,20,19
-80,125,20,21,20,22,22,21,21,19,19,22,21,20,19,20,20,21,21,22,22,21,18,17,16,17,17,18,4,0,0,0,0,0,0,0,0,0,5,23,25,25,26,26,26,26,24,24,25,25,25,24,23,24,25,24,23,21,22,22,20,21,22,23,24
-81,125,20,19,21,17,12,12,15,18,18,15,16,19,19,19,20,21,22,22,22,23,23,20,19,20,20,19,4,0,0,0,0,0,0,0,0,0,4,21,22,22,22,22,24,23,21,21,21,21,20,21,21,20,19,18,17,18,19,18,18,17,14,12,16
-76,125,20,26,27,26,24,24,22,21,24,26,23,21,21,21,21,21,21,21,20,19,18,16,15,15,15,14,4,0,0,0,0,0,0,0,0,0,6,22,22,23,23,23,25,26,26,24,24,26,26,26,25,26,24,24,22,23,24,24,24,25,27,28,28
-78,125,20,21,20,20,21,19,19,18,16,13,15,16,15,15,15,15,14,13,13,12,11,11,11,10,11,11,3,0,0,0,0,0,0,0,0,0,6,24,26,27,26,26,26,25,25,27,27,27,26,25,25,23,24,25,23,23,23,23,23,23,24,23,23
-83,125,20,16,17,17,18,19,20,18,17,19,21,21,21,21,23,24,24,25,25,24,23,23,22,22,21,19,5,0,0,0,0,0,0,0,0,0,5,21,23,22,21,22,22,22,23,23,23,22,23,22,21,21,21,19,18,17,17,16,17,18,19,21,20
-83,125,20,20,17,21,21,21,22,20,23,29,26,23,23,23,24,24,26,27,26,27,27,25,25,26,26,29,8,0,0,0,0,0,0,0,0,0,8,29,28,27,26,26,27,27,27,28,26,23,24,25,24,21,19,19,19,18,16,16,19,18,20,23,21
-82,125,20,20,20,23,22,21,21,21,18,15,21,25,25,26,27,27,27,25,26,25,24,24,24,24,22,21,5,0,0,0,0,0,0,0,0,0,4,18,19,20,20,20,21,21,21,21,20,21,22,21,18,17,17,18,19,19,19,18,19,19,17,17,18
-82,125,20,18,18,18,19,19,19,19,22,24,21,19,20,21,21,22,22,20,20,20,19,17,18,18,18,17,4,0,0,0,0,0,0,0,0,0,5,21,22,23,24,23,22,22,20,20,21,22,23,22,20,19,20,19,19,18,18,20,20,20,21,22,19
-82,125,20,23,22,21,22,23,26,25,26,28,26,24,24,26,28,28,28,25,23,23,24,26,25,25,23,23,5,0,0,0,0,0,0,0,0,0,5,23,23,22,22,24,24,24,23,23,24,25,25,24,22,20,20,19,19,19,19,21,22,22,21,21,20
-81,125,20,20,19,19,20,19,18,18,13,10,14,19,18,17,17,21,20,19,20,21,21,22,21,20,19,18,4,0,0,0,0,0,0,0,0,0,7,28,27,28,28,28,30,32,30,26,25,25,28,28,25,23,25,26,24,21,20,21,22,20,21,23,23
-82,125,20,26,27,25,24,26,25,25,27,29,26,21,20,22,23,24,24,24,23,22,21,19,18,17,16,16,4,0,0,0,0,0,0,0,0,0,3,15,18,22,22,22,21,23,23,22,24,25,24,23,23,23,25,24,22,21,22,24,25,26,26,26,24
-80,125,20,25,24,24,24,21,20,19,23,26,22,19,19,19,19,19,18,18,16,15,15,16,14,13,13,12,3,0,0,0,0,0,0,0,0,0,6,23,23,24,26,26,27,28,28,28,28,27,27,28,28,26,25,25,24,24,25,24,23,25,26,26,24
-82,125,20,18,16,15,18,19,18,17,19,18,16,15,16,17,15,14,14,14,14,14,15,14,14,14,12,12,2,0,0,0,0,0,0,0,0,0,5,23,24,25,26,26,27,29,29,27,26,25,24,23,22,22,21,21,21,22,22,21,20,20,19,19,20
-80,125,20,28,27,26,26,27,24,23,24,27,27,27,25,25,25,25,24,24,24,23,22,21,20,19,18,18,4,0,0,0,0,0,0,0,0,0,1,8,10,12,11,11,13,14,15,15,17,19,19,19,18,20,20,20,21,22,22,23,23,22,22,23,26
-79,125,20,21,21,20,19,18,18,17,17,18,17,18,16,16,17,17,16,15,15,15,16,16,16,14,12,13,4,0,0,0,0,0,0,0,0,0,6,22,24,25,27,26,27,27,26,27,28,28,27,26,26,26,26,25,23,22,21,21,22,22,24,25,24
-82,125,20,25,22,20,19,18,16,17,15,11,12,15,14,14,15,16,15,14,14,13,13,13,13,12,12,12,3,0,0,0,0,0,0,0,0,0,5,21,23,25,25,25,25,25,25,25,26,27,26,24,23,24,24,21,19,19,21,23,22,21,23,22,20
-77,125,20,29,28,29,29,28,27,27,29,32,30,27,27,28,27,27,27,27,27,26,25,23,23,22,21,21,5,0,0,0,0,0,0,0,0,0,3,9,9,10,11,12,13,14,15,16,18,18,18,19,20,20,21,21,22,22,21,23,25,25,26,27,30
-81,125,20,19,19,20,18,20,21,19,18,19,19,20,20,19,19,22,21,21,20,18,18,18,20,20,21,21,5,0,0,0,0,0,0,0,0,0,5,25,25,26,27,26,26,26,25,26,27,28,27,27,27,25,23,22,20,21,22,23,22,21,21,21,23
-79,125,20,21,20,21,21,22,22,22,25,28,25,21,21,22,23,24,23,23,21,20,20,19,17,16,17,17,5,0,0,0,0,0,0,0,0,0,6,22,24,26,27,25,23,23,23,23,22,23,23,23,24,22,21,22,22,21,20,21,22,22,23,23,23
-84,125,20,18,20,20,19,18,18,17,21,26,24,23,24,24,24,26,26,26,28,29,28,27,25,25,26,27,7,0,0,0,0,0,0,0,0,0,5,23,24,25,27,26,25,24,25,25,23,22,21,19,18,17,16,17,17,17,17,15,16,18,18,18,17
-82,125,20,20,21,22,22,20,20,18,18,21,18,16,15,15,16,17,17,16,16,14,12,11,11,12,11,11,3,0,0,0,0,0,0,0,0,0,6,25,25,26,28,28,28,28,28,28,30,32,32,29,27,27,24,23,23,23,23,25,25,23,22,22,23
-81,125,20,23,21,19,20,21,21,18,12,11,15,17,16,17,19,17,16,16,16,16,16,16,16,16,15,13,3,0,0,0,0,0,0,0,0,0,5,23,26,27,25,26,28,29,29,28,28,27,26,26,25,24,23,24,24,23,22,23,22,21,21,22,22
-80,125,20,23,23,22,21,20,21,22,18,15,17,20,19,18,17,18,19,19,18,19,19,18,17,16,16,16,4,0,0,0,0,0,0,0,0,0,6,22,24,25,25,23,23,24,26,24,22,24,25,25,24,25,23,20,21,23,22,21,21,21,20,22,24
-80,125,20,22,23,24,21,20,20,19,21,24,22,18,18,19,20,20,18,17,17,18,18,17,17,17,16,15,3,0,0,0,0,0,0,0,0,0,5,20,21,24,26,27,27,26,26,27,29,28,28,28,25,24,24,24,23,22,22,23,24,24,22,21,22
-82,125,20,21,21,21,21,21,21,22,19,17,21,22,21,22,22,22,22,21,20,21,22,21,21,22,22,21,6,0,0,0,0,0,0,0,0,0,6,24,23,24,24,23,25,27,26,25,26,27,25,24,21,22,23,22,20,19,20,21,21,21,21,21,22
-81,125,20,23,21,19,20,20,20,20,17,14,17,20,20,21,22,22,21,22,21,21,20,18,16,15,15,18,5,0,0,0,0,0,0,0,0,0,7,25,26,28,28,29,31,30,29,29,28,29,30,27,26,25,26,27,26,25,25,24,25,23,24,24,23
-81,125,20,19,19,20,20,21,23,24,22,21,23,24,23,22,21,23,23,23,25,26,25,23,21,22,23,22,6,0,0,0,0,0,0,0,0,0,5,18,18,18,19,20,20,19,18,19,19,18,17,18,17,16,17,18,17,15,14,16,17,17,18,19,19
-80,125,20,21,20,19,18,18,19,19,21,24,18,15,17,18,17,17,15,16,16,13,12,12,11,12,12,11,2,0,0,0,0,0,0,0,0,0,6,26,27,26,28,29,31,31,30,30,32,32,30,29,27,26,27,27,25,25,24,23,24,24,24,24,23
-81,125,20,22,21,19,21,22,21,19,23,28,25,22,22,21,21,21,19,19,19,19,21,20,19,18,17,18,5,0,0,0,0,0,0,0,0,0,6,24,24,25,25,27,28,27,26,26,26,27,28,26,25,24,25,26,23,22,22,22,23,22,22,23,24
-79,125,20,26,25,25,23,22,22,21,23,26,23,20,20,20,21,22,22,21,19,20,21,21,20,19,19,20,5,0,0,0,0,0,0,0,0,0,6,23,23,24,25,27,26,25,25,25,27,28,27,26,24,23,23,23,24,23,23,24,24,24,24,24,23
-78,125,20,21,20,19,20,21,20,18,17,14,16,17,16,17,17,16,15,14,13,12,12,12,12,12,12,13,3,0,0,0,0,0,0,0,0,0,5,22,24,25,27,26,26,26,26,26,26,28,27,26,24,24,24,24,23,24,22,21,21,21,21,23,24
-85,125,20,20,20,19,18,17,17,19,23,28,24,22,22,21,20,21,22,24,23,22,24,22,22,23,24,24,6,0,0,0,0,0,0,0,0,0,7,25,24,24,24,24,25,25,25,25,25,25,25,23,19,18,19,21,20,20,21,22,20,17,15,14,16
-82,125,20,23,24,24,22,20,20,20,18,16,18,20,20,21,22,23,22,22,23,23,21,21,21,21,19,18,5,0,0,0,0,0,0,0,0,0,6,21,21,22,23,23,24,23,23,24,26,26,25,24,21,20,20,21,20,19,20,21,20,21,23,21,19
-79,125,20,26,25,25,23,22,21,22,21,18,18,19,19,20,21,22,21,20,20,20,20,20,18,16,15,15,4,0,0,0,0,0,0,0,0,0,5,19,20,20,22,22,24,23,24,23,25,25,25,23,22,23,24,23,21,21,23,24,23,23,25,25,23
-80,125,20,20,21,21,20,21,21,20,21,23,22,21,20,18,16,17,19,18,18,18,18,18,16,16,16,16,4,0,0,0,0,0,0,0,0,0,5,23,24,25,25,24,24,24,26,27,29,30,29,26,24,24,22,21,22,23,23,23,24,24,24,24,23
-82,125,20,24,24,25,23,21,21,22,21,20,21,22,23,24,23,22,21,19,19,20,20,20,19,19,18,16,3,0,0,0,0,0,0,0,0,0,4,18,20,20,20,21,23,23,22,22,22,22,23,21,21,22,22,23,24,23,21,22,23,24,24,25,26
-82,125,20,22,22,21,22,24,21,17,17,18,21,24,23,23,24,27,27,25,23,22,22,22,22,23,22,21,5,0,0,0,0,0,0,0,0,0,5,20,19,21,21,22,22,22,20,21,22,21,21,22,21,20,21,21,21,21,20,19,20,21,23,22,21
-81,125,20,19,20,19,19,21,22,23,25,29,26,23,23,22,22,24,26,26,24,24,26,25,24,25,23,21,5,0,0,0,0,0,0,0,0,0,4,17,18,20,20,19,21,21,20,19,20,20,21,22,20,19,20,19,17,18,18,19,19,18,18,18,19
-79,125,20,24,25,25,22,21,21,21,23,25,21,17,18,17,16,17,16,17,16,15,14,12,12,12,11,10,3,0,0,0,0,0,0,0,0,0,5,21,23,25,26,27,28,28,28,29,30,30,29,28,26,25,26,27,27,26,24,24,24,24,26,25,23
-81,125,20,20,21,20,18,17,16,16,16,16,16,16,16,17,17,17,16,16,15,14,13,13,13,15,16,14,3,0,0,0,0,0,0,0,0,0,5,23,23,24,25,25,26,27,25,24,25,26,25,23,22,22,23,23,21,20,20,20,22,23,23,21,21
-84,125,20,17,19,21,19,19,20,22,19,14,19,24,23,23,27,27,25,24,26,27,25,25,24,24,24,23,5,0,0,0,0,0,0,0,0,0,7,27,26,25,24,25,24,24,24,25,27,27,27,25,22,22,22,21,20,20,18,18,19,19,20,20,21
-82,125,20,22,21,23,25,25,22,22,25,29,28,25,26,27,28,29,29,28,28,28,28,27,26,27,27,27,7,0,0,0,0,0,0,0,0,0,7,24,24,26,27,28,27,26,25,25,25,26,27,25,24,23,22,21,19,18,17,18,21,21,21,23,22
-80,125,20,22,22,22,20,18,17,17,15,14,14,15,15,15,16,15,14,15,15,14,14,13,12,11,11,12,3,0,0,0,0,0,0,0,0,0,6,26,26,27,28,27,28,29,29,29,31,32,31,28,27,28,28,27,25,25,25,25,24,24,24,24,23
-83,125,20,17,17,14,15,16,17,16,20,24,19,14,16,17,16,17,17,18,18,18,18,18,17,18,18,18,4,0,0,0,0,0,0,0,0,0,7,26,27,29,30,30,29,28,28,28,27,26,26,26,25,25,24,23,21,18,19,20,17,16,18,21,21
-83,125,20,16,19,19,19,17,15,17,17,16,20,25,22,21,24,26,26,26,24,24,24,24,23,23,22,23,6,0,0,0,0,0,0,0,0,0,7,27,24,23,26,27,26,23,21,21,21,23,24,23,20,18,16,16,17,17,16,18,18,18,17,17,19
-83,125,20,17,16,15,17,17,17,18,24,29,24,21,21,22,24,24,26,26,26,23,24,23,22,22,21,21,5,0,0,0,0,0,0,0,0,0,5,22,22,22,23,22,21,24,25,23,22,22,23,22,20,18,18,20,19,16,14,15,16,17,16,14,15
-80,125,20,24,23,22,21,20,21,22,21,19,20,20,20,21,21,23,23,22,21,20,20,20,19,20,19,20,5,0,0,0,0,0,0,0,0,0,6,24,23,24,25,26,27,25,24,26,26,26,25,25,24,24,24,24,23,22,21,21,23,24,23,24,24
-80,125,20,25,25,22,21,19,19,19,21,22,19,18,19,18,18,17,16,18,18,17,16,15,15,16,15,14,3,0,0,0,0,0,0,0,0,0,6,26,28,29,30,29,29,31,29,29,29,29,30,30,29,27,27,27,25,24,24,26,26,25,26,26,26
-78,125,20,27,26,25,23,23,23,23,21,19,20,21,21,22,22,20,19,19,19,19,19,18,17,18,16,16,4,0,0,0,0,0,0,0,0,0,5,20,21,21,22,22,24,25,24,25,26,27,28,26,25,25,27,27,24,24,26,26,26,25,25,26,27
-84,125,20,16,18,17,17,16,15,16,13,8,13,19,20,22,23,25,24,24,23,22,22,23,23,23,24,25,7,0,0,0,0,0,0,0,0,0,7,27,28,29,29,28,27,26,25,25,25,23,20,20,18,17,17,15,14,14,15,15,16,15,13,13,15
-82,125,20,19,19,19,18,17,17,16,12,10,14,18,18,18,18,17,18,19,18,15,14,16,17,15,15,15,3,0,0,0,0,0,0,0,0,0,6,27,26,28,29,30,28,28,29,29,28,28,28,28,28,27,26,24,22,22,22,21,21,20,20,21,20
-79,125,20,27,26,25,25,25,25,25,24,23,25,26,27,27,26,27,27,28,26,25,24,23,22,22,19,18,3,0,0,0,0,0,0,0,0,0,1,7,8,9,10,11,13,16,16,16,16,17,19,19,19,18,19,21,21,22,23,24,22,23,25,25,26
-80,125,20,24,24,23,22,22,21,21,25,26,23,21,21,21,22,22,21,20,21,22,21,20,19,18,18,18,4,0,0,0,0,0,0,0,0,0,4,20,21,21,22,22,23,24,24,24,25,26,27,26,25,23,23,22,21,21,21,21,22,22,24,25,22
-83,125,20,17,16,17,19,19,19,18,15,10,13,19,20,18,19,20,18,18,19,20,20,20,20,21,21,21,6,0,0,0,0,0,0,0,0,0,8,30,30,32,34,31,30,30,29,29,28,28,28,27,26,24,25,24,22,21,20,20,18,18,18,21,23
-84,125,20,22,21,19,16,16,17,16,19,21,15,13,14,13,12,13,14,14,14,14,15,15,14,14,14,15,4,0,0,0,0,0,0,0,0,0,5,24,25,26,28,28,27,28,27,26,24,24,22,23,25,25,22,20,19,20,20,20,21,20,20,21,23
-79,125,20,23,23,24,23,23,24,25,23,22,23,24,24,22,22,23,23,20,18,17,18,19,18,17,16,15,3,0,0,0,0,0,0,0,0,0,5,21,21,22,23,24,24,24,25,26,27,26,25,25,24,23,24,24,24,24,23,23,24,24,25,26,26
-79,125,20,21,21,22,21,20,19,18,20,21,19,18,17,16,16,15,14,13,13,13,14,12,11,10,10,10,3,0,0,0,0,0,0,0,0,0,5,23,25,25,26,26,28,29,29,27,29,29,28,26,25,26,26,24,22,23,23,22,22,21,22,24,26
-79,125,20,22,22,21,20,20,18,19,18,16,19,20,19,20,22,22,21,21,20,19,20,20,20,19,17,17,4,0,0,0,0,0,0,0,0,0,5,21,21,22,23,22,23,23,23,25,26,24,24,24,22,22,22,22,23,22,22,21,22,24,24,22,21
-81,125,20,20,20,20,21,21,19,19,16,13,16,17,17,18,18,17,16,15,17,18,18,18,17,17,16,16,4,0,0,0,0,0,0,0,0,0,7,27,29,31,29,29,29,28,28,28,26,27,27,27,25,24,24,22,20,19,21,21,22,20,20,20,18
-78,125,20,26,26,25,24,22,21,22,21,18,19,20,21,21,20,20,19,17,17,16,15,14,13,12,11,13,3,0,0,0,0,0,0,0,0,0,6,22,22,24,24,24,24,25,26,26,26,26,26,26,25,25,27,25,23,23,25,25,24,24,25,27,27
-80,125,20,24,24,22,20,21,22,23,24,27,26,23,24,25,24,25,24,22,23,23,22,21,20,21,21,20,5,0,0,0,0,0,0,0,0,0,5,19,20,19,20,21,22,23,23,22,21,21,24,25,22,21,21,20,19,19,19,18,20,21,21,24,24
-81,125,20,22,22,20,20,19,17,16,17,18,17,16,17,16,14,15,17,15,14,15,14,12,12,12,12,12,3,0,0,0,0,0,0,0,0,0,6,26,27,29,29,29,29,30,30,29,28,29,29,28,28,26,24,25,25,23,22,23,25,24,23,22,21
-82,125,20,21,21,20,21,19,17,19,24,27,24,22,21,22,24,25,26,26,25,24,23,24,24,23,21,20,5,0,0,0,0,0,0,0,0,0,6,23,22,23,24,22,22,23,22,20,21,22,22,21,19,18,18,16,16,19,18,17,17,19,19,18,19
-84,125,20,19,19,20,19,18,16,17,21,26,24,22,23,24,25,23,22,23,24,23,21,22,25,24,22,22,5,0,0,0,0,0,0,0,0,0,5,25,25,27,28,27,26,26,25,23,24,26,25,23,20,19,21,20,18,19,19,19,18,18,18,18,15
-82,125,20,21,20,21,22,21,20,19,17,16,19,21,21,23,24,25,25,23,22,22,22,21,20,21,22,20,5,0,0,0,0,0,0,0,0,0,7,26,25,26,26,25,24,25,24,23,23,24,25,24,22,22,23,21,19,19,18,18,18,19,20,23,24
-80,125,20,23,24,22,22,24,24,22,20,21,21,22,23,23,23,23,23,22,22,23,21,20,20,20,18,18,5,0,0,0,0,0,0,0,0,0,5,18,19,20,22,22,23,22,22,22,23,25,25,26,24,23,23,22,21,21,22,21,21,21,22,24,23
-82,125,20,19,21,22,20,19,18,17,15,13,16,18,17,15,17,18,15,13,13,13,12,13,13,12,12,11,3,0,0,0,0,0,0,0,0,0,7,26,26,27,28,29,29,29,28,28,27,27,26,26,26,25,26,26,24,23,22,23,25,24,24,23,22
-82,125,20,21,21,22,20,19,20,20,21,25,25,24,25,25,26,26,26,27,27,26,26,25,24,23,23,22,5,0,0,0,0,0,0,0,0,0,5,22,23,25,26,25,25,26,24,22,22,22,22,21,20,19,20,19,17,16,16,18,21,19,16,17,21
-82,125,20,20,18,18,17,17,18,17,14,10,11,13,13,12,12,14,15,16,16,14,13,13,13,14,12,11,2,0,0,0,0,0,0,0,0,0,6,27,28,28,28,28,28,28,28,27,27,28,27,26,25,25,24,23,21,21,21,22,21,20,21,21,21
-82,125,20,18,18,18,17,18,20,20,15,12,14,20,22,21,22,22,22,23,23,21,21,21,21,20,18,17,3,0,0,0,0,0,0,0,0,0,4,18,18,18,18,18,18,19,19,19,19,19,18,18,16,15,15,16,18,19,18,18,19,18,18,17,18
-83,125,20,23,22,21,23,24,23,22,23,22,21,23,25,26,27,28,27,27,27,27,26,26,26,27,26,25,6,0,0,0,0,0,0,0,0,0,5,21,22,23,23,22,22,22,21,22,23,23,21,21,22,21,20,19,19,20,22,23,23,22,22,24,25
-79,125,20,22,22,21,19,18,18,19,23,28,25,18,16,18,21,21,22,22,22,21,21,19,18,18,19,18,4,0,0,0,0,0,0,0,0,0,5,20,21,21,21,22,21,22,21,21,23,25,25,22,20,20,21,21,19,19,21,21,19,20,23,24,22
-82,125,20,24,22,23,24,26,24,22,17,12,16,22,25,28,27,27,28,28,28,27,28,27,26,25,25,26,6,0,0,0,0,0,0,0,0,0,5,22,21,20,20,21,22,19,17,20,20,21,22,20,19,20,19,16,14,17,18,18,17,19,21,21,21
-78,125,20,21,20,20,20,21,21,21,20,18,19,19,19,21,20,19,19,19,18,17,17,17,17,17,17,17,4,0,0,0,0,0,0,0,0,0,4,19,21,22,22,21,22,23,24,23,23,23,23,22,23,23,22,21,20,20,20,20,21,22,23,23,22
-82,125,20,20,20,19,20,20,19,18,18,19,21,23,23,24,26,25,25,26,26,28,29,27,26,26,25,24,6,0,0,0,0,0,0,0,0,0,3,16,17,18,18,17,17,16,18,17,18,18,18,17,15,14,15,16,15,15,14,15,15,15,16,16,18
-79,125,20,21,20,20,20,20,20,18,20,22,19,16,16,17,16,15,15,14,13,12,12,11,10,9,10,10,2,0,0,0,0,0,0,0,0,0,6,24,25,27,29,28,30,32,31,28,27,28,29,29,29,28,27,25,24,25,25,23,23,21,21,22,23
-80,125,20,20,21,20,19,18,20,21,25,29,25,20,20,20,21,24,24,24,25,26,26,23,23,22,22,22,4,0,0,0,0,0,0,0,0,0,4,20,20,20,21,21,21,22,22,23,24,24,22,20,19,18,19,18,17,17,17,18,19,19,20,20,18
-80,125,20,23,22,20,19,18,17,19,17,14,17,20,20,21,22,22,23,23,23,23,22,21,20,18,19,21,5,0,0,0,0,0,0,0,0,0,6,28,29,29,29,29,30,30,29,28,28,31,30,27,26,25,24,23,22,22,20,22,22,21,21,23,21
-78,125,20,26,27,27,26,26,26,26,26,27,26,25,24,25,24,23,23,22,21,22,21,20,21,20,18,16,3,0,0,0,0,0,0,0,0,0,2,10,12,12,12,12,13,15,16,17,18,20,21,21,20,19,19,21,22,21,21,23,24,23,24,23,22
-80,125,20,23,24,23,19,18,20,22,20,16,18,22,25,28,28,26,26,27,27,26,25,24,24,24,23,23,5,0,0,0,0,0,0,0,0,0,5,20,20,21,23,23,23,23,21,21,21,22,23,21,19,19,20,19,19,19,18,18,19,18,18,18,18
-82,125,20,17,17,19,21,19,16,18,18,14,18,22,21,19,19,20,21,22,21,22,23,23,22,21,22,19,5,0,0,0,0,0,0,0,0,0,6,27,27,28,29,28,30,30,27,26,27,27,27,26,23,23,23,21,19,18,19,20,21,19,14,13,16
-78,125,20,26,26,26,25,25,25,25,21,18,22,26,26,25,25,27,27,28,25,22,22,21,21,21,20,18,5,0,0,0,0,0,0,0,0,0,2,10,13,16,17,18,18,18,19,19,21,23,24,23,23,23,23,23,23,24,24,24,25,25,26,28,30
-78,125,20,24,23,23,23,23,21,18,15,14,17,18,19,20,18,16,15,15,16,15,15,15,14,14,13,13,4,0,0,0,0,0,0,0,0,0,6,25,26,28,28,28,29,29,30,31,30,30,29,29,30,30,27,26,26,25,24,25,26,25,24,24,25
-83,125,20,9,8,8,7,7,9,11,16,20,16,13,16,18,20,20,19,21,23,22,21,21,21,22,22,21,6,0,0,0,0,0,0,0,0,0,8,32,31,31,32,31,31,33,33,31,29,29,29,27,25,25,22,18,17,17,17,16,15,13,10,8,11
-80,125,20,23,22,19,18,19,21,19,17,16,17,16,17,18,18,17,17,18,19,19,19,17,15,16,15,13,3,0,0,0,0,0,0,0,0,0,5,24,24,26,28,27,27,26,27,26,25,27,27,26,27,26,23,22,23,21,22,23,22,20,20,21,23
-78,125,20,22,22,21,19,18,18,19,15,12,15,16,15,15,16,14,14,15,14,14,14,14,14,15,14,14,3,0,0,0,0,0,0,0,0,0,5,24,25,27,27,30,29,27,28,30,31,29,29,29,28,27,26,25,23,24,23,23,24,25,24,24,25
-81,125,20,16,18,17,15,12,12,12,17,21,17,14,16,18,19,22,20,21,21,20,20,22,22,22,22,22,5,0,0,0,0,0,0,0,0,0,7,29,30,30,29,29,29,29,29,27,27,26,24,22,21,21,20,18,17,17,16,15,14,14,13,13,14
-79,125,20,20,19,18,18,21,21,20,21,22,22,20,20,21,20,21,21,20,21,20,20,18,17,18,18,16,4,0,0,0,0,0,0,0,0,0,6,24,23,24,24,24,25,25,25,24,23,23,24,24,24,22,21,21,21,21,21,21,21,21,21,21,23
-78,125,20,25,24,24,24,26,24,24,22,20,22,23,24,26,26,27,28,28,26,25,24,23,23,23,22,21,6,0,0,0,0,0,0,0,0,0,5,21,21,21,22,22,22,21,21,22,23,23,23,23,22,21,22,20,20,20,20,19,19,21,22,22,21
-77,125,20,23,23,22,21,19,19,20,24,26,22,19,19,19,20,19,18,18,18,16,14,13,13,12,13,12,3,0,0,0,0,0,0,0,0,0,6,23,24,25,26,26,27,26,27,26,27,27,28,27,26,26,27,25,23,23,22,22,23,23,22,24,26
-79,125,20,27,27,25,25,26,26,25,23,23,24,24,24,25,25,25,25,24,22,23,23,21,21,21,20,19,5,0,0,0,0,0,0,0,0,0,5,18,18,20,20,20,21,22,21,23,24,25,26,24,23,24,25,25,24,23,21,23,26,25,25,26,25
-80,125,20,21,20,20,21,21,20,19,23,28,26,22,22,22,23,24,24,23,22,22,21,21,21,20,18,18,4,0,0,0,0,0,0,0,0,0,4,18,17,18,20,21,20,20,21,21,20,20,20,20,20,20,19,19,19,18,18,19,19,19,19,18,18
-80,125,20,20,20,19,19,20,20,20,23,27,25,22,21,22,25,26,26,25,25,24,22,21,21,21,21,20,5,0,0,0,0,0,0,0,0,0,6,25,24,25,27,26,25,25,24,25,26,28,26,24,24,22,21,20,19,17,18,20,21,21,21,22,22
-77,125,20,25,25,25,24,23,24,22,19,17,20,22,22,24,24,24,23,21,21,20,19,16,16,16,16,15,3,0,0,0,0,0,0,0,0,0,4,18,19,19,20,20,22,23,22,21,21,22,22,22,22,22,22,22,22,23,22,23,24,24,25,25,25
-79,125,20,21,21,19,18,20,20,17,19,21,19,16,14,15,15,16,16,16,16,16,14,13,15,15,13,13,4,0,0,0,0,0,0,0,0,0,6,25,26,26,27,27,27,28,30,29,29,31,31,29,26,25,26,27,25,23,23,24,24,25,25,24,22
-77,125,20,25,26,25,24,24,24,25,22,20,23,26,25,25,24,25,27,27,26,24,24,23,22,21,21,20,5,0,0,0,0,0,0,0,0,0,1,7,8,8,9,10,12,13,13,13,15,17,18,18,18,18,18,18,19,21,22,21,20,20,23,25,24
-78,125,20,25,24,24,25,25,24,23,21,18,20,22,23,24,25,25,24,24,24,24,25,24,22,22,22,21,5,0,0,0,0,0,0,0,0,0,5,20,19,20,22,23,23,23,23,23,23,23,21,21,21,22,23,21,20,19,20,18,18,19,22,22,24
-76,125,20,26,26,26,24,22,23,22,25,26,23,22,21,19,19,21,19,20,18,17,16,16,15,15,14,14,4,0,0,0,0,0,0,0,0,0,5,22,22,23,24,25,25,26,26,25,25,26,26,25,24,24,24,24,22,22,23,22,21,21,24,25,24
-81,125,20,23,25,26,27,26,25,26,21,18,21,26,27,24,24,25,26,28,27,24,22,23,23,23,22,21,5,0,0,0,0,0,0,0,0,0,2,12,12,14,14,15,16,17,18,19,17,18,19,19,17,17,19,20,21,21,20,18,17,20,24,25,22
-79,125,20,21,22,23,24,23,22,22,20,18,19,21,21,23,26,25,23,21,21,22,20,19,20,20,20,19,4,0,0,0,0,0,0,0,0,0,4,20,21,23,24,24,25,24,22,22,23,23,23,23,21,19,19,20,19,19,18,17,18,20,20,21,23
-77,125,20,30,30,28,29,30,29,27,23,21,25,28,28,27,27,28,30,30,28,27,26,24,23,23,21,22,6,0,0,0,0,0,0,0,0,0,3,12,11,11,13,14,13,14,14,17,19,21,21,22,24,23,22,22,23,24,25,26,27,26,27,30,28
-76,125,20,27,27,26,26,26,27,28,30,33,31,26,26,26,27,29,29,27,25,25,25,25,24,22,21,20,5,0,0,0,0,0,0,0,0,0,2,8,8,10,10,11,12,13,13,14,18,19,19,20,19,20,22,22,21,20,22,24,24,24,24,24,24
-82,125,20,9,10,10,10,11,13,13,15,18,16,15,16,17,20,22,23,23,24,26,27,24,22,23,23,23,5,0,0,0,0,0,0,0,0,0,6,29,29,29,30,30,29,30,29,27,27,26,25,22,21,21,20,20,18,17,16,16,14,13,12,11,12
-79,125,20,25,24,24,24,25,25,23,20,18,21,24,25,25,25,24,24,24,25,23,22,21,20,19,18,17,5,0,0,0,0,0,0,0,0,0,6,24,25,24,24,24,24,25,25,27,27,27,26,25,24,25,24,22,23,24,25,26,25,24,25,24,26
-78,125,20,22,23,22,21,22,23,23,25,26,25,23,22,21,23,25,25,24,24,24,23,23,23,21,20,21,5,0,0,0,0,0,0,0,0,0,5,21,20,21,21,22,22,22,24,25,25,25,24,23,22,22,22,22,23,23,21,22,23,23,24,25,24
-78,125,20,26,26,24,24,25,25,24,23,21,23,23,22,22,23,24,24,22,22,20,19,18,18,16,14,13,2,0,0,0,0,0,0,0,0,0,5,23,23,24,25,26,26,27,28,29,29,28,29,29,28,26,25,24,24,24,24,24,24,27,27,26,27
-79,125,20,18,18,19,18,18,18,18,18,20,20,17,16,15,17,18,20,19,19,18,17,18,18,18,18,17,3,0,0,0,0,0,0,0,0,0,5,25,26,26,26,28,30,28,26,26,28,28,27,25,24,22,22,21,20,20,21,21,20,20,20,19,20
-78,125,20,26,26,25,25,26,26,24,24,25,25,24,23,23,25,26,26,25,24,24,22,21,20,20,20,21,5,0,0,0,0,0,0,0,0,0,1,7,7,8,10,11,12,12,14,16,16,18,18,19,20,20,21,21,21,21,21,21,22,23,24,23,25
-81,125,20,15,17,18,19,22,22,21,22,26,27,25,26,26,25,22,24,26,29,26,25,24,22,22,23,25,5,0,0,0,0,0,0,0,0,0,4,19,19,21,21,20,20,20,19,18,17,17,18,17,17,17,17,18,18,18,18,17,17,19,23,24,23
-79,125,20,28,28,26,26,27,27,25,27,31,30,25,25,25,23,24,25,25,22,19,18,19,21,21,19,17,4,0,0,0,0,0,0,0,0,0,2,11,12,13,13,14,15,16,16,18,18,19,21,22,22,21,21,21,22,23,23,21,21,23,24,24,25
-79,125,20,22,22,22,21,20,20,19,19,17,17,21,22,22,21,21,21,21,23,22,19,18,19,19,18,18,4,0,0,0,0,0,0,0,0,0,4,19,21,22,21,21,21,21,23,23,22,22,22,21,21,21,21,23,21,20,19,19,20,20,21,23,25
-79,125,20,20,20,20,19,17,17,17,17,19,18,14,12,13,14,16,17,16,15,15,15,14,13,14,13,13,3,0,0,0,0,0,0,0,0,0,6,23,23,24,26,27,28,27,25,24,25,25,25,26,25,20,17,21,25,25,24,22,22,22,23,22,21
-81,125,20,18,17,19,19,17,18,18,17,17,13,13,15,16,17,18,18,18,19,20,19,19,17,18,19,17,4,0,0,0,0,0,0,0,0,0,6,24,25,24,23,23,24,24,23,23,25,26,25,23,21,20,19,19,17,17,19,18,17,17,19,19,21
-81,125,20,20,20,20,21,20,20,20,15,14,18,18,18,18,19,18,18,18,16,15,16,17,17,16,15,14,4,0,0,0,0,0,0,0,0,0,7,28,31,31,30,30,30,28,28,29,30,31,30,28,28,28,26,24,24,25,23,21,21,21,20,19,19
-78,125,20,22,22,21,20,21,22,21,24,25,22,18,18,19,20,20,20,20,19,18,17,16,16,16,15,15,4,0,0,0,0,0,0,0,0,0,5,19,21,21,21,22,22,22,22,21,21,23,23,24,22,21,20,20,19,20,21,21,22,23,23,23,23
-80,125,20,22,19,19,19,18,16,15,11,10,13,16,15,14,14,14,13,13,12,11,11,12,12,12,11,11,2,0,0,0,0,0,0,0,0,0,6,27,28,29,29,29,28,28,31,31,29,29,30,29,27,27,26,23,21,21,23,24,22,23,22,22,22
-77,125,20,27,26,26,26,25,25,25,26,29,27,25,24,25,26,25,26,33,33,25,24,24,21,20,19,17,4,0,0,0,0,0,0,0,0,0,1,8,10,11,12,12,13,14,16,18,19,19,19,18,18,19,19,19,20,22,22,21,22,22,23,25,26
-79,125,20,24,25,23,22,22,23,23,25,26,23,20,21,22,22,22,21,23,21,21,21,19,18,18,18,19,5,0,0,0,0,0,0,0,0,0,5,19,20,21,22,21,22,23,23,22,24,25,26,25,24,23,24,23,21,21,21,19,21,21,21,21,22
-81,125,20,16,15,18,19,19,20,21,18,16,17,17,17,16,17,18,21,21,20,18,17,17,16,16,16,16,4,0,0,0,0,0,0,0,0,0,5,22,24,24,25,25,26,26,24,24,24,25,24,24,23,22,21,21,19,21,21,20,20,22,24,24,24
-77,125,20,26,25,22,21,22,22,23,25,25,23,20,20,20,20,19,19,18,18,17,16,16,15,14,14,14,3,0,0,0,0,0,0,0,0,0,5,20,21,21,22,24,24,22,22,23,23,23,25,25,24,23,23,22,22,22,22,23,23,23,25,25,24
-81,125,20,19,19,19,17,17,16,15,13,15,13,11,11,14,16,15,14,14,14,15,16,15,13,11,11,11,2,0,0,0,0,0,0,0,0,0,6,25,24,25,27,27,26,26,27,28,26,26,25,23,22,24,25,23,20,19,18,21,21,20,21,22,23
-77,125,20,24,24,24,23,22,22,21,19,16,18,20,18,19,19,19,17,16,16,16,15,13,12,12,12,12,3,0,0,0,0,0,0,0,0,0,5,23,25,25,25,26,27,29,29,27,25,26,27,26,26,27,26,26,24,24,25,25,25,24,25,27,27
-81,125,20,21,21,19,19,20,20,21,17,13,17,21,22,26,28,26,26,29,26,22,25,27,26,25,24,24,6,0,0,0,0,0,0,0,0,0,7,27,29,29,29,27,26,27,29,29,26,24,22,24,22,21,23,23,21,21,21,19,18,17,17,19,20
-81,125,20,19,19,18,18,18,16,15,20,23,19,15,14,15,17,16,17,16,15,15,15,13,15,16,16,16,4,0,0,0,0,0,0,0,0,0,7,28,29,31,31,31,30,31,32,32,31,32,29,26,26,27,25,25,25,22,20,20,20,19,19,19,20
-82,125,20,17,17,16,14,12,12,14,17,21,19,16,16,18,18,17,17,16,15,14,15,16,16,15,14,14,3,0,0,0,0,0,0,0,0,0,7,25,25,24,23,25,26,24,24,26,25,24,23,23,22,20,20,20,20,20,20,19,20,19,18,16,15
-79,125,20,23,21,20,20,19,19,20,16,15,18,18,17,17,19,21,22,20,19,20,18,17,17,17,17,16,4,0,0,0,0,0,0,0,0,0,6,24,25,25,25,26,27,28,28,28,27,27,27,27,26,23,24,25,26,25,23,22,21,21,22,21,17
-81,125,20,20,20,21,23,24,21,19,24,30,26,20,20,23,25,25,24,23,22,21,20,19,18,18,19,18,4,0,0,0,0,0,0,0,0,0,6,24,24,24,25,25,27,28,26,27,25,23,23,22,22,21,22,22,21,20,19,19,21,22,22,23,24
-79,125,20,18,18,17,18,19,19,18,20,22,21,18,18,17,17,18,17,17,18,18,18,18,16,15,16,17,5,0,0,0,0,0,0,0,0,0,7,25,25,24,25,25,25,27,27,25,25,25,24,23,23,22,22,22,22,20,18,18,20,20,20,20,21
-78,125,20,25,22,24,24,23,25,26,29,32,27,23,23,22,24,25,25,24,25,26,23,23,20,21,20,19,5,0,0,0,0,0,0,0,0,0,3,12,12,12,12,14,14,15,15,16,17,17,18,19,20,20,21,20,19,21,23,22,21,24,24,25,25
-78,125,20,37,35,36,37,36,34,32,26,26,27,26,26,27,27,27,25,25,25,23,21,20,20,19,17,17,4,0,0,0,0,0,0,0,0,0,9,36,40,43,43,45,46,45,44,47,48,47,46,45,45,44,42,39,39,39,38,39,43,43,43,43,42
-83,125,20,17,19,22,23,22,20,22,17,12,16,20,21,21,23,26,26,26,24,22,20,19,21,22,20,19,5,0,0,0,0,0,0,0,0,0,7,27,29,30,29,29,27,25,24,24,26,26,24,23,21,21,22,21,21,21,21,19,17,17,19,20,18
-82,125,20,18,19,19,19,19,18,18,24,30,25,21,21,21,22,23,24,24,22,22,24,23,22,22,21,20,5,0,0,0,0,0,0,0,0,0,6,25,25,26,27,26,25,25,25,27,27,26,27,26,22,20,21,20,19,19,18,17,18,18,18,18,20
-78,125,20,37,37,36,34,34,32,33,29,22,27,33,34,35,34,33,31,30,31,31,27,24,23,25,27,25,6,0,0,0,0,0,0,0,0,0,9,38,36,37,39,40,40,41,43,44,44,43,43,45,42,39,38,38,37,39,38,35,35,35,35,37,36
-83,125,20,22,22,20,18,17,16,14,19,24,19,13,12,11,12,14,14,13,15,15,13,12,12,13,12,10,2,0,0,0,0,0,0,0,0,0,7,29,29,29,29,28,28,29,30,30,30,30,30,27,26,26,23,23,22,22,22,20,18,18,18,19,19
-79,125,20,22,21,21,22,22,21,20,22,25,24,22,22,23,24,24,26,27,26,24,23,22,22,23,22,23,6,0,0,0,0,0,0,0,0,0,5,20,21,23,23,22,22,22,22,22,23,23,23,21,20,20,21,20,19,19,19,17,17,20,20,19,19
-79,125,20,23,22,19,19,20,18,17,14,12,15,16,15,15,17,18,18,17,17,15,15,13,12,12,14,14,3,0,0,0,0,0,0,0,0,0,7,26,26,27,29,28,29,30,30,31,31,31,31,28,26,26,26,26,25,25,25,25,25,24,24,22,22
-81,125,20,19,18,17,17,17,16,16,17,17,15,13,12,13,13,13,12,11,12,11,10,8,7,7,9,10,2,0,0,0,0,0,0,0,0,0,5,23,24,24,24,25,27,27,26,26,26,26,26,26,27,26,23,22,20,21,21,21,21,21,21,23,25
-82,125,20,20,17,16,17,17,17,16,19,21,18,17,16,16,19,23,24,21,20,20,18,17,19,19,18,17,4,0,0,0,0,0,0,0,0,0,7,26,25,26,26,27,28,28,27,27,29,29,28,27,25,22,21,20,20,20,21,20,20,19,18,18,18
-78,125,20,28,28,29,28,27,26,25,23,20,21,24,24,26,27,27,25,25,24,24,22,22,23,22,20,19,5,0,0,0,0,0,0,0,0,0,3,13,15,16,20,21,22,23,23,23,23,25,26,25,24,24,26,25,24,26,27,27,27,27,29,29,28
-80,125,20,19,17,18,18,19,20,19,19,22,19,15,15,16,16,16,16,15,14,16,17,17,15,14,14,14,2,0,0,0,0,0,0,0,0,0,7,29,27,28,29,29,29,29,29,30,31,32,31,30,27,25,25,24,22,20,21,24,26,25,23,24,25
-78,125,20,23,23,24,23,23,21,20,24,28,26,22,22,22,24,24,23,21,21,20,19,19,18,17,16,18,4,0,0,0,0,0,0,0,0,0,4,16,17,18,18,20,20,22,21,21,23,22,22,22,21,21,23,23,21,21,22,21,21,22,22,22,24
-80,125,20,11,13,15,16,15,13,13,12,12,14,17,17,19,20,21,22,23,23,22,23,21,20,21,20,20,5,0,0,0,0,0,0,0,0,0,8,31,29,28,29,29,28,27,28,29,28,28,27,25,24,23,22,21,20,20,19,18,18,18,18,17,15
-81,125,20,15,17,19,17,15,17,18,19,20,17,17,18,17,18,17,17,15,17,18,16,15,15,15,14,13,4,0,0,0,0,0,0,0,0,0,6,26,24,23,24,24,23,25,26,24,24,24,22,20,21,22,20,18,17,18,17,19,21,20,16,15,17
-77,125,20,27,25,25,26,27,27,26,25,25,25,26,26,26,27,27,26,25,24,24,24,23,22,21,20,20,5,0,0,0,0,0,0,0,0,0,3,11,10,12,13,15,15,16,17,19,20,22,23,22,22,22,22,22,22,23,23,24,25,25,27,29,27
-81,125,20,20,20,19,17,18,22,23,20,18,19,20,21,23,24,26,26,26,25,24,24,22,21,20,23,22,5,0,0,0,0,0,0,0,0,0,4,19,20,21,21,21,21,19,18,19,20,19,18,19,18,19,18,17,18,19,18,17,17,18,19,18,16
-82,125,20,14,16,15,15,17,19,18,14,11,16,21,21,20,22,24,25,24,23,24,24,23,22,24,25,24,6,0,0,0,0,0,0,0,0,0,5,24,25,25,25,26,27,29,30,27,24,22,21,20,20,20,19,17,16,17,15,14,13,15,14,14,16
-82,125,20,19,18,17,18,17,17,17,17,19,18,17,17,18,20,20,21,21,23,24,23,22,21,21,20,18,5,0,0,0,0,0,0,0,0,0,7,26,26,26,26,26,25,25,26,26,25,23,24,25,23,21,22,22,20,21,19,18,17,18,19,18,17
-78,125,20,24,24,23,22,21,20,20,17,15,18,20,19,19,19,19,19,18,17,17,15,13,13,13,13,12,2,0,0,0,0,0,0,0,0,0,4,19,21,21,22,23,23,24,25,25,26,27,27,26,23,22,23,23,23,22,21,22,23,25,25,24,25
-80,125,20,25,22,21,22,21,19,18,18,15,18,22,22,23,22,21,19,19,18,18,19,19,19,17,16,16,4,0,0,0,0,0,0,0,0,0,4,18,18,20,20,19,21,22,22,23,22,23,23,21,22,22,23,22,22,23,22,21,21,21,22,24,24
-81,125,20,15,16,18,17,16,17,17,20,21,17,15,17,18,18,19,18,16,15,15,15,14,14,14,14,13,4,0,0,0,0,0,0,0,0,0,7,28,27,28,28,27,27,28,28,27,27,28,27,24,23,23,25,24,21,18,18,18,18,18,20,21,20
-78,125,20,24,23,23,23,23,21,21,25,27,24,20,19,19,21,20,19,18,19,19,17,17,17,16,14,14,3,0,0,0,0,0,0,0,0,0,6,24,24,24,26,28,29,29,29,31,32,30,28,27,27,27,27,25,23,22,22,24,25,26,25,24,24
-82,125,20,13,15,16,15,15,16,17,18,20,17,16,19,19,16,14,18,20,19,19,20,20,19,19,19,19,4,0,0,0,0,0,0,0,0,0,7,29,30,29,28,28,27,28,27,25,25,25,24,22,20,17,17,17,15,15,13,11,11,13,15,16,14
-82,125,20,9,9,11,10,10,11,12,8,6,10,13,14,17,19,19,20,21,22,22,21,22,22,21,20,20,4,0,0,0,0,0,0,0,0,0,8,33,31,31,32,32,32,32,29,29,28,27,25,23,21,21,20,18,18,18,17,15,15,14,14,13,14
-79,125,20,21,20,17,19,21,21,20,20,21,21,21,20,20,20,22,21,20,19,20,19,19,19,19,17,17,3,0,0,0,0,0,0,0,0,0,7,27,26,27,27,29,29,29,28,29,29,29,28,27,26,26,26,26,23,21,23,24,23,23,22,22,21
-83,125,20,14,14,12,14,15,13,13,12,13,12,14,14,16,17,17,16,14,14,16,16,16,17,19,20,21,5,0,0,0,0,0,0,0,0,0,7,31,30,31,31,29,29,28,28,29,29,27,26,25,23,20,19,18,18,16,15,17,15,15,16,16,13
-77,125,20,29,27,25,25,25,27,26,25,23,22,23,24,23,23,22,22,23,22,21,19,19,19,18,17,16,5,0,0,0,0,0,0,0,0,0,5,21,21,23,24,24,24,25,24,25,27,28,28,26,25,24,25,25,26,25,25,25,25,27,29,30,30
-82,125,20,21,19,20,21,21,21,22,21,20,21,22,23,25,25,26,26,27,27,26,25,24,25,27,28,26,7,0,0,0,0,0,0,0,0,0,5,22,24,24,23,24,23,24,22,20,21,19,21,22,18,18,21,21,17,15,16,17,18,18,19,20,20
-82,125,20,20,19,19,18,18,19,20,21,25,23,21,20,20,23,26,27,26,24,24,22,23,24,25,23,22,5,0,0,0,0,0,0,0,0,0,5,20,20,19,19,19,20,21,20,19,19,20,20,19,18,18,18,18,17,16,15,15,16,17,18,18,17
-80,125,20,16,15,16,16,14,14,15,16,18,16,14,14,15,16,16,15,14,15,15,15,13,13,14,13,13,3,0,0,0,0,0,0,0,0,0,5,23,24,25,24,23,25,26,25,24,25,24,24,24,23,22,23,23,21,20,18,17,18,18,18,18,18
-82,125,20,9,8,11,14,16,17,17,14,11,17,22,23,25,26,27,27,29,29,27,26,25,26,27,27,25,6,0,0,0,0,0,0,0,0,0,5,22,23,23,23,22,22,22,20,20,20,19,17,14,14,13,13,13,13,14,13,11,11,12,12,13,13
-81,125,20,20,21,20,19,21,22,21,23,25,21,20,22,24,24,24,25,24,24,22,22,21,20,21,24,26,6,0,0,0,0,0,0,0,0,0,4,18,20,20,19,19,21,22,22,22,22,22,20,18,17,17,17,18,18,17,19,19,17,15,14,17,19
-81,125,20,19,18,20,20,19,18,19,17,14,19,23,22,23,22,23,24,26,28,27,27,25,25,26,26,26,6,0,0,0,0,0,0,0,0,0,5,20,22,24,25,24,21,20,21,20,19,20,20,20,17,15,16,15,16,16,17,18,17,17,17,15,14
-82,125,20,13,12,11,12,13,14,15,14,15,18,21,21,22,23,25,25,26,28,29,28,26,28,31,31,31,7,0,0,0,0,0,0,0,0,0,7,29,30,31,30,29,28,27,27,24,22,21,19,18,17,17,17,16,14,13,10,11,15,14,11,10,10
-82,125,20,15,15,15,15,16,16,16,19,23,20,18,19,18,18,17,16,17,20,20,19,20,23,21,19,21,5,0,0,0,0,0,0,0,0,0,8,32,33,33,32,31,32,32,29,27,29,31,30,26,24,23,22,18,17,19,19,16,13,14,17,17,15
-77,125,20,26,26,27,27,25,24,24,25,26,26,25,25,26,26,26,25,25,25,25,24,23,22,22,20,18,4,0,0,0,0,0,0,0,0,0,2,9,9,10,11,12,14,15,16,16,18,20,19,20,20,18,19,21,21,22,22,22,23,24,25,26,26
-81,125,20,18,20,21,19,17,18,18,23,28,25,21,20,19,22,24,25,24,24,22,21,21,22,20,20,22,5,0,0,0,0,0,0,0,0,0,4,20,21,21,23,23,22,21,20,21,22,22,23,23,18,16,17,19,17,19,20,19,18,17,18,19,21
-81,125,20,22,20,18,18,19,18,18,19,21,20,20,20,19,18,17,18,19,19,17,17,17,15,14,13,15,3,0,0,0,0,0,0,0,0,0,5,24,25,27,27,27,27,27,27,27,27,28,27,26,25,25,23,20,19,20,21,20,19,18,20,22,23
-77,125,20,21,20,20,18,17,18,18,16,13,15,17,17,16,17,18,17,17,17,17,17,17,16,16,15,14,2,0,0,0,0,0,0,0,0,0,5,21,23,25,25,24,25,26,26,26,25,26,26,24,23,24,23,23,22,21,20,19,19,19,21,23,24
-80,125,20,22,24,23,20,19,20,19,21,22,20,19,19,20,21,21,20,19,20,20,19,18,18,18,18,17,4,0,0,0,0,0,0,0,0,0,6,25,26,26,26,26,27,27,26,27,26,26,26,26,26,26,25,23,21,21,22,23,23,22,22,24,26
-77,125,20,24,23,22,21,20,20,19,17,15,17,17,16,16,16,16,17,14,13,12,12,12,12,12,11,11,3,0,0,0,0,0,0,0,0,0,7,25,26,27,28,28,29,29,29,29,30,29,28,28,27,28,29,27,26,26,27,28,28,27,26,27,27
-83,125,20,14,13,14,14,15,16,15,16,18,16,15,15,17,15,14,19,19,18,19,19,19,18,17,19,19,4,0,0,0,0,0,0,0,0,0,6,27,27,25,25,27,27,27,27,27,25,24,23,23,21,19,19,18,18,19,16,14,15,13,13,14,15
-79,125,20,23,21,19,19,19,21,22,19,16,22,24,23,22,23,24,24,25,24,23,24,22,21,22,21,21,5,0,0,0,0,0,0,0,0,0,4,18,20,21,21,20,21,20,20,21,22,23,22,20,20,20,20,19,19,19,19,19,19,19,18,17,19
-80,125,20,18,20,21,19,19,20,22,23,26,23,19,20,22,23,23,23,20,20,21,21,20,20,20,19,18,5,0,0,0,0,0,0,0,0,0,4,16,17,18,20,21,21,22,20,20,21,20,19,19,18,19,19,18,16,16,17,17,16,17,18,17,18
-82,125,20,20,18,18,17,17,19,20,18,18,20,23,24,23,23,24,25,24,23,24,23,22,22,23,23,22,5,0,0,0,0,0,0,0,0,0,6,24,21,20,21,21,21,21,21,19,19,21,21,20,18,19,20,22,21,18,16,16,16,17,18,19,19
-82,125,20,18,19,21,24,25,23,23,28,32,28,26,27,28,28,27,27,27,25,25,26,26,26,26,24,23,6,0,0,0,0,0,0,0,0,0,5,22,24,26,26,25,24,23,22,22,20,19,21,22,23,22,21,21,21,20,20,20,21,20,19,18,18
-80,125,20,16,18,17,16,16,17,18,22,25,22,20,21,22,25,25,24,24,25,24,22,22,21,20,22,23,6,0,0,0,0,0,0,0,0,0,5,21,22,21,21,21,22,22,23,23,22,22,22,21,21,20,18,17,17,17,17,16,15,16,18,17,17
-76,125,20,24,24,25,25,24,24,24,26,26,27,26,26,26,26,26,26,26,26,26,25,23,22,23,23,21,5,0,0,0,0,0,0,0,0,0,2,8,9,10,12,13,14,14,17,17,18,19,20,20,20,19,19,19,19,21,23,23,22,22,23,24,25
-82,125,20,19,18,16,15,16,17,17,15,14,15,16,16,15,14,13,13,15,17,15,12,10,10,10,11,12,2,0,0,0,0,0,0,0,0,0,5,23,23,24,24,26,26,25,26,26,25,27,27,25,23,23,22,21,22,24,24,24,23,21,20,21,22
-77,125,20,25,24,24,25,25,24,25,23,22,23,24,23,24,25,25,24,24,22,21,22,22,22,22,20,21,6,0,0,0,0,0,0,0,0,0,5,21,22,23,23,23,24,24,25,24,25,26,26,24,24,24,24,24,23,23,24,23,23,24,25,25,25
-78,125,20,22,21,20,20,22,19,17,22,27,25,21,21,21,21,21,21,21,20,21,20,19,19,18,18,16,4,0,0,0,0,0,0,0,0,0,6,26,24,25,25,26,27,28,27,25,26,26,24,24,24,23,22,21,20,18,18,19,22,23,22,20,19
-80,125,20,21,20,20,20,20,20,18,16,16,19,17,16,19,19,18,16,16,18,18,17,14,15,16,16,14,3,0,0,0,0,0,0,0,0,0,5,22,23,24,24,24,25,26,27,27,25,26,26,25,23,24,24,21,21,21,21,22,22,22,22,21,20
-80,125,20,23,23,21,20,19,19,18,23,27,22,17,17,17,15,16,15,14,16,15,14,14,13,12,12,13,3,0,0,0,0,0,0,0,0,0,7,26,26,28,29,28,28,28,28,30,29,30,30,28,25,26,26,25,25,25,23,22,23,22,24,24,21
-78,125,20,26,26,26,25,24,24,24,26,26,23,22,24,26,26,26,24,23,23,23,21,20,20,19,21,20,5,0,0,0,0,0,0,0,0,0,2,9,10,13,15,15,15,16,16,15,16,19,20,21,22,22,20,19,20,20,19,20,21,22,23,26,28
-78,125,20,24,23,20,18,17,18,18,20,22,20,18,20,21,20,19,18,18,18,17,16,17,16,15,15,14,3,0,0,0,0,0,0,0,0,0,4,18,19,20,21,21,22,24,24,22,21,23,23,22,22,21,22,22,20,20,21,20,19,20,22,24,24
-82,125,20,20,20,20,21,22,24,22,24,28,23,18,17,17,19,23,24,24,23,22,21,20,21,22,21,19,5,0,0,0,0,0,0,0,0,0,6,23,23,25,26,24,23,24,22,22,24,25,24,21,21,21,20,20,19,18,18,18,18,19,19,19,18
-78,125,20,26,26,26,26,25,23,23,26,31,28,24,23,24,25,24,26,26,25,26,24,22,21,20,18,17,3,0,0,0,0,0,0,0,0,0,2,7,7,9,9,9,11,13,15,14,16,17,19,19,19,21,22,22,21,21,21,21,23,25,27,27,26
-80,125,20,24,23,23,25,24,24,25,23,19,21,24,24,24,25,25,25,25,25,24,23,22,21,21,22,22,5,0,0,0,0,0,0,0,0,0,4,17,18,18,18,19,20,20,18,18,19,19,19,20,19,18,19,19,20,19,20,21,21,20,19,17,15
-79,125,20,24,22,21,22,22,20,20,22,24,21,18,18,18,20,22,21,20,18,16,16,15,16,16,17,17,5,0,0,0,0,0,0,0,0,0,6,22,23,25,27,28,29,27,26,28,28,27,26,25,24,25,26,23,23,22,22,23,23,23,22,21,21
-76,125,20,25,25,24,24,23,23,24,23,21,23,24,24,25,25,26,26,25,24,23,23,21,20,19,19,19,4,0,0,0,0,0,0,0,0,0,2,9,8,10,10,11,12,13,14,15,15,17,18,19,18,18,20,20,20,19,19,20,22,22,21,23,24
-78,125,20,22,20,19,20,20,21,22,18,13,16,20,22,24,24,25,24,23,22,22,21,20,19,19,19,19,5,0,0,0,0,0,0,0,0,0,4,18,20,20,20,21,21,22,21,20,20,21,22,22,22,20,20,19,18,18,17,18,18,18,20,21,20
-76,125,20,23,23,23,21,21,20,20,21,21,19,18,18,18,18,17,17,17,15,14,14,13,12,13,12,10,2,0,0,0,0,0,0,0,0,0,5,22,23,22,22,24,26,27,26,25,25,25,26,25,24,24,24,23,22,23,22,23,24,25,25,25,24
-78,125,20,22,22,22,22,21,21,19,18,19,18,18,17,17,16,16,17,17,15,15,15,16,16,15,15,12,3,0,0,0,0,0,0,0,0,0,6,25,25,26,29,29,29,30,31,32,32,32,31,29,27,26,27,27,27,26,25,25,25,26,26,25,25
-80,125,20,21,20,18,19,20,19,17,19,22,21,17,16,16,15,16,16,14,13,12,13,13,11,10,11,13,3,0,0,0,0,0,0,0,0,0,6,26,27,26,27,30,31,31,29,28,26,27,29,29,28,26,24,23,22,22,22,21,23,22,21,22,24
-83,125,20,15,16,15,14,14,15,16,13,9,11,14,15,17,17,17,15,16,17,17,16,15,14,13,14,13,3,0,0,0,0,0,0,0,0,0,5,25,26,27,27,27,26,26,26,25,22,23,23,22,21,19,17,16,14,17,19,15,13,16,16,16,15
-83,125,20,18,18,18,19,20,20,20,16,13,18,22,21,20,18,18,18,17,18,19,18,17,16,14,14,16,4,0,0,0,0,0,0,0,0,0,5,22,23,23,24,26,26,26,24,24,25,24,22,22,23,22,21,21,20,18,18,18,21,22,23,22,20
-80,125,20,25,27,29,28,26,26,26,27,27,26,26,26,26,26,24,23,24,26,24,23,22,21,19,20,19,5,0,0,0,0,0,0,0,0,0,2,12,14,16,17,18,19,20,21,21,23,24,23,22,22,23,22,22,22,23,24,23,22,23,24,25,25
-79,125,20,20,20,19,18,20,20,19,19,21,20,18,18,19,19,19,18,19,20,19,17,17,16,16,16,15,3,0,0,0,0,0,0,0,0,0,5,23,24,26,26,26,26,27,27,27,26,27,28,26,25,24,25,23,21,21,21,21,21,21,20,21,23
-79,125,20,19,18,19,18,18,19,20,17,15,17,18,16,18,21,21,18,18,18,18,18,17,16,15,14,15,4,0,0,0,0,0,0,0,0,0,5,25,25,26,27,27,28,29,27,27,27,27,26,23,22,23,22,21,20,19,19,20,19,17,17,18,18
-79,125,20,21,20,22,21,20,20,21,24,26,24,21,21,21,21,21,21,21,20,18,17,17,17,17,17,17,4,0,0,0,0,0,0,0,0,0,4,19,19,19,20,22,23,23,23,23,23,23,24,24,22,20,21,21,19,19,19,19,20,19,20,20,21
-82,125,20,22,23,25,25,24,24,23,22,24,25,24,23,24,26,27,26,27,27,27,27,27,26,26,26,25,6,0,0,0,0,0,0,0,0,0,6,23,22,22,24,24,22,23,23,22,23,22,22,23,21,19,20,21,21,21,21,19,19,20,22,24,22
-84,125,20,6,6,8,9,10,11,10,15,22,19,16,18,20,23,25,23,24,24,25,26,25,25,26,27,28,7,0,0,0,0,0,0,0,0,0,6,26,28,30,28,25,27,28,25,23,22,23,22,18,16,16,15,12,10,12,13,11,11,11,9,6,7
-76,125,20,25,27,26,25,24,22,22,21,20,21,21,21,22,21,22,22,22,21,18,18,18,18,17,17,17,4,0,0,0,0,0,0,0,0,0,5,18,19,20,21,21,22,22,22,22,21,21,21,21,23,24,23,21,20,21,22,22,22,23,25,26,26
-77,125,20,28,28,27,27,26,25,24,24,26,25,24,24,24,24,24,24,24,23,22,21,21,21,21,20,19,5,0,0,0,0,0,0,0,0,0,2,9,10,10,10,13,14,15,15,17,18,21,22,20,20,22,23,23,22,24,25,24,24,25,27,28,29
-81,125,20,18,18,16,16,18,20,19,14,12,17,21,19,20,22,23,22,21,22,21,21,21,20,20,20,20,5,0,0,0,0,0,0,0,0,0,7,25,26,27,26,25,26,27,26,25,25,25,24,23,22,21,18,17,17,17,17,18,18,17,17,16,16
-82,125,20,14,15,17,17,17,16,17,21,26,21,17,20,22,22,22,24,24,24,24,24,23,22,22,21,18,3,0,0,0,0,0,0,0,0,0,5,23,23,22,22,21,21,20,20,18,19,19,17,16,16,16,15,16,16,16,16,15,12,11,12,14,14
-79,125,20,20,19,19,19,17,17,16,18,22,20,17,19,20,19,18,19,19,18,17,18,17,16,16,17,17,4,0,0,0,0,0,0,0,0,0,5,23,24,25,25,24,24,25,26,27,25,24,24,24,23,22,22,21,20,21,21,20,20,21,22,24,24
-82,125,20,20,21,22,21,18,18,18,18,21,21,24,22,23,25,24,22,21,21,24,24,22,21,20,19,20,5,0,0,0,0,0,0,0,0,0,7,28,28,29,30,30,30,29,27,27,29,29,28,27,23,21,24,25,23,20,19,19,17,16,17,18,21
-76,125,20,23,22,21,20,20,20,20,18,17,17,17,17,17,17,15,15,15,15,15,15,14,13,12,12,12,2,0,0,0,0,0,0,0,0,0,6,26,26,26,27,27,26,27,27,27,28,29,27,26,25,26,25,25,23,23,23,22,23,24,24,24,24
-80,125,20,24,24,23,23,24,22,20,19,18,21,24,24,23,23,23,22,23,23,23,23,24,23,22,21,21,5,0,0,0,0,0,0,0,0,0,6,26,26,25,25,27,29,29,27,26,26,26,25,25,25,26,26,24,22,20,20,21,21,23,24,25,24
-78,125,20,24,25,23,21,20,20,20,22,23,19,17,17,16,16,17,16,15,14,13,11,11,10,11,11,10,3,0,0,0,0,0,0,0,0,0,6,24,23,25,26,26,27,28,27,27,29,30,29,27,26,25,25,24,23,22,22,22,23,23,24,24,23
-82,125,20,17,19,20,18,15,12,13,18,22,21,22,19,17,21,21,21,21,20,19,18,20,22,22,22,23,5,0,0,0,0,0,0,0,0,0,6,23,23,26,26,27,28,28,28,27,26,26,26,25,21,19,19,18,19,20,19,17,16,18,20,21,20
-81,125,20,17,18,22,21,20,17,19,24,27,23,19,19,21,21,22,21,21,22,23,23,21,18,18,19,21,5,0,0,0,0,0,0,0,0,0,5,23,24,26,27,26,26,27,26,25,26,27,26,23,21,21,20,21,22,20,19,19,19,19,19,19,19
-78,125,20,20,21,23,24,21,17,16,20,24,21,18,17,16,15,15,14,14,13,11,10,11,12,11,9,9,3,0,0,0,0,0,0,0,0,0,6,24,25,26,26,27,28,29,29,28,29,29,28,28,27,27,26,25,25,27,27,27,27,24,21,23,26
-80,125,20,17,17,17,18,19,18,17,20,20,16,14,14,13,14,14,14,14,14,14,14,13,13,13,13,14,4,0,0,0,0,0,0,0,0,0,5,23,24,24,24,25,25,25,26,25,24,24,25,25,24,22,22,20,19,19,19,19,18,20,19,18,19
-82,125,20,23,25,24,24,24,22,21,22,25,25,26,27,24,21,21,24,23,24,28,24,19,21,22,22,20,5,0,0,0,0,0,0,0,0,0,5,22,23,25,25,24,25,26,25,25,24,25,24,23,23,23,23,21,21,20,19,22,25,24,23,24,26
-78,125,20,26,25,25,24,25,25,25,24,24,25,24,24,24,24,24,23,23,23,21,20,21,19,19,18,17,3,0,0,0,0,0,0,0,0,0,1,5,7,8,10,10,12,13,14,14,16,17,20,21,20,20,20,20,20,22,23,23,23,22,22,23,25
-79,125,20,20,20,20,21,20,19,18,20,24,22,18,17,18,19,19,20,20,18,17,18,20,20,19,18,18,5,0,0,0,0,0,0,0,0,0,6,23,23,26,26,25,25,24,24,24,26,26,25,24,23,22,21,21,23,22,21,20,21,21,20,20,20
-81,125,20,23,25,24,23,23,23,25,29,33,29,25,24,24,26,27,28,29,28,26,27,28,27,24,23,22,6,0,0,0,0,0,0,0,0,0,6,23,21,20,21,22,21,20,22,22,22,21,22,20,20,21,20,19,17,17,18,19,20,20,18,20,21
-81,125,20,20,21,21,20,19,20,20,23,25,24,22,21,23,24,25,25,24,23,23,22,22,20,20,21,21,5,0,0,0,0,0,0,0,0,0,4,16,17,17,16,16,17,18,17,18,18,19,18,16,14,13,17,18,17,16,16,16,17,17,18,18,20
-78,125,20,23,21,20,19,18,19,19,17,17,17,18,18,17,17,18,19,19,18,17,17,16,15,16,16,16,4,0,0,0,0,0,0,0,0,0,6,25,25,26,29,29,29,30,30,30,29,31,30,28,27,27,26,26,26,25,25,24,23,22,25,25,26
-81,125,20,20,21,20,19,19,19,20,16,13,15,19,19,19,19,21,21,21,21,20,20,18,17,16,17,19,5,0,0,0,0,0,0,0,0,0,6,21,23,23,24,25,25,25,26,27,26,26,26,25,24,22,22,23,23,22,23,22,21,21,24,25,25
-82,125,20,15,14,12,11,12,12,12,17,22,19,14,15,17,18,20,20,20,21,20,19,18,18,20,21,21,5,0,0,0,0,0,0,0,0,0,7,29,29,31,32,33,32,32,30,30,31,31,30,27,24,23,22,19,18,17,17,18,19,18,16,12,10
-81,125,20,24,24,21,19,21,22,21,20,20,21,20,20,20,22,22,23,23,22,19,17,18,19,18,17,16,3,0,0,0,0,0,0,0,0,0,4,18,19,18,17,19,20,22,22,22,24,23,22,21,21,23,24,22,20,19,21,22,22,21,21,21,19
-80,125,20,21,20,19,17,18,18,17,15,13,16,19,20,20,19,19,19,19,19,19,18,18,17,17,17,14,3,0,0,0,0,0,0,0,0,0,5,24,24,25,25,25,25,24,24,26,25,25,25,24,23,24,23,21,18,18,19,18,19,20,21,22,23
-81,125,20,20,22,23,20,19,20,17,15,15,15,15,15,14,13,13,12,13,14,14,13,12,12,11,9,7,1,0,0,0,0,0,0,0,0,0,7,29,29,29,31,30,31,31,30,29,30,31,30,28,28,28,26,24,23,21,20,21,22,20,19,19,19
-76,125,20,28,29,28,27,27,26,26,26,26,27,27,27,27,28,29,29,29,28,26,25,23,21,21,22,22,5,0,0,0,0,0,0,0,0,0,1,5,6,8,9,11,13,16,16,17,18,19,19,19,20,21,23,24,22,22,23,22,22,25,26,26,26
-79,125,20,22,22,21,22,21,18,17,13,13,18,18,17,17,19,18,17,17,17,16,16,15,14,13,13,14,3,0,0,0,0,0,0,0,0,0,6,24,27,28,28,28,28,28,27,28,29,27,26,26,25,26,26,26,23,22,23,25,22,22,24,26,24
-80,125,20,25,24,23,21,22,24,24,27,30,26,22,24,24,24,25,23,23,22,23,22,21,19,20,19,19,5,0,0,0,0,0,0,0,0,0,2,12,12,12,13,15,18,19,17,17,20,21,21,21,22,22,21,21,21,22,24,25,23,23,24,23,21
-80,125,20,21,19,19,19,19,17,16,12,8,10,11,11,14,14,13,11,10,10,10,10,8,8,10,9,8,1,0,0,0,0,0,0,0,0,0,5,26,25,25,26,26,26,27,28,30,31,31,29,28,26,23,24,24,24,23,25,24,22,21,23,22,22
-82,125,20,20,20,21,20,20,22,22,25,30,27,22,23,24,24,24,25,26,26,24,21,21,23,23,24,23,5,0,0,0,0,0,0,0,0,0,5,22,23,23,22,23,23,24,25,25,24,23,22,22,22,21,20,19,18,18,19,18,17,18,22,25,23
-81,125,20,15,14,15,18,20,21,18,18,20,19,18,19,19,17,14,14,16,18,19,18,16,13,12,11,11,2,0,0,0,0,0,0,0,0,0,5,24,25,26,27,28,27,26,26,28,28,28,26,25,23,22,23,23,23,22,22,21,21,21,21,21,20
-82,125,20,21,22,22,22,21,22,22,24,27,23,19,19,21,21,22,23,21,21,21,19,17,17,15,15,15,3,0,0,0,0,0,0,0,0,0,5,24,23,22,22,24,24,24,24,23,22,23,22,21,19,19,21,20,20,21,21,23,23,21,21,21,22
-82,125,20,15,14,14,13,15,15,14,10,9,10,14,16,17,18,18,18,19,17,17,20,21,19,19,17,15,3,0,0,0,0,0,0,0,0,0,7,31,33,33,32,31,33,32,30,29,28,28,26,25,25,24,23,22,20,19,16,14,14,14,15,18,18
-78,125,20,26,25,25,25,24,25,24,24,26,26,26,26,27,27,27,27,27,27,25,24,23,21,21,20,20,5,0,0,0,0,0,0,0,0,0,3,12,12,13,13,13,16,17,16,16,18,20,21,21,22,21,21,21,20,21,22,22,22,21,21,24,25
-84,125,20,20,19,19,21,19,16,16,18,18,18,19,18,18,16,15,13,13,15,15,14,14,13,11,11,11,3,0,0,0,0,0,0,0,0,0,5,21,21,22,20,22,23,22,22,21,22,24,25,24,22,22,23,22,24,24,23,19,17,21,22,20,21
-79,125,20,23,22,22,24,24,23,22,24,27,26,22,22,24,24,24,23,22,22,20,20,19,18,18,18,17,4,0,0,0,0,0,0,0,0,0,3,16,17,18,19,19,18,19,20,21,22,22,24,23,21,22,24,24,22,23,25,24,24,26,27,28,28
-80,125,20,20,20,18,18,17,17,18,15,13,18,19,19,20,21,22,21,20,20,19,19,18,19,18,17,18,5,0,0,0,0,0,0,0,0,0,6,23,24,26,27,27,28,27,25,26,25,25,23,22,23,23,21,19,19,22,22,19,18,19,20,20,18
-80,125,20,23,23,21,21,21,19,18,17,14,14,17,18,18,18,17,17,18,18,17,16,14,17,18,17,16,4,0,0,0,0,0,0,0,0,0,6,26,25,25,25,26,29,29,26,25,26,26,28,28,26,25,23,21,21,22,21,20,19,20,22,23,23
-81,125,20,18,18,20,19,19,19,19,18,16,18,21,23,23,22,21,21,19,18,18,19,19,18,17,17,17,5,0,0,0,0,0,0,0,0,0,6,24,24,25,27,28,28,25,25,26,25,24,24,22,22,23,23,22,20,19,21,21,19,18,20,20,20
-83,125,20,15,15,17,16,14,12,14,18,23,21,20,19,18,20,21,21,21,21,21,21,20,19,19,19,20,5,0,0,0,0,0,0,0,0,0,5,23,23,22,21,21,22,23,24,24,22,21,21,20,18,16,15,15,16,16,14,13,14,15,15,16,16
-80,125,20,20,20,20,21,20,19,19,18,18,16,17,19,19,19,18,17,17,18,19,19,17,15,16,15,14,4,0,0,0,0,0,0,0,0,0,7,26,27,28,27,27,26,26,27,28,26,27,26,25,24,22,22,22,23,22,19,20,22,22,21,22,23
-80,125,20,21,24,24,22,21,20,21,23,25,24,24,24,22,22,24,24,24,25,24,22,20,20,20,20,19,5,0,0,0,0,0,0,0,0,0,5,20,20,21,22,21,21,22,23,22,21,20,21,21,20,19,20,21,20,19,19,18,18,18,19,22,25
-76,125,20,23,23,24,24,23,23,22,20,19,22,23,21,21,23,23,23,23,22,22,21,19,19,20,19,18,5,0,0,0,0,0,0,0,0,0,6,21,20,20,22,21,21,21,21,21,21,23,23,23,22,20,21,21,21,20,20,19,20,21,21,22,22
-80,125,20,24,21,21,21,21,20,20,16,10,14,19,20,21,21,20,19,18,18,17,17,17,16,15,14,13,3,0,0,0,0,0,0,0,0,0,6,24,25,25,25,26,26,26,27,27,26,26,25,25,25,25,23,22,22,24,24,24,21,22,24,24,23
-79,125,20,23,22,22,19,17,17,18,21,24,20,18,18,19,19,18,18,17,16,17,17,15,14,13,13,11,2,0,0,0,0,0,0,0,0,0,5,24,25,27,27,28,28,28,29,28,29,28,27,26,25,25,24,24,23,22,20,21,22,23,23,23,23
-74,125,20,27,26,26,26,26,25,25,26,26,26,25,26,26,26,27,26,24,25,25,23,22,21,21,21,21,6,0,0,0,0,0,0,0,0,0,1,7,8,9,10,11,14,15,15,16,17,18,19,20,21,20,20,21,20,20,21,22,22,23,25,26,26
-80,125,20,22,23,24,24,23,23,24,24,24,24,26,26,27,29,31,30,29,27,26,27,27,27,27,25,27,7,0,0,0,0,0,0,0,0,0,5,17,17,19,20,19,18,18,17,18,17,17,19,20,19,18,18,18,17,17,16,18,19,20,21,23,23
-79,125,20,24,24,24,24,24,25,25,23,23,25,26,27,29,29,29,28,28,29,28,28,26,25,26,26,21,5,0,0,0,0,0,0,0,0,0,5,17,18,18,19,19,18,18,18,18,18,19,21,22,20,19,21,21,21,21,21,21,21,21,22,23,23
-77,125,20,28,27,26,26,26,25,25,23,20,23,26,27,28,28,27,26,26,26,25,25,24,23,22,21,21,6,0,0,0,0,0,0,0,0,0,3,10,11,13,15,16,16,17,17,18,20,22,23,22,21,21,21,22,22,24,25,26,26,26,27,29,29
-80,125,20,24,23,23,22,22,22,20,18,17,20,23,24,25,24,24,25,25,24,25,26,24,21,19,19,18,4,0,0,0,0,0,0,0,0,0,4,18,18,17,18,19,18,19,20,20,21,21,20,19,19,19,20,21,21,21,21,21,23,22,22,23,25
-78,125,20,26,24,23,23,25,25,24,21,19,21,24,24,24,23,25,26,25,23,23,22,19,18,19,20,19,5,0,0,0,0,0,0,0,0,0,4,17,17,17,17,19,20,21,22,21,21,23,24,22,20,21,22,23,21,20,21,21,22,23,23,24,25
-81,125,20,17,16,16,17,17,19,21,25,29,25,22,22,22,24,26,29,29,27,27,27,28,28,24,22,23,6,0,0,0,0,0,0,0,0,0,6,25,27,28,28,28,28,27,26,25,25,25,24,23,20,17,16,15,14,15,18,19,17,17,17,16,16
-79,125,20,24,24,25,25,24,24,24,26,31,27,23,23,22,22,24,26,26,23,21,21,20,19,19,18,18,4,0,0,0,0,0,0,0,0,0,4,17,17,18,19,19,21,21,21,22,23,23,22,22,20,20,22,20,18,18,21,21,19,19,21,21,22
-81,125,20,16,18,18,17,18,19,20,25,30,26,21,21,21,21,22,23,22,22,20,18,19,21,21,20,20,5,0,0,0,0,0,0,0,0,0,5,22,21,19,21,21,21,22,21,22,21,21,21,20,19,17,18,19,19,17,15,17,18,19,20,19,18
-77,125,20,26,24,23,22,21,21,22,18,14,16,18,19,20,19,18,17,17,17,17,17,16,15,14,13,13,3,0,0,0,0,0,0,0,0,0,5,23,23,24,25,26,27,27,26,26,26,26,26,28,27,26,26,25,23,25,25,25,24,24,25,25,25
-80,125,20,19,20,20,18,17,16,17,19,20,19,19,19,18,18,20,20,20,20,20,21,21,21,20,17,15,4,0,0,0,0,0,0,0,0,0,7,25,25,26,26,27,28,27,27,27,29,30,29,27,24,24,25,22,22,23,22,23,22,20,19,20,19
-79,125,20,23,22,20,19,18,19,21,18,16,18,20,19,20,21,22,22,22,21,20,19,18,18,18,16,16,4,0,0,0,0,0,0,0,0,0,5,24,24,25,26,26,26,27,28,27,27,27,26,26,26,25,24,23,22,20,20,21,23,23,23,23,25
-81,125,20,21,20,22,23,24,23,22,29,34,29,23,24,25,26,28,28,26,25,25,25,25,25,24,22,22,6,0,0,0,0,0,0,0,0,0,7,24,22,22,24,26,26,24,23,25,26,25,24,21,20,20,21,20,20,20,20,19,19,19,21,23,23
-81,125,20,17,17,18,17,14,15,16,16,19,19,17,17,17,16,16,18,19,17,15,15,16,15,14,14,14,3,0,0,0,0,0,0,0,0,0,5,23,23,24,25,25,26,26,25,25,25,25,24,22,22,21,20,20,21,20,18,18,18,17,17,17,16
-78,125,20,24,22,22,21,21,21,20,17,13,16,18,16,16,18,19,18,17,17,16,16,16,16,17,15,14,2,0,0,0,0,0,0,0,0,0,5,22,23,24,25,25,25,26,26,27,26,26,25,25,25,26,26,26,24,25,24,22,21,22,24,25,22
-76,125,20,29,28,26,25,25,25,25,24,25,26,26,24,24,26,26,28,26,25,25,23,23,23,21,21,21,4,0,0,0,0,0,0,0,0,0,2,8,8,9,10,12,12,13,15,17,17,18,19,19,19,21,21,21,21,21,23,23,25,26,26,27,26
-83,125,20,9,11,11,10,11,10,11,10,11,15,19,17,17,18,19,19,20,22,19,18,20,21,20,19,19,5,0,0,0,0,0,0,0,0,0,8,32,32,32,31,30,29,28,26,25,23,23,22,22,21,18,18,17,15,13,12,11,11,10,8,9,9
-82,125,20,23,22,22,21,19,18,18,13,10,12,16,16,14,14,14,14,13,14,13,13,13,13,13,13,13,3,0,0,0,0,0,0,0,0,0,6,22,23,26,27,28,27,27,26,24,25,26,27,27,28,26,25,24,23,22,23,23,24,23,23,25,28
-83,125,20,17,18,18,16,17,19,18,15,14,16,20,20,20,21,21,20,21,23,23,22,22,21,19,19,19,5,0,0,0,0,0,0,0,0,0,7,28,26,26,26,26,26,27,27,26,26,26,25,25,25,24,23,21,21,19,17,16,18,21,22,20,19
-78,125,20,25,25,24,23,24,25,25,21,18,20,22,22,22,22,22,22,21,20,18,17,17,17,17,16,15,4,0,0,0,0,0,0,0,0,0,6,22,21,22,22,24,25,26,26,26,27,27,26,24,24,24,24,23,23,23,22,23,23,25,26,26,25
-77,125,20,25,25,23,23,24,24,24,25,27,25,21,21,21,20,20,19,19,18,18,17,17,15,13,13,13,3,0,0,0,0,0,0,0,0,0,7,24,25,26,26,26,26,27,27,27,28,29,30,27,26,25,25,27,25,24,24,24,23,23,25,26,26
-79,125,20,19,19,19,18,18,19,19,16,13,16,19,17,15,14,16,17,18,16,16,16,16,15,15,14,14,3,0,0,0,0,0,0,0,0,0,5,22,21,21,22,22,23,25,25,25,24,25,25,25,24,24,24,22,22,21,21,20,21,21,18,18,19
-78,125,20,21,20,19,18,19,19,18,18,18,18,17,18,19,18,16,15,16,16,14,15,13,13,13,13,14,3,0,0,0,0,0,0,0,0,0,5,22,23,24,24,25,25,25,25,26,25,26,26,26,24,23,24,22,20,20,22,21,21,21,21,22,23
-81,125,20,21,20,20,19,18,19,18,18,20,17,17,17,19,20,21,21,21,21,20,18,18,17,17,16,15,4,0,0,0,0,0,0,0,0,0,5,18,20,21,21,21,21,22,23,24,24,23,22,21,22,20,19,18,19,18,17,17,18,19,20,20,21
-78,125,20,24,24,23,22,21,20,19,21,24,22,20,19,17,17,18,17,17,15,15,14,14,12,11,12,11,3,0,0,0,0,0,0,0,0,0,6,21,22,23,24,24,24,24,25,26,27,28,27,26,24,23,24,25,24,24,22,21,22,25,26,26,25
-82,125,20,21,21,20,21,20,20,20,21,24,21,19,18,17,15,16,19,19,18,17,17,15,14,15,14,14,3,0,0,0,0,0,0,0,0,0,5,23,23,24,26,26,26,27,25,23,25,26,25,24,23,22,21,22,21,20,21,22,21,19,19,18,18
-80,125,20,20,18,18,18,19,20,19,18,18,17,17,18,19,19,18,17,16,15,16,16,14,14,14,13,13,3,0,0,0,0,0,0,0,0,0,5,23,23,24,25,27,29,27,26,27,29,29,28,26,23,23,22,21,21,22,21,21,22,20,19,20,20
-78,125,20,26,26,24,23,22,22,22,24,27,23,19,20,20,19,20,18,18,18,17,16,16,14,15,15,15,4,0,0,0,0,0,0,0,0,0,5,21,23,23,23,24,25,26,26,25,25,25,25,25,25,25,25,24,24,25,25,24,24,24,25,26,26
-79,125,20,21,19,18,19,20,20,19,17,15,17,20,21,20,19,20,20,19,19,19,17,18,17,16,16,15,3,0,0,0,0,0,0,0,0,0,4,19,20,21,21,21,21,20,20,22,22,22,21,23,23,21,20,20,20,20,20,21,22,21,20,21,24
-81,125,20,22,21,22,22,21,22,22,19,19,21,21,20,20,22,24,25,23,21,19,18,17,17,18,18,16,4,0,0,0,0,0,0,0,0,0,6,23,24,24,24,26,28,27,26,26,26,25,23,23,24,24,23,22,20,20,21,22,20,22,24,24,22
-83,125,20,21,21,22,20,21,23,22,20,18,18,20,19,17,18,18,16,15,16,15,16,16,15,13,12,12,3,0,0,0,0,0,0,0,0,0,6,26,27,30,28,27,27,28,26,28,29,31,30,28,25,25,26,25,23,23,23,24,24,25,26,25,24
-81,125,20,16,17,16,16,19,20,17,16,17,16,15,15,16,17,18,20,20,18,17,19,20,20,19,18,18,4,0,0,0,0,0,0,0,0,0,4,22,24,25,25,26,25,25,24,23,24,24,24,22,21,21,20,17,17,17,18,18,18,19,19,19,19
-78,125,20,21,22,22,21,21,22,22,21,20,21,22,23,24,25,26,24,23,23,22,21,20,20,20,20,22,5,0,0,0,0,0,0,0,0,0,5,21,21,21,20,22,23,22,22,21,21,22,22,22,20,20,20,20,19,19,18,18,18,18,20,19,20
-79,125,20,25,24,21,21,24,26,26,26,25,21,19,20,22,22,22,22,21,21,22,22,21,20,20,18,17,4,0,0,0,0,0,0,0,0,0,5,21,22,24,24,25,25,25,25,26,27,26,25,25,24,23,23,23,23,22,21,23,23,23,23,23,24
-81,125,20,16,17,16,14,14,16,17,21,23,17,13,13,14,15,15,14,13,12,11,12,13,14,13,11,12,2,0,0,0,0,0,0,0,0,0,5,25,27,28,27,27,28,29,30,30,29,29,30,29,28,28,26,23,21,21,21,22,23,23,20,19,21
-79,125,20,19,22,25,24,24,23,21,22,24,22,22,23,23,22,21,22,24,23,21,21,19,19,19,19,18,4,0,0,0,0,0,0,0,0,0,6,22,21,22,23,25,25,26,25,24,26,26,26,25,23,24,25,24,23,24,23,20,19,21,23,25,25
-79,125,20,26,27,26,26,25,24,23,22,21,24,26,28,30,30,30,28,28,29,28,27,25,22,21,21,21,6,0,0,0,0,0,0,0,0,0,5,17,19,21,23,23,23,22,23,24,24,25,25,25,24,23,23,23,22,21,21,21,22,23,25,25,25
-78,125,20,24,25,25,24,23,23,23,22,22,22,23,23,23,23,22,22,23,23,20,19,18,18,17,18,18,5,0,0,0,0,0,0,0,0,0,3,16,17,19,19,19,21,21,22,21,22,23,22,21,22,21,21,21,19,21,21,21,22,22,23,22,20
-78,125,20,20,21,21,19,19,20,20,21,23,22,19,20,19,18,19,18,18,18,17,15,16,14,13,12,13,3,0,0,0,0,0,0,0,0,0,5,20,19,19,20,22,24,23,22,23,23,24,25,25,24,23,24,22,21,20,19,21,22,21,21,21,23
-78,125,20,26,26,26,25,25,25,24,25,27,26,25,23,22,22,23,23,24,23,21,20,20,18,18,19,18,5,0,0,0,0,0,0,0,0,0,6,23,25,26,28,28,29,29,28,28,31,32,30,29,28,27,28,27,25,25,26,26,25,25,25,28,29
-81,125,20,12,12,13,12,12,13,13,14,18,19,18,16,17,19,20,21,22,21,19,18,19,19,18,18,18,5,0,0,0,0,0,0,0,0,0,8,28,26,25,26,27,29,28,27,26,27,28,28,26,24,22,21,20,19,18,17,19,20,18,15,16,16
-77,125,20,26,24,24,22,21,21,21,20,20,21,21,22,22,21,19,20,21,21,20,20,19,18,18,17,15,3,0,0,0,0,0,0,0,0,0,3,16,17,19,20,21,22,22,23,24,24,25,24,23,24,24,24,23,21,21,21,23,24,23,23,24,25
-77,125,20,23,22,22,22,22,23,22,20,17,19,20,20,20,20,21,20,18,16,16,17,15,14,14,14,15,4,0,0,0,0,0,0,0,0,0,5,20,20,20,21,21,21,22,23,24,24,25,25,23,23,23,23,23,22,21,22,22,21,22,23,24,26
-79,125,20,19,20,21,17,16,16,16,17,20,18,17,17,16,16,17,17,16,16,16,15,13,14,13,11,11,2,0,0,0,0,0,0,0,0,0,5,19,19,21,21,22,23,23,23,22,22,21,22,22,20,20,21,20,20,20,21,21,21,19,17,17,19
-77,125,20,25,25,25,23,22,21,19,20,24,21,17,17,18,19,19,18,17,16,16,14,12,12,11,11,11,2,0,0,0,0,0,0,0,0,0,5,21,22,22,24,26,28,28,27,27,28,28,26,26,26,26,26,26,26,25,26,27,27,26,26,29,27
-81,125,20,23,24,24,22,21,21,22,20,19,21,22,24,25,26,27,26,23,23,24,26,26,24,22,21,21,5,0,0,0,0,0,0,0,0,0,5,18,17,18,17,17,17,18,18,18,20,20,21,21,19,17,17,19,18,18,19,19,20,21,20,21,24
-77,125,20,28,29,28,27,26,25,24,26,29,28,26,24,23,25,26,26,25,24,24,24,23,21,21,20,20,5,0,0,0,0,0,0,0,0,0,3,10,11,13,13,15,16,17,17,18,19,21,21,22,22,23,24,23,22,23,23,24,25,26,27,29,30
-80,125,20,18,19,19,19,19,19,20,18,14,17,19,20,20,19,19,20,20,22,21,21,20,20,19,18,19,5,0,0,0,0,0,0,0,0,0,5,22,23,25,24,25,25,24,24,24,24,25,26,25,23,22,21,19,17,17,18,18,18,18,19,20,20
-79,125,20,24,25,24,25,26,25,25,27,31,27,23,24,25,24,26,25,27,26,24,23,23,24,24,22,20,5,0,0,0,0,0,0,0,0,0,5,18,18,18,20,20,20,19,19,18,18,20,20,19,20,20,20,20,19,19,19,19,20,21,22,24,26
-81,125,20,17,19,20,19,19,19,18,20,24,19,15,16,17,18,18,17,18,19,18,16,16,16,15,14,15,3,0,0,0,0,0,0,0,0,0,5,23,24,25,26,25,24,24,24,24,22,23,25,24,22,22,21,20,21,21,20,18,17,17,18,19,19
-83,125,20,14,15,15,15,16,14,14,17,23,18,16,17,18,20,21,22,21,20,21,21,20,20,18,18,18,4,0,0,0,0,0,0,0,0,0,6,28,31,32,31,30,29,29,28,27,27,28,27,25,24,22,18,17,17,18,18,16,14,14,15,15,14
-81,125,20,23,21,21,22,21,22,22,20,19,22,24,25,26,26,26,26,26,25,23,24,26,25,22,20,20,6,0,0,0,0,0,0,0,0,0,5,18,19,19,18,18,18,18,19,19,19,18,18,18,17,17,17,17,17,17,16,18,18,19,21,22,20
-80,125,20,21,20,20,19,20,20,20,20,23,22,20,20,19,19,21,23,24,24,21,21,20,19,18,19,20,5,0,0,0,0,0,0,0,0,0,4,18,19,18,19,20,20,21,20,20,20,21,20,18,18,18,18,19,19,18,18,17,17,17,19,20,20
-80,125,20,17,17,19,20,19,19,19,22,27,24,19,19,19,21,20,19,19,19,18,19,19,19,19,19,18,5,0,0,0,0,0,0,0,0,0,5,21,20,20,21,23,23,24,25,25,25,25,24,24,23,21,21,20,19,18,19,20,20,21,21,22,23
-76,125,20,26,25,25,25,24,23,23,23,23,23,22,21,22,24,24,24,24,23,21,21,19,20,19,19,19,5,0,0,0,0,0,0,0,0,0,3,10,10,11,12,13,14,13,14,15,18,20,19,18,19,21,21,21,21,20,20,21,21,21,23,24,25
-81,125,20,22,20,18,18,19,19,17,12,9,13,17,18,20,18,17,17,17,16,15,14,13,13,12,13,12,2,0,0,0,0,0,0,0,0,0,6,27,28,30,29,29,31,32,31,30,29,30,31,30,28,26,26,25,23,25,25,25,22,22,23,23,24
-78,125,20,24,23,22,21,19,18,18,15,13,14,16,16,16,15,15,15,15,16,15,13,12,12,12,13,13,3,0,0,0,0,0,0,0,0,0,6,25,25,27,29,29,28,29,30,30,31,30,29,28,27,27,28,25,24,23,24,26,26,27,26,24,24
-81,125,20,21,21,20,23,24,24,23,26,29,26,24,25,26,26,22,23,25,25,24,26,28,27,26,23,23,6,0,0,0,0,0,0,0,0,0,6,24,23,24,24,24,24,23,23,23,24,25,26,24,22,22,22,19,19,20,20,20,20,19,19,20,21
-81,125,20,16,15,15,15,16,17,19,22,24,20,19,20,21,22,23,24,23,23,22,23,22,21,20,20,20,4,0,0,0,0,0,0,0,0,0,6,24,24,24,26,27,26,24,23,23,24,24,22,21,21,21,20,17,16,15,13,14,16,18,18,16,16
-82,125,20,13,15,17,16,14,16,18,14,9,12,16,15,15,15,17,18,16,16,17,17,17,17,16,17,18,4,0,0,0,0,0,0,0,0,0,5,24,26,27,29,28,26,27,28,26,26,28,26,22,20,19,19,20,21,21,20,19,17,17,18,17,15
-79,125,20,22,21,20,19,20,20,19,21,24,21,19,20,19,19,20,20,20,20,19,19,19,21,20,18,17,4,0,0,0,0,0,0,0,0,0,5,23,24,24,24,26,27,26,24,24,26,27,26,25,23,23,23,20,19,19,18,20,19,19,21,21,20
-80,125,20,19,18,19,21,22,20,22,20,16,17,17,17,18,20,21,21,21,21,20,21,19,19,17,17,18,4,0,0,0,0,0,0,0,0,0,5,23,23,22,23,23,24,24,22,21,23,25,24,21,20,20,19,19,19,19,19,20,20,20,20,17,16
-81,125,20,21,19,18,18,19,19,19,17,14,16,18,17,17,18,20,21,21,21,20,21,23,22,18,16,16,3,0,0,0,0,0,0,0,0,0,4,20,22,23,23,22,22,21,21,23,24,25,24,21,19,19,21,19,17,17,17,18,18,19,19,19,19
-79,125,20,25,24,22,21,20,20,20,20,20,19,16,15,16,15,15,17,17,15,15,14,12,11,12,11,9,2,0,0,0,0,0,0,0,0,0,6,25,26,28,28,28,29,30,30,29,28,29,29,28,27,28,26,25,22,22,24,25,25,23,23,26,26
-83,125,20,20,20,20,21,22,24,24,26,31,28,23,25,27,26,26,27,26,25,25,25,26,25,25,23,22,5,0,0,0,0,0,0,0,0,0,6,22,21,21,21,22,21,18,19,20,21,22,21,19,17,17,19,19,17,16,17,17,18,18,17,16,15
-81,125,20,23,22,22,23,24,22,23,21,20,21,23,23,23,25,26,24,22,23,24,23,21,20,19,21,21,5,0,0,0,0,0,0,0,0,0,5,20,19,20,20,21,22,24,22,22,23,22,22,23,23,23,21,19,18,20,22,20,17,18,20,20,21
-78,125,20,25,24,21,21,23,22,20,22,24,22,21,22,21,20,19,20,21,21,20,18,16,15,15,16,16,3,0,0,0,0,0,0,0,0,0,5,23,24,25,26,27,28,29,29,28,29,28,27,26,25,26,27,26,24,23,23,23,23,23,24,25,24
-79,125,20,24,24,23,23,22,22,21,18,14,16,18,15,15,16,16,16,15,14,14,14,14,12,12,12,12,3,0,0,0,0,0,0,0,0,0,6,24,25,26,25,25,24,25,26,27,27,29,27,25,26,28,29,29,26,24,24,23,21,21,23,23,21
-80,125,20,23,23,24,24,21,21,21,22,24,21,18,19,20,18,16,17,18,18,17,15,15,15,15,15,14,4,0,0,0,0,0,0,0,0,0,6,24,23,24,25,25,25,25,26,25,24,25,25,25,24,24,24,24,23,23,23,23,22,21,22,23,22
-76,125,20,25,25,26,27,27,26,25,24,24,26,27,26,24,24,26,26,26,25,24,23,23,22,21,19,19,5,0,0,0,0,0,0,0,0,0,2,8,7,7,9,10,11,13,13,14,16,18,18,18,19,20,20,21,20,22,23,22,22,23,25,25,25
-80,125,20,23,22,22,20,17,17,18,13,11,14,17,17,19,21,22,22,21,20,18,17,16,16,17,17,17,4,0,0,0,0,0,0,0,0,0,4,18,17,18,19,20,20,19,19,20,21,20,20,20,19,18,16,16,16,17,18,20,20,19,19,19,18
-79,125,20,24,23,23,22,21,19,20,23,26,24,21,19,20,21,21,21,20,19,18,18,18,18,18,16,15,4,0,0,0,0,0,0,0,0,0,6,25,26,27,29,28,28,29,29,29,30,31,30,28,27,26,25,24,23,23,23,25,24,23,23,24,24
-77,125,20,27,26,24,23,22,23,23,21,18,20,24,23,22,22,22,23,23,22,21,21,20,18,18,17,17,4,0,0,0,0,0,0,0,0,0,4,17,18,20,21,22,22,23,23,23,23,25,25,25,25,26,25,24,24,23,25,25,27,27,25,24,25
-81,125,20,21,20,18,18,18,18,16,18,21,19,18,19,19,18,20,21,18,16,17,18,17,15,14,15,16,4,0,0,0,0,0,0,0,0,0,5,25,26,26,25,26,26,26,26,26,25,25,25,24,22,20,20,21,20,18,18,18,18,19,18,19,21
-82,125,20,16,18,18,17,17,18,18,14,12,19,22,21,20,20,22,23,22,21,21,20,19,20,20,20,20,6,0,0,0,0,0,0,0,0,0,6,22,22,23,23,24,24,26,24,23,22,23,22,22,22,19,17,18,19,18,17,18,17,17,19,20,20
-77,125,20,23,23,22,21,21,22,21,18,15,18,20,19,18,19,18,18,18,17,17,17,16,15,14,14,14,4,0,0,0,0,0,0,0,0,0,7,25,24,23,25,26,26,25,25,25,26,27,27,27,25,25,25,24,22,22,21,22,22,23,24,25,24
-78,125,20,24,24,23,22,22,23,23,22,20,19,19,20,19,18,17,16,17,16,15,16,15,14,13,13,12,3,0,0,0,0,0,0,0,0,0,6,24,25,26,26,25,25,27,28,27,27,28,28,27,27,26,26,27,26,24,23,25,25,25,24,25,25
-76,125,20,25,25,23,22,23,23,22,20,21,22,23,22,22,23,23,23,22,21,19,19,19,19,19,18,17,4,0,0,0,0,0,0,0,0,0,1,8,10,11,12,13,13,14,15,15,16,16,17,18,18,19,20,20,18,18,18,19,20,23,21,21,22
-78,125,20,24,25,24,25,25,23,22,25,26,24,23,22,24,24,24,24,24,23,22,21,20,18,18,18,18,5,0,0,0,0,0,0,0,0,0,5,18,18,18,19,20,21,22,23,22,22,22,23,23,23,24,24,22,21,21,21,21,22,23,24,26,24
-81,125,20,20,19,21,23,22,24,27,24,23,24,24,24,24,24,23,23,25,28,26,25,24,24,24,23,22,5,0,0,0,0,0,0,0,0,0,5,21,20,18,18,19,22,21,22,21,19,20,22,21,18,17,19,19,18,18,19,18,15,16,19,22,23
-79,125,20,22,22,22,20,19,20,20,16,14,15,17,17,18,18,16,16,16,14,14,14,12,12,11,10,11,2,0,0,0,0,0,0,0,0,0,5,20,20,22,23,24,26,27,26,26,26,26,26,26,25,24,23,22,21,21,22,22,22,23,23,23,22
-78,125,20,23,21,20,18,17,18,18,20,22,20,16,16,15,16,16,16,15,16,15,14,13,12,12,12,12,3,0,0,0,0,0,0,0,0,0,5,22,22,23,25,25,26,26,26,26,25,26,28,28,26,24,24,25,24,23,23,23,24,23,22,23,23
-81,125,20,22,20,20,23,25,25,23,27,33,29,23,25,27,26,25,25,25,24,24,25,23,21,21,21,21,5,0,0,0,0,0,0,0,0,0,5,21,23,24,25,25,26,24,22,22,24,24,24,21,21,21,20,17,17,20,22,23,23,21,20,20,21
-78,125,20,26,26,24,24,23,23,23,18,16,17,20,21,19,19,20,18,18,18,18,19,18,17,17,17,16,4,0,0,0,0,0,0,0,0,0,7,27,28,28,29,29,30,29,28,28,29,29,29,27,25,25,25,25,25,25,25,24,24,24,24,26,27
-82,125,20,19,16,15,16,17,17,17,19,22,23,24,24,26,27,28,27,27,28,30,31,28,25,26,27,26,7,0,0,0,0,0,0,0,0,0,7,25,26,26,26,25,22,23,25,25,25,24,23,22,20,18,16,13,13,13,15,15,16,16,15,15,15
-77,125,20,28,28,28,27,26,26,26,23,19,21,22,22,23,22,23,22,21,21,21,21,18,17,18,17,15,4,0,0,0,0,0,0,0,0,0,5,20,21,23,24,24,24,23,24,24,25,26,27,27,26,25,25,25,24,24,25,26,26,26,27,28,29
-79,125,20,24,25,25,24,23,21,22,27,31,29,25,23,23,24,24,24,23,22,21,21,20,20,18,18,18,5,0,0,0,0,0,0,0,0,0,7,27,26,27,28,27,28,30,29,27,27,27,28,27,27,26,26,26,25,22,22,23,24,23,23,24,23
-80,125,20,18,15,16,21,24,24,23,22,22,20,19,18,18,19,19,19,18,18,19,20,20,18,17,18,20,5,0,0,0,0,0,0,0,0,0,5,21,23,24,22,24,26,26,24,25,24,24,25,25,22,20,19,19,19,21,23,20,19,20,21,21,17
-79,125,20,27,25,24,24,24,24,23,22,21,24,26,26,26,27,25,25,25,25,24,25,24,23,22,21,20,6,0,0,0,0,0,0,0,0,0,4,18,18,19,19,20,21,20,21,21,21,21,21,21,21,21,21,21,19,19,20,21,20,22,23,23,25
-80,125,20,18,19,19,18,19,19,17,17,18,17,16,16,18,18,17,17,16,16,17,15,14,13,13,13,13,2,0,0,0,0,0,0,0,0,0,2,15,16,17,18,18,18,19,19,19,20,21,21,19,18,19,18,17,17,16,17,16,17,19,19,18,17
-77,125,20,24,25,24,22,23,22,21,24,25,21,18,18,18,18,19,19,18,17,16,17,16,15,14,15,15,3,0,0,0,0,0,0,0,0,0,5,22,24,24,25,24,25,25,24,25,27,27,26,25,25,25,26,24,24,24,24,25,25,24,23,24,25
-79,125,20,24,25,24,21,22,22,21,23,26,23,19,20,21,21,20,18,18,19,18,16,14,13,12,13,13,3,0,0,0,0,0,0,0,0,0,5,22,22,23,26,27,29,29,28,29,29,28,28,28,27,27,28,27,27,25,24,25,26,27,27,25,24
-80,125,20,21,19,20,22,23,24,23,26,31,28,23,22,24,26,28,30,29,29,28,25,25,25,26,25,25,6,0,0,0,0,0,0,0,0,0,5,22,21,21,21,24,24,23,24,23,23,24,26,25,23,21,19,18,18,20,22,23,21,20,19,20,21
-79,125,20,25,24,23,21,18,18,18,18,18,18,19,19,18,18,19,19,17,16,15,13,13,15,14,13,13,4,0,0,0,0,0,0,0,0,0,6,23,24,27,28,27,28,29,29,28,28,29,29,27,25,26,26,25,25,24,23,22,23,24,24,22,23
-80,125,20,21,19,18,18,20,21,19,16,15,17,17,17,17,15,15,17,17,17,16,16,15,15,14,12,11,3,0,0,0,0,0,0,0,0,0,7,28,29,30,31,29,27,30,32,31,30,30,30,29,26,24,26,26,24,23,23,22,22,23,24,22,20
-79,125,20,24,23,23,22,21,21,21,21,21,22,21,21,21,21,20,21,20,21,21,19,17,17,16,17,17,4,0,0,0,0,0,0,0,0,0,5,22,23,25,26,28,29,27,25,25,25,28,28,28,25,23,23,25,24,23,24,23,23,24,24,22,22
-81,125,20,19,19,18,18,19,19,18,17,22,21,21,23,22,20,21,23,24,23,21,19,21,22,22,20,21,6,0,0,0,0,0,0,0,0,0,8,30,31,33,31,27,28,30,30,28,26,28,29,27,25,23,22,20,18,19,17,17,19,21,21,20,19
-77,125,20,22,22,21,20,20,19,18,19,23,20,17,17,16,17,18,16,16,16,13,12,13,12,12,12,12,3,0,0,0,0,0,0,0,0,0,5,23,24,25,25,24,25,26,26,27,28,28,27,27,26,25,26,26,25,23,22,23,23,23,22,23,23
-77,125,20,23,23,21,21,19,18,17,18,21,20,18,18,18,16,16,16,15,16,16,15,13,11,12,11,10,3,0,0,0,0,0,0,0,0,0,5,22,22,24,26,25,26,26,27,28,28,26,25,26,24,24,25,25,24,25,25,24,24,23,24,23,24
-82,125,20,21,21,23,23,22,22,21,15,10,13,15,17,17,17,17,13,10,12,13,15,15,15,14,13,13,4,0,0,0,0,0,0,0,0,0,5,22,22,24,24,25,25,25,24,23,24,25,25,26,25,23,23,23,21,22,24,24,23,23,23,23,24
-81,125,20,21,21,21,20,22,23,22,24,25,20,18,19,19,19,18,20,22,21,19,21,22,19,17,16,15,3,0,0,0,0,0,0,0,0,0,4,19,20,22,21,19,19,20,21,23,24,23,20,18,18,17,16,16,18,18,18,19,19,20,19,20,21
-80,125,20,22,21,19,18,19,18,17,19,24,23,20,18,18,18,19,18,19,19,19,18,18,16,16,16,16,5,0,0,0,0,0,0,0,0,0,5,21,21,21,22,23,23,22,21,22,24,25,25,21,20,20,21,20,18,19,20,18,18,20,22,23,25
-79,125,20,22,22,23,23,22,22,22,25,28,26,23,23,22,20,20,21,22,21,20,19,19,19,19,18,16,4,0,0,0,0,0,0,0,0,0,6,21,22,23,23,24,24,24,24,25,26,27,27,26,24,24,24,23,23,23,23,22,21,22,23,23,22
-78,125,20,23,24,21,19,19,19,19,22,24,21,17,16,18,19,20,17,15,17,16,15,14,14,15,13,12,2,0,0,0,0,0,0,0,0,0,5,20,21,22,23,23,23,24,25,25,24,24,24,24,23,23,24,24,23,22,23,22,21,21,22,24,25
-81,125,20,18,19,18,18,19,19,19,19,22,21,18,19,19,18,18,19,20,20,19,18,18,18,17,16,17,4,0,0,0,0,0,0,0,0,0,4,19,20,21,22,22,22,23,20,19,19,19,20,20,20,21,21,19,17,16,19,18,18,16,17,18,17
-76,125,20,23,22,21,20,19,19,18,15,13,16,17,18,17,17,17,15,16,14,15,15,14,13,12,11,9,2,0,0,0,0,0,0,0,0,0,4,20,19,20,21,22,23,25,25,25,25,25,24,23,23,23,23,22,22,23,23,24,24,24,24,24,23
-80,125,20,22,21,20,20,19,20,22,24,27,25,25,25,25,25,25,24,24,24,24,23,20,18,18,18,19,4,0,0,0,0,0,0,0,0,0,5,19,19,20,21,21,21,21,22,21,20,22,23,21,20,18,20,20,19,17,17,18,20,20,19,20,21
-81,125,20,19,17,16,16,18,19,19,19,20,20,20,19,20,21,22,23,23,22,20,19,21,20,20,19,17,4,0,0,0,0,0,0,0,0,0,8,32,32,33,34,35,33,32,33,32,29,29,30,28,25,23,24,23,22,20,19,22,25,23,21,23,24
-77,125,20,26,26,26,24,23,22,22,22,25,23,20,19,20,20,20,20,19,20,20,18,16,15,15,14,12,2,0,0,0,0,0,0,0,0,0,5,21,20,22,23,23,24,23,23,24,26,27,27,26,25,25,24,23,25,25,25,25,25,25,26,27,28
-78,125,20,18,18,18,17,17,16,17,17,18,17,15,15,15,17,17,16,16,17,15,14,12,13,13,12,11,2,0,0,0,0,0,0,0,0,0,3,19,19,20,20,21,21,22,22,23,24,23,24,23,22,22,22,21,19,20,20,20,21,21,21,19,19
-78,125,20,25,23,23,23,23,22,22,23,26,23,19,19,20,20,19,18,18,18,18,17,16,15,14,13,13,3,0,0,0,0,0,0,0,0,0,5,19,20,21,21,22,22,24,24,25,25,25,24,24,23,22,23,24,24,23,21,21,23,24,24,25,25
-81,125,20,25,25,24,22,21,22,23,20,17,20,22,21,22,23,23,24,25,23,22,20,18,19,19,19,19,5,0,0,0,0,0,0,0,0,0,7,25,26,26,26,26,28,27,28,27,27,29,29,27,24,22,22,22,23,23,22,24,25,24,22,23,24
-79,125,20,21,20,22,22,22,21,21,22,25,23,20,18,20,20,19,20,20,19,19,18,18,18,17,15,15,4,0,0,0,0,0,0,0,0,0,6,23,24,24,25,26,27,26,26,26,26,27,27,27,26,25,24,24,23,22,23,22,19,19,20,21,21
-78,125,20,25,25,23,21,22,21,20,18,15,17,18,18,19,19,18,17,16,16,16,15,13,13,13,13,13,4,0,0,0,0,0,0,0,0,0,6,23,24,25,26,26,27,28,28,27,27,29,29,28,27,27,27,25,25,26,24,23,23,24,25,27,26
-81,125,20,24,25,26,28,27,24,23,19,18,22,25,28,29,28,30,33,32,30,30,29,28,27,27,26,25,6,0,0,0,0,0,0,0,0,0,6,21,22,24,23,22,22,23,23,22,22,25,26,26,25,23,21,21,20,20,21,21,20,21,24,25,23
-78,125,20,22,21,21,20,19,18,19,20,19,19,18,18,18,18,18,17,16,18,18,17,16,15,15,14,13,4,0,0,0,0,0,0,0,0,0,6,23,24,25,26,27,28,29,30,29,29,30,30,30,29,28,27,27,26,26,26,24,24,24,25,25,24
-80,125,20,15,17,16,15,15,17,17,17,18,17,18,20,22,24,26,25,24,23,24,26,26,25,24,24,26,7,0,0,0,0,0,0,0,0,0,7,31,32,31,30,29,30,29,29,28,29,29,27,25,23,21,22,24,22,19,18,17,15,15,17,18,17
-79,125,20,23,21,19,19,18,17,17,19,20,19,19,19,17,19,20,20,20,19,17,16,15,15,15,15,14,3,0,0,0,0,0,0,0,0,0,5,22,25,27,27,27,28,29,28,28,28,28,28,29,27,26,26,25,25,25,26,24,23,22,22,24,26
-81,125,20,21,19,19,20,21,20,20,24,27,24,21,23,23,24,24,25,26,26,23,21,21,21,20,21,22,5,0,0,0,0,0,0,0,0,0,5,20,21,21,21,23,25,23,21,21,22,23,21,20,19,20,21,22,20,18,18,18,19,20,21,21,21
-80,125,20,18,19,20,20,20,19,19,18,19,18,18,19,20,20,21,21,21,21,19,17,17,19,19,19,19,5,0,0,0,0,0,0,0,0,0,5,21,21,23,25,25,23,21,22,24,25,26,25,24,25,23,22,22,22,22,20,18,18,18,20,21,21
-79,125,20,24,22,21,21,22,23,22,21,21,20,21,21,22,20,20,19,18,18,18,17,16,17,16,14,13,3,0,0,0,0,0,0,0,0,0,6,24,23,24,24,25,26,25,24,25,27,27,27,26,25,25,26,25,22,22,21,21,20,21,22,23,23
-80,125,20,25,24,23,23,24,24,25,25,25,25,25,25,25,25,26,26,26,29,28,24,22,22,23,22,20,5,0,0,0,0,0,0,0,0,0,5,19,20,23,24,22,22,24,24,24,25,26,25,23,22,21,21,22,20,18,19,20,21,21,22,22,22
-80,125,20,29,32,29,25,26,26,27,22,18,22,23,22,24,25,26,25,26,27,25,22,23,23,22,20,22,5,0,0,0,0,0,0,0,0,0,4,17,18,20,20,19,19,19,18,17,18,20,21,22,21,21,21,21,19,18,19,19,21,22,23,25,27
-79,125,20,29,30,27,26,29,30,27,22,18,21,23,24,26,27,28,28,28,28,28,25,23,21,21,21,21,4,0,0,0,0,0,0,0,0,0,3,15,16,17,17,17,17,19,19,20,21,21,21,21,21,22,21,20,20,20,20,21,20,21,25,25,23
-79,125,20,21,22,22,23,21,18,16,12,11,15,17,16,17,18,17,16,17,17,16,15,14,14,13,13,12,2,0,0,0,0,0,0,0,0,0,4,21,24,26,25,26,26,26,27,27,28,30,30,28,25,24,23,24,24,24,23,24,24,24,25,25,25
-80,125,20,23,23,22,21,21,22,23,21,19,21,23,21,21,23,25,24,23,23,22,20,19,20,19,18,19,5,0,0,0,0,0,0,0,0,0,6,21,22,22,22,23,23,24,24,22,21,23,24,23,21,20,21,21,21,20,20,22,23,24,26,25,23
-79,125,20,25,26,25,24,24,24,23,19,18,19,20,20,21,21,23,24,24,24,24,21,20,20,19,17,17,4,0,0,0,0,0,0,0,0,0,5,21,20,21,24,21,22,25,25,24,24,26,27,25,23,23,23,24,23,23,22,21,21,22,24,24,26
-80,125,20,25,24,25,24,24,23,23,21,19,25,28,25,26,29,29,27,27,27,26,25,24,24,25,23,21,5,0,0,0,0,0,0,0,0,0,3,16,16,17,18,20,20,20,18,19,20,20,20,19,18,18,19,20,20,20,20,19,19,21,25,25,24
-78,125,20,25,24,23,21,18,18,20,22,25,23,19,17,16,16,16,16,16,15,14,14,14,15,14,13,14,4,0,0,0,0,0,0,0,0,0,6,23,24,25,28,29,29,29,28,27,28,29,28,27,27,27,27,25,25,26,25,24,25,25,27,27,29
-78,125,20,20,22,22,19,19,18,18,14,11,14,16,15,14,15,16,17,17,17,16,14,12,11,12,11,11,2,0,0,0,0,0,0,0,0,0,5,22,23,24,25,25,27,27,25,26,27,27,27,27,26,26,26,25,24,23,23,23,23,22,24,26,25
-79,125,20,19,19,19,18,17,17,17,18,19,17,16,16,15,14,13,13,13,13,13,13,12,10,9,10,10,2,0,0,0,0,0,0,0,0,0,5,21,21,22,23,23,23,24,25,25,25,25,24,23,23,24,24,23,21,21,21,22,22,20,20,20,20
-79,125,20,25,25,25,24,23,22,21,22,24,24,22,22,22,21,20,20,22,23,22,20,19,18,18,17,15,4,0,0,0,0,0,0,0,0,0,6,22,23,24,26,27,28,29,28,26,26,28,29,29,26,25,25,25,25,26,26,25,23,24,24,24,25
-83,125,20,18,21,21,17,16,16,14,14,17,18,18,19,20,19,18,19,20,19,19,19,20,19,17,17,17,5,0,0,0,0,0,0,0,0,0,7,29,29,29,30,31,32,32,31,30,30,30,28,26,23,22,21,21,21,20,18,18,20,21,21,21,23
-77,125,20,27,26,27,27,25,23,23,21,21,20,21,21,21,20,21,20,19,17,16,16,16,17,15,14,12,4,0,0,0,0,0,0,0,0,0,5,21,22,24,24,26,28,27,27,28,27,27,29,28,26,26,26,25,25,26,27,27,27,27,27,28,27
-80,125,20,18,19,19,18,19,19,18,21,21,20,18,18,20,21,23,22,22,24,24,24,24,23,22,22,22,5,0,0,0,0,0,0,0,0,0,5,22,19,18,17,19,19,18,19,19,19,19,19,18,17,16,16,15,16,17,17,16,17,17,17,20,20
-82,125,20,22,21,23,25,24,26,26,28,32,30,26,25,26,26,27,27,27,28,27,27,26,23,22,23,24,5,0,0,0,0,0,0,0,0,0,4,17,17,16,15,16,15,14,14,14,14,16,17,18,21,21,19,18,18,17,19,20,20,20,21,23,23
-81,125,20,21,24,24,22,19,18,20,21,21,19,18,18,21,22,21,21,24,25,22,19,20,21,20,19,20,5,0,0,0,0,0,0,0,0,0,6,23,23,24,25,25,26,27,27,26,25,25,25,24,23,23,23,22,21,22,21,21,22,19,20,22,24
-78,125,20,23,24,23,22,22,20,18,18,19,20,18,16,17,17,17,17,16,15,14,13,12,11,11,11,10,2,0,0,0,0,0,0,0,0,0,4,20,21,22,23,24,26,26,26,26,27,27,27,27,26,25,26,25,24,24,24,24,26,26,24,24,24
-81,125,20,18,17,17,17,16,16,18,18,18,20,22,21,21,23,23,25,26,25,25,25,25,23,24,25,25,5,0,0,0,0,0,0,0,0,0,5,23,24,25,26,25,26,27,26,23,22,24,26,26,25,23,21,21,21,21,18,18,19,20,18,18,19
-77,125,20,24,24,24,24,23,22,21,22,23,21,19,19,19,19,20,19,17,17,16,15,14,13,13,13,11,3,0,0,0,0,0,0,0,0,0,6,24,25,26,26,27,28,30,30,30,30,30,31,30,29,27,27,26,26,26,25,27,27,27,27,29,28
-79,125,20,21,21,20,19,19,20,18,21,25,22,18,18,18,18,17,18,18,19,17,17,18,18,16,15,14,3,0,0,0,0,0,0,0,0,0,6,25,26,25,24,25,25,24,25,25,25,26,26,24,23,24,23,22,21,19,20,22,22,20,21,22,23
-80,125,20,26,26,25,25,25,25,25,24,21,22,22,23,25,25,24,23,22,23,23,23,22,20,21,20,18,5,0,0,0,0,0,0,0,0,0,6,20,18,19,21,21,22,24,24,24,25,27,27,26,24,24,23,21,19,22,23,24,24,24,25,25,24
-78,125,20,27,27,26,27,26,25,26,25,25,25,24,24,24,24,24,24,24,24,23,22,21,19,19,19,20,6,0,0,0,0,0,0,0,0,0,2,9,11,13,13,13,15,15,14,16,18,20,21,22,22,22,23,21,21,22,22,23,24,24,25,26,26
-81,125,20,18,18,19,18,18,18,18,24,31,27,21,23,24,24,25,26,28,28,29,28,28,26,26,23,21,4,0,0,0,0,0,0,0,0,0,5,25,25,25,24,25,26,26,25,23,24,24,24,24,24,21,19,18,17,16,14,14,15,15,18,20,18
-80,125,20,22,21,20,20,22,22,20,18,17,17,19,20,19,19,19,18,19,20,17,16,16,15,15,15,15,3,0,0,0,0,0,0,0,0,0,4,19,21,22,23,23,23,22,22,21,22,23,24,24,23,23,21,21,19,19,20,20,20,21,20,19,20
-79,125,20,22,24,23,20,18,19,18,13,11,17,21,21,19,18,19,19,18,17,17,19,18,17,16,16,17,5,0,0,0,0,0,0,0,0,0,6,21,22,24,25,25,25,26,26,27,27,26,25,26,25,23,25,24,23,23,24,23,23,25,24,21,21
-80,125,20,19,24,23,19,16,15,15,20,22,19,17,18,18,17,17,20,20,21,21,21,20,20,17,17,19,4,0,0,0,0,0,0,0,0,0,5,24,24,25,25,25,27,27,27,27,28,28,27,24,24,22,22,24,22,22,25,23,20,20,19,21,26
-82,125,20,22,25,23,21,20,20,22,25,27,25,23,24,24,24,24,25,26,27,26,24,24,25,24,24,24,6,0,0,0,0,0,0,0,0,0,6,25,24,23,24,25,27,25,24,24,25,27,25,22,22,20,18,17,18,19,18,18,19,19,18,17,16
-82,125,20,16,12,15,18,18,18,21,20,16,13,16,17,16,15,15,16,16,16,17,17,17,17,14,12,12,2,0,0,0,0,0,0,0,0,0,4,17,18,18,21,21,20,19,19,20,20,20,21,21,20,20,19,17,16,18,17,16,20,23,20,17,15
-79,125,20,20,20,21,20,19,19,20,17,14,17,21,21,21,23,22,22,22,23,24,22,20,20,20,19,20,5,0,0,0,0,0,0,0,0,0,4,21,20,21,23,22,20,20,21,23,23,22,21,20,19,18,18,20,19,19,20,21,22,21,20,19,19
-76,125,20,25,24,24,23,25,25,23,24,27,26,24,24,24,24,23,24,23,22,22,21,20,21,20,19,18,5,0,0,0,0,0,0,0,0,0,3,13,13,13,14,16,17,17,18,19,22,23,22,21,21,21,21,21,21,21,21,22,23,24,23,24,26
-81,125,20,20,17,18,20,20,18,16,18,22,20,18,17,16,17,17,17,17,17,18,17,16,14,13,12,14,2,0,0,0,0,0,0,0,0,0,4,20,21,22,22,21,22,24,24,24,25,25,23,22,21,20,20,18,18,21,20,20,22,21,19,19,21
-79,125,20,25,24,25,25,23,22,22,20,18,18,21,22,21,19,21,22,21,19,20,20,19,19,18,17,17,4,0,0,0,0,0,0,0,0,0,5,21,24,25,24,24,25,26,25,27,28,29,29,28,26,25,25,24,22,21,21,22,23,23,24,24,23
-77,125,20,25,26,26,25,23,23,22,19,18,20,22,23,23,22,21,21,22,21,19,18,19,18,17,17,17,3,0,0,0,0,0,0,0,0,0,4,17,17,18,20,19,20,21,22,22,23,25,25,24,23,22,24,25,24,23,24,24,24,23,24,26,28
-77,125,20,28,26,24,23,23,23,25,23,21,21,21,20,20,20,20,21,19,20,18,16,15,15,13,13,11,3,0,0,0,0,0,0,0,0,0,6,22,23,24,25,25,26,26,26,27,28,28,28,28,27,27,27,26,24,24,24,24,25,26,27,29,30
-80,125,20,20,21,22,21,19,18,19,19,18,17,18,19,21,20,19,19,20,20,18,18,17,17,17,17,17,5,0,0,0,0,0,0,0,0,0,5,22,22,23,25,25,24,25,26,26,25,25,24,25,24,22,22,20,19,20,20,21,23,23,21,20,21
-82,125,20,6,5,6,9,10,9,10,15,19,16,13,16,18,20,22,21,18,20,23,23,23,24,24,23,22,5,0,0,0,0,0,0,0,0,0,7,29,31,32,31,31,30,29,28,28,28,26,25,25,23,21,19,17,15,14,13,11,10,12,14,13,12
-80,125,20,24,24,22,20,21,21,18,16,17,20,21,21,22,23,24,24,24,23,24,24,23,22,22,22,23,5,0,0,0,0,0,0,0,0,0,6,23,21,22,22,23,23,24,23,23,21,21,21,21,21,20,17,16,16,18,18,17,17,17,17,19,22
-79,125,20,23,23,23,22,21,21,21,20,21,21,21,20,20,20,19,19,19,18,18,19,19,17,17,14,12,3,0,0,0,0,0,0,0,0,0,2,14,15,16,16,17,17,18,19,20,21,22,22,23,21,21,20,20,20,21,21,21,23,22,19,20,22
-82,125,20,17,19,21,20,19,20,20,19,21,20,19,19,20,20,21,21,20,20,21,21,20,18,17,18,19,4,0,0,0,0,0,0,0,0,0,5,21,21,22,23,22,21,21,21,22,21,21,22,19,18,18,19,19,17,16,16,15,15,17,18,19,20
-82,125,20,22,21,21,22,21,20,20,18,17,22,25,27,28,26,25,27,27,26,24,25,26,25,24,25,27,6,0,0,0,0,0,0,0,0,0,5,20,22,21,20,20,20,21,22,22,22,23,21,21,20,18,19,19,18,16,16,17,16,19,21,20,19
-78,125,20,26,26,26,25,25,26,26,25,25,25,23,23,24,25,25,25,24,24,23,22,21,19,18,18,18,5,0,0,0,0,0,0,0,0,0,3,10,11,13,14,15,15,16,16,17,18,19,20,19,19,20,22,23,23,21,21,23,23,23,24,25,25
-76,125,20,26,25,26,25,25,25,25,27,28,25,24,25,25,25,25,24,23,24,23,22,21,20,19,18,19,4,0,0,0,0,0,0,0,0,0,1,7,8,10,12,12,14,15,15,16,17,17,18,19,20,21,22,21,21,22,22,23,23,24,26,28,31
-79,125,20,23,22,20,21,21,19,18,22,26,22,17,16,17,18,18,19,19,18,18,17,17,17,16,16,16,3,0,0,0,0,0,0,0,0,0,5,22,24,25,25,26,27,27,27,27,26,26,26,25,23,23,23,22,20,20,21,22,22,21,21,23,23
-81,125,20,20,19,21,22,23,19,17,19,22,21,19,18,18,19,18,19,18,17,16,17,16,14,14,14,14,4,0,0,0,0,0,0,0,0,0,5,21,22,25,25,24,25,25,25,28,28,29,28,25,25,25,27,26,25,23,21,22,23,20,21,23,25
-82,125,20,14,13,14,14,13,12,10,10,13,9,9,9,9,9,12,12,11,13,14,11,9,10,11,11,12,3,0,0,0,0,0,0,0,0,0,5,25,25,26,27,27,27,27,26,25,26,28,28,27,25,25,24,21,18,19,20,18,17,16,15,16,15
-79,125,20,23,25,26,25,24,25,23,21,21,26,29,27,28,28,28,28,28,26,25,26,26,24,22,22,22,6,0,0,0,0,0,0,0,0,0,5,19,20,20,19,19,20,20,21,23,23,24,24,23,21,20,21,20,19,20,23,22,21,20,21,22,23
-77,125,20,27,27,27,27,26,25,26,27,27,27,25,24,24,25,26,25,23,22,21,21,20,19,18,18,18,5,0,0,0,0,0,0,0,0,0,4,15,17,17,17,17,19,20,21,22,22,24,24,24,24,24,24,25,23,23,23,22,23,24,25,27,28
-78,125,20,25,25,24,23,23,24,24,25,27,25,23,23,23,24,25,26,26,25,25,23,22,23,22,21,19,5,0,0,0,0,0,0,0,0,0,3,15,16,18,18,19,21,22,21,20,21,21,21,21,21,19,20,21,21,20,19,21,20,19,21,23,23
-77,125,20,26,26,25,24,24,24,24,27,30,23,19,19,21,22,24,23,22,21,20,20,19,17,17,17,15,3,0,0,0,0,0,0,0,0,0,4,18,19,19,20,20,21,22,22,23,25,26,26,26,26,25,24,24,24,24,23,23,25,27,26,25,25
-78,125,20,21,20,20,21,21,21,20,24,27,23,19,17,17,19,20,19,19,21,20,19,19,18,18,17,14,3,0,0,0,0,0,0,0,0,0,5,23,23,24,24,24,25,26,25,24,25,26,25,24,22,23,23,22,21,20,19,20,20,19,21,21,20
-79,125,20,26,25,22,19,19,21,22,21,18,19,20,20,20,19,18,17,19,18,16,16,14,13,13,13,14,4,0,0,0,0,0,0,0,0,0,6,22,21,22,23,23,26,26,25,25,27,27,26,26,25,24,24,25,24,23,23,24,24,23,24,26,28
-78,125,20,24,25,24,23,26,26,24,26,29,25,22,23,23,23,23,23,23,22,22,20,19,18,18,18,17,3,0,0,0,0,0,0,0,0,0,3,19,19,20,20,20,21,23,23,24,26,26,25,23,22,21,22,23,23,23,23,23,23,23,24,23,24
-77,125,20,27,26,25,24,23,23,24,21,17,20,23,22,21,21,21,21,22,20,19,19,19,18,17,17,18,5,0,0,0,0,0,0,0,0,0,5,19,20,21,22,21,23,23,24,24,24,25,25,24,23,24,24,23,22,22,23,24,23,23,25,26,26
-74,125,20,27,26,25,25,25,25,25,26,24,24,24,26,26,26,25,25,25,25,23,23,21,20,19,19,19,4,0,0,0,0,0,0,0,0,0,2,7,8,9,10,12,13,13,14,15,16,18,18,19,20,21,21,20,20,20,20,20,22,22,23,24,26
-81,125,20,22,20,20,18,18,19,18,13,11,16,17,14,13,14,14,15,14,13,12,12,11,9,8,7,7,2,0,0,0,0,0,0,0,0,0,6,24,24,25,26,27,28,28,28,27,27,29,29,27,25,24,25,24,22,22,24,24,25,26,25,24,24
-82,125,20,22,20,19,20,21,22,21,18,17,17,20,22,21,20,21,21,20,21,19,18,18,18,20,19,17,3,0,0,0,0,0,0,0,0,0,4,19,19,20,21,21,21,22,22,22,21,21,21,22,20,17,17,18,17,16,16,17,18,19,19,20,17
-81,125,20,20,18,20,22,22,21,20,17,17,19,22,23,22,21,23,24,23,23,22,20,19,19,18,17,18,5,0,0,0,0,0,0,0,0,0,7,27,27,27,27,28,28,28,28,26,25,25,24,22,22,23,24,22,19,20,23,21,18,20,23,21,21
-81,125,20,24,23,22,22,22,23,21,23,25,22,20,22,23,22,21,20,20,21,20,17,16,17,18,17,17,5,0,0,0,0,0,0,0,0,0,5,22,24,25,24,25,25,24,25,25,25,25,23,22,22,23,24,23,22,20,18,19,20,20,20,20,19
-82,125,20,14,17,18,16,14,13,15,17,20,20,17,15,14,17,18,18,18,20,21,21,20,18,18,19,19,4,0,0,0,0,0,0,0,0,0,5,20,19,20,21,23,23,22,21,21,21,21,20,20,20,19,17,16,17,15,14,16,18,17,17,18,16
-74,125,20,25,25,26,26,26,24,25,24,26,26,24,23,24,24,25,26,26,24,23,22,19,19,20,19,18,4,0,0,0,0,0,0,0,0,0,2,8,8,10,10,10,12,14,14,16,16,17,18,19,19,19,20,20,20,20,21,21,22,24,25,25,25
-76,125,20,23,23,22,21,22,20,20,24,25,22,18,17,18,19,21,20,19,18,18,17,18,17,17,14,13,3,0,0,0,0,0,0,0,0,0,3,18,18,19,19,19,20,22,23,23,24,24,24,23,22,21,21,22,23,23,22,22,22,22,22,24,23
-78,125,20,23,23,21,21,23,23,21,22,26,24,21,21,21,22,22,21,22,21,20,19,18,18,18,17,16,3,0,0,0,0,0,0,0,0,0,3,14,16,18,19,20,21,22,22,22,23,23,24,25,24,23,23,23,22,21,24,24,23,24,25,25,26
-82,125,20,21,21,18,17,19,21,20,23,27,26,23,23,25,25,27,26,25,25,24,24,24,22,20,21,22,5,0,0,0,0,0,0,0,0,0,5,20,19,18,19,19,19,18,18,17,17,18,20,19,17,17,18,17,16,15,15,17,18,20,20,18,17
-79,125,20,21,21,21,22,22,20,19,19,21,21,21,20,20,20,20,19,21,21,21,19,18,17,17,17,17,4,0,0,0,0,0,0,0,0,0,4,19,19,19,21,21,21,23,23,24,23,23,22,22,23,21,20,20,19,20,21,21,22,23,23,22,21
-80,125,20,25,24,22,22,22,23,21,25,30,26,22,22,22,21,20,22,22,20,22,21,20,20,20,18,17,3,0,0,0,0,0,0,0,0,0,4,18,17,19,21,22,23,21,22,23,23,21,20,20,20,20,21,19,18,18,19,19,20,18,20,21,21
-78,125,20,34,34,30,29,31,34,35,28,22,24,29,30,31,31,31,30,29,29,26,24,22,23,25,24,21,5,0,0,0,0,0,0,0,0,0,10,41,42,42,42,43,47,48,46,44,43,44,46,44,42,41,42,41,39,41,44,41,37,33,35,38,37
-77,125,20,21,23,24,23,22,19,17,14,13,17,17,15,16,17,18,17,17,16,15,15,13,12,12,12,13,3,0,0,0,0,0,0,0,0,0,5,22,21,23,25,24,25,27,28,28,28,27,26,26,25,25,24,24,23,22,21,21,21,21,21,23,24
-76,125,20,51,52,49,43,39,41,40,38,40,40,37,35,35,36,35,33,31,29,29,28,25,23,23,21,17,4,0,0,0,0,0,0,0,0,0,10,45,48,49,49,50,51,53,54,55,57,57,56,54,53,54,56,53,49,48,48,49,49,50,49,51,55
-81,125,20,20,20,18,18,18,18,18,23,26,23,20,22,23,23,24,23,22,22,21,22,20,18,18,20,20,5,0,0,0,0,0,0,0,0,0,4,18,18,17,16,17,18,19,18,17,17,18,18,18,18,17,15,14,14,16,18,17,16,16,17,17,18
-80,125,20,18,18,19,19,18,19,20,16,13,17,20,19,18,18,20,22,22,19,17,17,17,17,17,17,17,3,0,0,0,0,0,0,0,0,0,5,25,25,25,25,26,26,25,25,25,26,27,26,26,25,22,21,21,20,21,19,18,17,18,20,20,21
-78,125,20,23,22,21,21,21,20,19,21,24,23,20,20,20,22,23,23,23,23,21,21,20,18,17,17,18,5,0,0,0,0,0,0,0,0,0,5,19,19,19,21,20,20,21,22,21,20,22,23,24,22,22,23,23,21,21,21,22,21,20,21,22,22
-80,125,20,20,20,20,17,17,18,19,22,27,24,21,21,19,20,22,21,19,20,21,19,18,19,18,16,15,3,0,0,0,0,0,0,0,0,0,6,27,27,28,27,26,26,28,28,27,28,27,28,28,25,22,22,20,20,20,21,21,19,18,20,20,20
-76,125,20,23,22,21,20,20,20,19,21,22,20,18,18,17,16,16,16,16,15,15,14,12,11,12,12,10,2,0,0,0,0,0,0,0,0,0,5,23,23,24,25,25,25,25,24,25,27,27,26,26,25,25,25,24,23,23,22,22,23,23,22,24,24
-79,125,20,18,17,18,19,18,18,16,12,12,14,16,16,16,16,16,16,15,14,14,14,13,12,12,11,13,3,0,0,0,0,0,0,0,0,0,5,20,22,22,24,24,24,25,25,24,23,23,22,22,22,21,21,20,20,21,20,20,21,21,20,21,22
-75,125,20,27,27,26,26,24,25,26,27,29,27,25,26,27,25,24,25,25,25,25,24,22,21,20,20,20,5,0,0,0,0,0,0,0,0,0,2,8,8,10,12,13,14,14,16,17,17,18,20,20,20,20,21,21,20,21,22,23,25,24,24,26,28
-77,125,20,28,28,28,28,27,26,26,27,27,26,25,26,27,26,26,26,26,26,25,23,22,22,21,20,20,5,0,0,0,0,0,0,0,0,0,3,11,11,12,15,15,16,17,20,20,20,21,22,22,21,20,22,23,22,23,23,24,24,24,26,27,27
-81,125,20,20,20,19,18,18,19,19,15,13,16,18,18,17,16,18,19,18,16,15,16,16,13,12,11,11,2,0,0,0,0,0,0,0,0,0,6,23,24,26,26,25,28,29,27,25,27,30,29,26,24,22,21,23,20,18,20,21,21,21,21,21,23
-82,125,20,20,21,22,21,19,18,19,16,13,15,18,20,20,20,21,21,22,24,23,23,22,22,21,20,18,5,0,0,0,0,0,0,0,0,0,8,31,32,33,33,33,33,32,31,29,29,29,27,26,26,24,23,23,21,20,21,21,18,16,18,20,23
-78,125,20,24,24,23,21,21,20,20,18,15,17,18,19,20,20,18,17,17,18,17,15,13,13,12,12,12,3,0,0,0,0,0,0,0,0,0,5,22,23,25,27,28,29,29,29,29,29,29,29,29,28,27,27,25,23,23,24,25,25,24,25,26,27
-80,125,20,24,21,20,19,20,21,20,24,26,21,17,19,21,21,20,18,18,19,17,16,16,16,16,15,16,4,0,0,0,0,0,0,0,0,0,5,23,25,26,26,26,28,27,28,29,29,29,29,27,26,25,24,23,22,21,22,21,21,22,23,24,26
-79,125,20,22,21,20,20,20,19,17,18,22,20,17,16,15,14,13,13,13,14,14,13,11,10,10,10,10,2,0,0,0,0,0,0,0,0,0,6,25,26,26,26,27,29,31,31,30,30,29,29,29,29,30,28,26,24,23,21,21,23,23,24,25,27
-82,125,20,16,18,19,19,20,18,17,14,10,14,17,16,16,17,18,20,20,20,19,17,16,15,15,15,14,3,0,0,0,0,0,0,0,0,0,6,24,24,26,26,25,25,25,25,25,25,24,24,24,23,21,21,21,21,21,20,18,19,19,18,17,19
-81,125,20,20,20,22,23,23,22,22,21,21,21,21,21,22,25,26,26,24,23,23,22,21,20,21,20,18,4,0,0,0,0,0,0,0,0,0,5,21,21,21,21,21,21,20,19,21,21,21,21,21,21,21,18,18,18,19,20,21,22,20,19,19,20
-78,125,20,24,25,23,21,23,22,19,22,25,22,20,22,23,22,21,20,19,18,19,19,17,17,17,16,15,4,0,0,0,0,0,0,0,0,0,5,22,22,24,24,25,26,26,25,26,25,26,26,25,23,23,25,23,23,23,22,22,21,21,23,24,24
-80,125,20,21,20,20,20,19,19,19,22,24,19,15,16,17,18,17,16,17,17,15,14,14,13,12,13,11,3,0,0,0,0,0,0,0,0,0,6,25,25,25,25,27,29,30,29,28,29,30,28,27,27,27,26,25,23,23,22,22,22,24,24,23,23
-76,125,20,28,27,27,27,25,24,25,23,22,23,24,22,24,25,26,26,25,22,22,22,22,21,21,21,18,4,0,0,0,0,0,0,0,0,0,2,8,9,10,12,13,14,16,16,18,20,21,22,22,21,21,20,21,22,24,24,24,24,26,26,27,27
-81,125,20,17,16,14,16,19,17,15,17,20,18,18,19,21,22,22,21,20,18,19,21,21,21,20,19,18,5,0,0,0,0,0,0,0,0,0,5,19,22,24,24,24,22,22,22,21,23,24,24,22,19,20,21,17,15,15,16,15,17,18,18,18,16
-81,125,20,22,25,27,28,26,24,21,16,13,18,20,21,24,26,28,28,27,27,25,23,23,23,23,22,23,5,0,0,0,0,0,0,0,0,0,4,19,19,20,21,21,20,20,21,22,22,22,23,22,19,20,21,20,18,18,18,18,18,20,22,22,23
-80,125,20,25,24,25,25,23,23,21,17,15,21,25,26,27,26,26,26,26,26,24,23,23,23,25,25,21,5,0,0,0,0,0,0,0,0,0,6,23,23,24,23,23,25,26,25,24,25,25,26,25,22,21,21,22,23,23,21,20,19,21,22,23,25
-79,125,20,24,24,23,20,20,23,25,21,18,21,23,23,24,25,27,28,26,24,23,23,23,22,24,23,20,5,0,0,0,0,0,0,0,0,0,4,16,18,19,20,20,19,20,22,22,21,22,22,19,17,17,17,18,19,18,19,20,20,19,20,21,19
-77,125,20,26,25,24,23,21,21,22,22,22,20,18,17,18,19,18,18,18,16,15,15,14,13,12,12,10,2,0,0,0,0,0,0,0,0,0,5,21,22,23,25,26,27,28,29,28,28,29,28,28,27,27,28,26,24,26,25,24,26,27,26,26,27
-81,125,20,23,23,23,24,25,24,22,16,11,15,22,23,23,22,23,24,24,23,21,21,21,20,19,18,18,4,0,0,0,0,0,0,0,0,0,5,23,23,24,25,26,25,25,25,26,27,29,27,25,24,22,22,23,23,24,22,22,22,21,20,20,23
-80,125,20,18,19,19,18,18,19,19,22,26,23,20,20,21,23,24,24,23,24,24,24,23,23,21,21,23,6,0,0,0,0,0,0,0,0,0,7,24,26,28,28,28,27,25,24,25,26,26,25,24,24,24,23,20,20,18,19,19,19,21,20,18,17
-82,125,20,19,18,17,17,19,21,19,18,20,22,21,19,20,22,25,26,25,25,23,21,22,23,23,23,23,6,0,0,0,0,0,0,0,0,0,7,28,29,29,28,27,28,28,27,26,26,25,24,22,22,22,21,19,17,16,18,21,20,18,18,16,16
-76,125,20,26,26,25,23,23,23,22,23,25,23,21,21,20,19,19,18,17,17,16,15,15,15,14,13,11,3,0,0,0,0,0,0,0,0,0,5,21,20,21,21,22,22,23,23,24,25,26,27,27,26,25,26,25,24,24,24,23,24,25,24,25,26
-78,125,20,26,28,27,25,25,24,23,27,31,27,21,21,22,25,26,24,23,21,21,20,21,20,17,15,14,3,0,0,0,0,0,0,0,0,0,5,19,21,22,23,23,23,25,24,23,24,26,26,26,24,24,25,25,24,24,23,23,23,24,26,25,26
-80,125,20,22,22,23,22,22,24,24,28,31,27,24,23,23,24,24,24,25,24,23,23,23,23,23,21,20,5,0,0,0,0,0,0,0,0,0,4,18,18,19,18,17,18,18,18,19,19,19,20,20,20,18,18,18,18,18,19,20,20,20,20,22,24
-79,125,20,26,25,23,23,22,22,22,24,24,22,21,22,20,19,20,20,22,22,20,18,17,16,15,15,15,4,0,0,0,0,0,0,0,0,0,6,24,26,29,30,30,30,30,30,31,31,30,30,31,30,27,27,27,26,28,28,27,25,26,26,27,26
-81,125,20,21,22,21,20,20,20,21,18,18,21,22,21,22,22,25,26,25,25,25,24,23,22,21,20,21,5,0,0,0,0,0,0,0,0,0,5,16,17,18,19,20,20,20,20,18,19,20,20,18,17,17,17,17,16,17,17,15,14,16,18,19,23
-81,125,20,23,22,22,22,21,23,24,28,30,25,23,23,23,24,25,24,25,26,25,24,23,22,22,21,21,5,0,0,0,0,0,0,0,0,0,2,15,15,15,15,15,16,16,15,15,16,18,19,17,17,18,16,14,15,17,18,19,20,20,21,20,18
-79,125,20,35,34,34,36,36,32,31,34,34,30,31,34,34,32,30,31,33,32,31,29,28,27,27,24,24,6,0,0,0,0,0,0,0,0,0,6,27,28,27,29,32,34,35,36,34,32,33,35,35,35,33,32,33,33,32,33,32,33,36,36,35,36
-83,125,20,10,9,11,12,12,11,11,10,12,14,18,19,19,19,21,21,22,25,27,25,26,26,25,26,25,5,0,0,0,0,0,0,0,0,0,6,30,32,34,33,31,32,34,32,28,26,27,27,26,23,19,19,19,16,14,14,12,11,10,10,12,11
-80,125,20,21,23,24,22,19,20,22,19,15,20,24,23,24,25,26,27,27,25,25,25,25,24,22,20,19,4,0,0,0,0,0,0,0,0,0,4,17,15,16,17,18,18,19,19,19,19,19,18,17,17,18,17,16,17,18,19,16,17,17,18,18,19
-78,125,20,25,24,23,22,22,21,21,21,20,22,22,20,20,21,22,22,21,21,19,18,19,19,17,15,13,4,0,0,0,0,0,0,0,0,0,5,19,19,19,20,21,22,22,22,23,22,23,24,24,23,23,21,21,21,22,23,23,23,23,25,25,25
-76,125,20,24,24,23,23,23,22,21,22,24,21,18,19,19,18,18,17,17,17,16,14,13,13,12,11,11,2,0,0,0,0,0,0,0,0,0,5,20,21,23,23,23,23,23,24,25,26,25,25,25,24,23,24,23,23,23,23,24,24,23,24,25,27
-79,125,20,21,20,20,21,20,21,21,23,26,24,20,18,19,20,22,22,20,19,20,21,19,19,18,17,14,4,0,0,0,0,0,0,0,0,0,6,24,23,24,24,24,25,26,26,25,25,25,25,26,23,22,24,23,22,22,21,21,23,23,23,21,20
-77,125,20,23,24,24,25,25,23,19,20,25,22,18,19,20,21,21,20,19,19,18,16,16,16,15,15,14,3,0,0,0,0,0,0,0,0,0,4,17,18,18,18,19,20,22,21,21,21,23,25,24,22,22,22,21,22,24,23,22,23,23,23,24,25
-82,125,20,20,19,21,20,20,20,18,15,13,17,19,17,18,20,21,22,22,22,23,24,21,21,23,23,23,6,0,0,0,0,0,0,0,0,0,6,23,23,23,23,24,24,23,25,24,22,22,22,21,20,19,21,20,19,19,19,17,17,17,18,18,19
-78,125,20,23,25,24,21,20,21,21,19,18,20,23,22,21,22,22,20,20,20,20,20,20,20,19,18,18,5,0,0,0,0,0,0,0,0,0,6,23,24,25,26,26,25,26,27,28,28,28,28,27,25,25,25,25,22,22,23,22,22,23,23,21,23
-78,125,20,22,22,22,21,20,20,20,23,25,21,17,18,18,17,16,14,14,15,14,14,13,12,12,12,11,2,0,0,0,0,0,0,0,0,0,5,21,22,24,25,26,26,27,26,26,27,27,28,27,26,25,24,24,25,24,22,21,22,22,22,24,24
-75,125,20,29,30,29,28,27,26,26,26,26,25,26,26,25,26,27,26,25,25,25,24,24,22,22,21,20,5,0,0,0,0,0,0,0,0,0,2,8,11,13,14,15,15,16,17,18,19,20,22,23,24,24,24,23,23,23,23,26,27,26,27,28,28
-78,125,20,20,20,20,19,19,19,18,16,14,17,17,17,18,18,19,18,17,16,18,17,16,15,16,15,14,3,0,0,0,0,0,0,0,0,0,6,21,22,23,25,25,25,25,25,25,25,26,25,25,24,25,25,23,22,22,22,22,22,22,22,22,24
-75,125,20,27,28,27,26,26,27,26,24,23,24,24,25,25,26,26,25,24,25,24,23,22,21,20,20,20,5,0,0,0,0,0,0,0,0,0,2,9,11,12,12,14,14,15,16,17,18,19,21,21,21,22,22,23,23,23,23,24,26,26,27,28,28
-81,125,20,21,20,19,20,19,18,19,25,29,25,21,19,20,21,20,19,19,19,17,16,16,16,17,18,17,5,0,0,0,0,0,0,0,0,0,5,21,21,23,25,25,25,25,26,25,26,25,25,23,22,22,23,23,21,19,20,21,22,22,21,21,22
-76,125,20,28,28,26,24,25,25,25,20,18,19,20,20,21,22,21,21,20,19,18,17,16,16,15,14,14,3,0,0,0,0,0,0,0,0,0,4,19,20,20,20,22,23,24,24,24,23,24,24,23,22,23,23,22,20,21,22,22,23,24,26,28,29
-83,125,20,16,15,13,14,17,17,14,17,22,20,19,17,18,21,22,23,24,22,22,24,24,23,24,25,23,5,0,0,0,0,0,0,0,0,0,7,28,27,28,29,29,30,29,27,28,30,29,24,22,23,21,18,17,16,16,17,16,15,15,15,13,13
-82,125,20,23,22,20,20,21,20,22,18,12,15,18,17,17,19,20,18,18,20,20,17,17,17,15,14,15,4,0,0,0,0,0,0,0,0,0,5,21,21,22,24,25,25,26,27,26,25,25,25,25,24,23,23,23,24,22,21,19,20,21,23,24,23
-77,125,20,26,23,23,25,25,25,24,25,28,25,21,20,20,20,19,18,17,16,17,16,14,13,12,11,10,3,0,0,0,0,0,0,0,0,0,6,21,22,22,22,23,24,25,26,26,25,27,27,25,25,26,26,26,24,22,23,24,24,23,25,29,31
-78,125,20,23,22,23,24,24,23,22,26,29,26,23,23,23,23,23,22,22,22,23,21,21,20,19,19,18,3,0,0,0,0,0,0,0,0,0,3,16,17,18,20,20,21,20,20,20,21,22,24,23,21,20,21,21,21,21,21,20,21,22,23,26,27
-76,125,20,25,26,25,25,24,23,24,26,26,26,24,24,25,24,25,25,25,25,24,23,22,21,21,20,20,5,0,0,0,0,0,0,0,0,0,1,8,9,11,12,12,15,16,17,19,19,20,21,21,21,22,23,23,22,22,22,24,24,24,25,27,27
-79,125,20,19,22,20,17,16,18,20,21,25,24,20,19,19,19,19,19,17,17,17,17,17,16,15,14,15,4,0,0,0,0,0,0,0,0,0,6,22,20,21,21,21,21,21,22,23,24,24,23,22,22,21,22,21,21,22,21,18,17,17,20,21,19
-79,125,20,25,25,23,23,24,23,23,27,31,28,24,23,24,24,24,24,24,24,23,22,21,21,21,18,17,3,0,0,0,0,0,0,0,0,0,4,16,16,16,17,19,21,21,21,21,21,21,22,22,23,23,23,22,21,22,23,23,23,23,23,24,26
-78,125,20,21,21,19,19,18,19,19,21,23,21,18,18,18,17,18,18,18,18,17,16,14,13,14,15,13,3,0,0,0,0,0,0,0,0,0,5,21,22,24,23,23,23,23,23,24,25,25,25,24,23,22,22,22,22,23,23,22,22,20,21,24,24
-81,125,20,21,20,21,21,21,21,21,17,15,18,21,21,23,26,25,25,25,24,23,24,23,22,21,21,19,4,0,0,0,0,0,0,0,0,0,3,15,16,17,19,19,17,17,18,19,19,17,18,19,17,16,16,16,16,14,15,16,16,19,20,21,23
-77,125,20,24,23,22,23,23,24,23,23,25,22,19,18,18,18,17,17,16,15,14,15,14,13,13,12,13,4,0,0,0,0,0,0,0,0,0,6,23,22,24,24,25,25,26,26,26,27,27,28,28,27,25,25,25,25,25,25,24,25,25,26,25,24
-81,125,20,19,17,16,15,18,17,16,17,20,16,13,13,13,16,19,20,18,17,17,16,14,13,13,13,13,2,0,0,0,0,0,0,0,0,0,8,30,30,29,30,31,31,31,32,32,30,28,27,24,22,23,22,20,18,19,20,20,21,20,20,19,21
-81,125,20,21,23,24,23,23,24,24,28,32,28,24,26,27,25,25,26,27,26,25,24,24,23,22,22,22,6,0,0,0,0,0,0,0,0,0,5,18,20,19,18,19,20,19,21,21,21,21,20,21,20,20,20,19,19,19,17,17,18,17,18,21,22
-77,125,20,25,25,25,24,23,22,22,20,19,21,21,19,19,20,19,19,19,18,16,15,14,14,13,12,12,3,0,0,0,0,0,0,0,0,0,6,23,25,26,26,27,29,29,28,27,29,29,28,26,25,25,26,27,26,26,25,26,27,27,27,27,27
-78,125,20,19,20,21,20,20,21,22,25,28,24,21,21,20,20,19,19,19,19,19,18,17,17,17,18,17,3,0,0,0,0,0,0,0,0,0,5,22,22,23,23,23,25,25,24,23,24,26,26,24,22,24,22,22,21,19,19,21,21,20,21,21,23
-78,125,20,22,22,21,19,19,20,22,26,29,25,22,22,21,22,25,25,25,25,24,23,22,22,20,19,19,4,0,0,0,0,0,0,0,0,0,5,20,19,19,20,21,22,21,20,21,22,22,22,21,19,19,21,22,22,22,22,22,19,16,17,21,21
-78,125,20,25,25,25,25,26,27,26,24,21,25,27,26,27,26,26,25,24,23,23,23,21,22,21,21,19,5,0,0,0,0,0,0,0,0,0,4,15,14,14,15,17,17,19,20,21,22,23,23,22,21,21,21,21,21,23,22,23,23,22,24,26,26
-82,125,20,18,18,21,21,21,22,24,19,18,22,22,25,28,27,28,29,29,29,28,29,30,26,26,26,25,5,0,0,0,0,0,0,0,0,0,3,16,17,19,21,22,22,23,20,17,17,18,20,19,19,20,20,18,16,14,15,17,19,17,15,15,16
-78,125,20,25,27,27,26,23,23,24,26,29,26,25,25,24,24,25,24,24,23,22,22,21,20,18,18,17,3,0,0,0,0,0,0,0,0,0,3,12,13,13,14,15,17,17,17,18,19,20,20,20,20,20,21,21,21,21,21,21,22,23,25,25,25
-76,125,20,24,26,25,23,22,21,20,23,26,22,19,19,20,20,19,19,18,17,17,17,15,14,12,12,12,3,0,0,0,0,0,0,0,0,0,4,20,20,21,22,22,23,24,23,23,23,23,24,25,24,23,23,23,21,21,21,22,22,22,23,24,25
-77,125,20,26,25,25,24,23,22,22,19,17,19,21,20,20,19,20,20,19,17,16,15,13,13,13,13,13,4,0,0,0,0,0,0,0,0,0,6,22,23,24,24,24,25,25,25,25,26,27,27,26,25,24,24,24,24,24,24,24,23,23,24,24,25
-79,125,20,21,20,20,21,22,20,19,22,24,22,19,21,20,20,20,19,18,19,19,19,17,18,17,16,16,4,0,0,0,0,0,0,0,0,0,5,19,20,20,20,21,22,22,21,21,22,24,23,23,21,19,20,20,19,18,19,21,21,19,21,23,24
-80,125,20,22,22,20,18,17,17,17,16,17,21,22,22,23,24,22,21,22,24,25,24,22,20,20,21,20,4,0,0,0,0,0,0,0,0,0,4,18,18,17,18,19,20,21,21,19,19,19,20,17,17,18,18,18,18,20,20,19,18,18,19,19,17
-80,125,20,27,27,26,25,25,24,22,23,25,25,25,25,25,24,25,25,23,22,22,23,22,21,20,18,17,4,0,0,0,0,0,0,0,0,0,6,24,25,25,26,27,27,28,28,29,30,30,27,26,24,23,23,25,25,26,24,24,25,25,25,26,26
-77,125,20,29,27,25,26,26,26,24,22,20,21,23,23,24,23,23,22,22,21,21,21,21,20,18,18,20,4,0,0,0,0,0,0,0,0,0,5,20,21,22,23,25,26,25,25,26,27,28,28,28,29,28,27,27,25,25,26,26,25,25,27,28,26
-77,125,20,28,27,26,25,25,25,24,23,22,23,24,23,24,22,23,23,23,22,22,21,20,18,18,17,16,4,0,0,0,0,0,0,0,0,0,5,20,21,22,23,23,23,23,23,24,25,25,25,24,24,24,25,26,25,25,25,24,23,25,27,29,30
-82,125,20,16,15,16,19,23,25,21,21,25,23,18,17,18,20,22,23,21,21,21,21,21,19,18,18,19,4,0,0,0,0,0,0,0,0,0,5,22,23,24,23,23,25,24,23,23,25,25,23,22,23,22,21,20,18,20,21,22,20,20,22,23,21
-78,125,20,23,23,23,22,22,19,17,21,25,20,16,16,18,18,19,19,19,18,16,16,15,13,13,14,14,4,0,0,0,0,0,0,0,0,0,5,22,23,24,25,26,26,27,28,28,28,28,28,27,26,25,25,25,23,22,22,22,23,22,25,25,24
-78,125,20,22,21,21,21,19,19,20,23,25,23,20,19,20,21,19,18,18,17,17,18,17,17,18,16,16,2,0,0,0,0,0,0,0,0,0,5,22,22,22,22,23,23,23,25,26,27,28,27,27,26,25,24,24,23,22,24,23,23,22,23,24,23
-79,125,20,15,16,17,15,17,18,17,18,22,19,17,16,18,19,19,19,19,19,20,20,18,18,18,18,18,4,0,0,0,0,0,0,0,0,0,6,25,25,25,27,27,25,25,26,26,26,26,25,24,23,22,21,21,20,19,18,18,16,16,17,15,15
-80,125,20,21,22,22,24,24,24,23,24,24,22,21,23,22,23,22,23,22,20,18,17,18,17,16,14,16,4,0,0,0,0,0,0,0,0,0,3,17,18,18,19,19,20,20,21,22,24,23,22,20,20,21,22,22,22,21,21,21,25,26,26,26,25
-79,125,20,20,20,22,21,22,22,20,21,23,22,20,20,21,21,21,22,22,21,18,18,17,16,16,17,16,4,0,0,0,0,0,0,0,0,0,6,23,24,25,25,25,26,27,26,24,24,25,25,23,22,24,24,21,19,18,19,19,20,22,23,22,22
-76,125,20,25,25,24,22,23,22,22,23,25,23,20,21,21,20,20,20,19,17,17,15,16,15,14,13,13,2,0,0,0,0,0,0,0,0,0,5,21,22,22,23,24,25,26,25,25,25,26,26,25,25,25,24,24,23,24,24,23,23,24,25,25,25
-80,125,20,21,21,22,20,19,19,20,23,27,24,20,21,23,21,20,22,22,22,22,21,21,20,19,20,20,5,0,0,0,0,0,0,0,0,0,6,21,20,22,23,22,22,22,21,21,21,21,21,20,19,18,19,19,17,17,17,16,18,19,19,18,20
-81,125,20,27,26,25,24,23,23,23,17,12,14,17,15,16,16,16,17,17,16,16,15,14,13,13,12,11,3,0,0,0,0,0,0,0,0,0,6,23,24,25,25,26,27,26,27,27,27,28,28,27,25,24,24,24,25,25,25,23,24,25,27,25,23
-78,125,20,26,25,26,26,26,24,24,23,22,23,25,25,23,23,24,24,23,23,20,18,18,19,19,19,19,5,0,0,0,0,0,0,0,0,0,3,11,12,13,14,16,18,18,17,18,19,20,21,21,21,22,22,21,20,21,20,21,24,24,26,25,25
-77,125,20,26,26,27,26,25,24,24,22,22,23,24,24,24,24,25,25,23,23,24,24,21,20,20,20,20,5,0,0,0,0,0,0,0,0,0,2,10,9,10,11,13,14,17,17,18,19,19,21,21,22,20,19,21,22,24,24,24,24,24,26,27,27
-76,125,20,24,25,25,24,24,23,22,19,18,20,21,20,20,20,20,19,18,17,16,16,15,14,14,14,13,3,0,0,0,0,0,0,0,0,0,6,22,23,24,25,23,24,25,26,26,26,26,27,26,26,26,25,25,25,24,22,23,25,24,25,27,26
-81,125,20,22,22,21,20,18,19,20,23,26,22,20,21,22,24,23,23,23,24,23,22,20,21,21,21,18,4,0,0,0,0,0,0,0,0,0,5,19,19,19,20,20,20,20,21,21,21,22,21,22,21,18,18,16,16,17,16,16,18,18,17,20,24
-77,125,20,28,28,28,27,27,29,29,28,29,29,28,28,29,30,29,30,29,28,28,26,26,26,25,23,23,6,0,0,0,0,0,0,0,0,0,2,10,9,10,11,13,13,15,15,16,17,18,19,20,19,20,22,21,20,21,21,24,26,26,26,27,27
-78,125,20,25,25,25,23,21,21,22,18,13,17,21,21,19,19,19,21,21,20,18,19,18,18,18,16,15,3,0,0,0,0,0,0,0,0,0,4,21,22,22,23,24,25,26,26,26,27,28,26,25,23,24,24,23,22,23,24,22,21,23,23,25,27
-78,125,20,25,26,25,23,22,23,23,25,27,24,21,20,21,19,20,19,18,17,17,17,15,14,13,13,11,2,0,0,0,0,0,0,0,0,0,5,20,19,21,23,23,25,25,25,25,26,27,27,25,24,24,26,25,24,24,23,25,25,24,24,27,29
-82,125,20,21,19,19,19,19,18,19,18,16,17,18,19,22,23,22,24,25,24,24,25,24,23,22,24,24,5,0,0,0,0,0,0,0,0,0,6,27,25,25,25,26,27,26,24,24,27,29,27,25,23,21,21,23,22,21,22,23,21,18,17,21,24
-81,125,20,17,17,16,17,18,19,19,17,14,17,21,22,24,24,24,23,25,28,28,27,25,26,27,26,26,6,0,0,0,0,0,0,0,0,0,7,28,29,29,29,28,28,28,27,25,25,27,27,24,20,19,19,19,18,17,15,14,13,15,16,15,13
-78,125,20,25,25,23,21,20,21,21,24,26,24,21,20,20,20,21,20,20,19,17,17,17,16,16,16,16,4,0,0,0,0,0,0,0,0,0,4,17,18,19,20,22,22,23,23,23,25,25,25,24,23,23,23,22,21,22,23,22,22,23,23,23,24
-79,125,20,21,22,20,19,20,21,22,26,29,26,24,22,21,22,23,22,22,23,23,23,21,21,21,21,20,5,0,0,0,0,0,0,0,0,0,5,19,19,20,20,20,21,22,20,21,22,21,21,20,19,18,17,17,15,17,19,18,18,18,19,21,23
-80,125,20,22,21,19,18,18,19,18,22,25,21,16,16,16,16,17,18,15,15,16,16,15,13,13,13,12,2,0,0,0,0,0,0,0,0,0,5,22,23,25,25,24,24,25,24,25,26,26,24,23,24,22,22,23,22,22,21,22,21,21,22,22,22
-82,125,20,18,19,20,20,19,20,20,21,20,18,18,19,21,22,24,21,19,18,19,18,18,18,21,21,18,4,0,0,0,0,0,0,0,0,0,5,21,21,21,20,19,18,19,20,22,21,20,18,18,19,19,19,20,18,17,16,15,16,17,17,18,19
-75,125,20,28,28,29,30,30,28,28,28,28,27,25,25,25,25,27,26,26,25,25,24,23,23,23,22,21,5,0,0,0,0,0,0,0,0,0,2,10,10,10,12,13,14,15,16,16,17,19,21,21,22,22,22,24,24,24,24,25,25,26,27,27,28
-79,125,20,21,23,25,23,20,21,23,25,26,25,23,23,24,26,24,24,23,22,20,21,22,22,22,21,18,4,0,0,0,0,0,0,0,0,0,5,20,20,21,23,24,24,23,24,23,23,24,24,22,21,20,20,20,20,18,18,20,20,21,23,25,24
-77,125,20,23,21,21,22,21,20,21,22,22,23,23,22,21,21,22,21,20,20,20,19,19,18,17,18,17,4,0,0,0,0,0,0,0,0,0,4,16,16,16,17,19,20,21,22,22,21,22,23,24,21,20,22,21,20,20,22,23,22,23,24,25,25
-79,125,20,24,21,20,20,20,20,21,18,14,14,18,19,18,17,18,18,19,17,15,15,15,15,15,15,15,4,0,0,0,0,0,0,0,0,0,6,23,23,24,25,24,24,25,25,25,24,25,25,25,25,24,23,23,25,25,24,23,24,22,21,23,24
-79,125,20,26,27,27,27,26,25,26,29,32,30,26,26,27,28,28,28,28,28,28,26,25,25,24,21,21,5,0,0,0,0,0,0,0,0,0,5,17,18,18,19,19,21,20,20,21,23,24,24,22,21,21,22,22,21,18,20,24,24,23,23,23,22
-82,125,20,18,16,14,16,18,17,14,17,20,15,12,15,15,15,14,14,15,14,13,13,12,11,9,9,9,2,0,0,0,0,0,0,0,0,0,6,27,27,26,27,28,29,27,27,29,29,27,26,25,24,24,25,23,19,18,17,17,16,16,18,17,17
-79,125,20,21,21,20,20,22,22,21,23,26,24,21,22,23,24,25,25,24,24,24,22,21,21,21,20,20,4,0,0,0,0,0,0,0,0,0,5,23,24,25,25,25,25,25,26,26,26,26,23,22,21,20,21,21,20,20,21,20,20,21,22,22,21
-77,125,20,22,22,22,22,22,22,22,23,26,23,20,19,20,22,22,22,21,22,21,21,20,19,18,17,16,4,0,0,0,0,0,0,0,0,0,4,17,18,20,20,21,21,22,21,21,22,24,24,23,22,23,23,21,22,22,21,22,24,24,24,25,25
-80,125,20,19,19,19,18,19,20,20,23,26,24,22,21,20,23,23,23,24,23,22,21,20,20,22,22,22,5,0,0,0,0,0,0,0,0,0,4,19,19,20,21,22,23,23,21,20,20,20,21,20,19,20,20,20,20,20,17,14,15,18,17,16,16
-79,125,20,22,21,21,19,19,19,19,16,13,16,18,19,19,17,17,19,19,17,16,15,14,14,14,14,14,2,0,0,0,0,0,0,0,0,0,4,21,22,23,24,26,27,27,26,26,26,27,26,25,25,25,23,22,22,22,23,21,19,18,21,21,21
-78,125,20,21,19,19,20,20,20,20,21,22,19,17,17,17,17,17,16,15,15,14,14,13,13,11,11,10,2,0,0,0,0,0,0,0,0,0,5,22,22,23,24,24,26,27,27,26,27,28,26,25,26,26,25,24,23,21,21,22,23,22,22,22,21
-78,125,20,23,24,23,21,20,21,21,18,16,17,19,19,18,17,16,16,16,15,15,16,14,12,11,11,12,3,0,0,0,0,0,0,0,0,0,5,21,23,24,25,25,26,27,27,27,26,29,30,29,27,26,26,26,25,24,23,23,23,23,23,25,25
-77,125,20,25,26,25,26,25,25,25,23,23,22,23,22,23,23,23,23,22,22,20,20,21,21,19,19,19,4,0,0,0,0,0,0,0,0,0,1,6,7,8,9,10,11,12,14,14,16,17,17,17,18,18,19,20,20,20,21,21,21,22,22,24,24
-80,125,20,24,23,21,22,21,20,20,18,15,16,18,19,20,18,18,20,18,17,17,15,14,15,14,15,17,4,0,0,0,0,0,0,0,0,0,5,23,25,27,28,29,30,30,29,29,29,31,34,33,30,28,26,25,25,24,21,22,25,24,22,22,24
-79,125,20,23,23,23,25,25,24,23,24,25,23,22,24,24,25,26,26,27,26,27,26,25,25,23,23,21,5,0,0,0,0,0,0,0,0,0,4,17,17,16,17,16,17,18,17,17,18,18,18,18,18,18,18,18,17,18,18,19,19,20,22,21,19
-80,125,20,25,23,23,22,21,21,20,18,16,19,20,19,20,20,19,18,18,18,18,17,16,15,15,15,14,3,0,0,0,0,0,0,0,0,0,4,18,19,20,21,22,22,21,21,21,23,24,24,22,23,24,23,22,20,20,22,23,23,23,22,21,19
-81,125,20,23,23,20,18,19,21,23,22,20,22,22,21,21,22,24,25,26,26,25,24,23,23,24,23,23,5,0,0,0,0,0,0,0,0,0,4,18,19,20,19,19,19,19,19,19,20,20,20,20,19,19,17,15,16,18,17,16,16,17,18,17,16
-78,125,20,26,25,26,26,26,26,25,27,30,26,23,23,23,22,22,23,23,23,21,20,20,19,18,18,18,4,0,0,0,0,0,0,0,0,0,5,21,21,21,21,21,22,22,24,25,26,26,26,25,23,24,24,23,20,22,23,23,23,25,26,27,27
-78,125,20,27,27,27,26,26,26,24,26,28,26,24,23,25,26,25,25,25,25,23,22,21,21,21,20,21,6,0,0,0,0,0,0,0,0,0,5,18,19,20,20,21,21,21,21,22,22,25,23,22,22,22,21,22,21,21,22,23,23,23,26,27,26
-79,125,20,24,23,21,23,24,23,22,24,27,23,18,19,20,20,19,19,19,19,17,16,17,17,17,16,16,4,0,0,0,0,0,0,0,0,0,7,25,25,27,29,28,27,28,27,26,27,26,25,26,24,25,27,25,24,23,22,22,22,23,23,22,23
-83,125,20,19,18,16,17,19,20,20,15,11,11,18,20,21,19,19,19,20,21,21,21,21,20,19,17,18,4,0,0,0,0,0,0,0,0,0,6,24,26,27,26,26,27,28,26,24,24,24,23,20,18,18,18,19,19,17,15,17,18,18,18,19,19
-81,125,20,17,16,15,16,16,16,16,18,23,22,18,17,16,18,20,22,21,18,18,17,18,17,15,14,13,3,0,0,0,0,0,0,0,0,0,5,19,20,22,23,22,22,22,21,19,20,20,20,20,18,17,17,17,18,18,18,17,16,15,16,18,19
-77,125,20,31,29,27,27,27,27,27,27,28,28,27,25,25,26,26,24,24,23,22,21,19,18,18,17,17,4,0,0,0,0,0,0,0,0,0,5,21,22,23,23,23,24,24,25,26,27,27,26,26,27,27,27,26,26,27,27,28,28,26,28,30,29
-81,125,20,19,17,17,18,19,17,14,14,16,16,15,15,17,16,15,13,13,13,12,11,10,11,12,11,12,3,0,0,0,0,0,0,0,0,0,5,21,21,21,23,24,24,24,26,27,26,26,26,26,27,28,26,24,22,21,21,23,22,22,23,22,22
-75,125,20,25,24,23,23,22,22,21,20,20,19,19,19,19,20,20,21,19,18,18,17,15,15,15,15,14,3,0,0,0,0,0,0,0,0,0,4,18,18,19,20,20,21,22,22,23,24,23,23,23,23,23,24,23,21,21,21,22,22,23,25,26,26
-80,125,20,25,27,26,23,23,21,22,25,27,24,22,24,24,24,23,23,23,23,21,20,19,18,17,18,18,5,0,0,0,0,0,0,0,0,0,5,21,21,22,22,21,21,22,24,22,22,22,21,22,20,20,20,20,20,19,19,20,21,20,21,21,19
-79,125,20,25,23,23,23,24,24,25,22,18,22,24,24,25,25,25,25,25,25,23,21,19,17,17,18,19,4,0,0,0,0,0,0,0,0,0,4,18,18,18,18,19,19,19,20,21,21,22,23,23,22,23,24,24,22,21,23,24,24,23,24,25,26
-81,125,20,24,21,19,20,20,19,19,22,25,22,21,20,19,20,19,17,17,17,16,14,15,16,15,15,15,5,0,0,0,0,0,0,0,0,0,6,23,22,23,24,25,27,28,26,26,27,28,27,25,23,23,24,23,21,21,21,22,21,23,24,23,22
-79,125,20,26,25,25,22,18,19,19,24,27,23,19,17,17,19,19,18,17,16,16,17,15,14,14,15,15,4,0,0,0,0,0,0,0,0,0,6,24,25,26,26,25,25,27,27,27,27,29,28,27,26,26,26,27,26,25,22,22,24,26,26,25,24
-80,125,20,21,22,21,19,18,15,14,19,22,17,13,14,15,13,14,15,14,12,10,10,9,10,9,9,8,2,0,0,0,0,0,0,0,0,0,6,25,25,26,27,28,26,27,26,27,28,28,28,26,24,25,24,24,21,21,22,22,21,21,22,22,21
-78,125,20,21,21,22,22,20,19,20,23,27,25,22,20,19,19,19,19,19,19,18,17,17,17,17,16,14,4,0,0,0,0,0,0,0,0,0,5,20,20,22,22,23,24,24,23,22,23,23,24,24,24,23,23,23,23,24,24,23,23,22,22,22,22
-80,125,20,19,21,21,22,23,22,24,21,15,20,23,20,20,22,22,20,21,22,21,19,16,13,13,16,17,3,0,0,0,0,0,0,0,0,0,2,16,17,19,18,19,20,21,22,22,21,21,22,22,20,21,21,21,21,20,18,19,18,19,22,22,18
-79,125,20,26,25,25,23,24,25,24,26,27,25,23,24,24,25,25,25,23,22,22,22,20,20,18,18,18,4,0,0,0,0,0,0,0,0,0,6,20,21,22,21,22,22,21,20,22,23,24,26,26,24,22,24,24,23,22,23,25,24,22,23,25,25
-81,125,20,25,26,23,21,22,22,22,22,23,23,21,21,23,21,21,21,19,18,19,18,18,20,20,18,18,4,0,0,0,0,0,0,0,0,0,6,24,24,25,26,27,27,27,26,25,25,28,30,27,24,24,25,25,23,23,22,23,22,21,22,25,26
-80,125,20,20,18,17,18,17,16,17,19,21,20,17,16,17,17,18,17,15,15,15,15,15,14,13,12,12,3,0,0,0,0,0,0,0,0,0,5,22,22,23,25,24,24,25,25,25,25,25,25,25,24,23,23,25,24,23,23,22,19,20,21,23,25
-79,125,20,23,21,22,21,21,23,23,20,18,17,18,17,17,17,19,19,17,16,14,14,14,15,14,13,13,3,0,0,0,0,0,0,0,0,0,6,24,25,26,27,26,27,28,27,26,27,29,29,28,27,28,28,27,25,25,24,25,25,24,24,26,27
-79,125,20,18,17,17,18,21,22,21,15,12,17,21,20,19,20,21,22,22,22,21,19,19,18,18,18,18,4,0,0,0,0,0,0,0,0,0,5,18,18,21,22,22,21,21,19,20,21,22,22,23,21,20,18,18,19,18,17,18,20,19,19,19,20
-76,125,20,25,25,24,23,23,22,22,25,27,23,19,19,20,20,20,19,18,17,16,17,16,15,14,13,13,3,0,0,0,0,0,0,0,0,0,5,21,22,22,22,23,24,25,25,26,26,27,26,25,25,24,25,24,24,24,25,25,24,24,25,25,25
-78,125,20,21,21,21,20,19,21,19,13,11,15,18,16,17,19,19,18,18,17,17,17,16,14,15,15,13,3,0,0,0,0,0,0,0,0,0,5,22,23,23,24,25,25,24,25,25,25,25,25,23,22,22,22,21,21,22,24,22,20,20,21,21,23
-77,125,20,25,24,23,23,23,23,23,25,29,27,23,21,20,21,22,21,20,21,22,20,18,18,17,15,14,4,0,0,0,0,0,0,0,0,0,6,23,23,23,23,23,24,26,25,26,27,26,26,27,27,26,25,23,23,24,24,24,24,25,26,26,25
-81,125,20,24,25,24,22,21,22,23,25,27,25,25,23,26,28,28,27,28,29,28,27,26,25,25,23,22,6,0,0,0,0,0,0,0,0,0,6,24,22,21,22,24,22,22,21,21,21,22,22,22,21,20,18,19,18,16,17,19,21,19,20,21,21
-81,125,20,24,22,25,26,25,24,26,33,37,32,28,28,27,27,27,27,26,26,24,24,25,24,24,23,22,6,0,0,0,0,0,0,0,0,0,4,18,22,22,21,21,21,23,23,24,23,23,23,22,22,24,25,23,22,23,22,20,20,21,24,26,25
-78,125,20,24,22,22,22,20,19,19,16,15,17,18,17,20,20,20,19,19,18,18,17,16,16,15,14,14,3,0,0,0,0,0,0,0,0,0,5,23,24,26,26,26,27,27,25,25,27,28,28,27,26,26,26,24,22,22,22,24,24,23,23,24,24
-82,125,20,21,21,20,20,20,20,21,21,21,20,21,22,23,24,24,24,24,24,24,22,22,20,20,21,20,5,0,0,0,0,0,0,0,0,0,4,17,16,17,17,18,18,17,16,17,18,18,18,18,16,17,18,18,16,16,16,16,18,18,19,19,20
-79,125,20,23,23,24,24,23,23,21,19,21,23,22,21,22,22,20,21,20,19,19,19,18,15,15,15,15,3,0,0,0,0,0,0,0,0,0,5,20,20,20,21,21,21,21,21,23,23,25,26,25,22,22,23,21,18,17,17,20,22,23,24,24,23
-78,125,20,21,21,19,17,17,18,18,17,15,14,13,13,15,16,16,15,13,11,10,10,10,10,9,10,10,2,0,0,0,0,0,0,0,0,0,5,23,22,24,23,23,25,26,26,26,27,28,28,26,25,25,25,25,23,23,22,20,21,22,22,23,24
-79,125,20,22,20,19,20,22,22,21,24,25,21,19,18,18,18,19,20,18,16,15,14,13,14,14,13,14,4,0,0,0,0,0,0,0,0,0,5,21,21,21,22,24,26,25,26,27,27,27,27,27,25,24,25,24,22,23,23,23,25,25,25,23,19
-81,125,20,22,23,22,21,22,23,22,25,27,22,19,19,19,20,18,18,19,18,16,16,16,16,16,16,14,3,0,0,0,0,0,0,0,0,0,4,18,20,21,21,21,22,20,20,22,24,24,22,22,24,23,21,22,23,22,21,22,23,23,24,25,24
-80,125,20,23,23,23,21,21,21,21,24,24,22,21,22,23,21,20,22,23,22,20,20,20,20,18,18,18,5,0,0,0,0,0,0,0,0,0,5,22,23,23,23,24,24,25,25,25,25,25,26,26,24,24,24,23,22,22,21,20,21,21,19,21,24
-79,125,20,29,29,29,27,26,26,27,29,31,28,24,23,25,26,26,25,26,26,24,21,20,19,17,18,19,5,0,0,0,0,0,0,0,0,0,5,17,17,17,19,20,21,22,22,23,23,24,25,25,24,23,22,22,21,20,22,24,24,23,24,26,29
-79,125,20,22,21,19,18,18,18,18,17,17,18,20,21,21,20,22,23,22,22,21,20,20,20,19,18,18,4,0,0,0,0,0,0,0,0,0,5,23,25,25,26,26,26,26,26,26,27,29,31,29,26,25,25,25,25,25,23,22,22,22,23,26,26
-80,125,20,20,20,19,17,17,19,19,20,23,20,18,19,19,21,22,21,21,21,20,21,21,20,18,18,19,5,0,0,0,0,0,0,0,0,0,5,21,23,22,23,23,24,24,24,24,24,24,23,21,21,20,20,19,20,18,17,19,20,19,18,18,18
-79,125,20,23,22,24,24,24,24,22,21,20,21,22,21,22,25,26,23,21,22,21,21,21,20,19,18,17,4,0,0,0,0,0,0,0,0,0,4,17,18,19,18,19,20,19,19,19,20,19,19,20,21,21,20,20,20,20,21,21,22,23,23,23,22
-79,125,20,24,23,22,21,20,20,19,16,16,16,18,18,18,18,17,15,15,16,15,12,12,14,13,12,12,2,0,0,0,0,0,0,0,0,0,6,24,25,28,28,28,29,30,30,30,31,31,31,30,29,28,27,27,27,26,25,26,26,25,23,22,25
-80,125,20,23,22,21,21,22,20,19,17,14,15,17,16,16,14,15,16,16,15,15,14,13,11,11,12,13,3,0,0,0,0,0,0,0,0,0,5,23,24,25,27,28,28,27,28,29,31,31,29,26,26,26,26,24,23,24,24,23,24,24,25,23,23
-76,125,20,24,24,25,23,22,21,21,17,14,16,18,18,19,18,17,16,16,16,15,15,14,13,13,12,11,3,0,0,0,0,0,0,0,0,0,5,22,24,24,24,25,27,28,27,27,27,28,28,28,29,26,25,25,25,25,25,24,24,24,26,26,27
-80,125,20,20,18,19,20,22,20,18,20,23,21,18,18,20,20,20,21,20,19,19,19,20,18,17,16,18,5,0,0,0,0,0,0,0,0,0,7,26,25,26,27,28,29,29,26,26,28,28,27,26,26,26,26,23,21,21,23,22,22,23,22,23,25
-81,125,20,25,22,18,18,18,20,22,25,27,21,16,18,20,20,20,19,19,18,18,16,15,16,16,14,15,3,0,0,0,0,0,0,0,0,0,4,16,17,18,19,19,21,21,22,22,21,22,23,24,23,22,23,22,21,20,19,21,23,22,22,22,24
-81,125,20,22,24,23,23,25,25,24,21,17,20,24,26,27,26,25,26,26,26,26,26,25,24,24,24,23,6,0,0,0,0,0,0,0,0,0,6,22,22,22,21,22,23,23,22,21,21,22,23,22,24,22,21,19,19,20,18,18,20,20,20,22,24
-81,125,20,21,21,20,20,21,22,22,26,30,25,22,22,22,23,24,23,23,22,20,20,19,17,16,16,16,4,0,0,0,0,0,0,0,0,0,3,15,15,16,17,17,16,16,17,18,19,20,19,19,18,19,19,19,21,22,21,20,20,23,25,23,20
-79,125,20,26,27,26,25,26,26,27,26,28,27,26,25,25,25,26,26,25,24,24,23,22,21,20,19,19,5,0,0,0,0,0,0,0,0,0,4,16,17,16,16,17,20,23,22,21,22,23,23,21,21,22,23,22,22,22,23,22,23,23,25,27,27
-81,125,20,19,19,21,23,22,23,24,21,18,21,24,23,24,25,27,27,27,27,25,27,27,26,23,24,25,7,0,0,0,0,0,0,0,0,0,5,21,21,24,25,25,24,24,25,24,23,23,24,23,24,23,21,20,18,17,18,20,19,19,19,20,22
-82,125,20,22,23,22,20,20,19,20,19,20,18,16,17,16,14,15,15,15,13,13,14,15,16,15,12,12,3,0,0,0,0,0,0,0,0,0,5,24,24,25,24,24,26,25,23,22,23,24,25,24,24,21,21,22,22,20,20,21,22,23,24,21,19
-82,125,20,15,14,15,16,15,16,16,18,22,21,18,16,17,20,21,20,18,18,18,20,19,17,18,19,20,5,0,0,0,0,0,0,0,0,0,5,22,23,24,23,24,24,23,23,24,24,23,21,19,20,20,17,18,16,13,13,15,15,16,18,18,15
-81,125,20,25,22,20,20,21,22,21,21,26,27,24,25,26,27,28,26,24,23,24,26,26,24,23,21,20,5,0,0,0,0,0,0,0,0,0,5,19,19,19,20,21,20,20,19,19,19,20,22,22,21,21,19,17,17,17,15,16,17,18,19,21,23
-80,125,20,21,22,23,22,20,20,21,18,15,17,20,21,21,22,22,23,25,24,22,22,21,21,21,22,22,6,0,0,0,0,0,0,0,0,0,6,23,23,26,27,27,27,27,26,24,23,24,25,22,21,22,22,21,20,20,21,21,21,21,23,22,23
-79,125,20,19,19,18,20,22,21,18,18,20,19,17,18,19,18,18,19,20,19,20,20,18,17,16,15,15,3,0,0,0,0,0,0,0,0,0,5,20,21,22,22,22,23,24,24,25,25,24,23,22,22,22,23,23,21,21,22,23,22,21,23,25,25
-79,125,20,25,24,21,20,22,22,20,21,23,22,19,18,19,19,18,18,18,18,17,15,13,12,13,14,13,3,0,0,0,0,0,0,0,0,0,6,25,25,26,27,27,27,27,28,28,28,29,29,28,26,27,25,25,25,23,23,24,25,23,23,25,25
-78,125,20,21,22,22,20,20,20,20,18,19,18,18,18,19,18,19,19,19,17,18,18,17,15,14,13,13,3,0,0,0,0,0,0,0,0,0,6,24,24,25,26,26,27,27,27,26,26,26,27,26,25,25,26,25,25,22,21,21,23,23,23,24,24
-82,125,20,18,17,17,18,18,18,18,18,19,18,16,17,17,18,18,19,20,20,18,15,16,17,17,16,17,5,0,0,0,0,0,0,0,0,0,7,24,23,24,25,24,25,27,28,25,25,25,24,23,20,20,21,21,19,16,15,16,18,19,19,20,17
-83,125,20,16,17,18,19,19,17,19,21,21,19,21,21,22,23,24,22,20,22,24,24,24,23,21,22,24,6,0,0,0,0,0,0,0,0,0,5,21,20,19,20,21,22,21,20,21,22,22,17,15,16,16,16,16,17,17,16,16,17,16,14,14,16
-80,125,20,23,23,24,24,23,23,23,27,32,28,24,24,25,25,25,25,27,27,26,24,23,25,25,25,25,6,0,0,0,0,0,0,0,0,0,7,25,24,25,26,26,26,26,24,25,26,25,25,24,24,23,22,21,20,21,21,21,22,25,25,23,19
-79,125,20,18,18,18,17,19,19,17,20,27,24,20,20,20,20,19,19,19,18,17,16,16,17,16,15,15,5,0,0,0,0,0,0,0,0,0,5,21,22,23,23,23,24,25,26,25,25,26,26,23,22,23,24,24,22,22,22,21,21,21,21,21,21
-78,125,20,26,26,24,24,23,22,21,22,25,24,23,24,24,25,24,24,24,23,21,20,19,18,18,17,17,4,0,0,0,0,0,0,0,0,0,4,14,14,15,16,17,17,17,19,20,20,20,21,21,20,21,21,21,20,20,21,21,21,24,25,24,23
-75,125,20,26,26,25,24,25,25,24,25,28,25,23,23,24,23,22,22,22,23,21,20,18,17,17,18,18,4,0,0,0,0,0,0,0,0,0,4,16,17,19,21,20,20,20,21,21,21,22,23,23,21,21,21,21,21,22,22,23,22,23,24,26,28
-81,125,20,24,24,26,26,26,27,25,20,17,24,27,27,28,28,30,32,31,29,29,29,27,27,27,25,24,5,0,0,0,0,0,0,0,0,0,3,14,17,19,17,16,16,17,16,15,17,18,19,18,15,16,16,16,18,19,18,18,17,18,21,21,19
-79,125,20,22,21,21,22,24,22,20,23,28,25,22,24,24,24,24,24,25,26,25,24,23,22,21,21,21,5,0,0,0,0,0,0,0,0,0,4,19,20,20,19,20,20,21,21,22,21,21,22,21,18,19,20,21,21,20,19,18,20,20,21,21,22
-81,125,20,22,19,19,20,20,21,21,23,24,20,17,18,18,19,20,20,21,18,16,19,20,18,16,16,17,5,0,0,0,0,0,0,0,0,0,6,21,22,23,23,22,23,24,25,25,25,25,26,25,22,22,24,21,20,20,20,18,18,19,19,20,21
-77,125,20,26,25,25,25,24,25,24,21,16,19,21,21,21,21,21,21,20,20,19,18,17,16,15,15,15,4,0,0,0,0,0,0,0,0,0,5,20,20,20,21,22,23,23,22,23,25,27,27,26,25,24,24,23,22,23,23,23,24,25,25,26,28
-81,125,20,19,20,22,21,22,21,21,19,18,18,20,20,21,22,22,22,22,22,22,22,21,21,20,19,20,5,0,0,0,0,0,0,0,0,0,5,22,22,22,23,23,22,23,24,23,24,24,23,21,20,19,20,19,19,17,17,18,16,16,17,18,18
-79,125,20,22,22,21,21,21,21,21,24,25,21,18,20,21,20,21,21,20,19,18,18,17,17,18,18,16,3,0,0,0,0,0,0,0,0,0,5,19,20,22,22,24,24,24,24,24,26,26,25,23,22,22,23,22,22,23,22,22,22,20,20,20,21
-80,125,20,23,23,24,22,21,21,22,19,14,17,19,20,21,22,21,21,20,18,18,18,17,15,15,14,12,2,0,0,0,0,0,0,0,0,0,5,23,23,24,23,24,25,25,26,26,28,28,27,27,25,24,25,24,23,24,22,22,22,20,22,24,24
-78,125,20,23,23,23,22,23,23,21,18,17,18,20,20,20,20,20,20,19,18,18,17,16,15,14,13,12,3,0,0,0,0,0,0,0,0,0,3,16,17,19,20,19,20,20,21,21,21,21,22,22,22,21,22,21,20,19,20,21,21,23,25,25,26
-78,125,20,26,25,25,24,23,22,21,20,21,22,21,21,21,22,23,21,20,18,17,18,19,17,16,16,16,5,0,0,0,0,0,0,0,0,0,5,18,19,21,22,22,22,23,22,22,23,24,24,24,23,22,22,23,23,23,23,23,22,22,23,24,25
-78,125,20,23,23,22,21,22,22,21,20,18,18,19,19,19,19,19,18,17,17,17,17,16,15,14,13,12,3,0,0,0,0,0,0,0,0,0,5,18,18,19,19,21,22,23,22,22,23,23,23,22,22,21,21,21,21,21,21,20,20,20,21,24,26
-81,125,20,18,19,22,23,23,22,20,17,17,20,24,23,23,26,29,28,27,27,25,25,25,25,24,23,25,7,0,0,0,0,0,0,0,0,0,6,20,20,22,24,24,23,21,20,20,20,19,19,19,19,20,20,19,16,15,16,15,13,12,15,17,18
-79,125,20,23,24,24,24,24,24,24,26,30,28,25,26,26,26,26,27,26,26,26,25,24,22,22,22,20,5,0,0,0,0,0,0,0,0,0,3,12,13,15,16,16,16,17,17,17,17,17,18,18,18,17,20,20,19,19,19,18,18,21,23,25,25
-80,125,20,22,22,21,22,22,21,22,20,19,22,23,23,24,24,22,23,23,22,21,21,22,21,20,20,19,5,0,0,0,0,0,0,0,0,0,6,21,22,22,23,25,26,26,24,25,26,27,26,25,23,24,25,22,21,21,20,21,22,21,21,21,21
-79,125,20,23,19,18,19,19,19,19,21,26,21,17,16,15,17,18,17,16,15,14,15,14,13,12,13,12,3,0,0,0,0,0,0,0,0,0,6,26,24,25,24,25,26,28,28,29,28,28,28,28,25,25,25,25,22,22,22,22,22,22,23,24,22
-80,125,20,20,21,21,22,24,21,20,23,27,25,22,21,23,25,24,22,21,20,19,19,19,18,17,17,17,3,0,0,0,0,0,0,0,0,0,5,17,17,19,19,18,18,21,21,20,19,21,23,21,20,20,20,19,18,18,20,20,19,17,19,19,19
-80,125,20,17,17,17,19,19,18,17,15,16,16,16,17,18,17,18,19,18,17,17,17,16,15,16,14,12,2,0,0,0,0,0,0,0,0,0,3,16,18,19,21,21,21,22,22,22,21,22,25,24,21,20,19,19,19,20,17,16,17,18,19,21,22
-81,125,20,19,18,18,19,20,19,18,22,26,23,20,21,21,21,21,21,21,21,21,21,22,21,20,18,17,5,0,0,0,0,0,0,0,0,0,7,25,25,25,24,24,25,25,23,22,22,23,23,23,20,20,19,18,18,18,19,17,17,17,18,17,15
-80,125,20,21,22,23,22,24,25,24,30,35,30,27,26,25,25,28,30,31,30,30,30,29,29,28,27,28,8,0,0,0,0,0,0,0,0,0,9,35,35,35,34,34,35,33,31,29,29,32,34,31,28,25,26,25,20,20,24,25,24,21,19,21,27
-80,125,20,26,25,23,23,24,22,21,23,24,24,23,25,25,24,24,25,25,23,22,22,22,22,21,19,18,5,0,0,0,0,0,0,0,0,0,5,20,20,19,22,23,23,23,23,22,21,22,22,23,23,22,23,23,22,21,21,22,23,25,25,23,22
-80,125,20,18,19,21,22,22,20,19,15,11,14,18,17,15,15,16,16,14,14,14,14,14,15,15,13,12,3,0,0,0,0,0,0,0,0,0,5,22,23,24,24,24,25,27,29,29,27,27,28,27,25,23,23,24,23,22,20,22,23,22,22,22,22
-82,125,20,21,18,16,14,15,16,16,19,22,17,14,14,13,12,13,14,13,14,14,13,10,9,10,10,11,2,0,0,0,0,0,0,0,0,0,5,22,22,24,24,23,25,24,23,22,24,24,24,22,22,22,22,21,21,20,20,20,20,20,21,21,22
-78,125,20,21,22,22,21,20,20,19,21,23,20,17,18,18,18,18,17,17,17,17,16,16,17,16,14,13,3,0,0,0,0,0,0,0,0,0,5,22,22,22,23,23,23,24,24,25,26,26,24,23,23,23,24,24,23,23,23,23,22,22,23,22,22
-78,125,20,23,23,22,20,19,20,19,22,26,23,20,20,19,18,19,20,19,18,19,19,17,15,15,16,16,4,0,0,0,0,0,0,0,0,0,4,21,21,21,23,25,25,24,23,25,25,23,21,21,21,22,23,23,22,22,21,21,22,21,22,23,24
-81,125,20,17,18,19,20,20,20,22,25,28,26,24,25,25,24,24,25,25,25,24,23,23,23,22,22,22,6,0,0,0,0,0,0,0,0,0,5,20,21,20,20,20,21,20,19,20,21,21,19,19,18,17,16,17,15,15,17,18,19,18,18,19,20
-80,125,20,26,26,25,24,24,25,24,22,22,24,24,24,26,26,25,27,27,27,24,24,21,21,22,21,20,5,0,0,0,0,0,0,0,0,0,4,17,17,17,18,18,19,19,20,21,22,22,21,20,20,21,20,18,17,17,17,17,17,19,20,19,21
-81,125,20,19,19,19,19,20,19,19,25,30,23,18,22,24,25,25,22,21,22,22,21,21,21,21,20,18,4,0,0,0,0,0,0,0,0,0,4,19,19,19,19,18,20,21,19,18,19,19,19,19,16,16,17,18,17,16,16,15,13,16,19,20,18
-81,125,20,23,24,21,18,19,19,19,18,17,16,18,19,20,21,21,21,21,21,18,16,17,17,17,16,15,3,0,0,0,0,0,0,0,0,0,5,20,21,21,21,22,22,21,20,21,22,22,21,18,17,20,21,19,18,18,16,15,18,21,21,22,21
-78,125,20,24,25,25,25,25,22,21,20,21,21,23,23,22,21,21,21,21,21,21,21,19,18,18,19,19,5,0,0,0,0,0,0,0,0,0,6,24,25,25,25,25,26,25,25,25,25,25,25,25,26,25,24,23,23,23,24,24,24,25,24,24,24
-79,125,20,21,22,24,22,22,22,21,23,27,23,20,22,23,22,22,23,22,23,22,20,18,19,20,19,18,4,0,0,0,0,0,0,0,0,0,5,22,21,23,24,24,25,23,23,25,26,26,25,25,24,24,24,24,23,21,21,21,21,21,23,22,22
-83,125,20,16,14,13,14,14,13,13,8,6,11,13,13,13,14,13,12,14,14,16,17,17,15,14,15,16,4,0,0,0,0,0,0,0,0,0,6,27,27,30,31,32,31,32,32,30,31,29,27,26,26,25,24,24,22,21,21,21,19,18,18,17,15
-81,125,20,23,22,20,17,16,18,16,14,13,13,15,13,14,14,14,15,14,13,13,11,11,12,13,13,13,3,0,0,0,0,0,0,0,0,0,7,29,30,30,31,33,34,32,33,32,34,36,35,32,30,29,30,29,27,25,25,24,25,25,24,23,24
-81,125,20,21,19,18,18,19,20,21,22,23,21,20,20,23,24,24,23,23,23,24,22,20,19,19,20,19,5,0,0,0,0,0,0,0,0,0,5,21,24,26,26,25,23,23,22,23,24,24,24,23,20,19,18,18,19,18,16,16,18,20,19,18,22
-80,125,20,21,22,23,22,22,23,23,20,19,22,23,23,23,24,27,27,26,26,25,24,22,22,22,22,22,6,0,0,0,0,0,0,0,0,0,5,17,19,19,19,19,21,21,22,20,19,19,20,20,19,19,21,20,17,18,18,18,20,21,21,23,23
-79,125,20,23,22,21,21,22,21,21,18,18,21,23,23,23,24,25,25,26,25,25,23,20,20,21,22,21,5,0,0,0,0,0,0,0,0,0,4,18,17,18,21,20,21,21,19,19,20,22,22,21,21,20,20,20,19,19,20,20,21,20,22,23,23
-79,125,20,23,23,23,22,21,20,20,17,15,18,21,21,20,20,20,20,21,22,21,21,20,20,19,18,17,5,0,0,0,0,0,0,0,0,0,6,23,24,24,25,26,27,28,27,25,25,26,26,24,23,24,23,21,21,23,22,21,21,22,22,22,24
-76,125,20,23,23,23,23,23,22,21,18,17,18,18,18,18,19,20,20,18,17,16,17,15,13,13,13,13,3,0,0,0,0,0,0,0,0,0,4,21,22,22,23,24,25,25,24,25,25,25,26,27,25,25,25,23,23,24,24,24,24,24,25,26,25
-79,125,20,28,30,28,25,25,24,23,21,19,22,24,24,25,26,27,28,27,25,24,24,23,22,22,21,19,5,0,0,0,0,0,0,0,0,0,5,21,23,22,23,25,26,25,24,24,23,24,24,23,23,21,23,23,22,24,25,26,23,20,21,23,24
-81,125,20,17,17,15,14,14,15,16,20,27,24,19,20,21,23,24,24,24,25,26,25,24,24,24,24,24,6,0,0,0,0,0,0,0,0,0,6,24,23,23,22,22,21,23,23,21,21,21,20,18,16,15,15,15,13,11,12,12,12,12,11,13,16
-76,125,20,24,24,24,24,24,24,22,22,22,22,22,22,21,20,20,20,20,19,18,18,18,17,17,16,15,5,0,0,0,0,0,0,0,0,0,4,14,17,17,18,19,20,21,21,21,22,22,22,21,22,22,21,20,20,21,21,21,21,21,21,22,24
-79,125,20,19,20,19,18,19,19,17,20,24,19,17,18,17,16,17,18,18,18,20,20,19,18,18,18,18,4,0,0,0,0,0,0,0,0,0,4,20,21,20,20,21,21,22,23,22,21,21,22,22,22,21,21,20,18,17,16,16,17,17,17,19,20
-79,125,20,20,21,21,22,22,21,21,23,25,23,19,18,18,19,21,22,22,21,19,18,18,17,16,16,16,5,0,0,0,0,0,0,0,0,0,6,24,25,26,28,29,30,29,28,28,26,26,28,27,27,25,26,24,23,23,23,22,21,22,23,22,24
-82,125,20,18,17,18,19,18,16,15,12,9,14,19,19,21,21,21,20,20,21,20,18,18,18,18,18,17,4,0,0,0,0,0,0,0,0,0,5,25,26,29,30,29,27,27,28,28,27,27,27,26,22,21,19,18,18,17,17,18,17,16,18,19,20
-76,125,20,26,24,24,24,22,22,22,21,22,20,20,20,19,20,21,20,19,18,17,16,14,15,14,13,14,3,0,0,0,0,0,0,0,0,0,4,20,21,22,23,23,24,26,25,24,24,25,25,25,24,23,23,23,22,23,23,23,23,23,24,26,28
-80,125,20,20,19,21,21,19,17,17,20,20,18,18,18,17,17,17,19,19,18,17,17,15,15,14,13,13,3,0,0,0,0,0,0,0,0,0,5,22,24,26,26,26,25,26,27,27,28,29,29,28,27,26,26,24,22,22,21,20,21,22,21,22,22
-80,125,20,17,18,18,19,19,17,17,22,26,23,19,17,19,22,22,21,20,20,19,18,19,19,17,15,15,3,0,0,0,0,0,0,0,0,0,4,20,18,21,23,22,21,22,23,24,23,22,21,22,20,20,22,22,18,18,18,19,19,19,18,18,19
-80,125,20,22,22,20,20,21,21,20,20,22,20,21,22,22,22,23,24,25,23,22,22,22,22,21,18,17,4,0,0,0,0,0,0,0,0,0,5,17,18,18,19,19,19,19,19,20,20,21,21,18,17,18,19,19,18,17,17,18,18,20,21,18,18
-77,125,20,23,25,25,24,23,22,21,21,20,19,20,21,21,20,20,19,18,17,17,16,16,15,14,13,11,2,0,0,0,0,0,0,0,0,0,5,21,21,23,25,24,23,25,26,25,25,25,25,25,25,23,23,23,24,23,24,25,25,24,24,24,24
-79,125,20,23,19,20,23,21,20,20,20,19,20,20,21,23,23,21,21,22,23,24,23,21,21,19,18,18,4,0,0,0,0,0,0,0,0,0,3,15,16,17,17,17,18,19,19,18,19,20,21,21,18,18,20,21,20,18,17,17,19,21,22,22,23
-80,125,20,22,22,21,21,22,23,21,25,29,27,22,23,24,23,23,23,23,23,21,20,19,18,18,18,17,4,0,0,0,0,0,0,0,0,0,4,21,22,22,22,23,23,22,21,20,21,23,24,21,20,20,19,19,20,20,18,17,19,20,20,20,21
-83,125,20,16,17,16,16,20,23,20,23,28,25,20,21,21,23,24,24,24,24,24,24,24,24,24,24,22,6,0,0,0,0,0,0,0,0,0,6,24,23,22,23,24,23,21,21,21,21,21,23,23,22,19,21,23,19,16,16,17,16,16,17,22,25
-78,125,20,20,21,22,22,21,19,18,20,24,24,22,20,20,20,20,20,20,20,20,19,17,17,18,17,17,5,0,0,0,0,0,0,0,0,0,5,21,22,23,23,23,24,25,25,24,26,27,27,26,24,23,23,23,22,21,22,22,22,21,21,21,22
-79,125,20,22,21,22,21,19,21,21,22,22,21,20,22,23,24,25,24,23,22,21,20,20,19,19,19,18,4,0,0,0,0,0,0,0,0,0,6,26,26,25,25,25,24,25,25,24,24,25,25,23,23,24,23,22,22,21,21,20,20,20,22,22,23
-78,125,20,22,22,21,20,21,20,19,16,13,17,19,18,17,17,18,17,16,16,15,14,14,13,12,13,13,2,0,0,0,0,0,0,0,0,0,4,19,20,21,22,22,23,23,21,22,25,27,25,24,24,24,24,22,21,22,22,22,21,20,22,23,22
-76,125,20,25,24,21,22,22,22,21,22,25,22,20,20,20,19,19,19,18,17,17,15,14,14,13,13,13,3,0,0,0,0,0,0,0,0,0,5,20,20,21,21,24,24,25,25,26,26,26,26,28,26,23,24,25,25,24,24,24,23,24,25,26,24
-80,125,20,18,19,19,19,19,18,16,19,22,20,17,16,16,17,17,16,16,15,15,15,15,15,13,13,13,3,0,0,0,0,0,0,0,0,0,5,22,24,26,26,25,25,26,26,27,28,28,29,26,24,23,24,22,20,20,21,20,20,20,22,21,19
-79,125,20,21,20,20,21,21,20,19,22,25,22,19,19,20,21,23,23,21,20,19,19,17,16,18,19,18,4,0,0,0,0,0,0,0,0,0,5,19,18,19,19,20,20,21,20,19,20,23,23,21,19,20,20,21,22,21,20,20,21,21,21,21,21
-79,125,20,22,22,22,21,21,22,21,17,12,17,22,22,22,23,24,23,22,23,22,19,19,19,21,19,17,3,0,0,0,0,0,0,0,0,0,5,21,21,21,22,23,24,23,23,22,23,25,25,23,22,23,23,21,19,21,21,21,21,21,23,23,22
-76,125,20,25,24,24,25,23,23,24,23,22,25,25,25,25,26,25,24,24,24,22,21,20,20,20,20,20,5,0,0,0,0,0,0,0,0,0,3,13,13,13,14,15,17,18,19,20,20,21,21,22,22,20,20,20,20,21,22,21,22,23,25,26,27
-79,125,20,19,17,18,21,22,21,21,17,14,18,21,22,23,23,24,23,22,23,22,21,20,19,19,19,20,6,0,0,0,0,0,0,0,0,0,4,16,17,18,20,20,19,18,19,18,19,19,18,17,18,18,18,19,17,17,18,19,20,21,19,20,22
-79,125,20,29,30,28,27,27,26,25,23,21,25,28,29,31,32,30,29,29,30,30,29,27,26,25,23,23,5,0,0,0,0,0,0,0,0,0,3,15,16,17,19,19,19,18,18,18,18,18,19,20,20,20,20,20,19,19,18,20,20,20,22,23,23
-77,125,20,22,22,23,24,22,21,21,22,24,22,19,19,18,18,19,18,18,18,17,16,16,15,14,13,13,3,0,0,0,0,0,0,0,0,0,5,21,22,24,25,25,26,27,27,26,26,27,26,26,25,24,25,24,23,22,23,23,23,23,24,23,22
-77,125,20,26,26,24,22,22,23,23,20,19,23,25,23,23,23,25,25,24,24,23,21,19,18,17,17,15,3,0,0,0,0,0,0,0,0,0,5,18,19,20,20,20,21,21,22,23,24,25,25,24,24,24,25,25,25,25,25,24,23,23,24,24,25
-79,125,20,24,25,23,23,22,21,22,25,27,25,22,22,23,24,24,24,24,24,22,19,18,19,19,18,16,4,0,0,0,0,0,0,0,0,0,5,19,20,20,21,22,21,20,20,22,24,23,22,22,21,21,19,19,19,20,20,19,20,22,22,20,20
-81,125,20,21,21,21,23,24,21,21,17,15,19,22,23,24,23,21,21,21,22,22,22,21,19,18,17,16,4,0,0,0,0,0,0,0,0,0,4,16,16,17,18,18,18,18,18,18,18,19,19,18,19,20,21,19,17,18,19,19,18,18,21,23,24
-79,125,20,24,25,25,24,23,24,25,24,24,24,24,24,25,27,27,26,24,24,23,22,22,21,21,18,17,4,0,0,0,0,0,0,0,0,0,2,7,8,10,11,12,13,15,16,16,18,20,20,20,20,19,18,19,18,19,21,22,23,24,24,25,25
-80,125,20,25,26,26,24,23,23,23,26,29,28,27,25,25,26,27,26,25,26,27,26,24,22,21,21,21,6,0,0,0,0,0,0,0,0,0,4,17,15,15,16,17,19,19,18,17,18,20,22,21,21,20,21,20,20,21,21,20,20,22,23,24,24
-77,125,20,23,21,20,20,20,20,20,21,22,20,17,16,16,17,16,15,16,15,13,12,11,11,11,10,9,3,0,0,0,0,0,0,0,0,0,6,23,23,24,25,25,25,25,26,27,27,27,27,27,25,23,22,23,23,22,22,23,23,22,23,25,25
-82,125,20,18,18,17,16,16,17,18,16,12,14,16,16,15,15,16,15,14,15,17,17,16,15,16,15,16,3,0,0,0,0,0,0,0,0,0,5,24,24,25,25,26,28,29,27,25,24,24,23,22,23,22,22,22,21,19,19,18,18,18,18,21,20
-79,125,20,21,20,19,19,20,19,19,19,18,17,17,17,18,18,17,17,17,17,18,17,16,15,15,16,15,4,0,0,0,0,0,0,0,0,0,6,22,23,23,23,22,23,24,24,23,23,23,23,24,23,21,21,20,18,19,19,19,19,19,20,20,21
-76,125,20,22,24,21,20,20,20,20,21,22,20,17,17,17,17,16,15,15,15,13,12,12,12,9,9,10,3,0,0,0,0,0,0,0,0,0,6,22,22,22,24,23,23,24,23,23,24,25,25,23,24,23,24,23,22,21,21,20,20,19,20,21,22
-81,125,20,19,21,21,21,21,20,20,24,29,24,19,21,22,23,24,22,20,20,23,24,23,23,22,21,20,5,0,0,0,0,0,0,0,0,0,5,22,23,24,25,24,23,23,25,24,23,21,20,18,18,20,21,20,18,17,16,17,19,19,18,20,22
-81,125,20,21,22,23,23,21,20,18,19,26,26,24,22,20,21,23,24,24,21,21,21,22,21,19,17,17,4,0,0,0,0,0,0,0,0,0,6,25,25,26,27,26,25,26,26,25,23,24,25,25,23,22,21,19,18,19,20,20,20,19,19,21,24
-81,125,20,24,24,24,23,21,22,24,24,24,24,25,24,25,26,25,26,25,25,24,23,23,24,21,19,18,5,0,0,0,0,0,0,0,0,0,4,18,18,19,18,17,17,18,20,19,19,21,21,19,18,20,20,19,19,20,22,21,21,21,21,23,25
-80,125,20,19,19,19,19,18,20,19,16,16,17,20,21,20,19,20,20,19,19,18,18,18,19,18,19,19,5,0,0,0,0,0,0,0,0,0,6,23,25,25,24,24,25,26,26,26,26,26,26,25,23,22,24,24,24,25,24,23,22,20,22,26,27
-79,125,20,18,19,20,21,21,18,18,21,21,18,19,18,17,18,19,17,17,17,16,16,16,14,14,14,13,3,0,0,0,0,0,0,0,0,0,5,21,22,24,26,28,27,26,26,25,26,26,25,25,26,25,23,22,21,22,20,17,16,19,21,20,23
-78,125,20,26,24,22,21,22,24,25,24,23,23,23,23,23,21,22,23,23,21,21,22,21,18,17,16,16,4,0,0,0,0,0,0,0,0,0,3,12,13,15,16,16,16,16,16,18,19,21,21,20,20,18,18,20,20,20,22,24,24,21,21,25,26
-81,125,20,18,18,19,19,20,21,20,22,26,23,18,17,17,16,18,20,19,17,17,18,19,18,17,17,18,3,0,0,0,0,0,0,0,0,0,6,27,27,27,28,29,29,29,27,27,30,29,28,26,26,26,26,25,23,21,21,20,19,20,22,21,21
-79,125,20,22,23,21,21,21,20,20,17,13,17,20,19,20,21,20,20,17,16,15,14,14,15,14,13,13,3,0,0,0,0,0,0,0,0,0,5,25,26,27,27,27,27,27,28,27,28,28,28,27,25,24,23,24,26,26,25,22,21,23,25,25,24
-78,125,20,22,23,24,24,22,20,20,21,23,21,21,21,21,20,20,20,20,21,20,19,18,18,18,17,16,4,0,0,0,0,0,0,0,0,0,4,17,18,20,21,20,21,21,21,21,22,22,23,23,23,24,22,20,20,21,22,22,21,22,23,23,23
-80,125,20,20,20,19,21,22,21,19,17,13,18,21,21,22,22,21,20,21,21,21,21,22,20,18,18,19,5,0,0,0,0,0,0,0,0,0,3,16,18,20,20,22,22,21,21,19,18,20,21,20,19,18,18,18,19,19,17,18,19,19,20,21,21
-79,125,20,24,25,27,26,25,25,26,22,18,23,25,25,26,26,25,24,23,23,23,21,21,21,20,19,18,5,0,0,0,0,0,0,0,0,0,4,16,19,20,19,18,19,21,22,21,20,20,21,20,20,20,20,22,23,23,23,23,25,25,23,22,24
-80,125,20,19,21,21,19,19,20,19,21,24,22,20,20,18,19,22,24,21,19,20,21,21,21,19,17,17,4,0,0,0,0,0,0,0,0,0,4,18,18,20,20,20,20,21,22,24,24,23,22,22,22,22,22,21,21,19,18,20,20,20,19,19,19
-77,125,20,26,26,24,23,22,22,21,17,16,18,18,18,19,20,19,17,17,16,15,15,14,13,13,13,13,3,0,0,0,0,0,0,0,0,0,6,22,22,24,24,24,25,27,26,27,27,28,28,27,26,25,25,24,23,23,24,25,23,23,24,24,25
-79,125,20,20,24,25,21,18,18,17,21,25,23,20,19,19,19,20,18,15,16,17,18,17,16,16,14,13,3,0,0,0,0,0,0,0,0,0,5,25,25,26,26,27,26,27,27,27,27,29,30,27,27,26,25,23,22,23,23,22,22,24,25,22,22
-78,125,20,23,23,23,23,22,24,22,23,25,23,20,19,20,21,21,20,19,18,19,17,15,15,14,13,12,2,0,0,0,0,0,0,0,0,0,4,18,19,20,20,21,22,21,22,21,22,25,25,24,23,22,23,22,22,23,24,22,20,21,23,22,22
-78,125,20,24,24,23,22,22,20,20,19,21,23,22,20,20,21,22,21,20,19,19,19,18,17,16,15,15,3,0,0,0,0,0,0,0,0,0,5,21,21,21,22,23,24,24,25,26,27,27,26,25,25,25,26,24,22,24,24,23,21,22,23,25,25
-80,125,20,21,21,19,20,21,19,19,24,26,22,17,17,18,18,19,19,19,18,18,19,18,17,18,19,18,4,0,0,0,0,0,0,0,0,0,5,20,20,22,21,20,22,23,24,24,23,23,23,22,21,20,19,19,19,19,19,20,20,21,25,24,23
-81,125,20,22,23,25,26,27,25,24,30,35,30,26,26,26,27,26,27,28,28,28,29,29,28,27,25,22,5,0,0,0,0,0,0,0,0,0,5,19,19,20,21,20,19,20,22,23,22,22,22,21,19,19,19,18,18,18,18,20,21,19,19,19,21
-78,125,20,24,26,25,25,25,25,25,22,19,23,26,26,24,24,24,24,23,22,22,22,21,19,19,19,19,5,0,0,0,0,0,0,0,0,0,4,19,18,19,21,20,21,22,23,23,23,23,24,24,23,23,23,23,22,22,22,22,22,23,25,24,24
-77,125,20,24,24,22,22,22,23,22,23,25,23,20,20,21,22,23,22,22,21,21,20,18,18,18,16,16,3,0,0,0,0,0,0,0,0,0,4,16,16,17,18,17,18,19,19,20,21,21,19,19,18,19,19,20,20,19,19,20,20,20,21,24,26
-79,125,20,24,24,23,23,25,27,28,25,21,23,26,27,28,29,31,30,30,30,29,29,27,25,26,27,25,6,0,0,0,0,0,0,0,0,0,4,18,17,18,18,18,17,18,19,19,19,20,20,18,16,16,18,19,19,18,18,19,19,20,22,23,23
-77,125,20,24,26,24,19,18,20,19,19,21,19,18,17,17,17,17,17,17,16,15,14,14,13,12,12,11,2,0,0,0,0,0,0,0,0,0,5,22,23,25,26,26,26,26,26,27,27,30,30,27,25,25,25,24,23,24,24,23,22,22,22,23,23
-81,125,20,22,23,22,20,22,25,26,22,17,21,25,25,25,25,23,25,27,26,25,26,25,23,23,23,21,5,0,0,0,0,0,0,0,0,0,5,20,20,20,19,18,18,17,17,19,20,19,19,19,19,19,19,19,18,18,18,19,21,21,19,19,20
-75,125,20,25,27,26,25,23,23,25,25,26,28,27,25,25,26,26,24,24,24,24,23,22,21,21,19,19,5,0,0,0,0,0,0,0,0,0,2,7,8,9,10,11,12,14,15,16,17,18,19,20,20,21,22,21,20,20,22,23,24,25,26,25,26
-78,125,20,24,25,24,21,21,22,23,21,20,22,22,22,22,23,23,24,24,25,23,21,19,20,20,18,14,3,0,0,0,0,0,0,0,0,0,5,19,19,21,21,21,21,22,23,25,25,25,26,25,24,23,24,24,23,22,20,19,21,22,23,25,27
-78,125,20,21,19,17,17,15,13,14,15,14,14,15,15,16,16,15,15,15,14,13,13,12,10,11,12,12,2,0,0,0,0,0,0,0,0,0,5,22,22,23,24,24,25,25,25,25,27,27,27,27,28,28,27,25,24,23,24,23,23,23,24,24,22
-79,125,20,22,21,20,19,19,19,20,21,20,20,20,19,20,21,22,22,22,21,21,19,18,18,18,16,16,3,0,0,0,0,0,0,0,0,0,5,20,21,23,24,24,23,23,22,23,25,25,24,25,25,23,23,22,22,22,22,22,22,22,23,22,23
-82,125,20,23,21,20,21,24,23,22,25,27,22,20,20,20,21,22,23,24,24,22,21,20,19,21,22,22,5,0,0,0,0,0,0,0,0,0,7,26,25,26,29,30,29,28,26,25,27,28,28,27,25,24,23,21,20,21,20,19,18,18,20,21,24
-78,125,20,22,20,20,21,21,19,18,19,18,18,19,20,20,19,17,16,16,16,16,16,15,14,14,12,11,3,0,0,0,0,0,0,0,0,0,6,23,23,23,23,24,25,26,27,27,28,29,28,27,27,25,24,23,23,24,24,25,24,25,24,23,26
-78,125,20,23,21,20,21,21,20,19,22,25,21,18,19,21,22,21,21,19,20,21,22,20,20,18,17,17,4,0,0,0,0,0,0,0,0,0,5,20,21,21,21,21,22,23,23,23,23,24,24,23,23,23,24,23,21,20,22,23,22,21,22,22,22
-76,125,20,22,22,23,20,19,20,19,17,16,17,18,17,17,17,17,17,17,15,14,14,13,12,12,11,12,3,0,0,0,0,0,0,0,0,0,4,18,20,20,21,21,23,23,25,25,25,25,24,23,23,23,23,22,22,22,22,22,23,23,22,22,22
-80,125,20,20,19,18,17,16,16,16,19,22,19,16,15,14,15,15,14,14,14,13,13,12,11,10,10,11,2,0,0,0,0,0,0,0,0,0,5,22,22,23,25,25,26,27,26,27,28,29,28,26,25,24,25,25,23,23,23,21,20,21,22,22,19
-77,125,20,28,28,27,26,26,26,25,27,28,26,24,25,25,25,23,25,24,23,22,22,20,20,20,18,17,5,0,0,0,0,0,0,0,0,0,3,13,13,15,16,16,18,18,19,20,22,23,21,22,22,23,23,24,24,24,23,22,24,25,26,26,27
-79,125,20,19,19,19,19,20,21,19,20,23,20,17,17,17,17,18,18,18,19,18,17,16,16,16,15,14,3,0,0,0,0,0,0,0,0,0,5,21,20,21,23,23,23,22,22,22,24,25,24,23,23,23,23,22,19,17,17,20,20,19,20,23,23
-78,125,20,22,21,21,20,21,20,19,15,12,14,17,18,19,19,18,17,17,18,17,17,16,15,16,16,15,3,0,0,0,0,0,0,0,0,0,4,19,20,22,23,23,24,23,22,23,25,24,24,23,23,23,24,22,22,23,24,24,22,23,24,23,21
-79,125,20,22,21,21,19,19,17,16,16,17,17,18,16,16,16,17,17,16,15,14,13,11,12,12,11,9,2,0,0,0,0,0,0,0,0,0,5,21,23,25,25,26,27,28,28,28,28,28,27,27,27,25,26,25,24,22,23,23,22,23,26,26,26
-78,125,20,24,24,22,23,21,21,21,22,23,21,18,17,17,17,18,18,18,16,16,14,13,14,14,13,14,4,0,0,0,0,0,0,0,0,0,7,27,27,26,26,28,29,29,28,30,30,28,29,28,28,28,26,25,23,23,24,24,22,23,25,26,23
-80,125,20,23,25,23,21,24,25,23,25,25,22,21,22,24,25,25,25,25,24,25,26,25,22,22,21,19,5,0,0,0,0,0,0,0,0,0,6,23,24,23,23,23,24,23,23,21,21,23,25,23,20,18,18,21,21,18,16,17,18,19,20,23,24
-76,125,20,25,26,24,25,25,25,24,26,29,25,22,24,25,24,24,24,24,25,23,21,20,19,19,18,19,4,0,0,0,0,0,0,0,0,0,1,6,8,10,10,10,11,13,15,16,17,19,20,20,21,22,22,22,22,23,23,24,25,25,25,27,28
-78,125,20,25,23,22,24,24,24,23,24,26,25,24,23,24,24,24,26,26,24,23,23,21,21,22,21,18,3,0,0,0,0,0,0,0,0,0,4,18,18,19,20,21,20,22,24,24,23,24,24,23,23,24,24,23,23,23,22,21,20,21,23,26,27
-77,125,20,23,22,23,22,19,18,20,20,19,20,20,19,19,18,17,16,15,15,15,15,14,13,13,12,11,2,0,0,0,0,0,0,0,0,0,5,21,21,22,24,24,26,26,27,26,27,28,26,25,26,25,24,25,24,22,23,21,22,23,23,24,25
-79,125,20,24,24,24,23,25,26,25,23,23,24,24,22,23,25,25,26,27,26,25,25,23,22,22,21,20,4,0,0,0,0,0,0,0,0,0,5,21,21,21,21,21,21,22,22,21,23,25,25,23,22,23,23,21,22,20,19,21,21,22,23,23,22
-79,125,20,20,19,20,19,17,19,19,16,14,19,22,20,19,20,20,21,21,20,20,20,19,19,17,17,16,4,0,0,0,0,0,0,0,0,0,5,23,22,23,23,23,22,23,24,25,27,27,26,25,23,22,23,23,21,19,18,19,20,19,20,22,22
-79,125,20,22,22,22,22,21,21,22,23,22,20,20,21,23,22,22,22,23,21,20,18,18,17,17,19,19,4,0,0,0,0,0,0,0,0,0,3,14,15,17,18,17,19,20,21,21,18,18,19,19,21,22,22,20,18,18,19,21,21,21,21,21,21
-79,125,20,19,21,23,23,21,20,19,23,27,25,21,21,22,23,23,23,23,24,23,22,21,20,19,19,18,5,0,0,0,0,0,0,0,0,0,3,17,17,18,21,23,22,20,21,22,23,24,23,22,22,22,21,20,20,20,20,20,20,19,21,21,21
-80,125,20,24,24,23,22,22,20,18,17,15,18,20,18,17,17,18,18,19,19,19,18,16,16,15,13,13,4,0,0,0,0,0,0,0,0,0,7,26,26,27,26,27,29,30,29,29,28,29,29,28,25,24,26,26,23,23,25,25,23,23,24,24,24
-80,125,20,21,22,23,23,22,24,24,21,19,21,22,22,24,25,24,24,24,24,23,22,21,19,18,18,15,3,0,0,0,0,0,0,0,0,0,4,18,18,18,18,19,19,19,19,21,22,21,19,17,18,19,19,18,18,19,19,19,18,18,18,20,20
-81,125,20,18,18,18,18,18,17,18,22,25,23,19,19,19,20,21,22,22,21,21,21,19,19,18,17,19,5,0,0,0,0,0,0,0,0,0,7,28,27,28,29,28,27,28,28,26,26,27,28,25,22,21,21,19,18,18,19,20,20,19,19,19,20
-79,125,20,23,22,22,21,21,23,22,23,26,25,24,25,26,26,25,23,23,23,22,21,21,22,22,19,18,4,0,0,0,0,0,0,0,0,0,3,15,15,16,16,17,18,20,18,18,17,18,19,20,18,18,19,17,18,19,19,17,15,16,18,22,26
-77,125,20,28,28,27,28,27,25,24,26,30,28,26,27,27,26,25,25,25,25,23,22,19,18,19,18,18,4,0,0,0,0,0,0,0,0,0,3,12,13,15,17,17,18,18,19,21,22,23,24,23,24,25,25,25,23,23,24,24,25,25,26,25,27
-81,125,20,22,22,19,18,20,20,20,24,28,25,22,21,21,21,21,21,23,23,20,21,22,20,19,17,17,4,0,0,0,0,0,0,0,0,0,6,26,26,27,26,25,29,29,27,28,28,26,26,25,22,21,21,22,25,25,23,23,21,20,21,20,17
-79,125,20,24,21,22,24,24,23,22,26,31,29,25,25,25,25,24,25,26,26,25,24,21,20,19,19,18,4,0,0,0,0,0,0,0,0,0,4,17,19,20,21,21,21,21,20,20,21,22,22,22,22,22,22,22,20,19,19,19,19,20,21,23,23
-79,125,20,25,22,20,21,21,20,20,20,21,22,24,23,22,21,20,20,19,19,18,17,17,16,16,16,17,5,0,0,0,0,0,0,0,0,0,6,21,22,23,23,23,25,25,26,25,25,24,24,25,24,22,23,22,21,21,22,21,21,22,22,23,24
-76,125,20,25,26,24,23,23,23,21,22,23,22,18,18,17,17,17,17,16,15,15,13,11,12,12,12,11,2,0,0,0,0,0,0,0,0,0,5,23,23,23,24,24,25,24,25,25,25,26,26,27,27,25,25,23,22,22,23,23,24,23,25,26,26
-78,125,20,23,22,22,21,21,21,22,26,29,26,22,22,23,22,22,21,21,21,20,19,18,18,17,15,14,3,0,0,0,0,0,0,0,0,0,3,16,18,18,19,20,22,22,22,23,22,22,23,23,22,23,25,25,22,21,21,21,22,22,23,26,25
-76,125,20,25,25,25,25,23,21,19,20,22,21,20,20,19,19,19,19,20,19,18,16,15,15,15,13,12,3,0,0,0,0,0,0,0,0,0,5,17,19,20,21,21,22,23,23,23,24,25,25,24,24,23,23,23,22,22,23,23,22,22,23,25,26
-82,125,20,21,18,18,18,18,20,24,25,25,24,22,22,23,25,27,27,26,25,24,24,25,24,22,21,20,5,0,0,0,0,0,0,0,0,0,5,17,17,17,18,18,17,15,14,16,18,17,14,12,14,17,17,16,16,16,17,18,19,17,16,18,21
-81,125,20,18,19,19,16,15,16,20,19,17,16,17,17,19,20,19,21,22,23,24,24,22,21,20,21,23,6,0,0,0,0,0,0,0,0,0,7,26,26,26,27,27,27,26,25,25,25,27,26,22,19,20,21,23,22,19,18,18,17,18,18,18,18
-78,125,20,23,24,24,21,18,19,20,18,15,16,18,19,18,17,18,19,19,18,18,19,17,15,15,16,15,4,0,0,0,0,0,0,0,0,0,5,20,21,23,23,23,23,24,24,24,24,25,25,25,24,23,23,23,21,22,22,21,21,21,21,22,22
-83,125,20,18,16,16,14,13,13,13,14,16,12,9,10,11,12,13,13,15,15,13,13,13,13,13,12,13,3,0,0,0,0,0,0,0,0,0,7,28,30,29,29,28,29,30,31,31,29,31,32,27,23,25,25,25,24,22,21,21,22,20,19,19,17
-78,125,20,26,26,24,22,23,24,24,21,22,23,24,24,23,22,21,21,23,22,19,17,17,18,17,15,15,3,0,0,0,0,0,0,0,0,0,5,21,22,23,24,24,25,26,27,26,27,28,28,26,26,26,26,25,24,24,25,24,23,23,25,26,29
-84,125,20,6,7,7,6,8,9,8,9,12,12,15,17,20,21,22,22,20,20,21,21,20,21,23,22,20,5,0,0,0,0,0,0,0,0,0,6,27,28,29,26,26,27,27,26,25,23,22,21,20,18,17,16,13,9,8,9,6,6,7,7,7,8
-78,125,20,23,23,24,23,23,22,23,23,25,24,23,23,22,23,25,26,24,22,22,21,21,20,19,18,17,4,0,0,0,0,0,0,0,0,0,5,19,21,21,21,21,21,22,23,22,22,23,24,23,22,21,21,21,19,18,19,19,19,19,20,20,20
-76,125,20,27,26,25,24,24,23,24,22,20,22,25,24,24,24,24,23,23,22,21,19,18,17,17,17,17,5,0,0,0,0,0,0,0,0,0,2,7,9,10,11,13,14,15,16,17,18,19,21,21,21,21,21,21,23,24,24,23,24,25,26,26,25
-79,125,20,23,21,22,21,21,21,20,22,25,22,19,20,20,21,20,19,20,20,19,18,17,17,16,15,15,4,0,0,0,0,0,0,0,0,0,5,22,24,24,24,25,26,26,26,26,26,27,27,26,25,24,24,23,22,22,23,23,23,23,23,22,22
-80,125,20,24,23,21,20,19,19,18,15,15,17,18,16,17,18,17,17,17,17,16,14,14,14,14,13,13,3,0,0,0,0,0,0,0,0,0,5,22,23,24,24,25,25,25,25,26,28,28,27,26,25,26,26,25,25,24,23,22,22,23,24,24,23
-80,125,20,24,23,23,22,22,23,23,23,24,23,22,22,22,22,23,24,25,25,24,23,20,19,19,19,18,5,0,0,0,0,0,0,0,0,0,5,20,21,21,22,23,23,23,23,23,23,24,24,24,23,21,22,22,22,21,22,22,22,23,25,26,26
-81,125,20,22,23,21,21,23,22,21,18,14,17,20,20,21,20,22,22,22,21,20,19,19,17,17,17,16,3,0,0,0,0,0,0,0,0,0,5,21,23,21,21,23,24,26,25,25,25,25,24,24,23,23,24,23,21,21,24,24,22,20,22,24,25
-83,125,20,20,20,19,17,18,21,23,23,23,20,21,22,22,22,24,26,28,27,27,26,25,26,26,25,23,5,0,0,0,0,0,0,0,0,0,4,19,19,20,20,20,20,20,21,20,18,18,19,18,16,16,17,16,15,16,17,18,20,22,20,20,20
-80,125,20,25,24,23,21,19,20,20,22,23,21,19,20,21,20,19,19,18,18,18,16,14,15,15,13,13,3,0,0,0,0,0,0,0,0,0,5,24,25,25,25,24,25,26,27,27,27,27,28,28,26,25,25,24,24,25,24,23,23,25,26,26,25
-77,125,20,24,24,25,25,25,24,25,26,27,25,25,24,24,24,25,24,23,23,23,22,21,20,20,19,17,4,0,0,0,0,0,0,0,0,0,3,9,10,11,11,12,13,14,16,18,18,18,18,19,19,19,20,21,21,20,20,22,24,25,25,24,24
-80,125,20,24,24,23,23,24,24,25,26,26,23,22,24,25,25,26,25,23,22,22,22,21,21,19,18,19,4,0,0,0,0,0,0,0,0,0,4,17,17,19,20,21,22,20,21,22,25,24,24,24,21,20,22,23,21,19,17,18,20,22,23,25,24
-78,125,20,26,26,23,22,22,22,22,23,24,21,19,19,18,19,18,17,17,15,15,14,13,12,11,11,12,2,0,0,0,0,0,0,0,0,0,4,21,22,21,22,24,25,25,24,24,25,25,26,25,25,26,25,22,22,23,23,22,21,21,23,24,24
-82,125,20,20,20,20,19,21,21,22,20,17,21,22,22,21,22,22,21,22,23,23,22,19,18,20,19,18,5,0,0,0,0,0,0,0,0,0,6,21,21,23,24,24,23,23,24,24,24,24,22,21,22,22,20,20,19,17,17,19,20,21,20,19,19
-80,125,20,27,26,27,27,26,25,25,25,24,24,24,26,27,27,26,24,23,23,23,22,21,19,18,18,19,5,0,0,0,0,0,0,0,0,0,4,16,17,19,19,20,22,23,23,21,22,23,24,23,22,22,23,22,22,22,25,24,23,23,25,26,26
-78,125,20,30,30,29,28,28,28,27,26,27,27,27,27,29,30,31,31,30,29,28,27,26,24,23,23,23,6,0,0,0,0,0,0,0,0,0,2,7,8,9,10,11,13,15,17,18,19,22,22,21,21,22,22,23,22,22,23,24,26,26,26,28,29
-78,125,20,22,23,24,24,23,22,20,21,21,20,19,19,19,19,19,17,17,18,18,17,17,17,15,13,12,2,0,0,0,0,0,0,0,0,0,4,18,18,19,20,20,21,21,21,22,23,23,25,25,23,22,21,21,21,22,23,21,22,22,23,24,24
-80,125,20,20,20,21,23,23,22,22,21,22,22,23,23,23,23,24,23,23,23,22,21,22,21,20,17,18,5,0,0,0,0,0,0,0,0,0,5,20,20,21,22,21,22,24,23,23,24,24,25,24,21,21,22,21,20,20,19,19,19,21,22,23,24
-79,125,20,24,23,23,23,22,20,20,23,26,24,21,23,24,23,21,20,20,21,21,21,20,19,18,17,16,4,0,0,0,0,0,0,0,0,0,5,23,22,23,23,24,25,25,26,27,26,26,27,26,25,24,24,23,23,24,23,22,22,22,24,24,25
-81,125,20,22,22,19,17,18,22,22,25,30,27,22,20,21,22,22,22,24,23,23,23,22,20,19,18,17,4,0,0,0,0,0,0,0,0,0,5,21,21,23,24,23,22,22,21,20,22,22,22,21,20,17,16,17,19,20,20,19,18,20,21,21,20
-79,125,20,22,22,22,22,22,23,22,23,25,24,18,16,17,18,19,19,17,17,15,14,13,12,12,11,10,3,0,0,0,0,0,0,0,0,0,5,22,21,22,22,24,25,25,26,27,26,26,27,27,26,25,26,24,23,24,22,21,21,22,23,22,24
-82,125,20,26,26,26,25,23,23,24,21,17,21,26,26,28,27,26,25,28,30,29,29,27,25,25,25,24,6,0,0,0,0,0,0,0,0,0,4,16,16,16,17,19,20,19,18,18,18,19,19,17,17,16,15,16,19,20,19,20,20,20,23,23,22
-79,125,20,23,23,22,22,21,20,21,21,22,23,21,22,21,21,21,20,21,21,20,19,18,18,17,17,16,4,0,0,0,0,0,0,0,0,0,3,17,19,20,19,19,21,21,21,21,22,23,22,22,22,21,22,22,21,21,23,24,23,21,22,23,24
-78,125,20,22,23,23,22,22,22,21,20,21,20,18,18,19,18,18,18,18,16,15,14,13,12,12,12,12,3,0,0,0,0,0,0,0,0,0,4,19,20,22,23,23,23,24,24,23,23,24,24,22,21,21,23,22,22,23,23,23,23,23,24,25,25
-82,125,20,20,20,20,21,21,20,20,17,13,15,19,19,20,21,21,20,22,25,25,23,23,23,23,21,21,6,0,0,0,0,0,0,0,0,0,7,25,25,25,25,25,25,25,24,25,26,25,22,21,22,22,22,21,20,18,18,19,19,20,20,20,21
-78,125,20,23,23,23,23,22,21,22,24,23,22,20,21,21,19,19,19,19,19,19,17,16,15,15,14,14,3,0,0,0,0,0,0,0,0,0,4,16,16,17,17,17,19,19,20,20,21,22,22,22,20,19,19,20,20,19,19,21,21,22,23,23,24
-83,125,20,19,21,20,19,19,17,16,16,19,20,19,17,16,18,19,18,17,18,19,18,17,17,18,17,17,4,0,0,0,0,0,0,0,0,0,5,24,23,23,24,24,23,23,24,24,26,28,26,24,23,20,18,17,16,17,18,19,20,19,17,17,19
-80,125,20,24,22,21,21,21,19,19,20,23,21,19,18,17,18,18,17,17,16,16,16,15,14,13,12,12,3,0,0,0,0,0,0,0,0,0,6,21,22,24,26,27,27,26,25,25,26,27,28,26,25,24,24,24,25,25,25,25,24,24,25,25,25
-79,125,20,24,24,23,23,23,21,20,22,23,21,20,19,21,22,21,21,21,20,18,17,17,17,16,15,14,4,0,0,0,0,0,0,0,0,0,6,23,23,25,26,27,26,27,27,25,25,28,28,27,25,24,24,24,23,23,23,24,25,25,25,27,28
-78,125,20,22,22,21,21,22,21,21,21,22,21,19,19,19,19,20,20,18,18,18,18,17,16,16,15,13,3,0,0,0,0,0,0,0,0,0,3,15,17,18,19,19,20,21,22,22,21,21,22,23,24,23,23,21,21,21,21,21,20,21,23,25,26
-78,125,20,28,29,28,26,26,27,25,22,21,22,23,25,25,25,24,23,23,24,23,22,21,20,20,18,16,4,0,0,0,0,0,0,0,0,0,3,13,13,14,16,17,18,19,19,20,21,23,23,23,23,24,25,24,25,25,25,25,26,27,27,27,28
-82,125,20,20,22,21,19,19,17,17,16,15,17,22,21,21,22,24,26,26,24,23,24,25,24,24,23,24,6,0,0,0,0,0,0,0,0,0,7,27,26,25,25,26,28,29,26,24,27,28,26,24,23,22,21,20,19,18,19,19,21,22,22,21,18
-82,125,20,23,22,21,22,22,23,22,18,19,22,24,24,25,24,25,24,25,24,21,21,23,22,20,19,20,5,0,0,0,0,0,0,0,0,0,6,21,22,23,23,24,24,24,23,23,25,24,23,22,22,21,23,25,24,21,18,17,18,20,21,23,24
-77,125,20,22,22,21,18,18,18,17,18,19,21,18,16,17,17,17,17,17,16,15,14,14,14,14,14,14,3,0,0,0,0,0,0,0,0,0,5,20,22,24,24,24,24,23,23,24,24,25,25,24,23,23,24,24,23,21,21,20,22,22,24,25,25
-77,125,20,28,28,28,27,26,26,26,28,32,29,26,25,26,26,26,26,24,24,23,24,23,23,22,21,19,5,0,0,0,0,0,0,0,0,0,2,8,9,11,12,13,14,15,15,17,18,18,19,20,20,21,21,21,22,22,23,23,24,25,24,26,26
-77,125,20,24,24,25,24,22,22,22,25,27,24,22,23,24,23,23,23,24,23,21,22,21,21,20,19,19,4,0,0,0,0,0,0,0,0,0,1,6,7,7,8,9,9,11,12,14,16,18,17,18,19,20,20,19,20,20,21,21,21,22,23,23,23
-81,125,20,21,19,21,22,19,19,19,19,19,19,21,22,22,23,24,24,22,21,21,22,20,19,19,19,18,4,0,0,0,0,0,0,0,0,0,6,25,26,27,27,26,26,27,27,25,25,26,26,25,22,22,21,21,23,21,21,22,22,21,22,23,22
-79,125,20,26,27,27,25,25,24,24,22,21,22,23,24,24,24,23,22,22,22,21,20,20,17,15,15,15,4,0,0,0,0,0,0,0,0,0,5,18,19,20,20,22,23,24,24,25,26,27,28,27,25,24,26,26,25,25,25,24,24,23,24,25,25
-80,125,20,24,24,24,22,22,25,24,19,18,21,23,23,22,21,21,21,21,20,18,17,17,16,16,15,14,3,0,0,0,0,0,0,0,0,0,2,11,12,13,16,16,17,19,18,18,20,22,22,22,22,23,23,23,22,23,24,22,20,21,23,24,26
-82,125,20,21,22,22,21,20,18,18,16,13,17,20,21,21,21,19,20,21,21,20,19,17,17,17,15,16,3,0,0,0,0,0,0,0,0,0,4,19,18,18,17,18,19,20,20,19,19,20,21,20,20,19,17,16,16,17,16,14,13,15,19,20,20
-78,125,20,26,24,25,25,25,24,23,24,26,24,21,21,21,20,21,20,19,19,19,18,18,17,17,15,14,4,0,0,0,0,0,0,0,0,0,5,19,20,20,21,22,24,24,24,24,24,26,27,26,26,25,25,25,25,25,24,24,25,25,25,24,25
-81,125,20,20,20,21,20,19,19,20,22,24,23,21,20,20,21,22,21,21,21,21,20,19,18,18,18,17,4,0,0,0,0,0,0,0,0,0,4,19,19,20,20,19,20,21,21,22,20,21,22,21,20,20,20,20,20,19,19,20,18,19,21,21,20
-78,125,20,23,23,24,25,24,23,22,24,26,25,24,24,24,24,24,23,24,24,23,22,21,19,19,19,18,4,0,0,0,0,0,0,0,0,0,1,6,6,7,8,9,10,11,11,13,14,16,16,16,17,18,18,18,18,18,17,19,21,20,20,21,20
-78,125,20,25,25,25,26,26,24,22,24,27,24,21,21,24,23,21,21,21,21,20,18,17,17,16,15,15,3,0,0,0,0,0,0,0,0,0,3,18,19,19,20,22,23,23,24,25,25,26,26,25,24,24,25,25,24,24,25,28,29,27,28,29,28
-79,125,20,25,25,24,22,21,20,20,21,22,21,20,18,18,19,19,18,17,17,17,17,16,15,14,14,13,4,0,0,0,0,0,0,0,0,0,5,18,19,20,21,21,22,23,23,23,23,24,24,23,22,22,23,22,22,22,21,22,22,23,24,26,27
-83,125,20,15,15,17,17,17,17,16,14,11,15,20,22,24,24,23,24,27,28,27,26,25,24,24,22,20,5,0,0,0,0,0,0,0,0,0,5,20,20,20,21,21,21,21,20,19,20,20,19,17,17,17,17,16,13,11,12,12,14,14,14,15,14
-83,125,20,17,15,15,16,15,15,17,14,14,15,18,21,22,24,24,24,26,26,25,24,23,23,26,24,22,5,0,0,0,0,0,0,0,0,0,8,29,28,28,28,26,26,27,26,26,24,25,26,24,22,21,19,18,19,18,17,16,15,16,16,15,18
-79,125,20,23,23,23,22,21,21,21,21,22,22,21,20,20,20,19,19,18,18,18,18,18,17,16,15,14,4,0,0,0,0,0,0,0,0,0,6,22,23,24,25,25,26,27,26,27,27,26,27,27,28,27,25,25,24,24,24,25,24,24,24,25,27
-82,125,20,25,22,23,22,21,21,23,18,13,16,20,20,21,21,20,20,21,22,20,18,18,18,16,15,16,4,0,0,0,0,0,0,0,0,0,5,21,20,21,21,22,22,22,22,23,24,25,25,24,24,23,22,21,21,21,21,24,26,23,21,21,21
-80,125,20,22,22,20,20,19,19,20,22,25,22,17,17,18,18,17,16,15,15,15,14,13,12,13,13,12,3,0,0,0,0,0,0,0,0,0,5,22,23,26,27,27,26,27,28,27,26,27,28,27,26,26,28,28,26,24,25,27,25,24,25,26,25
-80,125,20,22,22,20,18,18,19,19,15,12,15,18,17,17,15,17,17,16,16,15,14,14,13,13,12,12,2,0,0,0,0,0,0,0,0,0,5,21,22,23,25,24,25,27,28,27,27,27,27,26,25,23,23,22,21,22,23,24,24,23,23,24,25
-78,125,20,28,27,25,24,24,26,26,28,29,28,23,23,23,24,22,22,23,23,20,20,19,18,18,17,16,4,0,0,0,0,0,0,0,0,0,4,19,21,21,22,24,26,27,26,26,27,27,27,28,27,26,27,26,25,25,26,27,28,29,30,31,32
-79,125,20,27,28,28,28,29,28,27,27,30,28,26,26,27,27,28,28,27,28,27,26,25,24,21,20,20,5,0,0,0,0,0,0,0,0,0,1,6,8,10,10,11,13,15,17,17,17,18,20,21,22,22,23,24,24,24,24,25,25,26,28,29,30
-78,125,20,26,26,26,26,26,25,24,26,29,26,23,24,25,24,24,24,24,24,21,22,23,21,21,20,19,5,0,0,0,0,0,0,0,0,0,2,9,10,10,12,12,15,16,16,15,16,17,18,19,21,21,22,21,20,20,21,21,21,22,25,24,25
-78,125,20,27,27,25,24,24,24,24,25,27,25,22,22,24,24,23,22,22,22,23,22,20,17,16,16,17,4,0,0,0,0,0,0,0,0,0,5,17,18,20,20,21,21,21,21,23,23,22,22,23,24,24,24,22,22,22,23,23,23,22,23,26,27
-81,125,20,25,25,25,26,26,26,25,22,20,23,26,27,27,27,27,27,27,25,23,22,23,23,21,21,22,5,0,0,0,0,0,0,0,0,0,2,12,14,14,17,17,18,19,21,21,23,25,26,23,20,20,23,24,24,24,24,22,22,23,25,26,26
-78,125,20,23,23,24,26,25,23,23,21,19,24,26,25,26,27,26,25,26,25,25,25,23,22,21,20,20,5,0,0,0,0,0,0,0,0,0,3,10,11,12,13,13,14,14,15,16,17,18,20,20,19,19,21,20,21,22,22,21,21,24,25,26,26
-82,125,20,21,24,24,22,21,21,21,20,19,22,25,26,24,25,27,28,27,27,26,26,24,23,22,22,23,5,0,0,0,0,0,0,0,0,0,3,16,16,14,13,14,15,16,17,17,19,21,19,17,18,17,18,18,18,17,17,18,19,19,19,20,23
-82,125,20,18,17,18,20,20,19,20,23,27,23,19,21,25,28,30,30,28,27,27,27,27,25,25,26,26,6,0,0,0,0,0,0,0,0,0,6,25,25,26,26,25,26,27,26,25,25,25,26,25,25,24,23,21,19,19,19,18,18,17,17,18,20
-79,125,20,26,27,29,28,28,30,29,25,22,24,27,28,28,28,28,28,27,26,25,25,24,24,22,20,21,6,0,0,0,0,0,0,0,0,0,4,15,17,18,18,19,21,22,21,21,22,23,23,23,24,24,25,24,23,25,25,24,24,24,25,26,27
-78,125,20,26,25,25,25,25,26,27,26,27,27,26,27,26,27,26,27,27,28,27,26,25,22,22,22,21,5,0,0,0,0,0,0,0,0,0,2,7,7,8,10,10,12,13,15,15,15,16,17,19,20,19,20,22,21,21,20,21,23,23,25,27,30
-81,125,20,23,22,23,25,23,21,21,27,33,29,24,25,26,28,28,26,26,25,26,25,24,24,23,21,21,5,0,0,0,0,0,0,0,0,0,4,17,16,19,21,20,20,20,20,19,19,19,20,19,18,19,20,19,18,18,20,20,20,21,23,24,24
-81,125,20,27,24,21,22,22,22,24,24,20,19,21,22,21,20,20,21,22,22,21,20,20,20,19,18,18,5,0,0,0,0,0,0,0,0,0,5,19,21,21,22,22,24,25,25,23,23,25,25,23,21,23,23,22,20,20,21,21,21,21,23,24,23
-83,125,20,21,20,19,20,22,21,21,16,13,14,18,21,22,22,23,23,21,21,21,20,17,17,19,17,14,3,0,0,0,0,0,0,0,0,0,5,21,20,22,23,24,23,23,24,25,24,24,22,21,21,20,21,21,17,16,17,16,15,14,16,19,21
-78,125,20,22,22,21,19,19,19,19,18,19,20,18,18,19,19,20,21,19,18,17,18,17,17,16,15,14,3,0,0,0,0,0,0,0,0,0,4,20,21,23,23,22,22,22,21,21,22,24,23,22,21,20,22,22,20,19,19,19,19,20,21,22,22
-78,125,20,29,27,28,29,29,27,26,29,31,29,27,27,26,27,28,27,25,25,25,25,24,23,23,22,20,5,0,0,0,0,0,0,0,0,0,1,5,7,8,8,9,10,12,14,16,17,19,20,21,21,21,21,21,21,22,23,24,26,27,27,27,26
-78,125,20,26,25,24,24,24,25,24,25,29,27,24,25,25,26,25,26,26,25,22,22,21,20,21,21,20,5,0,0,0,0,0,0,0,0,0,1,5,5,8,10,11,13,14,13,14,16,17,18,18,19,19,20,20,20,21,21,22,23,24,24,23,22
-79,125,20,22,22,22,21,21,21,20,18,14,17,20,19,19,17,17,17,17,17,16,17,16,15,14,14,14,3,0,0,0,0,0,0,0,0,0,5,20,22,23,23,23,25,25,24,25,25,25,26,25,25,24,24,25,24,21,21,21,21,21,22,24,23
-79,125,20,23,23,21,19,19,19,18,19,20,17,17,17,17,16,16,15,14,15,16,14,12,10,10,12,11,2,0,0,0,0,0,0,0,0,0,5,20,21,21,22,24,25,25,25,26,26,26,26,26,26,26,26,23,24,24,23,22,22,23,24,24,25
-80,125,20,25,26,25,24,24,23,21,17,15,18,20,20,21,21,19,20,19,18,16,17,16,15,14,13,12,3,0,0,0,0,0,0,0,0,0,5,21,22,24,25,25,26,28,28,27,27,28,28,27,26,25,25,25,24,23,22,22,25,25,25,25,26
-78,125,20,25,23,22,21,21,22,21,19,16,18,19,19,20,20,20,20,19,20,18,17,17,16,14,14,14,4,0,0,0,0,0,0,0,0,0,4,18,18,19,18,19,20,20,20,21,23,24,24,23,22,22,23,23,22,22,24,24,23,22,23,24,25
-79,125,20,27,28,28,28,26,26,26,30,32,30,27,27,28,27,26,27,28,27,26,25,25,23,21,19,19,5,0,0,0,0,0,0,0,0,0,1,6,8,8,9,11,13,14,14,13,16,19,20,18,19,21,23,22,21,23,25,24,24,25,26,27,27
-80,125,20,23,21,21,21,21,22,21,18,17,17,19,19,18,18,17,17,17,17,15,15,15,14,14,14,14,3,0,0,0,0,0,0,0,0,0,5,23,24,25,27,28,29,29,28,27,29,31,31,30,29,28,28,27,26,27,26,25,25,25,27,26,25
-77,125,20,24,24,23,21,21,20,20,20,21,20,18,17,17,17,17,17,16,15,14,13,12,12,11,10,10,2,0,0,0,0,0,0,0,0,0,5,20,20,21,22,22,22,23,25,24,25,25,25,24,22,22,23,23,23,22,22,23,23,24,23,24,24
-80,125,20,25,25,25,23,21,21,23,20,18,22,25,23,23,24,24,24,22,22,23,22,22,21,18,17,16,5,0,0,0,0,0,0,0,0,0,5,19,20,21,22,22,23,23,24,24,24,24,24,24,24,23,23,23,22,22,23,21,23,25,23,21,21
-80,125,20,21,22,23,23,22,21,21,24,27,26,23,23,23,23,21,22,22,22,22,21,20,20,19,18,18,5,0,0,0,0,0,0,0,0,0,5,18,19,20,21,21,22,23,23,24,24,24,23,23,23,23,23,22,22,22,22,21,21,21,23,23,23
-83,125,20,20,19,20,21,22,23,23,19,20,25,27,27,28,27,26,25,27,29,28,27,26,26,26,22,20,5,0,0,0,0,0,0,0,0,0,6,25,25,24,24,25,22,22,22,22,22,21,19,21,22,21,19,17,19,19,17,16,17,18,16,16,16
-82,125,20,21,21,21,22,23,22,20,23,28,25,24,23,23,25,26,28,30,30,28,25,23,22,22,22,21,5,0,0,0,0,0,0,0,0,0,6,24,23,24,25,26,24,25,26,26,25,25,23,21,21,22,21,22,22,21,22,22,21,22,23,23,23
-80,125,20,23,22,21,21,21,21,22,24,27,25,20,20,20,21,22,23,23,22,22,21,20,20,20,20,21,5,0,0,0,0,0,0,0,0,0,5,23,23,24,23,22,24,25,25,25,24,25,25,25,24,24,24,22,21,22,21,20,20,21,23,23,21
-81,125,20,22,21,21,22,22,21,21,19,17,20,23,25,25,22,21,21,22,22,22,23,22,19,18,19,21,6,0,0,0,0,0,0,0,0,0,5,19,20,20,20,19,21,20,21,22,21,22,22,22,23,21,21,21,21,21,21,20,19,19,22,23,22
-77,125,20,28,26,24,24,23,23,22,23,24,22,19,19,20,20,19,19,17,16,16,16,13,13,12,12,13,3,0,0,0,0,0,0,0,0,0,6,25,25,25,26,26,27,27,27,29,29,28,28,29,28,27,28,27,25,25,26,26,26,26,25,25,26
-80,125,20,19,19,20,21,21,21,19,22,25,21,18,19,19,19,21,22,22,22,21,20,20,20,20,19,18,4,0,0,0,0,0,0,0,0,0,4,17,17,18,18,18,21,23,22,22,22,21,21,21,20,20,22,22,19,20,21,20,19,21,21,21,21
-82,125,20,25,24,24,23,23,23,23,24,27,27,28,28,28,27,26,28,30,28,28,28,26,25,24,22,22,6,0,0,0,0,0,0,0,0,0,5,19,20,21,21,21,21,22,22,21,21,21,22,21,19,19,20,21,21,21,18,17,20,21,23,23,22
-78,125,20,26,26,26,24,24,25,25,23,22,24,26,24,25,27,26,25,24,24,24,23,23,22,21,21,20,5,0,0,0,0,0,0,0,0,0,2,7,7,7,9,9,9,11,13,14,15,17,18,17,18,19,20,20,20,21,21,22,24,24,23,25,27
-78,125,20,28,28,27,27,27,26,26,29,30,26,24,25,27,27,28,27,26,26,26,25,23,22,22,21,20,5,0,0,0,0,0,0,0,0,0,1,7,8,9,10,11,13,15,15,15,17,19,19,19,19,21,22,22,21,21,22,23,24,25,26,26,26
-78,125,20,25,25,26,27,27,27,25,22,20,24,25,25,26,26,27,27,26,24,23,22,22,21,21,20,19,5,0,0,0,0,0,0,0,0,0,3,9,10,11,12,13,15,15,15,16,18,20,20,20,19,20,21,22,21,22,22,23,24,24,25,26,26
-79,125,20,22,23,23,22,21,20,19,21,23,20,19,19,17,16,16,16,16,15,14,13,13,13,14,13,12,2,0,0,0,0,0,0,0,0,0,5,23,23,23,24,26,28,26,27,27,28,27,26,25,26,26,27,25,23,24,24,24,25,25,26,27,28
-78,125,20,31,29,29,29,28,27,27,24,23,26,27,26,27,28,29,29,28,27,25,25,23,22,21,20,19,4,0,0,0,0,0,0,0,0,0,2,8,9,10,10,12,13,14,15,16,17,18,19,20,20,21,20,20,21,22,21,23,25,26,29,29,30
-78,46,2,23,22,22,19,18,19,19,20,22,20,19,19,19,19,21,20,19,19,19,18,18,19,18,17,18,5,0,0,0,0,0,0,0,0,0,6,23,22,24,25,24,22,22,22,22,24,26,25,24,24,25,24,21,20,21,21,20,20,21,22,24,24
-79,98,6,21,21,20,19,19,20,21,22,23,22,20,22,24,26,29,27,24,23,22,22,22,22,23,22,21,5,0,0,0,0,0,0,0,0,0,5,25,25,27,28,28,27,25,24,24,25,25,26,24,21,21,22,21,17,17,18,19,18,17,18,20,20
-79,131,5,24,23,21,19,20,21,20,21,21,20,19,20,21,20,21,19,18,17,17,17,16,15,14,15,14,4,0,0,0,0,0,0,0,0,0,7,25,26,27,28,27,27,27,26,25,26,27,27,27,25,26,26,26,24,21,20,21,22,21,22,23,22
-78,163,8,23,22,21,21,21,20,19,17,14,16,19,20,21,20,21,21,20,18,17,18,17,16,16,16,17,4,0,0,0,0,0,0,0,0,0,6,25,24,26,28,27,26,27,26,25,25,25,26,25,26,26,26,24,21,22,22,23,23,22,22,23,22
-80,114,14,14,16,17,16,14,13,15,14,14,17,21,20,21,21,23,24,26,26,23,24,24,24,22,22,23,5,0,0,0,0,0,0,0,0,0,5,23,24,25,25,24,22,21,21,20,20,20,20,19,17,17,16,15,14,14,14,13,11,11,12,12,11
-81,125,20,18,20,20,21,20,20,19,14,11,16,19,20,21,20,21,22,22,24,22,21,22,22,19,18,20,5,0,0,0,0,0,0,0,0,0,7,25,25,25,26,28,28,27,26,26,26,26,26,24,23,23,23,22,21,22,21,19,19,20,21,22,20
-82,125,20,18,19,18,18,18,18,18,18,18,20,20,22,23,25,25,23,25,25,23,23,24,23,23,22,22,5,0,0,0,0,0,0,0,0,0,6,23,22,22,23,23,22,20,20,21,20,19,19,20,20,19,18,17,17,17,19,19,18,17,17,17,17
-81,125,20,18,20,20,19,20,19,18,21,27,24,21,21,21,22,22,22,22,19,20,21,21,20,21,21,18,4,0,0,0,0,0,0,0,0,0,5,21,19,20,21,20,20,20,19,19,21,21,20,20,18,18,19,18,16,16,16,17,17,17,19,20,20
-81,125,20,23,24,22,21,21,23,24,29,33,28,22,21,23,23,26,25,25,25,26,24,21,21,22,21,21,5,0,0,0,0,0,0,0,0,0,5,21,22,21,21,23,23,23,22,23,23,23,23,22,20,20,21,21,20,18,18,20,22,21,21,22,23
-80,125,20,22,21,20,20,19,18,18,16,17,17,19,19,19,19,18,19,19,18,19,19,17,16,16,16,15,4,0,0,0,0,0,0,0,0,0,6,24,25,26,26,26,27,28,27,25,26,27,26,25,23,22,23,23,22,21,21,21,20,20,21,21,21
-81,125,20,22,22,22,21,20,19,20,25,29,26,23,21,20,18,20,21,20,21,21,21,20,21,18,17,16,4,0,0,0,0,0,0,0,0,0,7,26,27,27,29,29,28,26,26,27,28,28,28,26,25,25,24,21,21,22,20,20,20,22,23,21,20
-79,125,20,19,18,15,16,17,18,17,20,23,19,17,18,17,19,19,19,18,18,18,17,18,17,16,15,16,3,0,0,0,0,0,0,0,0,0,6,23,24,25,25,25,26,27,27,27,27,28,27,26,25,25,24,23,22,22,22,21,20,20,21,21,20
-79,125,20,22,21,21,20,18,18,18,21,25,22,19,19,19,20,20,20,20,20,19,18,17,18,18,17,16,4,0,0,0,0,0,0,0,0,0,6,22,22,24,25,25,25,25,25,26,26,26,27,26,24,24,25,24,23,22,22,22,21,21,23,24,23
-79,125,20,22,21,21,20,19,19,18,21,24,21,16,17,18,20,19,18,17,17,17,15,14,14,13,13,13,2,0,0,0,0,0,0,0,0,0,5,23,24,25,25,25,26,28,28,29,29,28,27,26,26,26,26,25,23,23,23,22,23,23,23,22,23
-79,125,20,18,18,18,18,19,19,18,14,11,14,15,13,14,16,17,16,14,13,12,12,12,11,10,9,8,1,0,0,0,0,0,0,0,0,0,5,21,22,22,24,24,25,26,26,25,25,26,26,26,25,24,24,24,22,21,21,21,20,20,18,19,20
-81,125,20,23,23,22,20,21,21,20,25,28,25,21,21,18,18,20,21,21,19,17,15,15,15,15,14,14,3,0,0,0,0,0,0,0,0,0,5,24,25,26,25,26,25,25,27,29,28,27,29,29,26,25,24,24,24,24,24,22,22,21,21,22,24
-81,125,20,22,21,21,21,20,21,21,17,13,16,20,20,21,21,21,20,20,19,18,18,19,18,16,13,12,3,0,0,0,0,0,0,0,0,0,6,25,26,27,27,28,26,25,26,26,27,26,27,28,25,24,24,23,22,22,21,19,19,18,19,20,20
-81,125,20,20,19,18,16,16,16,19,20,17,19,21,22,23,22,21,21,21,21,23,22,21,22,23,21,19,4,0,0,0,0,0,0,0,0,0,5,22,23,24,23,23,23,24,24,23,24,23,21,19,18,17,18,17,15,13,13,13,14,15,16,15,13
-84,125,20,9,9,12,12,12,11,11,8,5,11,18,19,21,22,22,21,21,23,25,26,25,25,26,25,25,7,0,0,0,0,0,0,0,0,0,8,36,38,37,36,34,34,34,32,27,27,26,25,24,21,19,17,15,13,14,14,11,8,8,10,13,13
-75,125,20,28,28,27,25,23,23,23,25,26,24,23,23,23,23,24,23,21,21,20,19,19,19,18,17,18,5,0,0,0,0,0,0,0,0,0,5,19,20,21,21,20,21,21,21,21,22,24,25,25,24,23,24,22,21,21,22,22,22,23,25,27,27
-76,125,20,27,27,26,25,24,23,21,24,27,24,21,19,19,19,21,20,20,18,18,16,16,15,14,14,15,4,0,0,0,0,0,0,0,0,0,5,22,22,23,24,24,24,25,25,25,27,28,27,26,25,25,26,26,25,24,25,25,25,26,28,28,28
-81,125,20,21,22,23,21,19,20,20,17,17,21,24,24,23,24,25,26,27,27,27,26,23,23,23,22,21,5,0,0,0,0,0,0,0,0,0,5,19,20,22,23,21,21,22,21,19,20,21,21,19,18,18,18,16,15,17,19,18,17,15,17,18,19
-80,125,20,21,20,19,20,20,20,21,26,31,27,23,22,22,26,28,27,25,24,25,26,26,24,23,22,20,5,0,0,0,0,0,0,0,0,0,6,22,23,22,22,22,22,24,23,23,22,22,22,21,18,17,18,17,16,18,18,19,20,19,20,21,21
-79,125,20,23,23,23,23,24,22,20,22,25,23,21,21,21,21,21,21,21,21,20,21,20,19,18,16,15,4,0,0,0,0,0,0,0,0,0,5,18,19,21,23,24,24,24,23,22,23,24,24,23,23,24,24,23,21,20,21,23,22,20,22,24,24
-78,125,20,22,23,22,21,21,21,19,20,24,22,20,20,20,20,19,18,17,18,18,17,16,15,14,14,14,4,0,0,0,0,0,0,0,0,0,7,25,26,26,27,28,29,29,29,29,28,29,30,28,27,26,25,24,23,22,23,24,24,24,24,24,24
-80,125,20,23,24,24,24,23,24,24,21,18,19,23,25,26,25,24,24,24,23,20,19,18,17,17,17,17,5,0,0,0,0,0,0,0,0,0,5,19,19,19,19,20,22,22,21,22,23,22,21,21,22,22,22,22,22,22,21,22,22,24,25,25,26
-82,125,20,9,9,9,8,9,11,12,9,8,10,12,12,13,14,15,17,17,16,18,18,18,19,18,16,16,4,0,0,0,0,0,0,0,0,0,6,30,30,31,29,28,29,29,29,28,28,27,26,24,21,20,20,20,17,16,15,16,16,16,17,15,13
-78,125,20,24,24,21,22,22,22,22,20,19,19,21,22,23,23,23,22,23,22,20,21,21,20,18,18,19,5,0,0,0,0,0,0,0,0,0,5,19,20,20,20,20,21,21,21,21,22,23,24,23,22,20,20,21,21,21,20,21,20,21,22,23,23
-77,125,20,26,28,27,25,25,24,24,23,23,25,26,24,24,24,25,24,24,23,22,21,19,19,19,18,19,5,0,0,0,0,0,0,0,0,0,5,20,20,22,22,22,23,24,24,25,25,25,25,25,23,23,23,23,23,23,23,22,23,24,27,28,26
-81,125,20,22,20,22,21,21,22,23,26,31,26,21,20,20,23,23,23,24,23,23,23,22,21,21,21,21,5,0,0,0,0,0,0,0,0,0,6,24,24,24,24,22,21,21,22,24,24,22,22,21,20,19,18,17,15,17,19,19,18,17,19,17,16
-82,125,20,20,20,21,22,20,19,18,22,26,26,23,24,26,26,24,24,25,26,25,25,26,25,24,22,20,5,0,0,0,0,0,0,0,0,0,5,21,21,21,23,22,21,20,20,20,21,20,20,19,17,15,16,16,15,15,15,15,15,16,17,19,19
-78,125,20,24,24,23,21,21,21,20,21,24,22,19,18,18,17,17,18,17,18,17,16,15,14,14,14,13,3,0,0,0,0,0,0,0,0,0,6,24,25,25,27,27,27,27,26,27,29,30,30,28,27,25,26,25,25,25,26,26,24,23,24,24,24
-78,125,20,26,26,25,25,24,23,23,19,18,22,24,23,24,25,25,24,24,25,23,22,21,20,21,20,18,4,0,0,0,0,0,0,0,0,0,2,10,10,12,12,13,14,15,15,16,17,19,20,19,18,18,19,19,18,19,21,22,21,21,24,24,22
-79,125,20,25,25,26,26,26,26,25,23,23,25,25,24,23,25,27,26,24,23,22,22,21,20,19,17,17,4,0,0,0,0,0,0,0,0,0,2,13,13,15,16,16,17,17,18,17,18,20,19,20,21,21,21,21,20,19,20,20,20,21,23,25,27
-83,125,20,24,24,22,20,22,23,22,16,13,16,21,21,21,20,20,18,17,17,15,14,15,16,15,14,13,4,0,0,0,0,0,0,0,0,0,5,22,23,23,24,24,25,25,26,25,25,26,25,24,24,26,27,26,26,24,24,26,25,23,20,21,22
-85,125,20,8,9,10,9,8,11,12,5,5,9,14,12,14,17,18,19,21,22,23,22,22,22,20,20,21,6,0,0,0,0,0,0,0,0,0,8,31,31,32,33,32,32,32,31,30,30,31,32,31,28,25,25,22,19,19,18,17,15,15,14,12,10
-80,125,20,21,21,19,17,19,18,17,21,24,21,18,17,15,15,15,16,17,17,14,12,12,12,10,12,12,2,0,0,0,0,0,0,0,0,0,5,20,22,23,24,24,24,25,25,23,25,26,26,25,24,23,21,21,22,22,21,22,24,23,22,21,21
-83,125,20,21,22,22,21,18,17,16,17,18,18,19,19,20,20,21,22,23,24,25,23,21,21,20,19,18,4,0,0,0,0,0,0,0,0,0,6,25,27,28,29,30,31,29,29,29,28,27,27,26,25,25,24,20,18,20,21,20,20,21,19,19,18
-79,121,38,22,22,22,21,20,19,19,19,21,21,20,19,19,19,21,21,18,17,17,17,16,14,15,15,14,3,0,0,0,0,0,0,0,0,0,6,24,23,25,26,25,25,25,24,25,25,27,27,25,24,23,24,23,21,21,20,20,21,20,22,24,24
-77,121,38,24,23,20,19,20,20,20,18,18,19,20,19,19,19,20,21,20,20,20,18,17,16,16,16,17,5,0,0,0,0,0,0,0,0,0,5,21,22,23,23,22,21,22,22,22,22,23,24,25,23,22,22,23,21,20,18,17,19,21,21,21,21
-79,125,20,22,20,19,21,21,19,18,18,17,16,15,16,16,17,17,17,17,16,16,16,15,14,13,12,11,2,0,0,0,0,0,0,0,0,0,4,19,20,21,22,22,23,25,24,23,25,24,24,24,24,23,25,25,22,22,23,22,23,23,23,23,23
-83,125,20,22,21,21,20,20,19,16,10,8,12,17,15,15,15,15,14,14,12,11,11,11,11,11,10,10,2,0,0,0,0,0,0,0,0,0,7,30,29,28,28,29,29,30,32,31,29,27,26,27,26,27,26,25,24,24,23,22,22,21,20,19,19
-83,125,20,21,21,20,20,20,18,19,22,23,20,19,18,16,18,18,15,15,17,17,16,13,12,11,10,9,3,0,0,0,0,0,0,0,0,0,6,27,27,28,28,28,27,29,31,29,26,26,26,27,27,25,25,24,25,24,22,22,21,22,25,26,25
-74,121,38,27,27,27,26,26,25,24,25,27,27,26,26,26,27,28,27,25,24,24,23,22,21,21,20,20,5,0,0,0,0,0,0,0,0,0,1,6,8,9,9,10,12,13,13,13,15,17,18,19,18,19,20,21,19,18,20,21,22,22,25,26,26
-84,125,20,12,14,11,10,12,14,12,11,15,14,17,18,18,19,21,21,20,21,21,21,20,21,20,17,17,3,0,0,0,0,0,0,0,0,0,5,26,28,29,30,29,27,27,28,25,22,24,24,21,19,18,18,17,16,15,14,15,15,14,12,14,19
-78,125,20,24,25,24,23,22,21,21,21,21,19,18,18,18,16,18,18,16,15,15,14,13,13,12,11,11,2,0,0,0,0,0,0,0,0,0,5,24,25,25,25,26,27,28,29,29,29,30,29,29,28,26,25,25,26,26,25,26,28,28,28,29,29
-80,125,20,21,21,20,21,22,22,19,20,23,20,17,17,17,15,15,15,16,16,15,12,13,13,13,12,12,3,0,0,0,0,0,0,0,0,0,6,24,25,27,28,28,28,28,27,28,31,31,30,30,29,27,28,27,28,27,25,25,26,27,28,26,24
-82,125,20,18,19,19,18,19,19,20,20,19,17,19,20,21,23,24,23,24,25,24,23,23,22,22,20,19,4,0,0,0,0,0,0,0,0,0,5,24,26,27,26,24,24,26,25,25,28,29,27,25,22,20,21,22,20,20,19,19,19,19,21,21,21
-82,125,20,24,23,22,22,23,22,21,19,18,20,23,25,25,26,28,28,27,25,24,24,23,24,25,23,21,5,0,0,0,0,0,0,0,0,0,3,13,15,15,15,15,15,16,15,16,16,17,18,17,17,17,18,17,19,19,17,17,19,21,21,22,23
-81,125,20,26,23,23,22,22,24,23,22,23,24,27,27,27,26,26,28,29,26,24,23,22,22,21,21,19,5,0,0,0,0,0,0,0,0,0,5,19,20,21,19,19,19,20,21,21,21,22,24,23,20,19,18,18,18,21,24,24,23,23,25,25,22
-80,125,20,24,24,21,21,19,18,17,20,24,20,15,15,16,17,17,15,14,14,13,13,11,9,11,11,10,2,0,0,0,0,0,0,0,0,0,5,21,22,25,26,27,28,27,27,28,28,29,28,28,29,29,28,27,27,27,25,24,23,24,26,26,25
-80,125,20,24,24,25,23,23,23,23,19,17,20,21,21,22,22,22,22,22,20,20,19,19,19,17,15,15,3,0,0,0,0,0,0,0,0,0,5,19,20,21,21,21,20,22,24,25,25,25,24,24,24,23,23,23,22,22,23,23,23,24,25,25,25
-81,125,20,22,25,24,24,25,22,20,19,19,19,20,21,22,22,24,23,23,22,20,18,18,19,18,17,18,4,0,0,0,0,0,0,0,0,0,5,19,21,23,24,24,23,23,23,26,25,26,26,25,26,25,25,23,22,22,21,21,20,20,21,20,22
-83,125,20,18,20,20,19,17,18,19,15,15,14,20,22,20,19,21,22,21,21,20,21,22,20,18,17,17,4,0,0,0,0,0,0,0,0,0,6,28,28,26,27,27,26,27,28,27,28,28,26,26,24,26,26,23,21,21,21,20,21,20,21,20,19
-79,125,20,26,25,24,24,25,26,27,25,22,23,24,25,26,26,24,24,25,24,23,22,22,21,19,18,18,4,0,0,0,0,0,0,0,0,0,2,8,8,9,10,11,12,13,15,16,15,16,16,18,20,21,21,20,20,20,22,22,21,21,21,23,25
-83,125,20,22,20,19,20,20,22,23,22,18,19,22,22,21,22,24,24,24,23,24,25,23,23,22,22,23,6,0,0,0,0,0,0,0,0,0,5,19,19,19,20,21,20,20,20,19,20,22,23,22,19,19,21,21,19,19,20,19,17,16,18,19,18
-81,125,20,23,22,21,21,20,21,19,19,21,19,17,18,19,19,19,19,19,18,18,15,14,14,15,14,14,3,0,0,0,0,0,0,0,0,0,6,25,26,26,27,29,30,31,31,30,28,30,31,29,28,28,27,25,25,25,24,25,26,25,25,26,25
-82,125,20,21,16,15,16,17,17,17,12,8,9,14,15,15,14,13,12,13,13,11,11,10,10,11,10,10,2,0,0,0,0,0,0,0,0,0,5,23,24,25,26,26,26,26,26,28,29,28,28,27,25,23,23,23,21,20,21,22,24,23,22,21,21
-78,125,20,22,22,22,21,19,18,18,16,15,18,19,18,17,17,17,17,17,16,14,13,13,13,13,12,11,3,0,0,0,0,0,0,0,0,0,5,22,23,24,25,25,26,25,25,26,26,26,26,26,25,25,24,24,24,22,21,22,24,24,25,26,24
-82,125,20,23,24,25,24,24,24,24,27,29,26,23,24,26,26,25,25,27,28,27,25,25,24,24,24,24,6,0,0,0,0,0,0,0,0,0,5,18,18,17,17,19,21,20,19,19,19,20,21,21,20,20,20,19,18,19,20,18,18,21,24,24,23
-79,125,20,25,26,26,26,26,25,25,25,26,24,24,24,25,24,25,25,24,23,23,23,21,19,19,18,17,3,0,0,0,0,0,0,0,0,0,2,10,12,12,13,13,14,16,18,20,20,20,21,22,22,22,23,22,21,23,24,23,22,23,24,25,25
-78,125,20,27,27,27,27,28,26,27,27,29,27,27,28,27,27,28,28,29,29,27,26,24,21,21,21,21,5,0,0,0,0,0,0,0,0,0,1,8,9,9,10,12,15,16,16,15,16,17,18,19,19,19,20,23,23,23,23,24,24,25,27,27,27
-79,125,20,23,21,21,22,22,21,19,20,22,19,17,18,17,17,16,16,16,18,18,15,14,14,13,12,12,2,0,0,0,0,0,0,0,0,0,5,21,22,24,25,24,23,24,26,26,25,25,25,25,26,25,25,25,23,22,23,24,23,21,21,25,27
-83,125,20,20,20,20,20,19,17,19,18,18,18,18,17,18,21,23,23,21,21,22,21,20,19,20,19,18,4,0,0,0,0,0,0,0,0,0,4,19,21,19,19,21,22,22,22,22,22,23,24,23,21,21,21,18,16,18,19,19,21,19,18,17,15
-80,125,20,21,22,23,21,20,21,21,18,16,18,21,21,20,20,19,19,20,21,20,20,20,18,16,16,16,5,0,0,0,0,0,0,0,0,0,5,18,18,19,21,22,22,22,22,21,22,23,24,23,21,20,19,19,20,20,22,23,24,25,25,24,24
-83,125,20,16,16,17,19,19,18,18,23,29,24,19,20,22,22,24,26,25,24,23,22,22,24,23,20,18,4,0,0,0,0,0,0,0,0,0,5,22,21,23,24,23,22,20,20,21,19,18,19,20,20,18,16,15,15,17,15,13,13,13,12,14,17
-85,125,20,20,18,17,16,18,21,21,17,13,17,23,25,26,26,27,28,27,29,32,32,30,28,28,27,25,6,0,0,0,0,0,0,0,0,0,5,18,17,17,17,17,18,19,19,18,18,17,16,15,14,13,13,13,14,14,14,15,15,14,15,18,19
-78,125,20,24,25,26,25,24,23,24,25,28,27,26,24,25,25,27,26,25,24,23,24,25,25,22,21,21,5,0,0,0,0,0,0,0,0,0,5,17,17,17,18,17,19,19,20,22,22,22,21,20,20,20,21,20,20,20,20,21,23,22,22,23,26
-82,125,20,21,20,20,19,19,18,17,14,12,17,21,20,19,19,19,18,17,18,18,17,16,15,15,14,14,3,0,0,0,0,0,0,0,0,0,5,22,23,25,26,25,25,25,25,25,26,24,24,24,21,19,18,19,21,21,19,19,19,19,20,20,18
-82,125,20,25,26,26,24,22,22,22,24,25,23,21,22,23,22,23,23,22,21,20,19,19,19,18,17,17,5,0,0,0,0,0,0,0,0,0,5,18,18,17,17,17,18,21,21,22,25,27,24,21,22,23,24,24,23,23,22,21,21,20,22,24,24
-81,125,20,22,22,23,23,23,22,22,24,26,22,19,19,20,22,22,21,22,23,23,22,20,18,17,18,18,4,0,0,0,0,0,0,0,0,0,4,18,18,18,19,19,18,19,20,20,21,21,21,21,18,19,20,21,21,20,19,19,19,19,19,21,23
-80,125,20,25,25,26,26,23,22,21,25,32,26,19,19,20,21,22,21,20,19,18,17,16,15,14,14,13,4,0,0,0,0,0,0,0,0,0,6,23,23,25,26,26,27,27,26,26,27,28,29,28,26,26,27,27,27,26,25,26,26,26,27,26,26
-82,125,20,21,21,21,21,21,19,20,17,14,19,24,24,23,23,25,24,24,24,24,23,22,23,22,21,21,6,0,0,0,0,0,0,0,0,0,6,24,25,27,27,26,24,25,25,26,28,28,26,24,22,20,20,20,20,19,21,22,21,20,20,20,22
-82,125,20,24,24,22,23,24,25,24,18,15,21,24,23,23,23,25,25,25,24,23,23,22,20,20,20,19,5,0,0,0,0,0,0,0,0,0,4,18,19,20,20,19,21,21,21,20,20,20,19,20,21,19,19,17,17,18,18,16,16,18,19,17,16
-83,125,20,18,18,19,18,15,14,13,12,12,15,16,14,14,16,16,17,15,13,14,13,10,10,11,11,12,3,0,0,0,0,0,0,0,0,0,5,21,23,23,23,24,25,25,25,25,25,26,26,25,24,23,23,21,19,18,20,21,19,17,19,22,21
-82,125,20,18,20,20,20,20,20,19,16,15,17,22,22,21,24,25,25,25,26,25,24,23,23,23,23,23,6,0,0,0,0,0,0,0,0,0,6,25,25,26,26,26,27,26,24,22,22,23,23,22,21,21,20,20,21,21,19,18,17,17,19,19,19
-84,125,20,12,11,10,11,12,12,12,10,12,9,13,14,16,16,16,18,20,20,20,19,18,18,18,17,19,4,0,0,0,0,0,0,0,0,0,8,35,36,36,35,34,34,32,30,30,29,28,28,26,22,20,19,18,17,15,13,12,13,13,11,11,12
-83,125,20,25,23,22,25,24,23,23,31,36,29,21,21,24,24,25,24,23,24,24,24,24,23,21,21,18,4,0,0,0,0,0,0,0,0,0,6,25,25,25,26,28,27,27,27,27,27,27,25,24,24,23,22,22,22,20,20,23,23,23,23,21,21
-77,125,20,26,24,23,25,25,25,24,22,21,23,24,24,24,25,25,25,24,24,23,22,22,21,20,18,18,5,0,0,0,0,0,0,0,0,0,3,9,9,10,11,13,14,15,15,17,17,19,19,18,19,19,20,20,20,20,20,22,22,22,23,24,26
-80,125,20,23,21,20,19,19,18,18,14,13,14,16,15,16,17,16,16,15,14,14,13,13,13,14,13,12,3,0,0,0,0,0,0,0,0,0,6,26,26,28,30,30,30,31,30,30,30,32,31,29,28,27,28,27,26,25,25,23,23,24,24,24,24
-82,125,20,20,19,20,20,18,16,16,11,8,11,14,14,14,15,15,13,12,12,12,12,13,13,11,11,13,4,0,0,0,0,0,0,0,0,0,8,29,29,29,30,31,32,33,35,32,31,31,30,29,29,28,26,24,23,23,25,25,24,22,22,21,20
-76,125,20,24,25,24,23,22,20,20,22,24,21,19,19,19,19,20,19,19,18,17,16,15,15,14,14,13,3,0,0,0,0,0,0,0,0,0,4,18,18,20,21,20,20,21,23,23,23,23,23,23,22,22,23,22,21,21,21,21,21,21,22,25,26
-76,125,20,28,28,29,28,27,28,27,26,28,29,28,27,28,29,29,30,29,27,26,26,25,24,23,21,20,5,0,0,0,0,0,0,0,0,0,2,7,7,8,10,11,13,14,14,15,15,17,18,18,18,18,20,21,21,21,21,21,23,24,25,26,26
-81,125,20,21,19,19,17,16,16,18,16,15,15,16,16,16,16,15,14,14,14,13,13,13,11,10,10,10,2,0,0,0,0,0,0,0,0,0,5,22,23,25,25,26,26,26,26,27,28,29,28,26,24,25,25,23,22,22,21,20,20,21,21,21,21
-77,125,20,26,26,26,26,25,24,23,21,20,22,24,23,24,24,23,23,24,24,22,22,22,21,21,21,20,5,0,0,0,0,0,0,0,0,0,2,10,10,12,12,13,14,15,16,17,19,20,21,21,21,21,22,23,23,22,23,25,25,25,26,27,27
-83,125,20,19,19,20,21,19,20,23,22,21,21,24,24,23,23,24,26,27,27,26,25,25,25,25,22,20,5,0,0,0,0,0,0,0,0,0,5,24,23,22,22,23,24,23,21,22,24,24,23,21,19,18,18,17,17,17,16,17,17,18,17,15,18
-84,125,20,9,9,9,10,9,10,12,8,5,10,15,17,19,19,20,23,25,24,23,22,23,22,22,22,21,5,0,0,0,0,0,0,0,0,0,7,30,29,29,30,30,32,31,31,31,29,28,28,27,25,22,22,22,20,17,18,16,13,12,13,13,12
-81,125,20,22,21,21,21,21,21,21,26,32,27,21,21,22,24,25,27,27,26,25,25,23,21,21,21,20,5,0,0,0,0,0,0,0,0,0,5,20,21,23,24,24,26,28,26,25,24,25,24,22,21,19,20,21,21,20,20,21,22,21,20,21,22
-82,125,20,18,16,14,15,15,16,16,21,27,25,22,22,21,20,21,21,22,23,24,23,22,22,22,21,22,5,0,0,0,0,0,0,0,0,0,5,21,20,21,22,22,22,23,22,19,19,21,20,19,18,19,19,17,16,16,16,17,17,17,16,13,11
-77,125,20,21,23,25,23,21,20,20,18,18,19,20,19,19,18,17,17,17,17,15,13,12,12,12,10,10,2,0,0,0,0,0,0,0,0,0,5,20,21,21,21,22,23,23,23,23,22,24,25,24,22,22,23,23,23,22,22,24,23,22,24,27,27
-80,125,20,18,20,20,19,19,18,17,20,25,23,18,16,17,19,20,20,19,19,18,17,17,16,15,14,15,3,0,0,0,0,0,0,0,0,0,5,20,21,23,23,22,22,24,24,24,25,26,26,24,23,23,22,21,20,19,18,19,19,21,22,23,21
-80,125,20,23,23,23,21,22,20,19,19,17,18,21,21,19,19,20,19,17,17,16,14,13,13,14,13,12,3,0,0,0,0,0,0,0,0,0,5,20,22,23,23,24,25,24,24,24,26,27,25,23,23,24,25,25,24,24,25,25,25,25,25,26,25
-81,125,20,22,22,22,21,20,20,19,21,24,21,17,17,17,18,18,19,20,19,18,17,16,15,14,14,14,4,0,0,0,0,0,0,0,0,0,7,27,27,27,27,27,27,27,29,30,30,28,27,26,26,25,25,23,23,26,26,25,25,26,24,24,26
-83,125,20,13,12,12,12,14,13,8,15,23,20,14,14,12,13,14,16,18,16,16,17,18,18,18,17,16,3,0,0,0,0,0,0,0,0,0,6,27,28,29,30,29,30,29,29,29,28,28,27,25,22,21,22,21,20,18,17,17,17,16,16,16,17
-82,125,20,20,21,22,21,19,20,21,27,32,26,19,20,20,22,23,23,23,21,21,20,19,19,20,20,17,4,0,0,0,0,0,0,0,0,0,5,25,25,25,25,26,28,29,27,25,25,26,26,27,26,24,25,25,23,22,23,22,21,19,19,19,21
-77,125,20,24,24,22,22,22,22,21,22,25,21,18,19,18,17,17,18,16,15,15,15,15,14,13,12,12,3,0,0,0,0,0,0,0,0,0,5,21,22,23,24,23,25,25,25,25,25,26,27,25,25,25,25,26,24,24,25,25,25,24,24,26,27
-82,125,20,22,19,16,15,17,18,18,19,19,16,16,16,16,16,18,19,18,16,13,14,13,13,13,12,13,2,0,0,0,0,0,0,0,0,0,5,22,23,23,23,24,25,27,28,27,26,26,27,26,25,23,23,22,22,22,23,23,21,19,20,22,20
-81,125,20,23,22,21,19,20,21,21,17,11,15,19,19,21,21,21,18,16,16,16,17,16,15,15,14,12,2,0,0,0,0,0,0,0,0,0,6,24,25,27,27,27,27,29,31,30,30,30,30,28,27,27,26,25,24,23,22,22,21,20,21,23,24
-83,125,20,16,16,15,16,18,18,16,14,13,14,20,20,21,21,21,21,21,22,22,22,21,22,22,20,18,5,0,0,0,0,0,0,0,0,0,8,32,31,30,29,30,31,30,29,26,25,26,26,24,21,22,20,17,15,15,15,15,12,11,11,12,14
-79,125,20,21,20,20,19,18,19,18,20,23,20,18,18,19,20,20,19,18,20,19,18,17,16,16,15,16,3,0,0,0,0,0,0,0,0,0,4,20,20,21,21,21,21,21,22,23,25,26,25,23,22,23,23,21,19,19,20,20,21,20,21,21,21
-80,125,20,27,26,26,27,27,25,24,22,19,21,23,23,24,25,27,27,25,25,23,21,20,19,18,16,15,3,0,0,0,0,0,0,0,0,0,3,13,13,14,15,16,16,17,18,20,21,21,21,21,21,22,22,21,21,21,23,23,23,24,25,26,26
-79,125,20,27,27,26,26,26,26,27,23,19,25,27,26,27,28,29,28,25,25,25,23,23,24,23,21,19,4,0,0,0,0,0,0,0,0,0,2,8,9,11,10,10,11,13,15,18,20,20,19,19,20,21,21,20,19,20,21,22,22,23,25,27,28
-81,125,20,24,26,25,25,24,24,23,21,19,22,26,27,26,24,25,26,26,25,24,24,23,23,23,22,21,5,0,0,0,0,0,0,0,0,0,3,15,15,14,14,15,16,17,18,17,17,17,17,18,16,17,17,17,16,18,21,22,21,21,21,21,20
-80,125,20,24,23,20,20,22,22,22,21,17,19,23,23,23,23,23,23,22,24,24,22,22,21,20,19,18,4,0,0,0,0,0,0,0,0,0,3,17,17,17,17,17,18,19,20,21,20,20,18,20,19,18,18,18,19,20,20,20,19,19,21,22,20
-82,125,20,19,19,20,20,20,21,22,17,14,18,22,21,21,21,21,21,21,21,21,20,19,19,19,18,16,4,0,0,0,0,0,0,0,0,0,7,26,26,25,26,29,30,29,27,27,28,27,26,25,24,24,23,21,19,20,21,21,19,19,20,21,19
-78,125,20,25,26,26,25,23,22,22,20,19,18,19,20,20,20,19,18,19,19,18,18,17,15,14,14,13,3,0,0,0,0,0,0,0,0,0,5,18,18,20,22,23,23,25,25,27,28,28,27,27,26,24,25,26,25,26,25,24,24,25,25,26,26
-82,125,20,18,21,22,22,22,22,22,27,32,29,24,24,26,27,27,27,29,28,26,26,26,26,24,23,24,5,0,0,0,0,0,0,0,0,0,3,16,17,18,16,16,15,15,17,17,16,17,17,15,15,16,15,13,13,13,13,15,16,18,19,19,20
-79,125,20,26,27,26,25,25,25,25,29,31,28,25,24,24,26,26,26,26,25,24,23,21,20,19,18,17,3,0,0,0,0,0,0,0,0,0,2,11,12,12,12,14,14,15,17,18,19,20,21,20,18,18,19,20,20,21,21,21,22,24,22,24,25
-83,125,20,17,16,17,16,14,15,18,13,8,14,20,19,22,25,25,25,25,25,23,22,22,23,24,23,23,5,0,0,0,0,0,0,0,0,0,4,20,20,21,21,23,22,23,23,23,24,24,22,22,21,18,18,17,17,17,17,16,18,16,17,17,19
-82,125,20,19,19,21,20,17,18,17,21,27,23,18,17,17,18,18,18,16,16,16,17,17,16,14,13,13,3,0,0,0,0,0,0,0,0,0,5,23,23,23,25,25,25,24,23,25,26,26,26,26,24,22,20,19,19,21,21,21,21,20,19,18,17
-79,125,20,24,24,22,21,21,21,21,23,26,23,19,18,18,19,19,18,18,18,17,16,14,14,13,13,13,3,0,0,0,0,0,0,0,0,0,5,19,20,21,22,22,23,24,24,25,25,25,25,26,25,24,24,24,23,22,23,22,23,24,24,25,26
-82,125,20,20,20,20,20,20,20,20,22,24,24,22,24,27,26,25,24,23,22,21,22,21,20,20,19,20,5,0,0,0,0,0,0,0,0,0,4,16,16,15,15,15,16,18,18,17,18,18,17,18,17,17,16,17,17,18,17,17,18,19,20,23,24
-81,125,20,23,23,23,23,24,24,22,25,29,25,20,21,23,23,23,24,25,25,24,21,19,18,18,18,15,3,0,0,0,0,0,0,0,0,0,3,15,13,15,15,15,16,16,16,17,15,15,16,16,17,18,18,18,18,19,20,20,20,21,22,22,22
-82,125,20,24,24,26,25,25,26,27,31,35,31,27,26,25,25,26,28,28,28,27,26,25,25,24,22,22,6,0,0,0,0,0,0,0,0,0,4,15,17,18,17,17,17,19,19,18,19,20,19,19,19,18,18,18,19,21,21,20,20,21,22,23,24
-82,125,20,28,26,24,24,24,22,20,24,30,26,20,19,18,18,18,19,20,20,19,18,17,17,17,15,13,3,0,0,0,0,0,0,0,0,0,6,23,23,25,26,26,26,26,26,27,28,28,27,29,27,24,24,25,26,24,23,22,23,24,25,26,27
-82,125,20,17,17,17,19,22,23,22,16,12,16,19,21,20,19,20,21,21,21,20,19,16,15,16,16,17,4,0,0,0,0,0,0,0,0,0,5,20,20,21,23,23,23,23,22,22,24,26,24,23,24,24,22,22,22,22,20,20,22,22,20,20,21
-82,125,20,22,23,22,20,21,22,21,17,16,18,21,22,22,24,23,22,21,21,21,20,19,17,17,17,17,4,0,0,0,0,0,0,0,0,0,3,15,14,15,17,18,18,18,18,18,21,21,22,21,21,20,20,20,21,23,22,22,23,22,23,24,25
-80,125,20,26,26,26,25,24,22,23,20,15,18,22,22,24,24,24,24,24,23,21,22,21,20,19,17,15,3,0,0,0,0,0,0,0,0,0,4,19,19,21,23,20,20,23,23,22,23,25,26,25,23,22,23,23,22,22,24,24,23,24,27,29,31
-82,125,20,20,19,18,19,20,20,19,20,24,22,21,21,21,22,23,23,23,23,23,23,22,21,21,19,18,5,0,0,0,0,0,0,0,0,0,6,23,24,25,26,25,24,24,25,25,26,27,25,23,22,22,22,22,21,19,20,21,20,20,21,20,18
-83,125,20,20,21,21,21,22,20,19,16,12,17,22,24,24,24,25,24,25,26,24,21,19,19,21,21,20,5,0,0,0,0,0,0,0,0,0,5,20,22,20,20,21,21,20,22,23,23,22,21,21,21,19,19,17,17,17,16,17,18,18,17,18,18
-80,125,20,24,24,21,22,23,24,24,22,20,21,23,26,25,25,26,27,26,26,25,25,23,23,23,22,22,5,0,0,0,0,0,0,0,0,0,4,17,17,19,19,19,19,19,20,19,20,21,21,21,20,19,19,19,19,20,21,21,21,21,20,22,23
-81,125,20,19,19,21,22,20,19,19,23,27,21,18,20,20,19,20,21,21,21,19,17,17,17,19,18,15,4,0,0,0,0,0,0,0,0,0,7,25,25,26,26,25,25,24,25,25,25,27,26,23,22,23,23,19,18,18,18,19,19,19,20,21,21
-79,125,20,22,22,23,23,23,21,21,17,13,17,20,19,21,22,22,22,22,21,20,20,18,18,18,17,16,5,0,0,0,0,0,0,0,0,0,5,20,21,20,22,21,22,24,24,23,24,26,26,25,23,23,24,23,22,22,22,22,23,23,24,26,24
-80,125,20,24,24,22,21,22,21,19,15,13,17,20,18,18,17,17,18,19,18,17,16,15,15,14,12,11,2,0,0,0,0,0,0,0,0,0,5,21,21,22,22,24,23,24,24,25,26,26,26,26,24,23,24,23,22,21,22,22,22,21,21,23,24
-79,125,20,25,23,20,21,23,22,20,20,21,20,20,19,19,20,21,20,19,19,18,16,16,15,15,14,14,2,0,0,0,0,0,0,0,0,0,3,17,18,18,19,20,21,21,21,22,23,23,22,21,22,23,24,22,21,22,21,21,22,22,21,24,24
-81,125,20,23,24,23,23,23,24,25,27,31,30,26,26,27,28,28,28,29,30,29,28,27,25,24,23,23,5,0,0,0,0,0,0,0,0,0,3,14,16,16,15,16,17,16,16,15,15,16,16,16,15,14,15,17,18,20,20,19,18,18,18,22,24
-78,125,20,26,28,28,26,25,25,26,26,28,27,24,25,26,27,26,25,24,25,24,23,22,23,22,20,19,5,0,0,0,0,0,0,0,0,0,2,8,8,9,11,13,14,15,17,19,20,20,21,21,20,19,20,20,21,21,22,23,24,25,25,26,25
-79,125,20,25,25,22,21,22,21,21,24,27,24,20,18,18,17,17,19,17,17,17,17,15,15,13,13,14,3,0,0,0,0,0,0,0,0,0,5,23,25,25,25,25,26,27,29,30,29,27,27,28,27,27,27,27,27,27,27,25,24,23,25,26,25
-78,125,20,24,24,24,24,25,24,22,26,30,26,22,23,23,24,25,24,24,23,22,21,20,20,18,17,16,4,0,0,0,0,0,0,0,0,0,5,18,18,18,19,19,20,20,21,22,22,21,23,22,21,22,23,23,24,25,24,22,21,22,23,25,30
-78,125,20,22,22,23,22,21,19,18,19,22,20,18,17,18,18,17,17,17,15,15,14,13,12,12,12,10,2,0,0,0,0,0,0,0,0,0,5,22,21,20,22,22,25,25,24,23,24,25,24,24,22,22,23,23,23,24,24,24,23,23,23,25,25
-84,125,20,15,15,14,15,15,15,15,22,28,23,18,18,18,20,25,26,21,21,21,19,19,19,19,19,20,5,0,0,0,0,0,0,0,0,0,7,29,29,31,32,32,31,30,30,28,26,28,28,25,24,23,21,22,22,23,21,19,19,19,17,14,12
-83,125,20,20,22,22,21,19,19,19,22,27,23,21,20,20,21,22,25,25,22,19,19,20,21,23,23,22,6,0,0,0,0,0,0,0,0,0,5,23,24,25,25,25,25,25,25,24,22,24,24,23,21,19,19,19,18,18,17,17,18,18,20,19,20
-83,125,20,21,21,20,20,21,20,19,16,13,18,23,23,22,21,22,23,22,23,25,26,24,23,23,22,23,6,0,0,0,0,0,0,0,0,0,6,23,24,26,27,27,25,24,25,25,25,22,21,22,21,20,20,19,18,19,20,19,20,21,20,20,23
-82,125,20,21,22,22,21,20,20,21,17,16,18,18,18,20,21,20,19,18,19,18,17,16,16,15,15,16,3,0,0,0,0,0,0,0,0,0,5,23,24,25,26,26,26,27,27,28,28,28,28,29,27,25,24,22,22,23,23,23,25,26,24,23,24
-77,125,20,27,27,26,25,25,25,23,21,18,19,20,20,20,19,19,20,20,18,17,17,16,16,15,14,14,4,0,0,0,0,0,0,0,0,0,6,22,24,25,25,25,26,27,27,26,27,28,26,26,26,27,28,28,26,26,26,26,26,26,28,29,29
-82,125,20,18,19,20,20,19,19,20,24,29,27,22,21,22,22,22,21,23,26,25,24,23,22,23,22,22,5,0,0,0,0,0,0,0,0,0,5,22,22,23,23,23,22,22,21,20,21,21,21,21,20,20,20,18,18,19,20,18,18,20,21,21,20
-83,125,20,19,20,22,20,19,21,22,20,17,21,25,24,25,27,30,30,28,27,27,25,24,25,25,24,22,5,0,0,0,0,0,0,0,0,0,5,18,18,17,17,16,17,17,17,17,18,16,15,14,13,13,16,18,17,15,15,16,17,17,17,18,19
-77,125,20,25,25,24,24,24,25,25,27,30,28,26,26,26,28,28,27,27,26,24,23,22,21,21,21,21,5,0,0,0,0,0,0,0,0,0,1,7,8,9,11,12,11,13,14,15,16,18,19,18,18,17,17,18,19,20,20,22,22,21,22,23,24
-79,125,20,24,24,23,24,24,23,23,27,28,24,22,22,22,22,22,23,24,23,21,20,19,19,18,17,17,4,0,0,0,0,0,0,0,0,0,3,18,19,19,19,20,20,21,21,22,23,23,24,24,22,22,23,22,21,22,21,21,22,24,26,26,26
-79,125,20,26,26,25,23,22,21,23,26,27,23,19,19,19,19,19,19,18,18,17,15,14,13,12,12,13,4,0,0,0,0,0,0,0,0,0,5,21,23,23,23,25,26,25,24,25,26,27,26,25,24,24,24,23,23,24,24,25,25,25,25,25,25
-82,125,20,19,18,18,16,16,16,17,22,26,20,16,17,14,15,16,15,13,16,14,12,12,12,12,12,12,2,0,0,0,0,0,0,0,0,0,4,20,21,23,24,24,25,26,28,27,25,24,25,25,24,23,23,24,24,22,21,19,20,23,24,21,18
-80,125,20,26,25,25,24,23,23,24,20,17,21,24,24,24,23,23,23,22,21,20,20,19,18,17,15,15,4,0,0,0,0,0,0,0,0,0,5,18,19,21,21,22,23,23,23,23,24,26,27,26,24,24,26,25,24,25,26,26,24,23,26,26,25
-80,125,20,25,24,24,23,22,23,23,26,30,28,25,25,26,25,24,25,25,25,26,25,24,24,23,22,21,6,0,0,0,0,0,0,0,0,0,6,21,22,23,23,24,25,24,25,25,25,24,25,25,24,24,23,22,20,20,21,20,20,23,24,22,22
-81,125,20,22,23,23,22,20,18,18,24,29,24,22,23,22,21,22,23,23,22,21,21,20,18,18,19,18,5,0,0,0,0,0,0,0,0,0,6,26,25,24,24,25,26,27,27,26,24,24,25,24,24,24,24,24,25,24,22,21,21,20,22,23,24
-83,125,20,18,19,20,21,22,24,24,18,15,20,24,27,30,31,30,30,29,27,27,28,28,27,29,27,23,5,0,0,0,0,0,0,0,0,0,6,20,19,18,19,19,18,18,17,18,19,19,18,16,16,16,16,13,14,16,18,17,14,15,18,19,18
-81,125,20,25,26,25,26,26,24,21,25,31,27,23,24,25,26,26,24,24,23,22,22,22,21,20,19,18,5,0,0,0,0,0,0,0,0,0,5,21,24,25,24,24,24,26,27,25,24,26,25,25,24,24,22,22,22,22,23,24,23,21,22,24,24
-82,125,20,13,11,13,15,15,15,15,19,26,23,19,22,24,24,24,26,25,24,26,26,26,26,27,26,26,6,0,0,0,0,0,0,0,0,0,7,27,28,28,26,26,26,24,24,24,24,22,21,23,21,18,17,16,16,15,14,14,14,14,13,11,11
-82,125,20,22,21,19,18,19,20,19,21,25,23,19,18,18,17,17,18,18,17,17,17,18,16,14,13,13,3,0,0,0,0,0,0,0,0,0,5,22,23,23,24,25,25,25,25,24,24,26,26,26,26,24,23,22,20,20,21,21,22,24,24,23,22
-82,125,20,18,19,20,19,18,17,17,20,23,23,22,24,24,23,24,24,24,24,21,22,23,23,22,21,21,5,0,0,0,0,0,0,0,0,0,5,22,22,22,22,22,23,22,22,21,20,20,22,22,20,19,18,16,18,19,18,18,18,17,19,21,22
-82,125,20,21,22,21,19,19,20,21,24,28,24,20,22,22,22,22,23,24,24,23,21,18,18,19,20,21,6,0,0,0,0,0,0,0,0,0,5,18,18,18,20,20,20,20,21,19,19,22,23,23,20,18,18,18,18,19,19,20,20,20,19,17,18
-80,125,20,25,26,24,24,25,25,23,27,31,28,23,21,20,21,23,24,23,21,20,20,18,17,16,17,17,4,0,0,0,0,0,0,0,0,0,6,24,25,25,25,26,27,28,28,27,26,27,28,28,27,26,27,27,25,24,22,21,21,22,25,26,26
-81,125,20,22,21,21,21,22,22,22,23,25,21,18,19,18,19,20,21,21,19,17,16,14,14,15,15,14,3,0,0,0,0,0,0,0,0,0,6,24,24,24,24,23,23,23,24,23,23,24,24,24,23,21,20,20,19,20,19,20,22,21,21,21,21
-81,125,20,25,27,28,27,28,26,25,21,19,23,27,27,27,27,29,29,28,26,24,24,23,20,20,20,21,5,0,0,0,0,0,0,0,0,0,5,15,16,15,17,17,18,18,19,19,19,20,22,23,23,20,19,21,22,23,24,24,23,23,24,27,29
-81,125,20,24,24,24,24,25,25,24,20,17,21,25,25,25,26,28,28,27,25,24,22,20,21,21,20,20,5,0,0,0,0,0,0,0,0,0,3,12,12,14,15,15,16,17,18,18,17,18,20,20,19,19,20,21,22,21,21,21,20,22,25,23,22
-83,125,20,18,21,23,20,20,22,20,21,25,24,20,18,21,23,22,22,22,22,21,21,21,21,20,20,19,5,0,0,0,0,0,0,0,0,0,6,24,21,20,22,26,25,23,23,23,24,24,23,22,20,19,20,20,17,16,18,19,19,21,23,22,19
-84,125,20,12,13,12,12,13,13,13,16,20,17,16,16,18,20,22,24,24,24,24,22,21,22,22,21,21,5,0,0,0,0,0,0,0,0,0,9,35,34,33,34,34,33,33,30,27,26,25,24,23,22,21,18,15,14,14,14,14,13,13,12,11,12
-82,125,20,25,25,23,22,24,24,25,20,17,22,26,25,25,25,26,26,25,24,24,22,21,22,24,22,20,5,0,0,0,0,0,0,0,0,0,5,20,20,20,21,21,20,20,20,20,20,21,22,21,21,20,19,19,18,18,19,19,20,22,25,25,26
-82,125,20,15,15,15,15,14,15,15,21,26,20,17,19,19,20,23,24,23,22,22,24,24,23,23,23,23,5,0,0,0,0,0,0,0,0,0,5,24,24,25,25,25,25,25,24,24,24,23,22,21,20,20,18,15,13,12,13,14,14,15,15,15,16
-78,125,20,22,22,21,20,20,20,19,21,24,21,16,16,17,17,17,16,15,14,13,15,14,12,12,12,11,3,0,0,0,0,0,0,0,0,0,5,20,21,22,22,24,25,25,24,24,24,25,26,25,24,23,22,22,23,24,24,24,23,23,24,24,23
-84,125,20,14,13,12,11,10,11,13,15,18,13,11,13,14,16,18,17,16,18,19,20,20,21,21,21,22,5,0,0,0,0,0,0,0,0,0,7,30,28,27,27,28,28,30,30,29,28,27,26,26,26,23,22,20,18,19,17,16,17,16,16,18,19
-81,125,20,24,25,22,20,21,23,25,27,29,26,25,26,27,27,27,26,26,27,27,28,27,25,24,24,23,6,0,0,0,0,0,0,0,0,0,5,17,18,18,17,16,17,18,18,17,18,19,19,18,18,18,18,17,15,14,17,19,18,18,19,20,20
-79,125,20,26,26,25,23,23,23,23,22,20,21,24,25,25,25,26,25,26,26,24,23,22,21,21,19,19,5,0,0,0,0,0,0,0,0,0,5,19,19,19,20,20,21,21,22,22,23,24,23,22,24,25,23,22,22,24,24,26,26,26,26,24,24
-82,125,20,23,23,24,25,25,23,25,28,31,29,27,26,28,29,31,33,33,33,34,31,27,26,27,27,26,6,0,0,0,0,0,0,0,0,0,5,16,16,15,16,16,15,16,18,17,15,15,16,16,17,15,16,17,16,18,20,19,19,20,20,22,23
-80,125,20,26,27,25,24,24,23,22,20,18,22,24,23,22,23,25,25,24,24,23,21,19,17,17,17,16,3,0,0,0,0,0,0,0,0,0,3,16,17,18,18,20,20,22,22,21,22,23,23,23,22,22,24,24,22,21,21,22,23,23,23,21,21
-82,125,20,20,21,21,21,22,22,23,28,30,25,22,23,26,27,26,25,24,23,23,22,21,20,20,21,22,6,0,0,0,0,0,0,0,0,0,6,22,22,21,21,22,23,23,24,25,24,23,23,21,21,22,22,21,21,20,18,19,19,19,19,19,21
-77,125,20,28,28,28,27,26,27,26,23,24,27,28,27,26,27,28,29,28,27,26,26,25,23,22,21,21,5,0,0,0,0,0,0,0,0,0,2,8,8,9,11,11,13,14,15,16,17,18,19,20,21,21,22,22,22,22,23,24,23,24,26,27,27
-78,125,20,25,25,24,23,23,24,23,21,19,22,23,23,24,25,27,26,25,24,24,23,22,22,22,20,19,4,0,0,0,0,0,0,0,0,0,2,8,9,11,13,13,14,15,15,15,17,18,20,21,20,20,20,19,20,20,21,24,25,25,24,25,25
-84,125,20,22,23,23,22,22,23,22,20,19,20,23,24,23,25,27,28,27,27,27,26,25,23,25,25,24,6,0,0,0,0,0,0,0,0,0,7,28,27,26,26,27,27,28,29,26,25,24,23,23,22,20,17,18,18,17,18,18,17,19,21,20,19
-83,125,20,16,19,17,16,16,17,18,16,13,14,18,19,21,22,22,20,20,22,21,20,20,19,20,21,22,6,0,0,0,0,0,0,0,0,0,8,30,29,30,31,30,31,29,26,26,26,26,25,24,24,22,21,19,19,20,22,21,19,18,20,18,18
-80,125,20,20,20,21,20,21,22,23,24,26,24,24,23,23,24,22,21,21,23,24,23,22,21,21,22,23,6,0,0,0,0,0,0,0,0,0,4,19,20,20,21,22,22,22,20,20,21,21,20,18,17,18,19,18,18,16,16,17,18,19,19,19,20
-82,125,20,22,21,20,19,19,18,17,16,17,19,19,18,17,17,17,15,15,16,16,15,14,14,13,11,10,2,0,0,0,0,0,0,0,0,0,5,21,22,24,25,24,23,24,25,25,25,25,24,25,26,24,23,23,23,22,21,21,21,21,22,23,23
-79,125,20,26,26,25,26,25,24,24,21,17,19,21,22,22,21,21,21,21,19,17,16,16,16,15,13,11,3,0,0,0,0,0,0,0,0,0,5,19,21,21,23,25,25,25,25,26,26,27,25,24,25,25,24,24,25,25,25,25,25,25,26,26,27
-78,125,20,26,26,26,26,26,26,25,27,32,29,26,26,26,25,26,25,25,25,25,25,24,22,22,21,20,5,0,0,0,0,0,0,0,0,0,2,10,9,9,11,12,14,16,17,18,18,18,19,21,20,19,20,21,21,22,22,23,24,24,25,26,27
-79,125,20,22,22,21,21,21,23,21,22,25,24,22,21,20,21,20,21,21,21,19,19,19,19,18,17,17,5,0,0,0,0,0,0,0,0,0,5,19,21,22,23,23,24,24,24,24,24,23,23,24,24,23,23,23,22,22,23,23,23,23,22,23,24
-83,125,20,13,14,17,17,17,16,15,15,18,19,20,21,23,24,25,26,25,23,24,25,23,21,22,25,26,7,0,0,0,0,0,0,0,0,0,6,25,23,24,24,25,24,24,23,23,23,21,19,19,19,19,18,18,17,14,14,16,16,15,15,12,12
-80,125,20,26,27,26,24,25,26,26,30,34,29,26,26,26,28,28,28,29,28,28,28,27,26,24,24,22,5,0,0,0,0,0,0,0,0,0,4,17,17,17,18,18,20,20,19,21,22,22,21,21,20,20,21,20,19,19,21,21,21,23,24,25,27
-83,125,20,19,19,20,20,20,19,20,16,14,21,26,25,23,24,27,28,27,29,29,29,30,30,29,27,27,7,0,0,0,0,0,0,0,0,0,8,29,28,28,29,30,30,29,26,25,25,25,24,24,21,19,19,20,19,18,18,17,18,20,20,22,23
-76,125,20,24,24,22,22,23,21,21,20,19,18,19,19,19,19,19,17,16,16,16,14,13,11,10,11,10,3,0,0,0,0,0,0,0,0,0,6,22,23,23,25,25,25,25,25,24,25,26,26,27,25,24,25,24,22,22,22,23,24,24,25,25,27
-83,125,20,19,19,19,18,17,18,19,21,25,18,14,15,15,16,18,17,15,14,14,14,16,16,16,14,15,3,0,0,0,0,0,0,0,0,0,6,24,25,25,26,27,29,30,30,29,30,29,28,27,26,25,23,22,23,22,21,22,24,24,23,22,21
-82,125,20,20,21,20,19,20,21,21,16,12,16,19,21,21,21,22,22,23,22,21,20,20,21,21,18,18,5,0,0,0,0,0,0,0,0,0,6,25,26,27,28,28,27,28,29,28,28,29,28,28,26,25,25,24,21,20,23,24,24,24,23,24,24
-82,125,20,21,22,21,21,20,20,21,23,26,24,22,23,25,26,25,27,28,25,25,26,25,24,24,23,21,4,0,0,0,0,0,0,0,0,0,4,19,20,20,20,20,17,16,16,17,18,20,19,18,17,16,16,17,17,16,16,17,17,18,19,19,18
-77,125,20,26,26,26,26,26,25,25,22,19,23,25,25,25,27,26,26,26,26,25,24,22,22,22,21,20,5,0,0,0,0,0,0,0,0,0,1,6,6,8,9,10,11,13,14,15,16,16,17,18,18,18,20,20,20,21,21,20,21,24,26,26,25
-79,125,20,24,23,23,22,20,21,22,24,26,22,19,19,20,21,21,21,20,19,19,17,16,16,18,16,14,3,0,0,0,0,0,0,0,0,0,3,16,17,19,20,20,20,22,22,23,24,24,24,23,23,22,22,22,21,21,21,21,21,22,23,24,25
-81,125,20,20,21,20,20,21,19,16,19,23,19,16,17,19,17,16,17,17,16,16,16,16,14,15,12,10,2,0,0,0,0,0,0,0,0,0,5,23,25,25,26,28,28,27,27,27,27,29,29,28,26,24,23,22,22,22,22,21,20,21,24,24,24
-79,125,20,26,28,26,24,24,24,23,20,17,20,24,24,24,23,24,25,25,24,23,21,21,20,19,19,18,5,0,0,0,0,0,0,0,0,0,5,19,19,21,22,22,23,22,21,23,24,24,26,25,23,22,23,24,24,23,23,23,23,23,22,23,26
-79,125,20,24,22,23,22,21,19,18,23,27,22,18,18,17,17,17,17,17,17,17,17,15,14,13,13,13,4,0,0,0,0,0,0,0,0,0,5,18,19,21,21,21,21,23,22,22,23,24,23,23,23,22,22,23,22,21,21,22,23,22,21,23,26
-81,125,20,26,25,22,19,19,20,19,19,22,20,17,17,17,16,18,20,19,19,19,19,19,19,19,19,20,5,0,0,0,0,0,0,0,0,0,5,23,24,25,26,27,26,26,25,25,26,25,23,24,25,24,24,23,24,23,22,23,23,24,23,22,20
-83,125,20,16,17,21,20,18,17,17,11,9,17,20,20,22,23,23,23,21,20,21,21,21,21,21,21,23,6,0,0,0,0,0,0,0,0,0,4,19,19,19,20,22,21,22,22,20,19,18,19,18,18,18,17,15,15,14,16,16,16,15,17,19,19
-80,125,20,22,22,21,21,20,19,18,21,25,21,17,19,20,21,20,20,19,19,18,18,19,18,17,15,15,3,0,0,0,0,0,0,0,0,0,3,15,16,17,19,19,19,18,17,19,20,21,20,18,18,18,20,19,18,19,19,19,19,19,19,21,24
-79,125,20,24,23,22,22,20,20,19,21,23,20,17,17,16,16,17,16,15,15,14,14,15,13,12,12,13,4,0,0,0,0,0,0,0,0,0,5,22,22,24,25,26,26,26,26,26,27,27,28,26,24,25,25,24,24,24,24,23,23,23,25,24,24
-79,125,20,27,27,26,24,24,23,24,27,31,28,25,25,24,23,23,24,24,23,22,23,22,21,19,18,17,5,0,0,0,0,0,0,0,0,0,2,7,8,10,13,15,16,16,16,16,17,19,20,21,22,22,22,22,23,23,24,24,23,24,26,27,28
-81,125,20,21,18,18,20,19,18,18,21,25,20,16,15,14,15,17,16,15,15,15,15,14,12,12,11,10,2,0,0,0,0,0,0,0,0,0,5,22,22,21,23,25,24,25,26,26,27,29,29,25,24,24,25,25,25,24,24,22,20,22,22,21,23
-79,125,20,24,25,24,22,22,21,19,20,21,20,18,17,17,17,17,17,17,16,17,17,15,14,13,12,11,2,0,0,0,0,0,0,0,0,0,5,21,21,21,22,23,24,23,24,24,25,25,25,25,24,24,25,25,23,24,24,23,23,23,23,24,23
-81,125,20,21,20,22,22,20,19,19,24,30,26,22,21,22,25,25,23,22,21,19,20,21,21,21,20,18,5,0,0,0,0,0,0,0,0,0,6,22,22,23,24,24,23,23,21,23,25,25,24,22,21,20,21,21,19,17,20,21,20,20,21,21,19
-80,125,20,23,23,21,22,23,21,20,22,25,21,17,17,18,17,15,16,18,17,16,14,12,11,12,12,12,3,0,0,0,0,0,0,0,0,0,3,17,18,19,22,23,23,23,23,24,24,24,23,23,24,26,26,24,23,21,22,23,23,23,23,26,28
-79,125,20,27,26,24,24,25,24,23,19,16,21,24,24,24,24,24,23,23,23,22,20,19,18,19,19,19,5,0,0,0,0,0,0,0,0,0,4,19,19,21,21,22,22,24,23,23,23,23,24,24,22,21,20,20,22,21,22,22,22,21,22,25,25
-86,125,20,11,12,12,10,9,12,14,12,15,14,15,17,16,16,18,18,18,20,22,21,20,18,19,20,19,5,0,0,0,0,0,0,0,0,0,8,32,32,33,33,30,29,28,26,27,27,26,25,23,21,18,16,17,15,14,14,14,14,12,9,9,12
-82,125,20,21,21,21,21,20,20,21,21,23,22,19,17,17,16,15,17,20,18,17,16,15,14,14,14,15,4,0,0,0,0,0,0,0,0,0,6,23,23,22,24,25,25,26,26,27,28,27,26,26,26,25,24,24,25,26,25,24,23,22,24,24,24
-78,125,20,28,27,26,27,28,26,26,28,31,30,28,27,26,26,27,27,26,26,25,24,23,21,21,20,19,5,0,0,0,0,0,0,0,0,0,2,8,9,11,11,12,14,15,15,17,18,18,20,21,21,21,22,22,23,23,23,24,24,24,25,27,28
-83,125,20,13,13,12,11,12,13,14,21,27,22,18,18,18,19,21,23,24,23,22,22,22,22,23,23,23,6,0,0,0,0,0,0,0,0,0,7,29,29,29,29,29,27,27,28,27,26,25,24,22,20,17,15,16,16,15,13,12,11,12,13,12,10
-84,125,20,11,12,11,10,10,10,10,10,11,14,18,17,17,18,20,20,21,22,24,26,25,24,23,21,22,5,0,0,0,0,0,0,0,0,0,7,28,29,29,30,29,29,30,29,28,27,27,26,25,25,24,22,19,17,16,15,14,14,13,13,13,12
-81,125,20,26,25,23,23,23,24,24,27,29,25,24,23,23,24,25,25,26,26,23,23,23,21,21,22,21,6,0,0,0,0,0,0,0,0,0,5,19,19,19,18,19,21,21,22,21,21,24,24,23,22,21,21,20,19,20,21,22,20,21,24,25,26
-79,125,20,25,25,24,23,26,27,24,19,16,21,25,22,23,24,23,23,22,21,21,19,19,18,17,16,17,4,0,0,0,0,0,0,0,0,0,3,16,16,18,19,19,19,21,22,22,23,24,24,24,23,22,23,24,25,24,23,25,25,23,23,24,24
-80,125,20,19,17,18,18,19,20,18,15,14,17,21,18,16,18,21,20,18,17,18,17,17,16,17,18,18,3,0,0,0,0,0,0,0,0,0,6,25,25,25,26,26,25,25,25,27,28,27,26,25,24,23,23,24,23,22,22,21,21,21,20,20,22
-82,125,20,21,20,19,18,20,22,21,24,29,25,23,24,23,22,24,26,26,25,23,22,21,19,20,21,20,4,0,0,0,0,0,0,0,0,0,4,18,19,21,20,21,22,21,21,21,20,20,21,20,19,18,18,18,18,19,18,19,19,19,18,20,21
-82,125,20,21,20,22,23,23,23,23,21,20,19,20,20,21,21,24,25,25,25,23,20,19,20,20,20,18,5,0,0,0,0,0,0,0,0,0,6,22,23,24,25,25,26,27,25,24,25,27,27,26,25,24,25,24,21,21,23,22,21,22,24,25,24
-80,125,20,22,21,20,21,21,20,20,24,26,20,16,16,17,16,15,15,16,15,13,13,13,12,12,11,11,2,0,0,0,0,0,0,0,0,0,5,22,24,25,26,27,28,29,27,26,26,27,28,28,27,27,26,25,24,24,23,23,24,22,23,25,24
-82,125,20,22,20,20,21,21,19,19,24,29,27,24,21,20,20,22,22,21,21,23,24,23,20,19,18,17,4,0,0,0,0,0,0,0,0,0,5,21,21,21,20,20,21,19,19,20,20,21,22,22,21,21,19,18,20,21,21,20,20,19,19,19,22
-81,125,20,20,20,21,21,21,20,20,22,25,23,24,23,22,23,24,24,23,23,23,22,22,23,21,20,21,5,0,0,0,0,0,0,0,0,0,4,16,16,16,18,18,17,17,16,18,21,20,18,17,18,18,17,17,18,20,20,20,20,20,19,20,21
-82,125,20,20,21,21,20,17,17,18,22,26,21,18,18,17,16,15,17,17,16,17,16,12,12,13,12,13,3,0,0,0,0,0,0,0,0,0,6,27,25,25,26,26,27,28,27,27,26,27,27,26,25,24,24,22,20,21,21,20,20,19,17,18,20
-82,125,20,21,20,20,20,21,21,20,20,17,15,18,18,17,18,18,18,17,17,16,16,15,15,14,13,13,3,0,0,0,0,0,0,0,0,0,5,22,22,24,24,25,26,26,26,25,27,28,27,25,25,26,24,22,20,20,21,21,20,21,21,21,19
-81,125,20,22,19,19,20,21,22,22,23,24,21,19,19,20,21,22,21,20,20,20,20,19,18,17,17,17,3,0,0,0,0,0,0,0,0,0,4,17,17,18,19,19,19,19,20,20,19,20,21,22,21,21,20,17,16,16,16,17,18,18,19,21,20
-80,125,20,22,22,22,21,20,19,20,17,16,17,17,17,18,19,18,16,17,18,17,15,14,14,14,14,12,3,0,0,0,0,0,0,0,0,0,5,23,24,26,26,27,29,29,28,29,28,29,30,28,25,25,24,24,24,23,23,23,25,25,25,23,24
-81,125,20,23,24,24,24,24,24,25,22,18,21,25,25,25,26,27,27,28,27,25,24,23,22,23,22,22,6,0,0,0,0,0,0,0,0,0,5,18,16,16,18,19,20,19,18,20,21,21,21,19,17,17,18,18,18,17,17,19,19,20,21,21,21
-81,125,20,21,20,18,18,18,17,17,13,10,15,19,19,19,19,20,20,19,19,18,18,18,18,16,17,17,5,0,0,0,0,0,0,0,0,0,5,23,24,24,25,25,25,26,26,25,24,24,24,23,21,20,20,22,23,22,21,21,21,20,20,19,17
-83,125,20,15,15,16,17,19,19,19,22,27,25,23,23,22,22,25,25,25,26,24,22,22,22,23,23,22,5,0,0,0,0,0,0,0,0,0,5,20,21,22,24,24,21,21,21,21,20,20,19,17,15,14,15,15,14,14,14,15,15,13,12,15,18
-80,125,20,21,23,25,25,23,23,23,26,30,28,24,24,25,26,28,29,28,27,27,26,24,24,24,23,21,6,0,0,0,0,0,0,0,0,0,5,17,17,18,18,18,18,18,17,18,18,18,18,18,19,19,19,17,16,17,18,20,19,19,20,22,22
-81,125,20,24,23,20,19,18,20,21,19,17,16,17,18,19,19,17,18,18,17,15,16,16,14,12,12,14,3,0,0,0,0,0,0,0,0,0,5,23,23,23,24,25,26,27,27,25,25,25,26,25,24,24,25,24,23,22,20,21,22,23,24,24,24
-81,125,20,25,26,23,23,24,24,24,27,29,26,23,23,24,24,27,26,24,24,21,21,21,22,22,20,19,4,0,0,0,0,0,0,0,0,0,5,21,21,20,21,21,21,21,21,22,22,22,22,21,20,22,23,23,22,22,21,20,21,22,22,23,25
-84,125,20,19,20,20,20,21,22,21,23,28,26,23,24,24,25,26,26,25,24,24,26,25,24,24,23,22,5,0,0,0,0,0,0,0,0,0,5,21,22,21,21,21,20,20,21,21,20,19,20,20,19,17,17,16,15,14,13,15,18,19,20,21,21
-80,125,20,28,26,25,24,24,23,22,20,22,22,22,20,20,22,23,22,20,19,16,16,16,16,15,13,12,2,0,0,0,0,0,0,0,0,0,6,25,25,25,26,25,26,27,28,29,30,30,30,29,27,27,26,25,24,25,26,26,27,27,27,29,28
-81,125,20,22,20,20,20,20,17,15,15,16,16,17,17,17,17,18,17,17,16,16,15,14,14,16,15,15,3,0,0,0,0,0,0,0,0,0,6,26,25,24,23,24,25,25,23,22,23,24,23,23,22,23,24,20,20,20,18,20,20,19,17,18,19
-83,125,20,17,18,16,16,17,16,14,20,26,22,18,17,18,18,19,19,19,18,19,18,18,19,18,15,15,3,0,0,0,0,0,0,0,0,0,5,23,23,23,25,24,24,23,23,23,25,25,24,23,22,22,20,19,20,19,18,20,20,21,21,19,16
-81,125,20,22,20,19,19,19,18,17,20,23,20,17,17,17,15,14,13,14,16,16,15,12,11,11,11,13,4,0,0,0,0,0,0,0,0,0,7,26,27,29,28,28,29,29,30,31,29,29,28,28,27,26,26,27,26,24,24,25,26,25,24,24,25
-80,125,20,22,20,20,20,21,22,20,19,20,18,17,18,19,19,18,16,16,16,15,15,15,13,13,12,11,2,0,0,0,0,0,0,0,0,0,5,23,23,23,23,23,24,26,26,26,26,25,26,27,24,23,24,24,23,23,25,25,23,24,25,25,23
-81,125,20,19,19,18,17,17,20,21,22,25,23,20,20,23,26,29,29,28,28,26,25,26,26,25,24,23,5,0,0,0,0,0,0,0,0,0,7,28,26,24,24,24,24,23,23,22,20,20,19,18,17,17,19,19,17,16,15,15,15,15,15,15,15
-82,125,20,23,22,21,20,19,20,20,16,12,15,18,17,18,18,18,18,15,13,12,13,12,10,11,11,12,4,0,0,0,0,0,0,0,0,0,7,29,29,30,31,30,30,31,31,30,30,30,32,30,27,26,25,26,25,21,21,23,23,21,22,23,24
-80,125,20,25,25,24,21,17,18,20,17,14,16,17,17,17,15,14,15,16,16,16,15,13,13,13,12,12,2,0,0,0,0,0,0,0,0,0,5,23,22,23,24,25,24,24,26,26,26,26,25,24,22,23,24,22,22,24,23,23,23,25,25,22,21
-79,125,20,24,23,22,23,22,22,22,25,26,22,18,18,18,19,18,16,15,16,17,15,13,13,13,11,10,2,0,0,0,0,0,0,0,0,0,5,21,23,24,23,23,24,25,25,25,25,26,26,26,25,24,26,25,25,25,26,26,25,24,24,24,23
-81,125,20,22,21,19,19,21,19,17,16,18,16,15,16,17,15,13,15,16,15,13,12,10,10,11,12,13,3,0,0,0,0,0,0,0,0,0,7,25,26,27,27,28,28,28,27,28,30,30,28,27,25,25,25,26,25,24,24,23,22,22,21,21,21
-82,125,20,20,20,21,18,16,16,16,18,19,16,13,15,15,13,12,12,13,12,11,11,10,9,8,8,7,1,0,0,0,0,0,0,0,0,0,6,26,25,25,25,24,25,25,26,25,25,26,26,25,23,23,23,24,23,22,21,20,21,22,23,22,22
-83,125,20,22,21,19,18,19,21,21,22,23,21,22,23,24,24,25,24,23,24,25,24,23,22,20,20,22,6,0,0,0,0,0,0,0,0,0,5,20,19,21,21,21,21,21,22,21,21,21,21,20,19,20,20,17,17,17,16,17,18,18,18,18,15
-82,125,20,20,22,20,19,20,20,21,26,29,23,19,19,21,22,22,22,23,25,24,22,22,22,21,20,19,5,0,0,0,0,0,0,0,0,0,6,21,21,23,23,22,22,23,22,22,23,24,25,23,20,21,22,22,20,18,17,18,19,20,21,20,19
-79,125,20,24,24,22,21,21,20,21,17,14,16,18,18,18,18,18,17,17,18,18,17,16,14,14,15,14,3,0,0,0,0,0,0,0,0,0,5,22,23,24,25,25,27,27,25,24,25,27,27,26,26,25,25,25,24,24,22,22,24,24,24,24,23
-79,125,20,23,23,23,22,21,21,21,18,16,20,22,21,23,23,22,23,23,23,21,20,19,19,18,16,15,4,0,0,0,0,0,0,0,0,0,5,20,20,21,21,21,21,21,23,24,23,23,23,23,22,23,22,21,21,23,23,21,22,23,24,24,24
-82,125,20,22,22,21,21,20,21,21,20,22,21,20,21,23,21,21,23,23,21,21,22,20,19,18,17,16,4,0,0,0,0,0,0,0,0,0,5,22,23,24,25,24,25,26,25,23,23,25,25,24,23,24,24,22,21,21,21,20,21,23,22,21,22
-82,125,20,19,17,17,18,19,20,19,18,21,19,18,18,18,18,20,20,19,16,15,16,16,16,15,13,13,2,0,0,0,0,0,0,0,0,0,6,24,24,23,23,23,24,25,26,25,25,25,25,25,22,21,22,21,19,19,21,21,19,19,19,20,20
-78,125,20,27,26,24,24,24,24,24,25,24,23,24,25,25,25,25,24,24,23,22,20,19,19,19,18,17,4,0,0,0,0,0,0,0,0,0,3,9,8,10,10,11,13,14,14,14,16,18,18,19,19,19,20,19,20,22,22,23,22,21,23,25,26
-81,125,20,22,23,23,21,19,19,19,17,14,13,17,17,16,17,19,18,17,16,16,14,13,12,13,13,12,3,0,0,0,0,0,0,0,0,0,5,21,23,23,23,24,26,26,25,26,25,25,25,24,22,22,23,24,24,26,26,24,22,21,21,23,25
-83,125,20,12,13,13,14,17,19,18,21,24,19,18,20,21,22,24,25,26,27,26,26,27,25,25,27,28,6,0,0,0,0,0,0,0,0,0,6,26,26,27,26,24,23,24,24,24,24,23,22,19,17,18,17,17,15,13,12,13,15,16,14,13,13
-79,125,20,24,24,22,22,22,23,22,21,20,22,22,22,23,23,24,24,23,24,23,20,18,17,18,17,17,5,0,0,0,0,0,0,0,0,0,5,19,21,22,22,23,23,23,23,22,22,24,26,24,23,24,24,24,23,21,21,23,23,23,23,25,26
-82,125,20,22,21,20,20,20,21,21,14,12,17,21,20,20,18,19,21,20,20,20,19,18,16,16,16,16,4,0,0,0,0,0,0,0,0,0,6,24,24,25,26,27,27,26,26,26,26,26,26,25,26,25,23,23,23,22,20,20,22,22,23,24,25
-82,125,20,22,23,25,24,24,25,25,21,19,24,25,25,29,31,33,33,32,30,28,30,30,28,27,26,27,6,0,0,0,0,0,0,0,0,0,4,18,19,19,18,18,19,18,17,16,16,17,17,18,18,18,16,14,17,18,18,19,20,19,20,22,21
-85,125,20,16,17,20,22,21,17,16,20,27,25,19,20,22,21,21,21,23,24,23,23,24,24,21,21,22,5,0,0,0,0,0,0,0,0,0,4,19,17,17,18,19,19,20,18,18,18,16,15,15,14,13,13,13,14,15,15,12,13,17,15,14,13
-78,125,20,27,28,25,23,22,24,23,21,19,19,20,19,19,20,19,19,18,18,16,17,17,14,12,12,12,3,0,0,0,0,0,0,0,0,0,5,21,23,23,24,25,26,27,25,26,26,28,29,28,26,26,27,25,25,25,26,26,26,26,25,24,23
-78,125,20,23,23,23,23,22,22,21,19,18,18,18,18,19,18,18,19,18,18,16,15,15,16,16,15,15,4,0,0,0,0,0,0,0,0,0,6,22,23,23,23,23,25,25,25,26,25,25,27,25,25,23,23,24,24,24,26,27,26,25,26,26,25
-81,125,20,19,19,19,21,21,19,18,16,16,17,17,17,17,17,16,16,15,16,16,15,15,15,14,12,10,2,0,0,0,0,0,0,0,0,0,5,21,22,23,23,24,24,24,25,25,25,26,27,25,24,24,24,22,22,22,22,21,20,21,22,22,22
-78,125,20,27,26,24,24,25,24,23,25,28,25,23,24,24,23,24,23,24,24,23,23,21,20,20,19,17,4,0,0,0,0,0,0,0,0,0,2,9,9,10,11,11,12,13,14,15,16,18,19,19,18,18,19,20,20,21,21,22,23,23,25,26,27
-79,125,20,25,25,25,24,22,21,21,17,14,17,19,20,20,20,19,19,19,19,18,18,16,15,15,16,15,3,0,0,0,0,0,0,0,0,0,6,24,24,25,25,26,27,26,27,27,28,28,28,29,29,30,30,26,24,24,25,26,25,24,23,24,25
-80,125,20,23,20,20,22,22,18,17,14,10,13,17,19,19,18,16,18,19,18,15,15,14,14,16,16,15,3,0,0,0,0,0,0,0,0,0,6,25,26,26,27,29,30,30,30,29,28,27,27,27,26,25,26,25,24,24,25,24,23,25,25,26,25
-78,125,20,27,26,26,26,25,26,25,25,25,23,22,22,22,22,22,21,21,21,20,19,18,17,16,15,14,4,0,0,0,0,0,0,0,0,0,5,20,20,21,23,22,22,22,23,24,26,27,28,26,26,27,27,26,25,25,25,26,25,27,29,27,25
-83,125,20,20,19,20,19,20,21,22,22,25,23,21,22,24,25,24,25,27,25,24,24,23,21,21,20,20,5,0,0,0,0,0,0,0,0,0,5,20,18,19,20,21,20,20,21,21,19,18,20,18,17,17,16,16,15,16,18,19,19,18,19,21,22
-81,125,20,24,25,26,24,23,25,25,27,31,27,24,25,25,27,29,28,25,24,23,24,24,23,22,22,22,5,0,0,0,0,0,0,0,0,0,4,19,20,20,19,20,21,23,23,24,25,27,27,24,22,23,23,23,23,22,20,20,21,23,25,26,25
-80,125,20,25,23,22,23,22,20,20,22,27,24,21,21,22,21,20,19,19,20,21,20,20,19,17,16,15,4,0,0,0,0,0,0,0,0,0,4,17,19,19,19,20,21,23,23,24,24,25,26,25,25,25,24,23,23,22,21,20,21,23,25,27,25
-81,125,20,23,22,21,21,22,22,21,18,15,17,20,19,19,20,20,20,20,20,20,19,18,17,16,15,15,3,0,0,0,0,0,0,0,0,0,5,20,21,23,25,26,25,26,25,25,26,28,29,26,24,23,25,23,21,21,21,23,22,21,21,22,22
-84,125,20,13,15,14,13,12,12,12,12,16,19,19,18,19,22,22,22,23,26,26,25,24,25,24,24,24,6,0,0,0,0,0,0,0,0,0,5,23,25,26,25,26,26,26,26,24,24,24,23,21,18,14,14,14,13,13,12,12,12,10,11,13,15
-79,125,20,25,25,25,24,25,23,21,19,16,17,21,21,21,20,19,18,17,18,17,15,14,13,12,12,12,3,0,0,0,0,0,0,0,0,0,6,23,23,26,26,28,27,27,27,28,28,29,30,29,26,26,26,25,25,26,25,26,26,26,26,26,25
-84,125,20,20,21,21,20,20,21,23,25,29,26,22,24,24,22,20,21,23,25,23,21,19,18,19,21,22,5,0,0,0,0,0,0,0,0,0,6,22,21,20,20,19,21,24,24,21,20,20,18,17,17,17,18,18,18,17,18,21,20,17,18,20,19
-82,125,20,19,17,17,17,18,19,19,18,20,18,16,16,18,18,20,22,22,22,20,19,20,19,18,17,19,4,0,0,0,0,0,0,0,0,0,4,19,18,19,21,19,19,20,21,21,21,20,18,17,16,16,16,17,17,15,16,16,16,16,17,17,15
-83,125,20,20,19,18,18,20,19,18,22,29,24,20,21,19,18,18,18,19,18,17,17,18,18,17,16,15,4,0,0,0,0,0,0,0,0,0,7,27,28,27,25,25,27,27,26,26,27,25,25,24,24,24,25,25,22,21,19,20,20,17,17,20,22
-81,125,20,21,19,19,18,18,18,17,21,25,21,17,18,19,20,20,19,17,17,18,19,18,17,17,17,17,5,0,0,0,0,0,0,0,0,0,6,23,23,24,25,26,25,26,26,26,25,26,26,24,23,24,26,23,20,19,20,20,20,20,23,25,25
-83,125,20,16,16,17,17,15,14,14,19,24,19,17,17,18,18,18,19,21,22,21,21,22,23,21,20,21,5,0,0,0,0,0,0,0,0,0,6,26,29,31,30,29,30,30,29,26,26,28,28,27,25,23,23,23,22,20,19,20,21,20,19,19,20
-81,125,20,25,25,26,26,25,25,25,28,29,25,23,23,21,21,23,23,23,23,23,23,21,19,18,19,18,4,0,0,0,0,0,0,0,0,0,4,16,17,18,17,20,20,20,21,21,22,24,24,23,24,24,23,23,23,24,24,22,22,23,24,25,24
-81,125,20,26,25,25,26,26,24,23,26,29,25,23,25,24,23,23,25,25,23,22,22,21,20,18,17,16,5,0,0,0,0,0,0,0,0,0,4,15,15,15,16,17,18,18,19,19,21,21,20,21,22,24,24,23,21,22,24,25,25,25,25,24,23
-82,125,20,18,20,20,19,18,18,19,23,27,25,22,21,21,24,26,27,28,28,26,23,24,25,25,24,23,6,0,0,0,0,0,0,0,0,0,6,26,26,27,27,28,28,27,24,22,23,25,25,23,22,21,21,20,18,15,16,18,20,17,15,15,17
-85,125,20,10,9,10,10,8,8,9,11,14,10,9,11,16,18,19,19,19,19,19,18,19,21,20,19,18,5,0,0,0,0,0,0,0,0,0,8,31,31,32,32,31,30,31,30,29,28,28,26,25,24,24,23,21,19,19,18,16,15,16,17,15,14
-78,125,20,24,23,23,23,23,23,21,24,29,26,21,21,21,21,20,21,21,21,22,21,18,19,19,18,16,4,0,0,0,0,0,0,0,0,0,5,24,26,27,27,27,28,27,26,27,28,28,28,28,26,26,27,26,24,24,24,25,24,23,25,26,26
-78,125,20,23,23,22,22,21,21,20,21,21,22,21,19,19,19,19,18,18,18,16,14,14,13,13,12,12,2,0,0,0,0,0,0,0,0,0,4,20,21,23,23,24,24,25,25,26,26,26,26,26,24,23,22,23,24,24,24,24,25,26,27,27,25
-80,125,20,24,22,22,21,21,21,20,23,23,21,22,22,20,19,21,23,22,21,19,18,18,18,17,15,15,3,0,0,0,0,0,0,0,0,0,4,18,19,20,21,22,23,21,21,23,25,25,25,25,25,23,23,23,22,23,23,23,22,23,22,21,23
-80,125,20,22,21,22,21,19,19,18,16,17,18,19,18,18,17,16,16,15,15,14,12,11,11,12,10,9,2,0,0,0,0,0,0,0,0,0,5,21,21,22,23,24,25,26,26,27,29,28,27,25,24,23,24,25,24,23,23,23,23,24,24,23,20
-83,125,20,19,18,19,19,22,21,20,23,26,24,23,21,21,22,23,23,24,23,21,21,20,18,18,18,17,5,0,0,0,0,0,0,0,0,0,5,18,19,19,20,19,21,22,23,22,22,22,23,22,22,21,23,23,21,20,20,21,22,22,20,20,22
-85,125,20,9,9,9,8,6,7,10,7,1,7,15,14,14,17,19,20,21,22,22,22,24,23,22,21,22,5,0,0,0,0,0,0,0,0,0,7,29,29,31,32,32,29,29,28,26,28,30,28,23,22,22,19,16,15,14,14,15,14,11,11,12,9
-79,125,20,26,25,24,23,22,23,23,22,24,23,20,19,20,19,19,22,20,19,18,18,17,16,15,13,12,3,0,0,0,0,0,0,0,0,0,4,18,18,21,23,23,22,23,24,24,25,25,25,24,22,21,23,23,22,22,23,24,25,25,25,25,27
-81,125,20,23,24,23,20,20,21,23,24,25,25,22,21,21,21,22,22,21,20,21,20,19,19,19,18,18,5,0,0,0,0,0,0,0,0,0,6,24,25,26,26,26,26,26,26,26,26,26,26,26,25,25,24,22,22,23,23,23,23,25,25,24,27
-82,125,20,23,22,23,22,21,22,23,28,32,28,24,22,22,22,25,26,26,24,24,24,23,23,21,21,21,6,0,0,0,0,0,0,0,0,0,4,17,19,21,20,19,19,19,19,20,20,21,19,18,19,19,19,19,18,17,16,18,21,22,21,23,23
-83,125,20,23,19,18,18,19,21,19,17,15,16,17,18,18,18,18,17,15,16,18,17,15,15,15,15,16,4,0,0,0,0,0,0,0,0,0,5,20,22,22,22,22,22,24,23,21,22,23,23,23,21,20,21,21,17,19,21,21,21,21,19,20,20
-78,125,20,23,23,23,22,21,20,19,16,15,17,19,19,20,20,19,18,18,18,18,18,17,15,13,14,16,4,0,0,0,0,0,0,0,0,0,6,22,22,23,22,24,25,26,24,24,25,25,25,25,25,23,23,24,25,24,22,22,23,23,25,25,25
-80,125,20,23,21,20,20,20,19,19,23,26,22,18,18,18,18,18,18,19,18,18,17,17,17,17,18,18,5,0,0,0,0,0,0,0,0,0,6,23,23,24,24,25,28,29,28,28,29,29,27,25,24,25,25,24,22,23,25,25,24,22,22,23,25
-82,125,20,19,20,21,21,20,21,21,24,27,25,20,20,20,20,22,24,25,25,24,24,24,23,21,20,21,5,0,0,0,0,0,0,0,0,0,8,29,29,28,27,28,27,26,26,27,28,26,25,25,22,21,21,22,22,20,16,18,22,23,22,20,20
-81,125,20,23,21,19,20,21,20,18,14,11,14,19,20,20,20,20,21,20,19,20,19,18,17,18,18,18,5,0,0,0,0,0,0,0,0,0,6,22,24,26,25,25,27,28,28,27,27,27,27,26,26,24,25,24,22,20,21,23,24,23,23,24,24
-82,125,20,20,18,18,19,20,19,19,20,21,21,23,23,23,22,23,24,24,25,25,24,24,24,24,23,24,6,0,0,0,0,0,0,0,0,0,6,24,25,26,27,28,27,27,25,25,26,27,26,24,20,18,22,24,23,21,21,21,21,21,21,21,21
-83,125,20,12,12,12,13,14,14,14,21,27,21,16,19,21,22,22,22,24,25,26,27,28,28,27,26,26,7,0,0,0,0,0,0,0,0,0,6,25,26,25,25,25,25,23,21,22,22,21,19,18,18,17,15,15,14,12,11,11,12,11,11,13,12
-80,125,20,22,21,19,18,21,23,22,18,15,18,20,21,23,24,25,25,25,25,23,22,22,21,20,19,20,4,0,0,0,0,0,0,0,0,0,4,18,18,17,17,18,20,19,17,17,17,18,18,18,20,20,18,17,18,20,20,21,23,21,19,19,19
-82,125,20,18,20,20,20,22,23,22,18,13,18,25,24,24,24,24,24,24,26,26,26,25,23,22,23,23,5,0,0,0,0,0,0,0,0,0,4,21,22,23,23,22,23,22,21,21,21,21,22,22,20,21,22,20,17,15,15,16,18,19,20,20,21
-81,125,20,20,19,18,18,16,16,17,13,10,15,17,16,15,16,17,17,17,16,14,13,12,13,13,13,12,2,0,0,0,0,0,0,0,0,0,5,21,22,23,24,25,26,25,25,24,25,26,26,26,24,24,23,19,18,19,20,19,19,20,22,23,22
-83,125,20,18,18,18,19,19,18,15,18,23,22,20,22,25,24,24,22,22,22,22,24,24,22,21,20,19,5,0,0,0,0,0,0,0,0,0,8,30,30,30,28,27,27,28,27,26,25,26,26,23,22,22,20,17,17,17,15,15,17,17,18,18,20
-79,125,20,26,26,25,23,21,20,20,17,14,17,19,18,18,18,18,17,16,16,15,15,14,12,12,10,10,2,0,0,0,0,0,0,0,0,0,5,22,23,24,25,26,26,25,25,25,26,27,29,28,27,27,26,26,26,24,25,26,24,24,27,27,25
-79,125,20,21,22,22,20,20,21,21,17,16,19,20,19,20,21,21,21,20,19,20,19,18,17,18,17,15,4,0,0,0,0,0,0,0,0,0,6,22,21,21,22,21,22,23,24,24,24,25,26,25,23,22,22,21,21,21,21,21,22,23,23,21,21
-80,125,20,25,24,23,22,23,23,20,18,17,19,19,18,20,22,22,20,21,22,21,20,19,18,18,17,15,3,0,0,0,0,0,0,0,0,0,5,20,22,25,25,25,26,25,26,26,25,25,25,25,24,23,23,23,23,22,21,21,21,22,22,23,24
-78,125,20,27,26,27,26,24,23,22,23,25,24,22,22,24,24,23,22,21,20,19,19,18,17,17,16,14,3,0,0,0,0,0,0,0,0,0,4,19,21,22,22,23,23,24,25,25,26,27,27,26,26,26,26,23,22,22,23,23,25,26,26,27,26
-80,125,20,20,21,20,22,22,21,22,24,24,24,24,24,25,25,24,24,25,26,24,24,24,23,24,24,23,6,0,0,0,0,0,0,0,0,0,5,17,16,17,17,18,17,17,17,18,17,16,16,16,15,15,16,16,16,15,15,15,16,17,18,18,20
-81,125,20,23,24,24,23,22,24,25,27,29,25,22,22,22,23,23,23,24,24,23,21,19,19,20,20,19,5,0,0,0,0,0,0,0,0,0,5,21,21,23,24,25,24,24,24,24,24,24,23,23,25,25,24,22,21,22,21,22,22,23,24,24,24
-80,125,20,21,20,21,21,20,19,19,18,18,18,19,18,18,18,19,19,18,17,16,15,16,16,15,15,14,3,0,0,0,0,0,0,0,0,0,5,21,22,25,25,25,25,26,27,26,25,25,26,27,26,24,24,22,19,19,21,21,19,19,22,23,21
-82,125,20,21,19,19,19,19,18,18,21,25,24,21,21,21,22,23,24,22,21,22,24,23,21,20,20,20,5,0,0,0,0,0,0,0,0,0,5,21,24,25,26,26,24,24,26,27,26,26,24,25,25,23,22,20,18,18,19,22,23,23,25,26,22
-79,125,20,29,28,28,27,26,27,28,25,23,26,28,27,29,29,28,30,30,27,27,27,27,26,25,23,22,5,0,0,0,0,0,0,0,0,0,3,9,10,12,13,13,13,15,17,18,21,21,20,21,20,21,21,21,22,23,25,24,26,27,28,28,28
-80,125,20,22,22,22,21,21,22,22,26,29,24,21,22,24,24,23,23,23,21,21,22,22,20,18,17,17,4,0,0,0,0,0,0,0,0,0,4,16,16,17,19,18,18,19,19,19,20,22,24,23,21,19,19,19,20,21,21,21,20,20,21,21,22
-83,125,20,15,17,17,17,17,16,17,20,24,21,21,23,24,23,24,24,25,28,26,23,23,24,24,22,22,6,0,0,0,0,0,0,0,0,0,6,25,26,27,27,27,27,28,28,26,24,24,24,24,23,22,22,20,20,21,21,20,21,21,20,19,20
-81,125,20,24,22,23,22,21,20,20,16,13,19,24,23,24,24,25,25,26,26,24,22,22,22,23,22,22,6,0,0,0,0,0,0,0,0,0,5,20,22,24,24,24,25,25,25,25,24,24,24,25,23,22,23,24,22,23,24,22,21,19,21,22,23
-82,125,20,16,16,18,17,17,17,17,18,20,19,19,20,20,21,21,22,22,22,22,22,21,20,21,20,19,4,0,0,0,0,0,0,0,0,0,6,25,25,25,25,24,25,26,26,25,24,23,24,24,23,21,20,19,18,17,18,18,19,18,19,18,17
-81,125,20,21,21,21,21,21,20,19,15,12,17,20,21,20,20,22,23,22,21,23,23,21,19,19,19,21,5,0,0,0,0,0,0,0,0,0,5,22,24,23,23,23,24,25,23,25,25,28,28,26,25,24,24,24,20,19,20,21,21,20,20,21,22
-78,125,20,25,25,24,24,23,22,21,24,29,26,21,21,21,21,21,20,20,20,19,18,17,16,15,14,15,3,0,0,0,0,0,0,0,0,0,4,17,17,18,19,19,19,20,21,21,22,24,24,23,22,22,23,21,20,20,21,21,21,22,24,25,25
-82,125,20,22,22,20,19,20,20,19,17,18,20,22,23,24,23,24,25,25,24,23,23,23,22,21,21,21,6,0,0,0,0,0,0,0,0,0,5,21,21,21,22,23,23,23,23,24,24,23,24,24,21,21,22,23,22,21,22,22,21,20,21,21,21
-83,125,20,24,21,22,22,24,25,25,19,15,19,23,23,23,23,23,23,24,25,25,24,22,20,19,19,18,4,0,0,0,0,0,0,0,0,0,4,19,18,19,18,18,20,22,20,20,21,21,19,20,22,22,22,22,19,19,21,22,23,22,22,21,19
-84,125,20,19,22,23,23,23,23,22,21,24,26,27,28,30,29,28,27,31,32,30,29,27,28,29,29,26,5,0,0,0,0,0,0,0,0,0,3,17,17,17,15,14,16,16,14,15,17,17,14,13,16,18,16,13,13,15,16,14,15,18,20,20,20
-81,125,20,22,21,21,20,19,18,18,19,21,18,17,15,15,15,17,17,16,15,14,14,13,14,14,13,13,3,0,0,0,0,0,0,0,0,0,5,22,22,22,24,25,26,25,25,25,25,25,24,24,23,23,25,26,25,23,22,23,24,24,23,23,21
-83,125,20,20,18,18,19,20,21,20,19,18,17,17,17,17,18,19,21,20,19,17,15,15,14,13,14,15,4,0,0,0,0,0,0,0,0,0,7,27,28,28,28,29,30,30,31,32,32,31,32,30,26,26,26,24,24,24,25,25,24,22,23,25,24
-82,125,20,19,19,22,22,19,19,21,25,28,26,24,25,25,26,28,30,28,28,27,26,25,25,26,26,24,5,0,0,0,0,0,0,0,0,0,4,18,18,17,18,18,19,19,20,20,17,17,19,17,15,14,17,20,17,15,15,14,13,12,14,16,15
-80,125,20,23,21,21,19,19,19,19,19,20,18,17,19,18,18,18,18,17,18,17,15,14,14,15,14,14,3,0,0,0,0,0,0,0,0,0,5,22,20,20,22,23,23,24,26,26,26,26,24,24,23,21,20,20,21,21,22,23,24,25,24,23,24
-82,125,20,21,19,17,18,19,18,18,19,23,22,22,21,20,19,19,20,20,19,19,18,18,18,20,18,16,4,0,0,0,0,0,0,0,0,0,5,22,23,25,25,25,25,26,26,25,25,26,27,27,24,22,21,22,23,23,21,21,20,20,21,20,22
-79,125,20,24,24,23,23,23,23,22,22,23,22,21,19,20,20,20,21,20,21,21,18,17,16,17,17,17,4,0,0,0,0,0,0,0,0,0,6,22,25,26,26,26,26,27,27,27,27,28,28,27,26,24,24,25,25,26,26,26,26,25,26,27,27
-80,125,20,20,20,20,20,19,18,17,22,25,19,14,15,15,15,15,15,15,14,13,12,12,11,11,10,9,2,0,0,0,0,0,0,0,0,0,5,22,22,23,24,24,24,26,25,24,25,27,26,25,22,22,22,21,22,22,21,21,20,19,20,21,23
-81,125,20,23,23,21,20,21,21,22,21,18,19,24,24,23,23,23,23,24,24,24,23,22,21,20,18,17,4,0,0,0,0,0,0,0,0,0,4,19,19,19,20,20,21,22,20,20,21,21,21,20,19,21,21,19,18,19,21,19,19,19,20,22,22
-80,125,20,24,23,24,24,24,25,25,27,27,24,21,20,20,21,21,23,22,20,19,19,19,19,17,16,16,4,0,0,0,0,0,0,0,0,0,5,18,19,19,20,19,19,20,20,22,23,22,22,22,22,21,22,22,23,21,21,24,25,23,21,22,23
-79,125,20,24,24,26,25,23,22,22,17,12,16,19,18,17,18,19,19,18,19,18,18,16,15,13,14,13,3,0,0,0,0,0,0,0,0,0,5,23,23,23,24,26,26,24,25,27,27,26,26,27,25,24,23,24,23,23,24,24,24,23,22,24,27
-80,125,20,21,20,21,22,22,21,22,17,14,18,21,20,19,19,19,20,19,18,16,16,15,14,16,15,14,4,0,0,0,0,0,0,0,0,0,7,26,27,28,27,27,27,27,27,27,27,28,27,25,24,25,25,24,23,22,21,21,21,21,22,23,24
-78,125,20,27,26,25,24,23,22,20,20,23,24,21,21,20,19,20,21,21,20,19,16,16,15,15,15,13,4,0,0,0,0,0,0,0,0,0,6,21,21,22,24,25,26,27,27,26,27,28,28,26,25,25,26,26,25,24,25,26,25,26,26,27,26
-83,125,20,22,22,23,25,25,25,25,29,35,31,25,26,28,31,33,32,31,31,31,30,29,30,29,26,25,6,0,0,0,0,0,0,0,0,0,6,22,20,21,22,22,21,20,20,19,18,19,18,16,15,17,17,18,17,14,15,17,18,18,19,21,22
-80,125,20,22,22,21,20,21,20,19,18,16,17,17,17,18,19,19,19,19,18,16,15,15,15,15,14,14,3,0,0,0,0,0,0,0,0,0,5,20,21,21,22,23,24,25,25,24,24,24,25,26,25,23,22,22,23,24,24,23,24,24,23,22,20
-84,125,20,19,21,23,23,23,23,24,21,24,26,24,24,26,27,29,29,27,26,25,25,24,25,27,27,27,7,0,0,0,0,0,0,0,0,0,5,19,20,21,22,21,21,21,21,21,22,22,23,21,19,19,22,22,20,19,18,17,17,19,19,18,18
-79,125,20,23,25,24,23,23,24,23,26,31,28,23,22,24,26,26,26,27,26,25,24,22,22,23,23,21,5,0,0,0,0,0,0,0,0,0,5,19,20,20,19,20,21,21,20,20,21,23,23,23,23,23,21,20,20,21,21,21,21,20,20,21,22
-81,125,20,23,23,23,23,24,25,22,21,21,23,24,23,21,21,23,24,23,22,21,20,18,18,18,17,16,4,0,0,0,0,0,0,0,0,0,6,22,22,22,23,23,21,22,22,24,25,26,26,25,23,21,21,23,22,20,20,21,22,22,21,23,24
-79,125,20,23,23,22,21,21,22,22,21,20,20,20,20,20,21,21,19,19,19,19,18,17,16,15,16,15,3,0,0,0,0,0,0,0,0,0,3,15,15,17,18,18,18,18,19,20,21,21,22,22,22,23,22,20,20,20,20,21,22,22,24,25,24
-80,125,20,24,25,26,26,25,23,21,19,15,19,24,24,24,24,23,22,23,24,24,24,23,21,21,20,19,5,0,0,0,0,0,0,0,0,0,4,18,18,19,20,20,21,22,23,22,23,24,24,23,22,21,22,22,21,21,23,22,22,23,25,25,25
-80,125,20,21,21,23,24,23,21,20,21,23,23,21,21,22,22,23,23,24,23,21,20,20,20,19,18,19,5,0,0,0,0,0,0,0,0,0,4,16,17,18,18,19,20,21,22,22,22,22,21,20,20,20,20,20,19,19,20,20,21,20,21,21,23
-82,125,20,21,22,22,20,19,19,17,13,15,17,19,19,20,18,18,20,19,17,18,18,18,16,16,16,16,4,0,0,0,0,0,0,0,0,0,6,25,26,27,27,29,29,28,27,27,28,28,27,26,26,23,23,23,21,20,20,19,21,22,24,23,21
-81,125,20,17,17,20,21,21,20,19,18,20,20,21,21,20,22,23,23,24,24,24,24,24,22,21,20,22,5,0,0,0,0,0,0,0,0,0,5,20,20,21,20,20,21,21,20,21,21,20,20,20,18,18,19,19,18,17,17,16,17,18,19,20,20
-78,125,20,26,25,25,24,22,22,22,19,15,17,21,20,19,19,19,19,19,19,18,17,14,13,13,13,12,3,0,0,0,0,0,0,0,0,0,5,22,23,23,23,22,24,25,25,26,27,28,27,25,24,24,25,24,23,24,25,25,24,24,24,25,25
-86,125,20,15,18,18,18,20,18,16,17,22,21,21,21,20,20,20,21,19,19,20,20,21,23,22,19,18,5,0,0,0,0,0,0,0,0,0,6,21,20,19,19,21,22,21,21,20,19,17,18,17,15,14,16,15,13,13,15,14,13,13,15,16,14
-79,125,20,23,23,23,22,22,21,18,16,15,17,18,17,18,19,18,17,17,16,16,15,15,14,13,13,12,3,0,0,0,0,0,0,0,0,0,4,19,20,23,25,25,24,25,25,25,26,27,27,25,24,25,25,25,23,22,22,23,23,22,22,23,23
-82,125,20,23,23,22,21,20,21,21,20,21,22,23,24,24,24,26,27,27,25,26,27,27,27,26,25,23,5,0,0,0,0,0,0,0,0,0,7,26,25,24,24,23,24,25,25,25,25,25,23,21,20,18,19,19,18,16,18,18,15,15,17,17,15
-81,125,20,24,22,22,21,22,21,18,22,28,23,17,15,14,15,15,16,15,15,16,15,15,14,13,12,12,3,0,0,0,0,0,0,0,0,0,6,24,24,26,29,29,28,28,29,30,31,30,28,28,28,26,26,25,24,24,23,23,26,28,27,25,24
-82,125,20,24,25,25,25,25,24,25,26,27,25,25,25,27,28,28,29,29,27,27,26,26,26,25,23,22,5,0,0,0,0,0,0,0,0,0,5,22,22,22,21,22,24,23,21,20,21,22,22,20,17,18,20,20,17,17,18,17,17,18,18,21,23
-80,125,20,25,27,25,25,25,25,24,20,19,23,26,26,25,25,26,26,25,26,25,23,24,24,21,19,19,5,0,0,0,0,0,0,0,0,0,4,13,14,15,16,17,16,18,18,18,19,21,20,19,20,21,21,21,20,21,21,20,23,22,20,23,27
-80,125,20,22,22,22,22,21,21,21,23,25,24,23,23,24,26,26,27,27,27,27,27,27,26,25,24,23,5,0,0,0,0,0,0,0,0,0,5,21,22,21,21,21,20,20,20,21,22,23,22,20,19,18,19,18,17,18,19,19,17,17,18,19,19
-83,125,20,21,21,19,18,18,19,20,20,20,19,21,23,23,22,25,26,26,27,26,24,23,23,23,23,23,5,0,0,0,0,0,0,0,0,0,3,16,16,17,19,20,19,18,18,18,17,17,17,17,17,17,16,15,15,16,15,16,17,17,16,18,21
-80,125,20,22,23,23,21,20,21,20,22,24,22,19,20,19,17,18,17,18,18,16,16,15,15,15,13,12,3,0,0,0,0,0,0,0,0,0,7,25,26,27,28,30,30,31,32,32,32,32,31,29,28,28,28,29,27,26,26,27,27,26,25,25,25
-80,125,20,17,16,15,15,17,17,17,16,18,18,18,18,19,19,19,18,19,20,20,21,20,21,21,21,21,5,0,0,0,0,0,0,0,0,0,5,24,25,26,26,25,24,24,25,23,23,25,24,22,21,21,20,18,17,18,18,17,17,16,16,17,17
-78,125,20,22,21,20,21,21,21,19,22,24,20,18,18,17,17,16,17,18,18,17,15,14,14,13,11,12,3,0,0,0,0,0,0,0,0,0,4,19,20,21,21,21,22,22,21,21,22,24,25,23,23,23,23,23,21,22,22,22,22,22,22,23,25
-83,125,20,18,18,17,16,17,20,19,21,25,23,19,19,20,21,21,22,22,22,22,24,24,25,25,23,22,6,0,0,0,0,0,0,0,0,0,7,26,25,26,26,25,25,26,25,23,22,22,23,21,16,16,17,16,15,16,18,19,18,17,18,20,19
-78,125,20,20,20,19,20,20,18,18,21,25,23,19,18,18,19,20,20,18,18,18,18,18,18,17,15,15,3,0,0,0,0,0,0,0,0,0,4,18,19,19,20,20,21,22,21,20,21,22,22,21,21,21,21,21,20,20,19,20,21,21,21,22,22
-80,125,20,22,22,23,24,24,24,23,24,26,23,19,20,22,23,23,24,23,24,23,23,22,22,21,20,20,5,0,0,0,0,0,0,0,0,0,3,18,19,19,19,20,20,20,20,21,23,24,23,23,23,21,20,22,21,21,21,21,22,23,23,23,25
-79,125,20,25,24,25,25,24,24,24,20,16,18,21,21,22,23,24,24,24,23,22,21,20,19,18,18,18,4,0,0,0,0,0,0,0,0,0,2,11,12,13,15,16,17,17,17,18,19,20,20,20,19,21,22,20,19,20,20,22,23,23,22,23,26
-83,125,20,17,20,20,15,13,16,19,14,11,16,20,19,22,22,21,22,24,25,23,22,21,21,21,20,19,4,0,0,0,0,0,0,0,0,0,5,23,24,24,24,23,23,23,25,25,24,24,23,22,22,21,18,17,18,19,19,18,16,14,14,16,18
-84,125,20,19,16,17,19,19,20,22,21,25,24,22,22,25,27,27,27,29,29,28,29,28,27,27,26,24,6,0,0,0,0,0,0,0,0,0,4,19,20,20,19,20,20,17,17,18,18,18,18,18,17,16,16,16,17,17,16,15,15,16,16,16,16
-82,125,20,24,23,21,21,22,24,21,27,34,29,23,24,23,23,25,24,24,26,25,24,23,23,23,21,20,5,0,0,0,0,0,0,0,0,0,5,21,21,23,23,22,22,22,20,20,22,21,21,21,19,19,19,19,19,18,18,20,19,20,19,20,22
-82,125,20,20,18,17,17,19,19,19,22,25,23,21,20,20,20,20,20,20,20,20,20,19,19,20,18,16,3,0,0,0,0,0,0,0,0,0,5,20,21,23,25,25,24,25,26,24,24,25,25,25,24,23,22,20,21,23,23,19,19,19,21,21,21
-79,125,20,29,28,27,26,25,25,26,29,32,29,26,26,28,29,29,29,28,26,26,25,25,25,23,21,21,5,0,0,0,0,0,0,0,0,0,2,10,11,13,15,16,15,16,18,19,19,20,20,20,20,20,21,22,20,20,21,22,23,24,25,26,23
-79,125,20,27,27,29,28,27,26,25,24,22,24,27,26,25,25,25,25,24,24,25,25,23,22,20,19,19,5,0,0,0,0,0,0,0,0,0,2,10,11,12,14,15,18,18,19,19,20,21,23,24,22,23,23,23,22,22,22,24,27,27,27,26,26
-80,125,20,23,24,21,20,21,20,21,20,17,17,19,19,21,23,24,23,22,23,23,22,21,20,19,18,18,4,0,0,0,0,0,0,0,0,0,5,22,22,24,24,24,24,25,23,24,24,26,27,26,26,26,24,24,23,23,24,24,24,24,23,22,21
-80,125,20,22,24,25,23,22,23,24,20,19,24,27,26,25,25,25,26,27,26,25,25,24,22,22,22,22,5,0,0,0,0,0,0,0,0,0,3,15,16,16,16,17,17,18,18,18,18,17,18,17,16,17,17,18,17,17,18,20,19,18,20,20,19
-84,125,20,17,14,12,15,18,16,15,17,22,20,18,17,17,20,20,20,21,21,20,19,20,21,22,21,19,5,0,0,0,0,0,0,0,0,0,9,35,35,33,33,31,31,33,32,29,28,29,30,28,25,24,22,23,22,20,20,20,21,21,18,18,18
-82,125,20,26,28,27,24,23,23,24,21,21,22,22,22,23,24,25,25,25,25,23,23,23,21,20,21,22,5,0,0,0,0,0,0,0,0,0,6,21,21,21,23,23,24,23,22,22,24,25,24,24,24,22,21,20,22,23,22,21,20,22,22,23,25
-81,125,20,21,22,21,19,17,17,18,17,18,17,16,18,18,16,15,15,17,17,16,15,15,14,15,15,16,4,0,0,0,0,0,0,0,0,0,6,25,27,29,30,30,28,28,28,29,28,30,30,27,25,26,28,27,25,25,23,22,22,22,23,24,25
-80,125,20,22,22,21,21,21,21,19,19,22,20,17,17,18,18,17,17,19,17,15,15,15,14,14,15,14,3,0,0,0,0,0,0,0,0,0,5,23,23,24,24,27,27,27,27,28,27,28,28,27,26,25,25,24,23,24,25,25,24,24,26,27,27
-83,125,20,23,26,24,23,22,21,24,24,25,27,29,28,27,28,27,26,27,28,27,27,25,24,24,25,25,6,0,0,0,0,0,0,0,0,0,5,21,20,21,21,19,21,22,22,21,20,21,22,20,18,18,18,18,19,20,21,22,20,18,19,19,20
-82,125,20,15,14,14,15,17,17,19,17,15,15,17,19,20,18,18,20,21,21,20,18,18,18,19,20,20,6,0,0,0,0,0,0,0,0,0,6,22,22,22,23,24,24,25,26,23,22,23,22,21,21,20,21,19,18,20,20,17,16,18,22,22,20
-82,125,20,22,22,20,18,15,14,15,13,12,15,16,15,14,15,17,17,15,15,15,16,14,13,14,14,13,2,0,0,0,0,0,0,0,0,0,4,21,23,24,25,26,27,26,26,25,24,24,24,23,22,22,22,21,21,19,20,22,20,19,19,19,20
-81,125,20,22,22,22,23,22,20,21,21,19,18,18,20,21,20,20,21,22,21,20,20,20,20,19,18,18,5,0,0,0,0,0,0,0,0,0,6,24,24,25,26,25,25,27,27,27,28,29,28,27,26,25,25,24,24,24,24,23,23,23,24,25,25
-83,125,20,19,19,19,23,24,23,23,24,25,23,24,24,24,25,25,25,26,25,25,24,23,23,23,22,21,5,0,0,0,0,0,0,0,0,0,5,18,17,17,19,20,20,21,20,19,20,19,18,17,17,17,17,17,15,15,18,18,17,17,18,21,22
-82,125,20,20,18,18,20,20,19,20,20,18,20,23,23,23,25,24,24,26,26,26,25,24,24,23,22,22,5,0,0,0,0,0,0,0,0,0,5,22,22,22,23,24,23,22,22,21,19,18,20,22,21,22,22,21,19,17,18,19,19,19,19,20,21
-79,125,20,23,21,21,20,19,19,20,19,19,17,15,16,17,17,16,16,15,14,15,13,12,12,12,11,10,3,0,0,0,0,0,0,0,0,0,5,22,22,23,22,23,25,26,26,27,28,28,27,26,24,24,24,23,22,23,23,22,21,22,25,24,22
-82,125,20,22,24,22,20,21,22,24,21,17,23,27,26,26,27,27,28,29,29,27,25,25,25,25,25,25,6,0,0,0,0,0,0,0,0,0,5,19,19,18,18,18,18,16,14,15,16,17,17,17,16,17,17,17,15,16,15,15,17,17,18,19,20
-83,125,20,13,12,10,10,10,11,10,13,19,13,9,8,9,10,10,13,14,16,14,13,14,15,15,14,13,4,0,0,0,0,0,0,0,0,0,7,27,29,31,31,29,30,31,31,30,30,31,29,28,28,27,25,24,22,22,22,21,21,19,18,18,18
-80,125,20,24,23,22,21,22,22,21,26,31,29,25,24,24,24,26,25,24,25,23,22,21,20,19,19,19,5,0,0,0,0,0,0,0,0,0,4,15,16,17,18,18,18,18,18,20,20,20,21,21,21,20,21,21,20,20,20,20,21,21,22,24,24
-82,125,20,20,20,20,20,19,19,20,17,14,17,21,21,19,22,26,26,24,23,24,24,22,22,24,24,23,6,0,0,0,0,0,0,0,0,0,6,24,24,25,26,26,25,24,24,24,25,25,23,21,21,22,22,22,20,19,18,17,18,20,19,20,23
-77,125,20,27,28,27,27,28,26,25,28,32,29,25,26,27,27,27,27,26,25,25,24,23,22,21,21,21,6,0,0,0,0,0,0,0,0,0,2,10,11,11,12,13,14,15,17,17,18,20,21,21,21,21,22,22,22,23,24,24,24,24,26,27,25
-82,125,20,21,19,17,17,19,20,19,21,23,19,17,18,20,21,21,21,19,18,18,17,17,17,17,17,18,4,0,0,0,0,0,0,0,0,0,5,21,21,23,23,25,25,25,23,25,25,24,22,22,20,20,21,21,19,18,22,22,20,20,21,21,20
-81,125,20,26,26,24,23,22,22,22,18,16,20,22,22,22,23,23,22,22,21,20,20,19,17,15,15,16,3,0,0,0,0,0,0,0,0,0,3,12,13,14,16,17,18,19,19,19,20,21,21,21,21,23,22,21,21,21,22,21,22,23,22,22,23
-77,125,20,21,20,20,18,18,17,17,17,19,17,16,17,16,16,16,17,16,15,13,13,13,12,12,13,13,3,0,0,0,0,0,0,0,0,0,4,21,22,22,23,24,25,25,25,25,22,23,25,25,25,23,23,22,20,20,21,20,21,22,23,23,23
-84,125,20,16,17,16,17,20,22,21,27,32,27,22,22,22,23,25,24,24,24,25,26,25,24,21,22,24,6,0,0,0,0,0,0,0,0,0,6,22,22,23,22,21,19,18,19,20,20,20,22,22,19,20,20,17,16,17,16,18,17,14,13,16,20
-81,125,20,21,22,22,21,20,20,21,23,26,24,20,19,19,20,19,20,19,19,18,17,16,15,14,14,15,4,0,0,0,0,0,0,0,0,0,6,23,23,24,25,26,27,27,25,24,24,25,25,23,23,23,23,23,21,19,18,20,21,21,19,20,22
-85,125,20,14,12,11,10,12,9,8,7,8,8,8,8,8,9,10,12,13,11,11,12,12,13,14,14,14,3,0,0,0,0,0,0,0,0,0,8,33,31,30,32,34,33,31,32,32,30,28,28,27,26,22,20,19,19,18,17,17,18,18,16,13,11
-83,125,20,16,15,14,13,14,15,15,10,9,16,21,20,21,22,22,22,23,23,24,23,22,21,21,22,21,5,0,0,0,0,0,0,0,0,0,7,24,24,24,23,23,23,25,24,24,22,21,21,19,17,18,18,18,18,16,15,13,13,13,13,14,17
-83,125,20,20,18,18,18,17,17,17,20,23,19,15,14,15,16,17,16,15,13,13,13,13,13,12,12,11,3,0,0,0,0,0,0,0,0,0,5,22,24,26,26,26,27,27,26,25,25,26,25,23,22,24,25,22,20,20,23,21,20,21,23,22,20
-79,125,20,26,26,24,23,23,24,25,27,30,26,21,20,20,21,21,21,22,21,21,20,18,18,17,15,16,4,0,0,0,0,0,0,0,0,0,5,19,20,20,20,22,23,24,25,25,26,26,26,26,25,22,23,25,25,26,26,25,25,24,24,25,24
-79,125,20,25,24,24,24,24,24,22,26,29,26,24,22,21,23,24,24,23,21,20,19,18,18,19,18,16,4,0,0,0,0,0,0,0,0,0,5,20,21,22,23,23,23,24,24,25,26,28,27,26,24,24,24,23,23,24,24,22,25,25,25,27,27
-79,125,20,27,26,28,27,24,22,23,22,21,21,22,22,22,22,23,24,23,21,20,20,20,18,17,17,16,5,0,0,0,0,0,0,0,0,0,5,18,19,21,23,23,24,25,25,24,26,27,27,27,25,25,26,26,26,27,26,26,26,26,27,26,25
-79,125,20,24,22,22,21,21,21,20,22,24,21,18,17,16,17,18,18,17,15,15,14,14,13,13,12,10,3,0,0,0,0,0,0,0,0,0,6,23,24,24,24,25,26,26,25,25,26,27,26,26,26,26,26,27,26,26,26,25,26,26,26,26,24
-84,125,20,21,21,19,17,18,20,21,19,19,16,17,20,22,21,20,18,19,20,22,22,20,20,20,20,20,5,0,0,0,0,0,0,0,0,0,6,24,24,24,24,23,23,23,23,23,23,24,23,24,23,21,21,21,18,17,17,19,18,18,20,22,20
-78,125,20,25,24,23,23,24,25,25,22,19,21,23,23,24,25,25,24,24,23,23,22,22,22,22,20,20,5,0,0,0,0,0,0,0,0,0,1,4,5,6,8,9,10,12,12,12,14,16,15,15,16,17,17,18,19,19,19,20,22,21,22,24,25
-82,125,20,21,19,18,17,18,17,17,19,23,20,17,17,17,16,15,15,15,14,14,15,15,14,13,13,13,3,0,0,0,0,0,0,0,0,0,6,23,23,24,25,25,25,25,25,26,27,26,25,23,23,25,26,25,23,22,21,21,21,21,21,21,21
-83,125,20,17,16,17,18,17,14,13,11,9,16,21,20,20,19,20,22,23,21,18,19,22,22,21,20,20,5,0,0,0,0,0,0,0,0,0,7,29,30,31,31,30,30,29,28,28,29,29,28,27,26,24,22,23,22,20,17,17,18,16,16,17,16
-80,125,20,27,25,25,25,26,24,22,24,24,23,23,25,25,25,25,24,23,23,23,21,22,22,20,19,19,5,0,0,0,0,0,0,0,0,0,6,22,22,22,23,24,24,24,25,25,26,28,27,25,24,25,23,23,23,23,24,25,25,23,24,26,25
-82,125,20,20,19,19,19,20,21,19,15,13,19,22,21,21,23,24,22,22,24,23,21,20,20,22,20,21,5,0,0,0,0,0,0,0,0,0,5,21,21,21,23,23,22,22,22,22,23,24,25,23,21,21,20,19,19,19,18,18,19,19,19,21,20
-80,125,20,24,23,23,23,23,22,21,21,23,23,21,20,22,22,21,21,21,20,18,17,17,17,15,14,14,3,0,0,0,0,0,0,0,0,0,4,20,22,23,24,25,26,28,29,28,28,29,29,28,26,24,24,26,27,26,24,23,23,24,24,23,23
-80,125,20,24,23,22,19,20,21,22,20,21,21,21,21,21,21,23,23,22,21,19,19,19,20,19,18,17,4,0,0,0,0,0,0,0,0,0,6,21,21,23,24,23,23,24,24,24,25,26,23,23,23,22,22,22,21,21,19,20,21,24,25,24,23
-80,125,20,26,25,22,23,24,23,22,26,29,27,23,22,23,23,24,25,25,24,22,21,19,17,19,20,19,4,0,0,0,0,0,0,0,0,0,3,15,16,16,17,18,17,16,17,18,20,19,19,20,19,18,19,19,18,18,19,19,20,21,22,23,24
-82,125,20,23,22,23,23,21,22,23,21,17,19,24,26,25,24,24,24,26,26,25,25,24,24,23,22,21,5,0,0,0,0,0,0,0,0,0,4,14,12,14,15,14,15,16,16,16,16,16,15,15,17,18,17,18,18,19,21,20,18,18,19,19,18
-79,125,20,23,24,24,22,20,20,23,25,26,21,18,19,20,20,20,20,20,19,17,17,17,17,16,14,13,3,0,0,0,0,0,0,0,0,0,4,20,21,22,24,22,23,24,25,23,23,25,24,23,22,22,23,22,21,21,19,19,19,21,22,22,23
-78,125,20,28,27,26,27,27,26,25,24,23,24,26,26,26,26,24,24,26,26,26,25,23,22,22,21,20,5,0,0,0,0,0,0,0,0,0,3,11,11,13,13,15,16,17,18,19,19,20,21,21,21,21,21,21,21,21,21,23,25,26,25,24,25
-80,125,20,21,22,22,19,18,20,20,21,22,21,19,19,19,20,22,23,24,23,22,20,18,18,17,15,15,3,0,0,0,0,0,0,0,0,0,3,18,18,19,20,20,21,20,19,20,21,22,22,21,19,17,16,16,15,16,15,15,17,18,19,19,20
-82,125,20,19,19,16,17,19,17,15,13,12,15,15,13,14,14,15,16,14,12,11,11,11,12,13,12,12,3,0,0,0,0,0,0,0,0,0,5,22,21,22,24,24,25,26,26,25,24,25,24,24,25,24,22,21,20,19,19,20,20,21,24,24,22
-84,125,20,14,17,16,14,14,13,13,16,21,20,19,20,19,20,23,25,25,25,23,23,23,23,22,21,22,6,0,0,0,0,0,0,0,0,0,6,25,27,29,29,26,25,26,27,27,26,26,24,25,23,20,18,17,16,17,18,16,13,13,16,15,13
-82,125,20,23,19,19,19,17,18,18,22,28,23,17,16,15,17,17,16,15,15,14,13,12,11,12,12,12,3,0,0,0,0,0,0,0,0,0,6,23,25,26,25,25,26,27,27,28,30,30,28,27,25,25,28,29,26,23,23,23,25,25,25,26,26
-81,125,20,25,24,22,21,21,21,21,21,24,22,20,19,18,19,21,20,19,20,19,20,19,17,15,15,15,4,0,0,0,0,0,0,0,0,0,7,29,29,29,29,27,28,29,30,32,32,31,31,30,28,27,28,29,29,27,25,26,27,26,27,29,28
-83,125,20,23,23,22,21,23,25,23,25,31,28,23,22,21,21,23,26,25,25,26,25,24,24,23,24,24,6,0,0,0,0,0,0,0,0,0,6,25,25,24,23,25,28,26,24,23,24,25,26,25,24,21,21,20,22,21,19,18,20,22,21,20,21
-79,125,20,27,26,26,25,24,24,24,25,25,24,24,24,24,25,25,25,25,23,22,21,20,20,19,17,17,5,0,0,0,0,0,0,0,0,0,3,12,13,15,14,15,15,17,18,19,21,22,23,22,21,21,23,23,22,22,23,24,24,24,24,25,27
-81,125,20,24,22,21,23,25,23,20,18,16,19,24,21,21,22,24,25,25,24,24,22,22,22,24,22,19,5,0,0,0,0,0,0,0,0,0,5,18,18,20,20,19,21,21,20,22,23,23,22,22,21,20,22,24,23,21,23,23,21,22,23,23,27
-83,125,20,6,7,7,8,10,11,13,11,8,10,18,19,19,20,22,24,25,26,27,29,28,26,26,26,28,8,0,0,0,0,0,0,0,0,0,9,33,34,34,35,35,34,32,32,29,28,29,31,28,24,23,21,17,14,16,18,16,12,9,9,10,8
-80,125,20,21,21,22,24,22,21,22,24,27,24,20,20,20,20,21,21,21,18,17,17,18,18,18,17,15,3,0,0,0,0,0,0,0,0,0,6,25,24,25,25,26,27,28,30,30,30,31,30,28,26,24,24,23,22,23,24,24,24,24,24,24,25
-79,125,20,25,24,23,25,25,22,19,17,17,19,20,21,21,21,19,17,17,15,14,13,14,14,13,12,13,3,0,0,0,0,0,0,0,0,0,6,24,25,26,26,27,29,29,29,29,30,32,31,29,28,27,28,28,27,27,29,29,27,27,29,28,27
-80,125,20,21,21,21,21,20,21,21,26,29,24,20,21,22,21,20,21,22,22,21,19,19,20,18,17,17,4,0,0,0,0,0,0,0,0,0,5,24,25,27,27,26,28,27,26,24,26,27,26,24,22,23,24,22,21,21,20,20,20,20,20,19,19
-78,125,20,29,29,26,25,26,26,26,23,21,23,24,24,25,25,26,25,25,23,23,22,21,21,20,19,18,4,0,0,0,0,0,0,0,0,0,3,12,12,12,13,13,15,17,18,17,18,19,20,22,21,20,20,21,22,23,23,25,25,24,26,28,29
-83,125,20,21,25,25,23,23,24,25,27,33,32,28,26,26,27,29,31,32,33,29,26,26,27,24,23,24,6,0,0,0,0,0,0,0,0,0,4,19,21,21,19,19,20,19,19,20,18,17,19,18,17,18,20,20,18,17,18,17,15,14,16,20,23
-81,125,20,23,20,19,20,21,19,19,24,28,23,19,20,21,21,21,21,22,21,19,19,18,17,15,15,15,2,0,0,0,0,0,0,0,0,0,3,13,14,15,18,17,16,18,19,20,20,20,21,20,21,21,20,19,19,18,19,18,18,18,20,24,25
-79,125,20,26,24,24,23,24,22,22,23,25,23,20,19,18,17,18,18,17,16,16,15,14,13,13,12,11,2,0,0,0,0,0,0,0,0,0,5,23,23,24,24,26,27,28,28,28,28,30,30,29,28,27,27,27,25,25,25,25,25,26,27,27,27
-82,125,20,23,23,22,22,22,23,24,27,28,27,27,28,28,27,31,32,29,27,28,27,26,27,26,25,24,6,0,0,0,0,0,0,0,0,0,5,20,20,20,21,21,19,19,21,20,20,21,21,19,18,17,16,17,19,20,19,18,17,18,19,22,25
-80,125,20,22,23,22,20,19,20,20,24,26,22,18,19,18,18,17,16,18,18,17,17,16,16,14,13,13,3,0,0,0,0,0,0,0,0,0,6,22,21,24,26,25,25,26,26,25,26,28,28,26,24,25,25,24,24,23,21,21,21,21,23,24,24
-81,125,20,21,20,20,21,21,19,18,17,16,18,21,20,18,18,20,20,19,18,18,19,18,18,18,19,17,4,0,0,0,0,0,0,0,0,0,5,26,26,27,27,26,26,25,25,26,26,27,25,23,22,21,21,21,21,20,18,17,18,19,21,21,21
-83,125,20,22,22,21,21,22,22,22,15,12,18,24,22,22,23,23,24,23,22,22,22,22,22,21,20,20,5,0,0,0,0,0,0,0,0,0,6,24,26,26,27,27,27,27,27,27,28,27,24,22,22,23,24,22,21,19,19,21,22,22,22,22,22
-83,125,20,25,23,22,24,24,23,21,26,31,29,25,28,31,31,30,30,30,30,29,28,28,27,26,25,24,6,0,0,0,0,0,0,0,0,0,5,20,20,20,18,19,20,20,19,18,16,17,18,17,17,21,22,18,16,19,19,19,21,21,21,19,16
-83,125,20,22,22,21,22,21,20,21,19,18,20,23,23,23,23,25,27,27,27,28,27,23,22,22,23,22,6,0,0,0,0,0,0,0,0,0,5,19,20,20,19,18,19,20,20,19,19,19,19,18,18,17,17,17,16,14,13,15,17,17,18,19,23
-79,125,20,24,24,24,23,23,22,23,26,28,24,21,20,21,22,23,23,22,21,24,23,20,19,17,18,18,5,0,0,0,0,0,0,0,0,0,5,20,20,20,21,22,23,23,21,22,23,25,25,22,21,21,22,22,20,21,22,22,22,23,24,22,23
-79,125,20,25,23,21,21,22,21,19,14,14,16,17,16,17,17,18,18,18,18,16,14,13,13,13,11,11,3,0,0,0,0,0,0,0,0,0,5,21,22,24,24,25,26,25,24,25,25,26,26,26,26,25,25,25,25,23,22,21,21,21,23,23,23
-81,125,20,23,23,22,21,21,24,23,20,17,22,26,26,28,28,28,28,28,28,27,26,25,24,23,23,23,6,0,0,0,0,0,0,0,0,0,5,18,19,19,20,20,21,21,21,22,21,20,20,20,18,19,22,21,18,18,19,18,20,20,20,21,22
-82,125,20,23,23,22,21,23,24,22,17,14,18,25,26,26,26,28,27,27,27,26,27,26,25,23,23,23,6,0,0,0,0,0,0,0,0,0,5,21,23,24,24,24,25,24,23,22,21,21,21,20,20,20,20,20,18,19,22,20,18,17,21,23,21
-83,125,20,16,16,16,17,19,20,19,17,18,19,19,19,21,24,24,22,22,23,23,21,22,22,21,21,21,5,0,0,0,0,0,0,0,0,0,4,19,19,21,22,22,22,20,20,21,21,19,17,16,16,15,15,16,14,15,16,16,17,17,18,18,16
-79,125,20,26,24,23,24,24,23,23,25,28,26,23,22,22,22,21,22,22,21,20,19,18,18,17,15,14,4,0,0,0,0,0,0,0,0,0,5,19,20,20,20,21,23,23,23,23,24,25,27,26,23,23,24,25,23,22,23,24,23,23,24,24,24
-83,125,20,24,22,21,21,23,22,22,26,30,28,24,24,24,24,25,26,25,25,25,24,24,23,23,21,22,6,0,0,0,0,0,0,0,0,0,5,19,20,20,19,20,21,20,18,18,19,19,19,19,19,18,18,18,17,18,19,18,17,19,21,20,21
-80,125,20,23,23,23,24,24,24,21,24,29,26,23,22,22,25,25,24,25,25,22,21,21,20,21,20,18,5,0,0,0,0,0,0,0,0,0,4,16,17,17,18,19,19,20,20,18,18,19,19,19,18,19,21,20,19,20,21,21,21,20,20,22,25
-81,125,20,23,22,21,21,22,22,22,16,12,18,25,26,25,24,27,28,27,27,26,26,25,22,21,21,22,5,0,0,0,0,0,0,0,0,0,3,19,21,22,22,20,21,23,22,21,21,21,22,21,19,20,23,24,22,20,19,20,21,22,22,22,19
-81,125,20,20,18,17,18,17,17,16,22,27,21,17,18,19,20,21,20,21,21,21,18,18,19,20,19,20,5,0,0,0,0,0,0,0,0,0,6,23,23,23,23,23,25,25,25,25,25,23,22,22,21,21,22,22,21,19,17,19,19,18,16,17,19
-82,125,20,23,23,22,22,23,23,22,20,19,24,26,24,24,27,28,28,28,28,27,27,28,27,25,24,24,5,0,0,0,0,0,0,0,0,0,4,17,17,17,18,17,17,17,18,19,21,22,20,19,18,18,18,16,15,18,19,19,21,19,17,19,21
-83,125,20,20,19,17,17,18,19,19,13,8,13,19,19,19,18,18,19,19,18,18,18,17,15,15,16,16,4,0,0,0,0,0,0,0,0,0,8,29,30,31,32,32,31,31,32,31,30,30,28,26,24,23,23,20,18,20,21,19,17,19,19,17,17
-78,125,20,23,24,23,22,21,20,20,21,24,22,21,20,19,19,19,19,19,18,17,17,16,16,15,13,12,2,0,0,0,0,0,0,0,0,0,4,18,18,19,19,20,21,21,20,20,21,21,22,23,22,19,21,21,21,21,21,20,19,20,22,23,24
-80,125,20,19,18,19,19,19,21,20,15,12,16,18,19,21,22,23,22,22,21,22,22,21,21,21,20,19,5,0,0,0,0,0,0,0,0,0,5,22,21,21,23,22,23,23,23,25,26,26,24,23,23,22,21,19,18,20,20,19,18,20,22,23,20
-81,125,20,20,19,19,19,17,19,20,14,9,11,14,15,18,17,16,17,17,15,13,13,13,14,14,13,12,3,0,0,0,0,0,0,0,0,0,6,22,22,22,22,24,26,27,26,26,27,28,27,26,25,26,25,23,21,21,21,23,21,18,19,22,25
-85,125,20,15,14,14,14,12,13,14,15,16,13,12,13,12,12,13,14,13,11,11,13,13,13,12,13,13,3,0,0,0,0,0,0,0,0,0,6,26,28,30,27,27,29,30,29,29,28,27,27,26,25,23,22,22,20,18,19,20,19,18,19,18,20
-81,125,20,21,20,18,18,19,19,20,17,15,17,19,21,24,25,25,25,24,23,23,24,23,21,20,20,20,4,0,0,0,0,0,0,0,0,0,4,20,21,22,21,20,20,20,20,19,19,21,23,22,21,21,22,21,20,19,19,18,18,18,19,20,20
-82,125,20,19,19,21,20,18,17,17,19,22,20,18,18,18,17,17,19,18,19,19,17,18,18,17,15,17,4,0,0,0,0,0,0,0,0,0,7,26,26,27,27,25,25,24,25,27,29,27,26,25,24,24,24,23,21,19,19,19,19,20,20,19,19
-82,125,20,21,20,22,22,21,21,21,25,29,27,24,22,23,25,26,25,23,22,25,25,23,21,21,22,23,5,0,0,0,0,0,0,0,0,0,3,16,17,17,19,21,19,18,19,20,21,22,22,19,18,18,19,20,20,19,19,19,18,18,19,21,21
-77,125,20,26,24,23,23,21,21,21,22,23,21,19,18,17,18,17,18,18,17,17,16,16,15,14,13,12,3,0,0,0,0,0,0,0,0,0,7,26,26,27,26,26,27,28,27,27,28,30,30,29,28,27,27,27,26,25,25,25,26,27,27,28,27
-83,125,20,16,17,17,16,16,17,19,25,30,25,21,22,23,25,29,28,25,25,25,25,25,25,25,23,20,5,0,0,0,0,0,0,0,0,0,3,17,16,17,18,17,18,19,18,17,17,17,17,16,15,15,16,15,14,14,15,16,16,16,15,15,18
-82,125,20,23,23,23,23,23,21,20,24,29,27,23,21,21,21,22,22,23,24,23,22,21,19,20,19,20,5,0,0,0,0,0,0,0,0,0,5,23,23,23,23,24,23,23,23,23,23,24,22,21,22,21,19,19,20,21,19,18,18,19,20,20,20
-81,125,20,22,23,22,22,22,21,21,20,18,19,21,21,21,22,23,24,22,22,23,23,23,21,21,21,21,5,0,0,0,0,0,0,0,0,0,6,23,23,23,22,22,23,24,25,27,29,29,28,26,25,24,25,26,25,25,23,22,21,21,23,24,23
-82,125,20,22,22,21,19,19,20,21,19,18,19,21,24,25,24,22,23,24,24,21,22,22,23,23,21,21,5,0,0,0,0,0,0,0,0,0,5,20,19,19,19,20,21,22,21,20,19,20,21,21,19,18,19,19,18,18,18,19,20,19,19,21,24
-81,125,20,19,20,18,16,16,19,20,23,25,24,21,19,18,18,19,21,21,20,18,19,19,17,17,16,15,3,0,0,0,0,0,0,0,0,0,5,25,26,26,25,25,26,27,28,28,28,29,28,26,24,22,22,22,22,22,21,20,20,21,22,21,19
-83,125,20,24,23,20,18,19,18,18,20,24,23,23,22,22,22,22,22,24,24,22,23,24,23,21,21,24,6,0,0,0,0,0,0,0,0,0,7,26,29,31,31,29,29,29,29,29,28,29,29,24,20,22,24,22,21,21,21,21,21,23,22,21,21
-80,125,20,27,27,27,26,26,26,28,26,24,26,25,23,24,26,26,25,26,27,26,24,22,20,19,19,20,5,0,0,0,0,0,0,0,0,0,3,13,15,15,17,18,19,20,22,21,21,22,23,23,23,24,23,22,23,23,24,24,24,23,23,25,26
-84,125,20,21,22,20,19,20,22,21,15,12,15,21,21,24,26,25,26,27,27,24,23,23,25,24,22,22,5,0,0,0,0,0,0,0,0,0,4,18,18,19,19,21,22,21,19,19,20,20,20,22,22,20,18,16,14,14,15,17,17,17,19,20,21
-83,125,20,21,23,23,21,22,23,23,18,15,20,23,22,22,24,26,27,26,25,24,24,24,23,22,21,21,6,0,0,0,0,0,0,0,0,0,5,18,17,17,18,18,18,17,17,17,17,18,18,17,17,17,17,16,15,14,16,17,17,17,20,21,21
-84,125,20,21,20,18,17,18,17,15,13,13,16,18,16,16,21,25,22,21,21,23,24,22,22,21,22,24,6,0,0,0,0,0,0,0,0,0,7,27,27,29,29,28,29,29,27,26,25,25,27,26,24,22,22,21,20,19,16,16,16,16,16,16,19
-79,125,20,25,24,23,23,22,21,20,19,20,19,16,16,17,16,17,17,16,15,15,14,14,13,12,11,11,3,0,0,0,0,0,0,0,0,0,6,23,22,23,24,24,25,25,27,28,29,29,29,29,27,26,26,25,25,25,25,25,25,26,26,26,26
-79,125,20,30,28,27,27,26,26,26,28,31,29,26,26,27,27,26,27,27,27,26,25,23,21,19,20,19,5,0,0,0,0,0,0,0,0,0,3,13,14,16,18,20,20,20,22,23,25,26,26,26,26,25,25,24,24,24,25,26,26,27,28,28,28
-78,125,20,26,25,24,26,26,26,26,25,24,26,25,25,25,25,27,27,27,26,26,26,25,24,23,23,22,5,0,0,0,0,0,0,0,0,0,1,8,9,9,10,12,13,14,14,14,17,19,21,22,21,21,21,21,20,21,21,22,23,24,26,27,29
-81,125,20,20,18,19,20,19,19,19,16,14,17,20,19,20,21,21,21,21,22,23,22,21,20,19,18,19,4,0,0,0,0,0,0,0,0,0,5,21,24,24,23,25,26,25,24,23,25,25,23,22,22,21,21,21,20,18,19,18,17,20,21,21,19
-81,125,20,24,24,25,25,23,21,18,13,11,17,21,22,22,22,21,21,21,22,21,19,19,20,20,20,19,5,0,0,0,0,0,0,0,0,0,6,24,24,26,27,28,28,28,28,28,29,27,26,27,28,27,25,24,23,23,24,23,23,23,22,24,27
-80,125,20,24,23,22,21,22,22,20,22,25,21,18,17,17,17,18,19,19,17,17,18,18,18,17,17,17,4,0,0,0,0,0,0,0,0,0,6,25,25,25,26,28,30,29,28,28,27,27,27,29,27,26,25,23,22,22,21,21,22,25,26,25,23
-83,125,20,16,15,16,16,14,14,13,14,15,14,14,14,14,15,15,14,12,12,12,13,13,12,12,12,14,3,0,0,0,0,0,0,0,0,0,6,25,25,25,25,25,25,25,26,25,23,23,22,21,22,22,21,20,18,17,19,20,20,18,15,15,18
-83,125,20,16,16,15,15,18,19,18,22,25,20,17,18,19,21,20,18,20,22,22,21,21,22,23,22,21,5,0,0,0,0,0,0,0,0,0,8,31,31,31,30,29,30,28,26,27,28,29,27,26,26,24,22,22,23,21,19,18,19,21,23,21,18
-80,125,20,23,21,21,23,25,26,27,27,29,28,26,26,28,29,29,29,30,29,27,27,28,27,26,25,24,5,0,0,0,0,0,0,0,0,0,3,13,14,14,14,14,14,13,13,15,17,16,16,15,15,15,16,16,17,19,18,18,19,20,21,22,24
-77,125,20,28,28,28,27,27,26,26,24,22,25,28,27,27,28,28,28,27,26,25,25,24,23,23,21,21,6,0,0,0,0,0,0,0,0,0,2,8,10,11,11,12,13,14,14,16,18,19,19,20,20,21,22,22,21,22,22,22,23,25,26,26,27
-86,125,20,13,12,11,11,11,10,10,11,14,7,9,11,9,8,11,13,13,12,13,13,12,12,13,14,15,4,0,0,0,0,0,0,0,0,0,6,26,28,29,28,29,29,28,27,27,27,27,28,28,26,24,22,21,21,19,18,18,19,19,18,17,17
-82,125,20,15,17,17,14,14,17,16,18,23,19,13,14,17,17,15,15,16,17,17,16,15,16,16,14,15,3,0,0,0,0,0,0,0,0,0,5,22,21,22,23,23,24,24,23,23,24,24,23,22,20,19,17,18,19,19,17,17,17,18,17,19,21
-83,125,20,20,21,21,21,22,22,23,27,31,29,26,27,30,30,29,30,30,28,28,29,28,28,26,26,26,6,0,0,0,0,0,0,0,0,0,4,15,14,16,17,16,14,15,17,16,16,15,15,15,15,15,15,15,15,15,18,19,16,15,17,19,19
-79,125,20,23,22,24,24,24,24,24,26,27,25,25,24,23,24,26,26,26,26,25,24,24,24,24,24,21,5,0,0,0,0,0,0,0,0,0,5,19,21,22,21,22,24,25,24,26,26,26,26,25,23,23,23,23,23,22,22,23,22,21,22,25,26
-81,125,20,22,22,22,21,21,21,21,20,21,20,21,20,19,21,21,21,23,23,23,22,21,21,19,18,19,5,0,0,0,0,0,0,0,0,0,6,24,24,25,25,25,25,26,24,25,26,26,26,25,25,25,24,21,22,22,22,21,21,22,22,23,24
-79,125,20,25,23,21,21,22,23,23,26,30,27,23,23,24,25,25,25,24,23,23,24,23,21,19,19,18,5,0,0,0,0,0,0,0,0,0,4,16,17,18,18,20,21,21,21,22,24,24,24,22,22,23,23,22,23,24,25,25,26,24,25,25,23
-81,125,20,24,22,21,21,20,20,18,18,21,21,20,20,20,21,21,20,19,19,19,19,20,19,18,17,18,5,0,0,0,0,0,0,0,0,0,6,22,24,26,27,28,28,28,26,27,27,27,27,28,28,27,27,25,25,23,24,24,22,21,21,23,23
-80,125,20,24,25,22,20,20,21,19,17,17,18,19,18,18,19,19,18,16,15,15,16,16,15,14,13,13,3,0,0,0,0,0,0,0,0,0,5,23,24,25,27,28,26,27,28,27,27,28,29,29,27,26,25,25,24,23,24,24,24,23,23,24,24
-77,125,20,26,26,26,27,25,24,23,22,22,24,25,25,26,26,27,27,26,26,25,24,24,23,22,20,20,4,0,0,0,0,0,0,0,0,0,1,5,5,7,9,10,10,11,12,13,13,15,16,16,16,17,17,18,19,20,20,21,21,22,23,25,27
-78,125,20,27,27,26,26,26,25,25,26,26,26,25,26,29,30,29,29,27,27,27,26,25,24,24,22,21,5,0,0,0,0,0,0,0,0,0,1,6,7,8,8,11,13,13,14,15,16,18,18,19,20,20,22,22,21,22,22,23,24,25,26,28,27
-83,125,20,22,24,25,25,26,27,27,21,16,21,26,27,28,27,27,30,32,32,33,33,31,30,29,27,25,6,0,0,0,0,0,0,0,0,0,4,17,16,15,15,15,16,16,15,15,14,15,16,15,14,15,14,14,16,18,17,18,18,17,18,22,23
-78,125,20,24,26,26,25,24,24,24,25,25,24,24,25,26,26,26,27,26,27,26,24,22,21,22,21,20,4,0,0,0,0,0,0,0,0,0,1,5,6,7,8,10,10,13,11,11,13,16,17,16,17,18,19,19,19,19,20,20,19,20,23,24,25
-84,125,20,9,12,13,13,15,18,18,17,20,20,19,21,24,24,23,24,25,26,28,30,29,28,27,25,23,5,0,0,0,0,0,0,0,0,0,6,27,26,26,27,27,25,26,24,22,21,21,20,19,19,18,17,16,15,13,9,9,8,7,10,13,13
-82,125,20,20,20,20,19,18,19,19,13,11,12,15,13,12,11,11,10,11,12,9,7,8,8,8,8,8,2,0,0,0,0,0,0,0,0,0,7,28,29,29,28,29,29,28,27,28,30,31,29,27,26,25,25,25,24,24,23,21,19,18,19,22,25
-79,125,20,25,25,25,25,26,24,22,18,15,17,19,19,19,19,19,19,19,19,20,19,17,15,15,15,15,4,0,0,0,0,0,0,0,0,0,5,19,19,21,22,22,22,24,24,24,24,25,26,25,24,23,24,24,24,24,24,24,25,26,26,28,26
-80,125,20,24,24,24,23,23,24,22,20,16,19,21,21,22,23,23,23,23,22,21,21,20,19,20,19,18,5,0,0,0,0,0,0,0,0,0,5,18,18,18,18,19,21,21,22,22,22,23,23,23,24,24,25,23,22,22,22,21,22,22,22,25,27
-78,125,20,25,23,22,22,22,21,21,22,24,22,19,19,20,19,18,19,19,18,17,15,15,15,15,12,10,2,0,0,0,0,0,0,0,0,0,4,18,18,20,21,21,22,22,22,23,23,23,24,24,23,22,22,21,20,22,23,23,22,23,25,24,22
-79,125,20,24,23,22,22,22,23,23,20,18,21,25,25,24,25,25,25,24,24,22,20,19,21,20,18,18,4,0,0,0,0,0,0,0,0,0,3,13,12,12,13,15,14,15,16,17,17,19,20,20,18,18,19,19,19,20,18,18,19,20,23,24,22
-81,125,20,22,21,22,22,21,21,19,22,25,21,17,17,17,16,17,16,16,15,14,13,13,13,13,13,14,4,0,0,0,0,0,0,0,0,0,5,23,26,27,28,29,29,29,30,30,29,29,29,28,26,25,26,26,24,25,25,24,23,23,23,23,24
-80,125,20,23,24,26,24,24,24,25,24,20,21,23,23,22,22,23,23,21,20,20,20,19,17,17,17,15,4,0,0,0,0,0,0,0,0,0,4,17,18,20,21,20,21,22,21,22,24,25,25,25,25,25,26,25,22,22,22,22,23,23,23,23,27
-78,125,20,29,28,26,26,25,25,26,28,30,28,26,26,26,27,29,28,27,26,25,24,24,23,22,21,19,5,0,0,0,0,0,0,0,0,0,2,9,9,12,12,13,15,16,16,17,19,19,20,21,21,20,21,21,22,23,24,24,24,25,26,26,25
-79,125,20,26,26,26,25,24,24,22,25,29,26,22,23,24,24,24,22,22,21,19,18,17,18,18,15,15,3,0,0,0,0,0,0,0,0,0,5,18,18,20,21,22,22,22,22,21,22,23,23,23,23,23,23,24,23,23,23,23,25,26,25,25,27
-84,125,20,20,19,18,18,19,20,20,17,15,19,23,22,23,25,24,23,22,22,21,23,22,19,20,18,15,3,0,0,0,0,0,0,0,0,0,5,24,23,26,27,26,25,26,26,26,26,26,26,24,23,21,20,18,18,20,20,19,21,20,19,19,19
-80,125,20,24,22,21,19,20,21,21,23,26,23,19,19,19,19,19,20,21,20,19,21,21,17,15,15,15,4,0,0,0,0,0,0,0,0,0,5,20,23,25,26,25,25,25,25,25,24,25,26,27,26,23,22,23,22,22,23,24,25,23,20,22,24
-81,125,20,25,25,23,22,20,19,19,19,19,18,18,19,18,16,16,17,17,15,15,14,12,12,12,11,10,2,0,0,0,0,0,0,0,0,0,6,25,25,26,28,27,28,28,29,28,29,29,30,27,26,27,26,25,27,28,27,26,26,24,26,26,24
-84,125,20,19,19,22,24,25,24,25,21,18,23,29,30,29,29,29,31,30,30,30,29,26,26,26,25,22,5,0,0,0,0,0,0,0,0,0,6,22,19,19,20,19,19,19,18,17,17,18,19,18,17,18,19,19,18,17,18,19,20,19,19,21,23
-79,125,20,26,26,25,26,25,22,14,9,15,12,30,30,26,23,23,24,23,21,19,20,19,20,21,21,22,5,0,0,0,0,0,0,0,0,0,3,13,14,16,17,17,17,19,21,22,21,18,16,18,21,20,18,17,18,18,17,17,16,17,19,19,22
-81,125,20,23,22,21,22,23,22,22,21,18,21,23,21,24,25,26,26,25,26,26,25,24,23,21,21,21,5,0,0,0,0,0,0,0,0,0,5,20,19,19,20,21,21,21,22,24,24,22,21,22,23,22,21,20,19,20,20,21,23,23,23,23,21
-79,125,20,24,25,25,25,24,24,24,25,28,24,21,21,22,22,21,21,21,21,20,19,17,16,16,16,14,2,0,0,0,0,0,0,0,0,0,5,23,24,25,25,25,26,28,27,27,28,29,29,28,26,25,25,25,26,27,27,25,24,24,24,23,24
-80,125,20,25,24,23,22,21,19,19,24,29,25,21,21,20,21,22,22,22,22,22,20,18,18,18,17,15,3,0,0,0,0,0,0,0,0,0,4,17,18,19,20,21,21,21,22,22,22,23,24,23,23,21,21,22,22,22,21,20,20,22,24,23,23
-81,125,20,21,21,19,19,19,17,16,15,16,16,16,15,14,14,16,15,14,14,13,13,12,12,14,13,12,2,0,0,0,0,0,0,0,0,0,5,23,24,24,25,24,25,27,28,26,26,27,27,26,25,24,24,24,21,23,23,24,23,20,20,22,26
-81,125,20,20,19,19,19,19,18,17,18,19,18,17,16,17,19,18,18,17,16,17,16,13,13,14,14,13,2,0,0,0,0,0,0,0,0,0,5,20,21,23,23,22,24,24,24,24,23,23,23,23,22,21,21,20,18,18,17,17,20,20,19,18,19
-84,125,20,20,19,19,21,19,18,18,25,27,22,18,17,15,15,15,17,17,17,18,15,14,15,15,15,18,5,0,0,0,0,0,0,0,0,0,7,29,30,30,30,28,28,29,29,28,26,26,25,24,23,23,24,23,19,16,16,16,16,17,18,18,19
-79,125,20,26,26,26,26,25,26,28,28,28,25,24,22,22,22,25,26,26,26,24,22,21,22,22,21,20,5,0,0,0,0,0,0,0,0,0,1,6,7,9,11,12,13,14,15,14,15,18,19,19,18,19,20,21,20,19,20,21,22,22,25,27,26
-79,125,20,24,25,25,22,21,20,20,24,26,25,21,20,20,20,20,21,21,21,20,20,18,18,19,18,15,4,0,0,0,0,0,0,0,0,0,7,27,27,28,29,31,31,31,29,29,30,31,30,29,28,27,26,26,25,23,23,24,24,23,24,26,28
-82,125,20,22,22,23,22,21,22,20,14,12,20,24,23,24,25,25,25,24,24,24,23,23,22,22,22,21,5,0,0,0,0,0,0,0,0,0,5,20,19,19,21,22,22,21,21,21,22,24,24,22,21,21,20,19,20,22,22,21,19,19,19,21,21
-81,125,20,23,23,21,19,19,21,22,18,13,17,21,21,20,20,21,20,20,18,17,17,16,15,16,16,16,3,0,0,0,0,0,0,0,0,0,5,22,22,24,25,26,25,25,25,23,24,25,26,26,24,23,24,23,21,23,24,24,23,22,24,24,24
-78,125,20,29,28,27,27,26,24,22,26,29,27,23,23,22,23,22,21,21,20,20,18,18,17,17,16,14,4,0,0,0,0,0,0,0,0,0,5,20,20,22,23,24,25,25,25,24,26,26,26,24,23,23,24,24,25,25,25,26,26,26,26,26,27
-82,125,20,21,21,21,20,19,19,20,19,19,20,22,22,21,21,23,24,24,23,23,22,21,21,20,19,20,6,0,0,0,0,0,0,0,0,0,5,18,18,19,20,19,20,20,20,20,20,22,21,19,18,17,17,16,16,17,17,16,16,17,18,18,17
-80,125,20,22,24,25,26,25,24,25,27,29,26,23,23,23,25,26,26,24,23,23,22,21,20,20,19,19,5,0,0,0,0,0,0,0,0,0,5,21,20,21,22,25,25,24,24,25,25,26,26,25,25,23,22,22,22,22,22,21,21,23,22,22,22
-82,125,20,24,22,20,19,19,20,19,24,31,27,18,17,19,22,23,24,24,23,22,21,23,24,23,22,22,6,0,0,0,0,0,0,0,0,0,7,26,26,26,26,27,28,28,26,25,26,27,26,23,22,22,21,21,19,19,21,21,20,20,22,22,21
-78,125,20,20,21,20,18,18,18,18,19,20,18,16,17,16,17,17,16,16,17,16,15,15,15,16,14,13,4,0,0,0,0,0,0,0,0,0,6,24,25,26,26,26,27,27,26,26,26,26,26,24,23,24,23,23,22,22,23,22,21,23,25,23,21
-83,125,20,11,12,14,16,17,16,15,17,16,14,16,18,21,22,21,21,22,24,24,24,25,23,22,22,22,5,0,0,0,0,0,0,0,0,0,5,24,23,23,23,23,24,24,23,23,22,21,19,18,18,17,14,14,14,13,12,13,13,13,14,14,13
-78,125,20,24,24,22,22,23,23,23,20,16,18,21,20,21,22,22,21,21,21,20,18,17,16,15,15,15,3,0,0,0,0,0,0,0,0,0,3,16,18,19,20,20,22,23,22,22,23,24,23,23,22,23,24,23,24,25,24,23,23,24,24,25,26
-82,125,20,22,23,24,22,22,24,24,28,29,24,21,24,25,24,25,25,26,26,26,27,27,25,24,25,24,6,0,0,0,0,0,0,0,0,0,5,20,21,22,23,22,23,22,22,22,24,24,22,22,23,22,20,20,18,19,21,21,20,20,21,23,24
-80,125,20,25,25,24,24,22,21,20,17,15,18,20,19,17,19,21,21,21,20,19,17,17,18,17,16,16,3,0,0,0,0,0,0,0,0,0,5,23,25,26,27,27,28,29,29,29,29,29,29,29,27,24,25,25,23,24,25,26,25,26,25,26,28
-78,125,20,27,27,26,24,25,26,27,26,24,24,25,26,26,26,25,25,24,24,24,23,21,19,19,18,18,5,0,0,0,0,0,0,0,0,0,3,10,12,14,15,15,16,16,17,19,19,21,21,21,22,23,23,24,23,24,25,25,25,26,27,28,28
-84,125,20,11,12,9,8,8,7,7,9,14,10,11,12,12,13,17,19,18,17,19,20,20,21,21,20,18,4,0,0,0,0,0,0,0,0,0,7,32,33,33,33,34,35,34,33,33,31,30,31,30,25,24,27,25,23,21,19,17,16,15,15,17,18
-79,125,20,21,22,22,22,22,21,21,24,27,23,19,19,19,19,18,19,20,19,17,16,16,15,15,15,15,4,0,0,0,0,0,0,0,0,0,6,24,26,27,26,26,28,27,27,27,27,27,28,28,27,26,25,24,22,23,22,22,22,22,22,24,24
-83,125,20,20,18,18,18,15,15,18,15,13,18,26,28,27,26,27,28,27,25,24,23,23,23,22,21,21,5,0,0,0,0,0,0,0,0,0,5,22,20,19,19,19,17,18,19,21,20,19,20,20,20,16,15,15,14,15,20,21,20,20,21,21,21
-82,125,20,21,20,20,20,20,19,17,18,21,18,16,16,14,15,17,18,16,16,16,15,13,14,14,10,8,1,0,0,0,0,0,0,0,0,0,6,27,27,28,28,28,28,29,30,31,31,31,30,28,26,27,28,25,24,24,24,25,25,24,24,23,24
-83,125,20,18,18,19,19,20,20,20,22,25,23,19,17,17,19,20,20,20,19,18,18,17,17,19,16,14,3,0,0,0,0,0,0,0,0,0,5,19,20,21,23,22,23,23,23,22,21,21,22,21,19,19,18,17,16,14,15,16,17,18,18,19,19
-80,125,20,20,19,19,19,20,19,19,22,25,20,17,17,18,18,18,17,17,15,15,15,14,13,13,13,13,3,0,0,0,0,0,0,0,0,0,5,23,24,25,25,26,27,27,27,27,26,25,26,25,23,23,23,21,21,22,21,20,20,20,21,23,22
-84,125,20,19,19,20,21,20,19,19,24,26,21,20,23,24,25,26,26,26,27,27,28,28,27,24,22,22,6,0,0,0,0,0,0,0,0,0,5,24,25,24,23,22,20,20,21,18,17,17,17,15,15,16,17,16,14,13,14,15,15,16,17,20,22
-83,125,20,20,22,21,18,17,16,16,14,12,12,13,13,11,10,12,13,13,11,9,9,10,9,7,7,6,1,0,0,0,0,0,0,0,0,0,4,22,25,27,27,27,26,27,29,31,29,27,25,25,25,24,24,24,22,22,21,22,23,22,21,21,21
-77,125,20,25,24,24,24,24,23,22,19,16,18,22,21,21,20,20,18,18,18,17,17,16,14,14,13,11,3,0,0,0,0,0,0,0,0,0,6,23,22,23,24,25,25,26,26,26,26,26,26,26,26,26,25,24,24,24,24,24,24,23,24,26,27
-81,125,20,20,20,20,20,19,18,18,14,11,14,17,17,17,17,16,15,16,14,13,14,13,13,13,13,13,3,0,0,0,0,0,0,0,0,0,6,26,25,24,25,26,28,28,28,27,27,28,28,27,25,26,25,24,25,25,25,24,24,23,21,23,25
-83,125,20,19,18,18,18,18,19,18,21,24,19,15,17,18,20,21,21,20,20,21,22,21,20,19,19,20,5,0,0,0,0,0,0,0,0,0,7,30,32,32,32,32,31,30,28,27,27,27,27,26,23,23,24,24,23,22,21,23,23,21,22,22,24
-77,125,20,28,28,26,27,27,26,26,27,29,29,25,26,26,25,25,25,25,25,25,23,23,22,22,22,22,6,0,0,0,0,0,0,0,0,0,2,10,11,11,12,14,16,16,16,17,17,19,20,22,23,22,23,24,24,23,22,24,25,26,29,30,28
-81,125,20,23,23,22,22,23,23,22,26,29,26,23,23,22,23,25,25,25,24,23,23,25,24,22,22,23,6,0,0,0,0,0,0,0,0,0,6,22,22,22,23,24,23,22,22,22,24,25,23,21,20,20,22,22,20,18,18,18,19,17,20,21,16
-79,125,20,24,24,24,24,23,22,20,18,17,20,20,19,19,19,20,19,19,18,18,17,16,16,16,17,16,4,0,0,0,0,0,0,0,0,0,5,21,23,24,24,24,25,26,25,26,26,27,27,26,26,25,26,26,24,23,23,25,25,23,25,25,23
-84,125,20,11,10,11,12,13,14,14,10,9,13,19,20,21,22,21,22,23,23,23,22,21,21,22,21,21,5,0,0,0,0,0,0,0,0,0,7,30,32,31,31,32,31,30,27,25,24,24,24,24,23,22,20,17,17,16,13,14,15,14,14,15,16
-84,125,20,24,24,24,23,24,25,25,19,14,20,26,26,24,25,27,26,25,26,28,26,25,23,22,22,20,5,0,0,0,0,0,0,0,0,0,5,21,20,20,22,23,22,22,23,24,24,23,21,21,19,19,21,22,21,19,19,19,21,21,21,22,22
-83,125,20,13,13,14,15,16,17,17,15,16,18,20,20,17,16,20,24,25,25,23,23,22,22,23,22,22,5,0,0,0,0,0,0,0,0,0,6,29,31,31,31,30,29,29,27,26,25,24,22,21,20,18,16,16,16,14,12,12,13,13,14,16,16
-83,125,20,22,22,21,19,19,21,21,25,31,27,22,23,24,23,25,26,25,26,26,26,25,24,24,23,23,5,0,0,0,0,0,0,0,0,0,5,23,23,23,24,24,24,24,24,24,24,25,24,20,17,18,21,20,18,17,16,16,16,18,20,21,21
-78,125,20,28,27,27,25,25,24,23,24,26,25,23,22,23,24,24,24,24,21,20,21,19,19,18,18,16,4,0,0,0,0,0,0,0,0,0,5,19,20,22,23,23,24,25,25,24,25,27,27,27,26,25,26,26,25,25,25,25,26,28,27,27,27
-83,125,20,27,24,21,22,23,22,19,13,14,16,19,18,17,18,21,21,19,20,20,18,17,17,14,14,17,4,0,0,0,0,0,0,0,0,0,5,23,23,23,25,26,26,26,25,25,26,26,25,22,21,20,20,20,19,18,17,18,22,22,21,18,17
-83,125,20,21,20,20,20,21,21,20,23,25,20,21,25,26,26,27,28,29,28,28,26,25,26,25,23,20,4,0,0,0,0,0,0,0,0,0,4,17,17,18,19,18,19,20,19,19,19,19,20,20,18,16,17,18,19,18,17,16,16,17,19,19,23
-80,125,20,23,21,20,20,19,20,22,22,20,21,21,20,21,21,21,22,22,22,21,20,18,17,16,15,15,4,0,0,0,0,0,0,0,0,0,6,25,26,27,28,29,29,28,27,29,30,32,30,28,27,27,27,27,26,25,26,25,25,25,24,25,28
-82,125,20,27,26,27,25,24,24,23,18,11,18,24,24,23,23,23,24,22,19,17,18,18,18,17,14,13,3,0,0,0,0,0,0,0,0,0,7,31,31,32,33,34,35,35,36,36,35,34,33,30,28,28,32,31,26,25,26,25,26,26,24,26,30
-77,125,20,26,26,25,23,22,21,21,18,17,18,19,18,19,19,20,18,17,17,17,16,15,14,12,12,13,4,0,0,0,0,0,0,0,0,0,6,23,24,24,25,26,28,28,27,27,27,28,28,28,26,25,26,25,23,24,25,25,26,27,28,27,26
-80,125,20,22,24,24,22,20,21,21,18,14,15,17,18,19,20,18,17,16,15,14,15,17,18,16,14,13,4,0,0,0,0,0,0,0,0,0,7,24,24,24,24,24,25,26,25,25,25,27,26,25,24,25,26,25,25,24,24,26,26,25,26,25,23
-81,125,20,23,22,21,22,22,19,19,18,17,20,22,21,21,23,25,25,24,23,22,22,22,21,21,21,19,4,0,0,0,0,0,0,0,0,0,6,26,25,25,26,27,28,27,25,24,25,26,24,23,23,22,22,20,19,20,19,18,18,20,22,21,21
-79,125,20,28,27,26,25,25,25,24,21,19,23,22,21,23,24,23,23,23,22,22,22,20,19,17,17,17,4,0,0,0,0,0,0,0,0,0,1,8,9,10,11,12,14,15,17,18,20,20,20,20,21,22,23,23,22,22,21,21,22,24,25,26,28
-84,125,20,13,13,13,15,16,15,14,10,7,13,17,16,18,21,22,22,23,25,26,25,25,24,23,23,22,5,0,0,0,0,0,0,0,0,0,7,28,26,26,26,24,25,26,25,22,22,23,22,20,17,16,19,17,13,13,13,12,13,14,15,14,12
-81,125,20,23,23,22,18,17,20,20,19,19,18,17,17,16,16,17,18,19,19,17,16,15,14,15,16,17,4,0,0,0,0,0,0,0,0,0,6,25,26,27,28,27,29,28,26,29,31,30,29,27,25,24,23,23,22,21,22,22,21,22,22,21,21
-83,125,20,22,20,17,17,19,20,18,18,21,19,17,16,17,18,19,18,16,15,14,15,13,14,15,16,15,4,0,0,0,0,0,0,0,0,0,6,24,26,26,26,26,28,29,26,24,24,24,26,26,25,23,22,23,22,21,20,20,21,22,23,23,22
-82,125,20,21,22,24,24,21,19,19,23,27,23,20,20,20,21,22,22,23,24,22,20,21,22,21,21,22,6,0,0,0,0,0,0,0,0,0,6,22,22,21,22,23,22,20,19,19,20,21,21,21,18,17,19,18,18,19,21,19,17,16,18,19,15
-79,125,20,26,24,22,22,24,22,20,18,15,17,19,19,19,17,18,18,16,15,15,14,13,13,12,11,11,2,0,0,0,0,0,0,0,0,0,6,24,24,25,26,26,27,28,27,27,28,29,28,26,26,26,27,26,25,25,25,23,23,24,26,25,24
-83,125,20,15,15,12,10,12,13,12,17,24,18,11,12,14,15,17,18,19,19,19,19,19,18,18,20,22,5,0,0,0,0,0,0,0,0,0,7,32,33,35,35,35,34,34,34,32,30,30,30,29,27,25,22,21,19,15,14,12,12,13,12,11,12
-82,125,20,22,22,23,25,26,25,26,23,20,23,26,24,25,26,26,27,27,27,26,25,23,23,24,24,23,6,0,0,0,0,0,0,0,0,0,5,20,19,20,21,21,21,22,21,20,20,21,21,20,19,19,20,21,22,23,22,21,19,20,23,25,25
-84,125,20,9,10,11,9,10,11,13,12,10,11,14,17,19,19,19,19,22,22,22,20,20,19,17,17,18,4,0,0,0,0,0,0,0,0,0,7,30,31,31,31,29,27,28,29,28,27,28,27,24,20,20,21,17,14,15,17,15,14,13,13,14,16
-76,125,20,28,28,27,25,26,26,26,23,21,22,24,26,27,26,25,25,26,25,25,24,23,22,20,20,21,5,0,0,0,0,0,0,0,0,0,1,7,8,9,11,13,14,14,15,17,17,18,20,21,21,21,21,21,22,22,23,24,25,26,27,27,28
-80,125,20,23,23,21,22,24,24,23,26,29,26,24,24,23,24,26,27,27,25,24,24,22,21,21,21,21,6,0,0,0,0,0,0,0,0,0,6,22,23,24,24,23,25,24,24,23,22,22,22,23,24,22,20,18,19,20,19,18,19,18,20,22,23
-81,125,20,29,29,27,26,25,26,25,22,21,22,23,22,21,22,23,22,19,19,20,19,18,17,16,15,14,3,0,0,0,0,0,0,0,0,0,5,19,19,19,18,19,19,20,21,21,22,23,24,23,22,22,23,24,23,23,24,25,25,24,24,23,24
-83,125,20,19,19,18,17,17,16,16,13,10,14,17,16,18,19,19,19,18,17,18,19,17,17,15,14,15,3,0,0,0,0,0,0,0,0,0,5,22,22,23,23,25,26,26,23,23,23,23,23,24,23,22,22,21,19,18,19,21,22,21,19,19,20
-83,125,20,21,24,20,18,21,22,17,11,10,12,16,15,14,14,16,17,15,15,15,16,16,14,12,11,11,3,0,0,0,0,0,0,0,0,0,6,23,23,24,25,25,25,26,25,24,25,25,23,22,23,23,22,20,19,18,18,17,17,17,19,19,20
-82,125,20,20,21,20,18,18,19,19,24,29,25,22,24,24,25,27,27,27,26,25,25,25,24,24,23,22,6,0,0,0,0,0,0,0,0,0,6,24,25,25,24,25,24,22,21,20,21,22,22,21,19,16,17,17,15,14,15,16,17,17,19,19,18
-81,125,20,16,18,20,19,18,18,18,15,12,17,20,19,20,20,20,20,20,19,18,18,19,18,17,16,16,4,0,0,0,0,0,0,0,0,0,5,23,24,25,25,24,26,25,25,24,23,26,25,22,20,20,20,18,17,17,17,17,16,16,17,18,18
-82,125,20,24,23,22,21,22,23,23,20,19,20,21,21,21,21,23,24,21,21,20,19,19,19,17,17,17,4,0,0,0,0,0,0,0,0,0,3,15,17,17,18,18,19,19,18,18,19,23,23,21,20,20,20,19,18,18,19,21,21,21,21,22,23
-82,125,20,25,23,21,21,22,22,21,26,30,25,22,23,23,22,22,21,22,22,20,19,19,19,17,16,17,3,0,0,0,0,0,0,0,0,0,4,17,18,20,20,21,22,23,23,23,22,21,23,24,23,23,21,22,22,23,22,23,24,23,22,24,25
-84,125,20,20,19,20,17,14,15,17,21,22,16,12,14,14,12,11,11,11,11,11,13,12,12,13,12,9,2,0,0,0,0,0,0,0,0,0,7,25,25,26,28,29,29,27,26,27,30,27,25,25,24,24,25,25,23,23,22,22,23,22,21,21,23
-83,125,20,18,19,18,15,17,19,20,26,34,27,21,22,22,22,23,23,24,22,20,20,22,22,20,20,23,7,0,0,0,0,0,0,0,0,0,8,28,28,29,27,26,27,26,25,26,29,28,24,21,21,21,23,23,24,22,21,20,18,17,20,21,21
-81,125,20,24,21,19,18,17,17,17,18,18,19,20,19,18,18,19,19,19,18,17,17,17,17,16,15,15,5,0,0,0,0,0,0,0,0,0,5,23,25,26,26,26,27,28,28,26,26,27,28,27,26,25,24,23,24,24,23,23,23,24,24,24,25
-78,125,20,27,27,25,22,22,23,21,18,17,19,20,18,18,20,19,18,18,18,18,16,17,16,14,13,12,3,0,0,0,0,0,0,0,0,0,7,25,24,24,25,25,27,27,28,28,28,29,30,29,27,27,27,26,26,25,24,26,28,28,27,27,27
-83,125,20,21,19,17,17,18,17,16,18,20,16,13,12,10,10,11,11,9,9,11,10,8,8,10,12,11,2,0,0,0,0,0,0,0,0,0,6,25,26,28,29,27,29,30,31,31,30,28,27,28,28,27,25,21,18,18,20,21,22,22,21,21,20
-79,125,20,21,20,19,21,22,21,20,23,25,23,21,21,22,23,23,24,23,22,21,20,19,19,19,18,18,4,0,0,0,0,0,0,0,0,0,5,19,19,21,22,21,21,22,22,21,23,24,22,22,22,20,22,22,21,19,19,20,21,22,21,20,19
-79,125,20,27,26,24,21,22,23,22,21,20,21,20,19,18,17,18,19,19,18,18,17,16,14,14,13,12,3,0,0,0,0,0,0,0,0,0,6,25,25,25,26,28,29,30,30,29,30,31,30,28,27,27,29,28,26,26,26,25,25,25,24,25,26
-83,125,20,20,22,22,21,22,22,22,19,18,23,26,27,28,29,31,30,29,28,28,27,25,25,26,25,25,6,0,0,0,0,0,0,0,0,0,5,18,21,21,22,20,17,20,22,23,21,20,17,15,16,16,16,16,15,16,19,20,18,17,20,23,22
-77,125,20,28,27,27,27,27,27,27,25,24,25,24,24,25,25,25,24,23,23,23,23,22,21,20,18,19,4,0,0,0,0,0,0,0,0,0,3,10,10,12,13,13,14,13,16,19,20,21,21,20,20,21,22,22,21,24,24,22,23,24,25,27,27
-79,125,20,23,22,22,23,22,21,19,20,23,19,16,17,17,16,17,17,15,14,14,13,12,13,12,11,12,3,0,0,0,0,0,0,0,0,0,6,23,24,25,26,27,27,28,28,29,29,29,29,29,26,25,25,26,26,25,25,26,26,24,23,25,25
-80,125,20,25,23,23,21,20,19,20,20,20,17,16,16,17,16,16,16,15,15,15,13,11,10,10,10,10,3,0,0,0,0,0,0,0,0,0,5,22,23,24,26,26,26,26,26,27,26,27,28,27,25,24,25,24,23,23,24,25,26,25,25,26,25
-83,125,20,22,21,20,22,26,25,22,25,31,29,25,25,26,27,28,28,28,28,27,25,23,23,24,24,23,5,0,0,0,0,0,0,0,0,0,3,16,18,18,18,18,20,21,20,19,18,18,18,17,16,15,16,16,16,15,16,17,18,19,19,20,21
-80,125,20,20,19,21,21,19,20,19,21,24,22,19,18,18,18,20,20,19,19,19,18,16,17,17,17,17,4,0,0,0,0,0,0,0,0,0,4,19,20,21,22,23,24,24,24,25,25,26,26,25,23,21,22,22,22,23,23,23,21,20,21,22,23
-80,125,20,23,24,23,21,21,20,20,24,28,25,20,22,24,24,23,22,22,22,22,21,19,18,17,18,18,4,0,0,0,0,0,0,0,0,0,4,19,20,20,20,19,20,22,21,22,23,22,23,22,21,21,21,22,21,21,20,20,21,19,20,21,23
-78,125,20,24,23,22,21,21,21,19,19,19,19,20,20,20,20,21,20,20,20,19,17,17,17,16,14,14,4,0,0,0,0,0,0,0,0,0,5,22,22,23,23,24,23,24,23,23,24,24,25,25,22,21,22,23,22,21,21,21,22,22,24,24,24
-81,125,20,23,21,21,22,21,19,19,21,23,22,22,21,20,20,24,24,22,20,20,20,20,20,20,18,17,3,0,0,0,0,0,0,0,0,0,3,17,16,16,17,16,16,15,15,16,16,18,18,17,16,16,17,17,17,17,16,17,16,16,17,18,19
-79,125,20,22,22,23,23,21,20,21,23,22,19,17,19,21,19,17,17,16,16,15,16,15,14,12,12,12,3,0,0,0,0,0,0,0,0,0,5,25,25,26,27,27,28,29,29,29,28,29,30,31,30,29,28,26,24,24,26,26,24,23,23,22,24
-84,125,20,13,13,10,8,9,10,10,4,6,7,11,9,8,10,13,15,16,17,17,17,18,18,18,20,22,5,0,0,0,0,0,0,0,0,0,8,33,34,35,36,36,35,36,33,31,32,34,33,30,27,26,25,21,20,21,20,18,17,16,12,13,17
-78,125,20,25,24,23,23,24,23,22,20,20,21,21,19,19,19,20,20,19,18,17,17,16,16,14,13,13,4,0,0,0,0,0,0,0,0,0,5,20,21,22,23,24,24,24,24,25,25,25,26,25,24,23,24,24,24,25,26,26,25,26,27,26,27
-82,125,20,19,19,19,17,15,17,17,20,24,21,18,18,16,17,20,21,21,21,20,19,18,19,19,20,19,4,0,0,0,0,0,0,0,0,0,5,24,24,26,27,27,27,27,26,25,27,26,25,23,23,22,24,24,22,20,21,22,23,22,21,21,21
-80,125,20,21,21,21,22,22,22,21,21,24,22,19,18,17,17,19,20,19,18,17,17,16,15,14,15,13,3,0,0,0,0,0,0,0,0,0,6,24,24,26,27,29,28,28,28,27,29,31,31,30,27,26,27,27,25,24,23,24,26,26,26,26,26
-82,125,20,21,21,21,21,22,22,21,17,14,18,22,23,23,22,23,23,24,23,23,23,23,20,19,18,19,5,0,0,0,0,0,0,0,0,0,5,21,23,23,22,23,24,23,24,24,24,23,22,21,21,21,21,20,19,20,19,19,20,20,20,18,19
-81,125,20,21,21,20,17,17,21,23,23,25,24,22,21,19,19,20,21,21,20,19,21,20,19,18,17,17,4,0,0,0,0,0,0,0,0,0,5,20,19,19,20,23,24,24,24,24,23,23,22,22,22,23,22,20,18,19,21,20,19,16,15,18,20
-82,125,20,23,25,25,23,21,22,23,21,17,18,19,18,21,22,20,21,22,20,19,18,18,19,17,15,13,3,0,0,0,0,0,0,0,0,0,2,15,14,17,17,18,19,19,19,20,21,23,23,22,21,22,23,23,22,20,21,21,21,21,22,24,25
-82,125,20,20,21,19,19,21,22,22,25,29,24,19,19,19,21,22,21,23,24,24,23,23,23,22,21,22,6,0,0,0,0,0,0,0,0,0,5,21,23,23,24,24,24,24,23,22,23,25,24,21,20,20,21,19,17,17,16,17,17,17,18,18,18
-80,125,20,20,21,22,22,21,20,20,19,19,19,22,23,23,23,24,24,24,24,23,23,23,22,22,21,20,5,0,0,0,0,0,0,0,0,0,6,22,23,23,22,22,22,22,21,23,24,22,22,22,20,20,21,23,22,21,20,20,21,23,23,22,22
-82,125,20,19,19,18,17,18,19,19,14,11,18,22,22,23,23,22,24,23,22,22,21,21,21,19,19,19,4,0,0,0,0,0,0,0,0,0,5,19,18,19,20,21,20,19,19,19,19,21,22,19,16,17,19,19,17,15,16,17,17,18,17,15,16
-84,125,20,16,16,16,16,15,17,18,12,7,12,18,19,22,22,22,23,24,23,23,22,22,22,22,21,20,4,0,0,0,0,0,0,0,0,0,5,20,19,19,21,20,20,21,19,18,19,20,20,17,14,16,18,17,17,15,13,14,16,16,16,16,15
-81,125,20,22,21,20,20,20,21,20,22,27,23,17,19,21,21,21,22,21,19,19,18,17,18,17,16,16,3,0,0,0,0,0,0,0,0,0,5,20,21,23,24,25,26,25,23,23,24,25,26,24,24,24,22,21,23,24,24,22,21,21,22,23,22
-79,125,20,26,25,26,25,25,25,25,21,18,21,25,24,24,26,26,26,25,23,21,20,19,18,16,16,17,4,0,0,0,0,0,0,0,0,0,3,16,17,17,18,19,20,21,22,24,24,24,24,24,22,23,24,23,24,24,24,24,24,25,26,27,26
-77,125,20,25,24,22,21,22,21,21,22,22,21,21,21,21,22,22,22,22,22,21,21,20,19,18,18,18,4,0,0,0,0,0,0,0,0,0,1,7,8,8,10,10,12,13,14,14,16,18,18,18,18,18,19,20,19,20,20,21,21,19,20,22,24
-83,125,20,22,20,19,18,19,19,17,18,17,15,16,14,13,13,16,16,17,17,13,12,12,14,13,12,11,2,0,0,0,0,0,0,0,0,0,6,24,24,25,26,26,28,28,27,29,31,32,30,27,25,24,26,27,25,23,21,20,21,23,25,25,23
-81,125,20,21,19,19,19,17,16,16,20,24,19,15,15,15,16,17,16,15,15,15,13,12,10,10,12,12,2,0,0,0,0,0,0,0,0,0,5,20,21,21,23,24,25,25,25,24,24,25,26,25,24,23,24,24,22,21,21,21,21,22,23,23,25
-80,125,20,23,22,22,21,21,21,21,20,18,19,21,21,22,22,20,19,19,18,18,18,17,17,16,14,14,4,0,0,0,0,0,0,0,0,0,5,18,19,21,20,20,20,22,22,24,24,24,24,21,21,21,21,21,22,22,21,21,21,22,23,23,22
-83,125,20,21,20,20,20,20,22,21,23,26,23,22,22,22,22,21,21,20,20,19,17,16,17,18,16,15,3,0,0,0,0,0,0,0,0,0,5,23,24,25,23,24,26,27,25,25,27,28,27,24,21,23,25,24,23,22,21,21,21,21,20,21,20
-81,125,20,23,23,22,21,21,18,15,10,7,12,16,16,15,15,15,13,11,10,10,10,10,10,8,8,9,2,0,0,0,0,0,0,0,0,0,5,23,26,27,27,28,30,30,29,29,28,30,30,29,27,27,28,27,26,25,24,23,24,24,23,24,26
-79,125,20,26,25,25,24,22,21,22,24,27,25,23,22,21,23,24,22,23,22,21,21,21,21,20,20,19,4,0,0,0,0,0,0,0,0,0,3,16,18,20,22,22,22,21,22,23,24,25,25,24,23,23,23,22,22,22,23,25,26,26,27,27,26
-79,125,20,21,21,22,22,22,20,19,18,18,18,18,18,18,18,18,18,18,16,17,15,15,14,14,12,11,2,0,0,0,0,0,0,0,0,0,5,23,24,25,26,27,27,28,28,28,29,29,29,27,25,26,28,26,24,23,24,24,26,26,27,26,26
-79,125,20,25,26,25,24,22,20,20,19,18,19,19,18,18,19,20,18,19,20,18,16,16,16,16,15,14,4,0,0,0,0,0,0,0,0,0,6,25,26,26,27,28,28,29,28,28,29,30,30,29,29,29,29,29,29,28,26,25,25,26,27,27,27
-83,125,20,20,20,18,18,17,16,16,18,22,19,18,18,18,17,19,20,21,21,20,19,19,19,18,17,19,5,0,0,0,0,0,0,0,0,0,7,28,26,26,28,28,28,29,28,26,28,29,27,25,24,23,22,22,22,21,21,21,20,19,20,23,24
-81,125,20,17,17,18,18,18,17,17,20,23,21,16,17,18,19,20,21,21,20,20,20,20,20,20,20,20,4,0,0,0,0,0,0,0,0,0,5,23,21,21,22,23,23,24,23,22,21,22,22,21,19,20,20,19,17,16,15,17,18,18,18,19,19
-83,125,20,23,22,22,23,23,22,21,20,19,19,20,22,22,21,22,22,23,24,23,23,21,21,21,20,20,5,0,0,0,0,0,0,0,0,0,5,21,22,22,22,22,22,24,24,24,24,23,21,20,21,22,21,20,18,18,19,21,21,20,21,21,21
-77,125,20,24,23,22,22,21,21,22,21,21,22,22,22,22,22,22,20,21,21,19,19,18,17,17,17,16,3,0,0,0,0,0,0,0,0,0,5,17,18,19,21,21,21,22,21,22,22,22,23,23,23,22,23,22,22,22,22,22,23,23,24,25,24
-78,125,20,22,21,19,20,21,20,19,16,12,14,16,16,16,17,16,16,16,15,15,16,14,13,13,14,13,2,0,0,0,0,0,0,0,0,0,5,24,24,24,25,26,26,26,26,26,26,26,26,26,26,26,26,24,22,23,23,23,22,22,25,26,27
-81,125,20,21,23,24,24,24,24,21,14,10,16,20,20,20,20,20,19,19,19,19,17,16,14,15,16,16,4,0,0,0,0,0,0,0,0,0,5,22,24,25,24,26,26,26,26,27,28,29,28,26,26,26,25,24,25,25,23,23,26,26,26,26,26
-80,125,20,23,21,21,23,24,24,23,25,28,25,21,22,24,26,27,25,24,23,23,24,23,22,21,21,21,6,0,0,0,0,0,0,0,0,0,3,15,16,16,17,17,18,18,19,20,21,21,21,20,20,21,21,20,19,19,20,21,21,21,23,23,24
-81,125,20,23,22,22,22,23,23,24,19,15,19,23,24,23,23,24,23,22,23,23,22,21,20,20,21,21,5,0,0,0,0,0,0,0,0,0,3,14,15,16,16,16,16,16,15,15,17,17,18,19,19,19,18,17,17,17,18,17,17,19,22,21,18
-80,125,20,25,24,24,24,23,22,23,21,18,22,25,25,25,25,26,27,28,28,27,26,25,25,22,21,22,6,0,0,0,0,0,0,0,0,0,4,15,15,15,15,15,16,15,14,14,16,17,18,18,17,17,18,18,16,16,18,18,18,18,19,19,21
-81,125,20,16,16,17,19,20,21,21,22,26,22,16,16,17,19,19,20,19,17,17,18,17,17,17,17,17,4,0,0,0,0,0,0,0,0,0,4,22,24,24,24,26,25,26,26,25,25,25,26,25,24,24,24,24,22,20,20,20,20,21,21,22,25
-83,125,20,19,18,20,20,18,20,20,17,13,16,18,17,19,17,17,17,17,15,13,12,12,12,12,13,13,3,0,0,0,0,0,0,0,0,0,5,22,22,23,22,22,23,24,25,25,26,25,23,22,22,22,23,22,20,22,22,18,19,20,21,21,22
-80,125,20,28,27,27,28,27,26,27,26,24,27,29,28,28,28,28,29,30,30,29,28,26,25,25,25,24,6,0,0,0,0,0,0,0,0,0,4,18,18,19,19,18,19,19,19,20,21,22,23,21,19,21,20,20,18,19,21,22,22,22,22,25,27
-80,125,20,25,24,25,26,26,25,25,25,25,26,27,25,23,23,23,25,24,24,24,23,21,21,20,18,18,5,0,0,0,0,0,0,0,0,0,4,15,16,17,18,19,21,22,22,22,22,22,23,23,23,22,24,25,23,23,23,24,24,24,27,30,31
-81,125,20,17,17,17,15,15,16,16,19,22,17,15,16,17,18,18,18,16,16,15,15,14,15,17,16,15,3,0,0,0,0,0,0,0,0,0,5,24,25,24,24,24,25,26,26,24,25,26,27,26,23,22,23,22,21,21,20,20,20,21,20,20,21
-84,125,20,14,13,13,14,14,15,15,12,14,19,22,21,21,21,21,21,22,21,21,21,20,19,19,19,21,5,0,0,0,0,0,0,0,0,0,8,31,32,33,33,33,35,34,32,30,29,30,30,28,26,24,24,24,21,19,17,14,13,14,16,17,18
-83,125,20,17,17,15,14,14,14,17,23,27,23,19,20,20,20,21,22,21,20,20,18,19,19,18,19,18,4,0,0,0,0,0,0,0,0,0,5,21,21,21,20,20,21,21,20,20,20,18,18,18,18,18,18,18,17,17,18,17,17,16,18,20,22
-77,125,20,27,27,26,25,25,26,26,29,33,31,28,27,28,29,29,29,29,29,28,25,25,25,23,21,20,5,0,0,0,0,0,0,0,0,0,2,8,9,9,10,12,13,14,14,16,16,17,17,18,18,19,20,21,21,22,21,21,21,23,25,27,29
-79,125,20,25,24,22,23,23,23,23,24,25,22,20,20,20,21,22,22,21,21,20,19,18,18,17,16,15,3,0,0,0,0,0,0,0,0,0,3,13,15,17,18,19,19,20,20,20,20,22,22,22,21,21,21,20,20,22,23,22,21,22,24,24,25
-80,125,20,25,25,24,22,21,20,20,20,20,22,23,22,21,22,24,24,25,25,25,22,19,18,17,18,17,4,0,0,0,0,0,0,0,0,0,6,23,24,24,23,24,25,26,24,25,25,26,26,24,23,20,20,22,22,22,21,21,21,21,22,22,25
-80,125,20,20,19,17,17,17,19,20,17,13,15,18,17,18,20,20,18,18,19,18,17,16,15,16,16,14,3,0,0,0,0,0,0,0,0,0,5,22,22,23,24,23,24,25,26,26,26,26,25,23,22,21,22,23,23,22,22,22,21,21,22,22,21
-80,125,20,23,23,21,21,20,19,20,21,23,22,20,21,20,19,18,18,19,19,18,18,19,18,16,15,16,4,0,0,0,0,0,0,0,0,0,5,22,23,25,25,25,26,26,25,25,25,25,25,25,24,23,23,22,22,21,21,21,21,21,21,22,25
-77,125,20,28,26,25,26,26,25,25,22,20,23,25,25,24,24,25,25,26,26,25,23,21,21,21,21,20,5,0,0,0,0,0,0,0,0,0,3,10,11,12,12,12,13,15,18,18,17,19,19,19,19,20,21,21,20,21,22,23,22,23,25,26,27
-83,125,20,19,17,18,19,17,16,18,18,18,18,18,19,21,21,23,26,26,23,23,23,23,22,21,20,18,4,0,0,0,0,0,0,0,0,0,5,21,20,19,19,19,19,20,20,20,21,21,22,19,16,16,17,17,18,17,17,16,17,19,18,16,15
-79,125,20,27,27,25,24,25,25,24,25,26,26,24,23,22,23,23,24,24,23,21,19,19,18,18,17,16,4,0,0,0,0,0,0,0,0,0,5,18,18,20,21,22,23,24,24,23,23,25,25,24,23,24,25,25,25,24,24,25,26,26,27,28,28
-83,125,20,21,21,21,22,22,21,21,16,13,19,23,23,26,26,25,26,26,25,26,27,26,26,25,24,23,6,0,0,0,0,0,0,0,0,0,5,21,21,20,21,21,21,21,21,18,17,20,21,18,16,16,18,19,17,18,17,17,17,18,21,24,24
-82,125,20,22,24,24,24,23,24,24,28,33,29,25,25,25,25,27,27,25,24,25,25,23,21,21,21,23,6,0,0,0,0,0,0,0,0,0,5,18,18,20,20,19,20,20,21,21,20,20,20,21,19,18,19,18,16,17,18,19,19,19,20,22,24
-80,125,20,29,28,26,25,26,26,25,27,32,29,24,23,20,20,22,23,22,20,20,19,18,18,18,17,17,5,0,0,0,0,0,0,0,0,0,5,21,22,22,23,24,24,25,24,25,26,27,28,27,27,28,28,28,26,25,27,28,26,25,27,27,27
-82,125,20,20,19,17,17,18,17,16,13,12,14,17,17,20,21,22,21,21,21,22,22,21,20,19,19,18,4,0,0,0,0,0,0,0,0,0,6,24,25,26,26,26,25,25,24,23,23,25,24,22,21,22,23,22,21,21,20,19,19,20,19,17,16
-83,125,20,20,21,20,19,20,21,21,21,21,21,23,24,23,22,24,25,24,24,23,22,23,22,20,20,20,5,0,0,0,0,0,0,0,0,0,5,20,19,19,19,20,22,21,20,19,18,18,19,20,18,18,18,18,18,18,18,20,20,19,17,18,20
-84,125,20,15,15,15,15,16,16,16,22,28,23,20,22,23,23,22,22,24,25,23,23,23,23,24,23,23,6,0,0,0,0,0,0,0,0,0,7,26,28,29,28,26,26,25,25,25,24,22,20,21,19,18,17,16,15,16,16,14,12,12,13,13,14
-82,125,20,17,17,17,17,17,18,17,20,25,20,16,15,14,14,14,15,15,13,13,13,13,12,11,11,12,2,0,0,0,0,0,0,0,0,0,6,24,24,25,26,26,27,27,27,29,30,28,26,26,27,27,26,24,22,22,20,21,22,22,21,22,23
-78,125,20,24,22,22,22,21,20,21,21,20,18,16,17,17,18,18,16,14,13,13,12,11,10,10,10,10,1,0,0,0,0,0,0,0,0,0,5,21,21,23,23,23,22,23,23,23,24,25,24,24,24,24,24,24,22,22,21,21,21,23,24,23,24
-81,125,20,22,21,21,21,20,18,18,22,26,21,19,19,19,17,18,18,20,19,19,19,18,17,17,17,18,4,0,0,0,0,0,0,0,0,0,5,25,26,27,28,29,31,30,28,29,30,29,28,29,28,27,29,28,24,24,24,24,24,23,21,20,23
-82,125,20,19,18,19,20,21,19,17,13,9,12,15,14,15,14,13,13,14,14,13,13,14,14,13,12,13,3,0,0,0,0,0,0,0,0,0,6,25,26,27,27,27,27,28,26,27,28,28,28,28,27,27,27,23,23,24,24,24,24,22,21,22,22
-84,125,20,11,12,12,15,15,14,15,21,25,21,17,19,19,20,21,20,22,21,21,21,20,19,19,17,17,4,0,0,0,0,0,0,0,0,0,5,21,21,22,22,21,19,19,19,20,20,19,19,18,15,15,17,15,14,15,15,15,13,13,14,13,12
-79,125,20,25,23,21,22,21,20,20,22,24,21,20,20,19,19,17,16,17,17,15,15,15,14,14,14,14,4,0,0,0,0,0,0,0,0,0,6,23,25,27,28,28,28,28,28,28,27,29,30,29,27,25,25,26,25,24,24,24,23,23,24,24,24
-80,125,20,28,28,26,25,24,25,26,27,28,26,24,24,25,25,26,26,27,26,26,25,24,21,19,17,16,4,0,0,0,0,0,0,0,0,0,5,19,19,19,20,20,21,20,21,23,24,23,24,23,22,22,22,20,22,25,24,23,23,23,22,23,24
-80,125,20,25,23,22,23,22,21,20,23,25,22,20,21,21,21,22,21,19,19,20,18,17,17,16,17,17,4,0,0,0,0,0,0,0,0,0,3,19,23,24,24,24,25,26,27,26,24,25,26,25,22,22,24,25,23,22,22,21,21,21,23,24,22
-81,125,20,21,21,21,21,21,21,21,20,19,21,21,21,22,24,26,24,23,23,22,23,22,20,19,19,18,4,0,0,0,0,0,0,0,0,0,4,18,18,19,19,19,18,18,19,20,21,19,19,19,19,19,18,17,16,15,17,20,20,18,18,19,21
-83,125,20,16,16,16,15,16,15,15,19,24,21,17,14,14,14,15,16,17,17,17,16,16,16,15,15,14,2,0,0,0,0,0,0,0,0,0,6,24,24,24,25,25,26,25,23,24,26,26,25,23,20,19,20,19,17,16,16,14,14,15,14,13,12
-80,125,20,23,22,20,19,19,20,19,21,23,21,20,19,19,19,19,19,19,19,20,20,18,17,15,14,14,3,0,0,0,0,0,0,0,0,0,5,21,21,21,22,24,25,25,24,24,25,25,26,25,23,23,21,19,18,21,22,21,20,20,21,22,22
-83,125,20,23,21,22,23,23,22,23,29,34,31,27,27,25,26,27,28,29,29,28,27,25,23,23,23,23,6,0,0,0,0,0,0,0,0,0,3,14,15,14,15,16,17,18,17,16,15,15,16,18,18,16,16,17,17,17,17,18,18,18,20,22,22
-80,125,20,20,20,19,17,17,16,16,19,21,16,12,12,14,13,14,14,13,12,12,13,13,11,11,11,10,2,0,0,0,0,0,0,0,0,0,4,21,23,24,25,25,25,26,26,27,27,28,28,27,27,26,25,24,23,23,23,21,20,19,20,23,24
-80,125,20,22,22,20,19,19,20,20,23,24,21,18,18,18,19,19,17,16,17,18,18,17,17,16,15,15,4,0,0,0,0,0,0,0,0,0,6,24,23,24,25,26,26,26,25,25,26,24,24,24,25,23,22,23,23,22,21,19,18,19,21,21,22
-81,125,20,20,20,19,18,20,21,21,24,27,26,22,20,21,21,23,22,22,22,20,19,20,20,18,16,17,4,0,0,0,0,0,0,0,0,0,5,20,20,20,19,20,21,21,21,19,19,21,20,18,20,20,21,23,22,20,18,18,21,22,22,22,23
-83,125,20,23,23,21,21,23,23,22,18,15,17,20,22,21,21,22,21,21,21,21,21,21,19,17,16,16,3,0,0,0,0,0,0,0,0,0,4,18,22,26,26,25,25,25,26,26,26,26,25,24,25,25,23,21,22,24,24,21,20,20,20,21,22
-81,125,20,24,24,22,22,21,20,19,22,26,23,20,22,23,22,22,22,22,22,21,19,18,17,17,17,17,5,0,0,0,0,0,0,0,0,0,5,18,18,20,20,21,22,21,21,20,19,21,21,22,22,21,20,22,20,19,21,21,20,19,22,24,22
-83,125,20,20,20,20,23,22,21,19,21,25,24,22,24,25,25,26,29,29,26,25,26,26,24,24,22,19,5,0,0,0,0,0,0,0,0,0,6,25,24,26,26,25,23,22,22,22,23,23,24,22,20,21,21,20,21,21,19,19,19,19,19,18,18
-80,125,20,21,22,21,21,21,19,19,17,16,18,20,18,18,19,20,19,19,18,17,16,16,15,13,12,13,3,0,0,0,0,0,0,0,0,0,4,22,23,24,25,25,24,24,25,25,24,25,25,24,23,23,24,23,22,21,21,21,21,19,22,23,25
-79,125,20,26,25,25,24,25,24,24,23,23,22,22,23,24,24,23,23,23,23,23,21,21,19,18,18,18,4,0,0,0,0,0,0,0,0,0,4,16,18,20,21,21,21,21,21,23,24,25,25,23,23,23,25,24,22,23,25,25,25,24,24,25,26
-81,125,20,26,24,23,23,24,24,23,18,15,19,22,21,20,21,21,20,21,20,19,20,19,18,17,16,17,3,0,0,0,0,0,0,0,0,0,5,22,21,21,23,24,26,26,25,23,24,25,26,24,23,24,24,24,24,22,21,21,23,23,22,23,24
-78,125,20,29,29,27,26,26,26,27,26,25,25,26,25,26,26,27,27,26,26,26,25,25,24,22,22,22,5,0,0,0,0,0,0,0,0,0,2,8,9,10,10,11,11,13,15,16,17,19,20,20,21,20,20,21,23,23,23,24,26,26,26,27,29
-82,125,20,20,19,15,14,15,17,16,12,9,13,16,16,16,15,13,13,13,14,14,14,12,10,10,9,9,2,0,0,0,0,0,0,0,0,0,6,24,25,26,27,26,26,28,28,29,30,30,30,28,26,25,22,21,22,24,24,21,20,20,21,22,20
-80,125,20,23,24,25,25,24,21,20,23,27,24,20,20,20,21,22,22,21,19,19,20,19,19,19,20,20,5,0,0,0,0,0,0,0,0,0,6,22,22,24,25,26,27,28,29,29,28,28,29,29,27,26,25,24,24,23,23,24,24,24,24,22,21
-82,125,20,21,22,21,20,20,20,20,25,30,25,20,21,21,22,22,21,20,19,20,20,20,18,17,17,18,5,0,0,0,0,0,0,0,0,0,7,26,26,26,25,27,29,28,27,27,28,26,25,25,25,24,24,24,23,21,22,22,22,22,23,24,23
-79,125,20,24,24,24,23,25,25,23,24,27,26,23,23,24,24,24,23,23,23,22,21,22,22,22,22,21,5,0,0,0,0,0,0,0,0,0,4,19,20,21,20,20,22,23,21,20,20,21,21,21,21,21,21,23,22,19,19,21,23,22,22,24,26
-80,125,20,23,22,21,22,22,22,22,20,19,20,21,20,20,21,20,19,20,19,18,18,19,18,18,17,17,5,0,0,0,0,0,0,0,0,0,5,21,22,24,25,26,26,26,26,27,28,29,27,25,25,24,24,24,23,23,24,22,21,21,24,25,25
-83,125,20,20,18,16,17,20,19,18,13,8,14,19,19,19,17,17,20,21,19,18,19,19,19,18,16,16,3,0,0,0,0,0,0,0,0,0,6,25,25,26,26,26,27,27,27,27,26,26,25,24,23,23,24,24,20,16,18,21,21,21,22,21,21
-83,125,20,22,21,21,21,22,22,22,19,16,18,20,20,23,23,23,24,24,23,21,19,19,19,19,19,19,5,0,0,0,0,0,0,0,0,0,7,25,25,25,26,25,25,25,24,24,24,25,25,25,24,22,22,23,23,22,21,20,21,22,23,21,22
-80,125,20,25,25,25,23,22,21,21,18,16,18,20,21,21,20,21,20,19,19,19,17,16,16,15,14,15,4,0,0,0,0,0,0,0,0,0,6,25,25,26,29,29,29,29,28,29,30,31,31,31,30,28,28,26,25,25,26,26,26,25,25,25,27
-79,125,20,25,25,23,22,21,20,20,21,19,19,20,20,18,18,19,19,17,18,19,18,17,16,16,16,16,5,0,0,0,0,0,0,0,0,0,5,20,21,23,24,23,24,25,26,26,27,27,26,25,23,22,23,23,22,22,24,24,23,22,23,23,25
-83,125,20,8,8,10,7,5,9,10,9,12,13,17,18,19,19,20,21,23,21,21,23,23,23,24,22,21,5,0,0,0,0,0,0,0,0,0,7,31,31,31,30,30,30,29,29,28,29,28,27,23,20,19,20,17,14,15,16,17,18,16,12,11,10
-83,125,20,19,19,18,16,15,18,20,23,25,23,23,22,23,25,25,25,26,27,27,25,25,25,25,24,24,5,0,0,0,0,0,0,0,0,0,5,23,24,23,22,20,21,22,21,19,21,23,22,19,16,16,16,16,15,15,16,16,17,17,17,18,18
-77,125,20,28,28,27,27,27,25,24,23,23,24,25,25,26,26,26,25,25,25,25,24,23,22,20,19,20,5,0,0,0,0,0,0,0,0,0,2,6,7,7,10,11,12,12,12,14,16,18,19,18,17,18,20,21,22,23,23,23,24,26,26,26,26
-78,125,20,25,24,23,22,22,21,20,20,21,20,19,17,16,16,16,17,17,16,15,15,13,12,12,11,9,3,0,0,0,0,0,0,0,0,0,5,21,21,23,23,23,24,26,26,25,25,26,26,26,25,23,23,23,23,23,23,22,23,23,23,22,23
-82,125,20,17,15,16,18,18,19,20,22,23,23,24,25,25,25,26,25,25,25,26,25,24,24,23,22,22,5,0,0,0,0,0,0,0,0,0,4,19,19,19,18,18,18,18,17,17,19,19,18,18,16,15,16,16,14,12,13,16,16,17,17,17,18
-80,125,20,21,22,22,23,24,23,22,19,17,18,21,24,24,23,21,23,24,22,21,21,24,21,20,20,21,5,0,0,0,0,0,0,0,0,0,5,21,21,22,22,22,24,25,25,24,24,24,25,25,24,24,24,22,20,19,21,21,21,23,24,24,25
-83,125,20,20,19,19,17,17,16,16,13,10,12,14,14,15,14,13,14,14,14,13,13,13,13,12,12,13,3,0,0,0,0,0,0,0,0,0,6,28,28,27,28,29,30,31,30,27,28,29,28,26,26,25,23,23,21,21,22,21,20,21,20,19,18
-85,125,20,16,14,17,19,18,16,15,11,12,13,14,13,14,15,16,19,20,19,17,17,19,17,14,15,17,5,0,0,0,0,0,0,0,0,0,7,30,31,32,32,32,33,32,31,30,30,27,27,27,24,21,23,22,18,20,21,20,18,18,18,18,19
-80,125,20,23,20,18,17,18,19,18,17,14,13,15,16,15,16,15,13,14,14,14,14,13,13,12,12,10,2,0,0,0,0,0,0,0,0,0,5,23,25,24,23,25,26,27,27,28,29,30,29,27,26,26,27,26,25,22,22,24,23,24,25,24,23
-80,125,20,23,22,21,20,19,19,19,23,28,23,18,18,19,19,18,20,20,21,22,20,17,18,19,18,20,6,0,0,0,0,0,0,0,0,0,6,23,23,23,24,24,24,26,26,26,26,27,26,25,24,25,25,23,21,22,21,20,20,23,24,23,23
-80,125,20,22,22,21,20,19,19,19,16,13,15,17,17,18,19,19,20,21,20,18,18,18,18,17,16,15,4,0,0,0,0,0,0,0,0,0,6,23,23,23,25,24,23,25,25,25,25,27,27,25,24,23,22,21,21,22,23,24,22,21,21,21,20
-79,125,20,25,25,24,23,23,22,21,18,14,17,21,21,20,19,19,19,20,20,19,17,17,17,17,16,14,3,0,0,0,0,0,0,0,0,0,6,25,26,28,28,28,27,29,30,30,29,30,31,30,30,30,28,27,26,26,26,26,26,24,24,27,27
-85,125,20,19,20,19,21,21,18,19,26,31,27,22,24,25,26,27,27,25,25,25,26,28,26,23,24,24,5,0,0,0,0,0,0,0,0,0,5,22,24,27,25,24,25,23,21,21,21,22,21,18,17,20,19,15,14,15,14,15,17,15,17,19,16
-80,125,20,20,22,22,21,20,19,20,16,12,16,20,20,20,21,23,24,22,20,20,19,18,19,19,17,17,4,0,0,0,0,0,0,0,0,0,5,19,19,20,21,22,21,21,22,23,23,23,22,21,20,21,20,20,21,21,21,20,20,21,22,23,22
-82,125,20,19,20,22,22,20,18,19,20,21,20,20,22,23,24,24,25,26,26,26,25,26,26,25,23,23,6,0,0,0,0,0,0,0,0,0,5,20,21,24,24,23,23,23,21,20,21,23,22,20,20,18,18,18,19,18,17,18,18,18,19,19,21
-82,125,20,20,19,20,20,18,19,19,21,25,22,20,18,18,18,18,18,19,18,17,16,16,17,14,14,13,2,0,0,0,0,0,0,0,0,0,6,25,26,26,26,27,26,26,26,26,25,26,25,24,23,21,20,20,20,19,19,20,19,18,21,21,20
-82,125,20,18,16,17,18,20,20,20,18,17,18,20,22,22,22,24,26,26,25,23,23,24,23,21,22,21,5,0,0,0,0,0,0,0,0,0,4,17,17,17,16,15,14,14,14,14,14,15,16,16,16,15,16,16,15,15,15,14,15,16,17,17,17
-79,125,20,25,24,23,22,21,20,21,18,15,18,19,18,18,18,17,15,16,15,14,15,14,13,13,12,9,2,0,0,0,0,0,0,0,0,0,5,24,24,25,26,27,28,29,28,28,28,29,29,26,26,26,26,26,25,25,25,24,26,25,23,23,26
-79,125,20,25,25,25,24,23,22,23,22,22,22,21,20,21,22,23,22,22,21,22,21,19,17,17,17,17,4,0,0,0,0,0,0,0,0,0,5,17,17,19,20,22,23,23,23,22,23,25,24,23,24,25,25,24,24,24,25,24,23,23,24,26,26
-80,125,20,19,20,21,18,18,19,20,21,26,24,22,22,22,23,24,25,25,24,22,20,20,21,20,19,18,4,0,0,0,0,0,0,0,0,0,4,18,19,20,22,22,21,21,21,21,22,23,21,19,18,18,18,19,20,20,19,19,20,22,21,21,23
-81,125,20,21,21,19,18,18,18,17,19,23,20,17,17,17,16,17,18,17,16,17,16,15,14,14,14,14,3,0,0,0,0,0,0,0,0,0,5,25,25,26,27,26,27,28,27,27,30,31,30,29,27,26,25,24,24,23,22,23,22,21,22,23,24
-78,125,20,21,20,20,21,19,18,18,16,14,15,17,17,18,17,18,17,17,15,15,16,16,15,15,14,13,3,0,0,0,0,0,0,0,0,0,5,21,22,23,25,25,25,25,25,25,26,27,27,27,25,23,22,22,21,22,21,21,21,21,22,22,21
-79,125,20,24,23,22,21,21,20,20,21,23,21,19,18,18,18,18,17,16,15,15,15,14,12,12,13,13,3,0,0,0,0,0,0,0,0,0,6,25,25,26,26,27,29,29,28,28,27,27,28,28,27,25,26,25,25,25,24,22,23,24,26,26,24
-83,125,20,17,15,13,13,14,13,11,8,6,9,14,12,10,11,12,13,12,12,12,14,14,14,15,14,12,2,0,0,0,0,0,0,0,0,0,7,29,29,30,31,30,31,34,33,30,29,29,28,29,27,26,28,26,22,20,20,21,23,21,21,21,20
-81,125,20,21,21,19,18,18,20,20,17,13,15,19,19,20,21,22,22,21,20,20,20,20,19,19,19,19,4,0,0,0,0,0,0,0,0,0,5,20,22,22,23,22,22,22,23,24,24,25,25,25,23,20,20,19,19,19,20,20,19,19,21,21,21
-83,125,20,15,14,13,14,16,15,14,16,17,15,15,17,17,16,17,19,20,19,18,20,18,17,15,17,19,5,0,0,0,0,0,0,0,0,0,5,23,23,24,24,24,25,26,25,22,22,24,23,22,21,21,19,18,18,19,18,16,15,16,17,16,15
-80,125,20,24,22,21,21,19,18,20,22,24,24,22,23,22,21,21,20,20,21,20,20,18,16,15,16,16,4,0,0,0,0,0,0,0,0,0,6,23,24,25,24,25,26,26,25,25,23,24,25,24,23,22,22,21,21,20,20,20,20,20,20,22,24
-82,125,20,20,20,21,21,21,20,19,25,29,25,22,23,24,24,25,25,24,24,23,24,24,23,22,21,21,5,0,0,0,0,0,0,0,0,0,5,20,21,22,22,21,21,22,21,21,22,22,23,21,20,20,20,20,20,19,18,18,19,19,18,18,21
-82,125,20,21,22,21,19,18,19,18,21,25,21,20,22,21,18,17,18,19,18,19,18,17,17,16,17,18,4,0,0,0,0,0,0,0,0,0,5,23,25,25,27,28,27,26,25,25,25,25,25,24,23,23,23,21,20,20,21,22,21,20,21,22,24
-80,125,20,23,22,22,22,21,19,17,21,24,19,16,16,16,16,16,16,17,15,13,13,13,13,13,12,12,4,0,0,0,0,0,0,0,0,0,6,24,24,25,26,26,26,27,27,27,27,28,29,26,25,24,25,26,25,25,26,25,24,24,24,25,25
-81,125,20,19,21,20,19,19,20,20,23,26,23,21,22,24,24,23,24,24,25,26,24,22,22,23,23,22,5,0,0,0,0,0,0,0,0,0,5,21,21,20,20,20,22,22,23,22,21,21,22,21,20,19,19,19,21,21,20,19,19,20,21,20,18
-83,125,20,21,21,21,21,22,24,24,21,21,22,23,24,26,28,30,31,28,27,27,27,25,24,24,23,22,5,0,0,0,0,0,0,0,0,0,4,19,19,18,18,18,18,18,19,18,17,18,17,15,14,15,14,14,14,13,13,14,15,17,18,18,18
-82,125,20,22,22,19,18,21,23,23,20,18,20,23,24,25,24,24,23,24,25,26,24,23,23,24,23,22,5,0,0,0,0,0,0,0,0,0,5,17,19,20,19,19,20,20,19,19,19,20,20,19,19,19,20,18,15,15,17,18,19,20,20,21,24
-79,125,20,20,19,18,17,17,17,17,18,20,18,15,13,13,14,13,13,13,12,12,10,10,10,12,10,10,2,0,0,0,0,0,0,0,0,0,4,19,22,22,22,24,24,24,25,25,24,24,23,24,23,23,23,23,22,21,20,22,22,22,22,22,22
-83,125,20,19,19,19,20,18,18,17,19,25,23,19,17,18,19,20,19,19,19,19,19,19,19,19,19,17,4,0,0,0,0,0,0,0,0,0,5,20,22,23,23,22,22,23,21,21,22,22,21,20,19,18,20,18,15,16,17,17,17,16,16,17,18
-80,125,20,22,21,20,20,21,21,21,20,18,18,21,22,23,22,22,22,23,23,23,22,21,20,20,20,20,5,0,0,0,0,0,0,0,0,0,5,20,21,21,22,22,23,24,22,22,24,24,24,23,22,21,21,21,20,20,19,19,18,19,21,22,22
-79,125,20,23,23,22,21,22,23,22,20,20,21,22,23,23,22,23,23,23,22,21,20,19,20,20,19,18,4,0,0,0,0,0,0,0,0,0,4,19,19,20,20,20,20,19,20,22,23,23,21,21,21,21,21,21,20,20,19,20,21,21,19,19,19
-84,125,20,19,18,16,14,15,16,18,22,22,18,17,19,20,20,23,24,23,21,21,21,20,20,20,20,22,6,0,0,0,0,0,0,0,0,0,5,19,19,21,21,20,19,19,20,21,21,21,18,18,20,19,18,18,17,16,16,16,15,15,13,14,14
-81,125,20,17,16,16,16,14,14,15,20,24,19,15,16,17,17,17,17,17,18,17,17,16,16,17,16,15,3,0,0,0,0,0,0,0,0,0,4,20,23,24,23,24,24,24,26,25,25,25,24,24,24,24,23,22,20,19,20,21,20,20,20,21,21
-84,125,20,12,11,9,7,7,7,8,5,2,2,7,7,9,11,12,11,10,11,12,14,15,15,14,13,12,3,0,0,0,0,0,0,0,0,0,8,32,30,31,33,34,33,33,32,33,33,33,33,31,28,26,24,24,24,25,25,23,20,19,20,18,16
-82,125,20,18,19,17,17,19,19,18,21,23,19,17,18,18,20,23,24,23,22,22,22,21,21,22,21,21,5,0,0,0,0,0,0,0,0,0,5,21,20,20,22,23,22,22,21,21,22,23,22,18,18,18,16,14,14,15,17,17,16,17,17,17,17
-79,125,20,26,25,25,27,27,27,27,29,32,28,24,24,26,27,27,25,23,22,21,19,19,19,18,16,16,4,0,0,0,0,0,0,0,0,0,5,21,22,23,23,24,24,25,25,26,25,26,26,25,24,25,27,24,23,23,25,25,26,26,25,25,26
-81,125,20,22,21,22,22,22,22,21,24,29,26,22,22,23,24,24,25,25,25,22,22,21,21,20,19,18,4,0,0,0,0,0,0,0,0,0,6,22,23,25,25,24,24,23,22,23,25,26,24,22,21,21,20,18,20,21,21,21,23,23,23,22,21
-79,125,20,24,23,22,22,23,21,20,23,26,23,20,20,20,20,19,19,18,18,18,18,17,15,14,14,13,4,0,0,0,0,0,0,0,0,0,6,21,22,24,25,25,25,25,25,26,27,29,30,28,26,26,26,26,25,24,24,24,25,25,25,24,26
-82,125,20,23,21,21,22,24,24,23,29,34,27,23,24,24,25,24,24,25,23,22,23,22,21,20,20,19,5,0,0,0,0,0,0,0,0,0,6,21,22,22,21,22,21,21,23,22,22,23,22,21,21,21,21,20,21,22,22,23,21,18,20,22,22
-81,125,20,25,25,24,25,24,24,25,21,17,21,25,23,25,27,26,25,26,26,25,23,22,22,24,24,22,5,0,0,0,0,0,0,0,0,0,5,18,18,20,21,21,22,22,21,19,20,21,21,22,23,22,21,20,20,21,22,21,19,20,23,24,22
-83,125,20,20,19,19,18,16,14,14,16,16,13,11,10,11,13,13,11,10,11,11,10,11,11,11,10,11,2,0,0,0,0,0,0,0,0,0,5,25,25,26,26,27,27,27,26,27,28,28,28,26,25,26,25,21,21,20,20,20,21,23,21,21,22
-82,125,20,20,17,17,18,17,17,15,16,19,16,15,14,13,15,14,12,11,11,11,11,10,10,11,9,9,2,0,0,0,0,0,0,0,0,0,5,23,24,26,28,29,30,29,30,29,30,30,30,27,25,24,26,27,26,25,22,21,22,22,23,23,24
-79,125,20,19,21,20,20,19,18,19,20,20,17,17,18,18,19,18,17,17,16,17,17,16,15,15,15,15,3,0,0,0,0,0,0,0,0,0,5,21,23,24,22,23,26,27,27,27,28,28,27,26,25,25,24,22,22,22,21,22,23,24,24,24,22
-81,125,20,20,20,20,19,18,18,18,20,24,22,19,18,19,19,19,19,20,21,20,20,19,17,16,15,15,3,0,0,0,0,0,0,0,0,0,3,15,17,18,20,20,20,19,19,19,20,21,21,20,20,20,20,19,19,19,20,21,21,21,22,22,22
-82,125,20,24,23,22,22,24,25,23,18,17,23,26,24,25,27,27,28,28,29,29,27,25,24,22,22,22,5,0,0,0,0,0,0,0,0,0,5,20,19,19,20,21,21,21,21,21,21,20,20,20,19,18,18,19,20,20,20,20,18,16,17,19,20
-79,125,20,24,22,22,22,22,22,22,24,25,23,20,20,21,21,21,20,19,18,18,18,17,15,15,14,13,3,0,0,0,0,0,0,0,0,0,5,17,19,19,19,20,21,22,22,22,23,24,24,23,22,22,21,22,22,21,21,22,23,23,23,25,27
-82,125,20,25,23,21,24,25,25,25,28,31,27,24,25,25,25,26,28,28,26,25,25,25,25,25,26,25,6,0,0,0,0,0,0,0,0,0,7,25,25,26,28,26,26,27,28,28,28,27,27,27,24,24,25,23,21,21,23,23,20,20,23,25,23
-78,125,20,24,23,23,23,21,21,20,21,24,20,16,17,17,17,17,17,17,15,13,13,13,12,10,10,10,3,0,0,0,0,0,0,0,0,0,5,22,23,25,25,25,25,26,27,28,28,29,28,28,28,27,25,23,23,25,25,23,24,25,25,25,25
-81,125,20,20,19,19,21,21,19,20,24,29,25,21,20,22,25,25,22,20,19,19,20,19,19,19,17,17,4,0,0,0,0,0,0,0,0,0,5,18,18,18,20,21,21,21,21,21,21,22,22,21,21,21,21,22,20,18,17,16,15,15,18,18,19
-83,125,20,17,16,12,12,15,16,17,14,11,17,21,19,20,22,22,22,21,22,24,25,25,23,24,25,24,6,0,0,0,0,0,0,0,0,0,7,29,29,30,28,27,26,26,28,28,28,28,27,25,24,25,24,21,18,17,17,18,18,17,16,16,14
-85,125,20,14,16,19,17,15,15,18,16,15,16,19,19,21,22,21,22,24,24,23,24,24,25,24,24,22,6,0,0,0,0,0,0,0,0,0,6,23,23,22,23,23,22,21,21,22,21,19,21,20,17,16,17,15,15,15,15,14,15,16,15,16,21
-82,125,20,23,23,20,20,21,23,22,26,31,25,19,21,22,22,23,22,21,20,19,20,20,19,19,20,20,5,0,0,0,0,0,0,0,0,0,6,24,24,25,25,26,26,26,26,25,25,26,26,28,28,26,23,22,24,24,22,21,21,21,22,22,21
-82,125,20,22,22,18,17,17,18,18,17,17,17,16,16,17,17,18,20,19,19,20,18,18,18,17,18,19,5,0,0,0,0,0,0,0,0,0,6,24,23,24,26,26,26,27,27,26,26,27,27,25,23,22,22,21,19,18,20,19,19,19,18,17,18
-78,125,20,29,28,27,27,26,26,26,27,28,26,24,24,25,26,25,24,24,23,22,22,22,20,19,19,19,5,0,0,0,0,0,0,0,0,0,4,13,13,14,14,14,15,16,17,18,20,21,22,22,22,22,22,23,22,22,23,23,25,26,26,26,25
-84,125,20,20,19,18,17,17,17,18,24,29,24,18,19,19,20,22,23,22,20,17,16,17,18,16,15,15,3,0,0,0,0,0,0,0,0,0,5,20,20,19,19,20,20,21,21,20,21,21,20,18,18,20,19,17,15,17,18,18,18,17,17,18,18
-80,125,20,25,25,25,24,24,24,22,24,27,24,20,20,21,20,21,21,21,21,19,17,16,15,14,13,13,3,0,0,0,0,0,0,0,0,0,5,18,18,19,20,21,23,23,24,24,24,24,25,25,24,24,25,24,23,24,23,23,22,22,25,27,27
-77,125,20,25,25,23,22,22,22,20,18,18,20,22,21,21,21,21,21,19,18,17,16,16,16,15,15,14,3,0,0,0,0,0,0,0,0,0,4,20,19,20,21,22,22,22,22,22,22,23,24,24,23,23,23,23,22,22,22,23,24,24,25,26,24
-82,125,20,21,20,20,19,17,16,16,17,18,18,18,16,16,17,17,16,16,14,14,13,12,13,13,13,13,3,0,0,0,0,0,0,0,0,0,5,23,24,25,24,26,28,28,27,26,27,30,30,28,25,24,24,24,23,21,21,20,22,22,21,20,21
-77,125,20,26,26,26,25,25,25,25,27,30,28,26,26,27,26,25,26,25,25,24,23,22,21,23,21,20,5,0,0,0,0,0,0,0,0,0,1,7,8,10,11,11,12,14,15,15,16,17,17,18,19,20,21,21,20,21,22,22,23,24,25,26,26
-83,125,20,17,17,19,18,18,18,18,15,14,17,21,18,17,17,20,23,24,23,22,20,20,21,22,22,20,4,0,0,0,0,0,0,0,0,0,7,26,25,27,29,29,29,28,26,26,27,28,27,28,27,23,23,23,22,20,21,22,20,20,19,19,20
-83,125,20,15,13,14,16,16,15,14,18,23,19,17,18,20,21,22,22,21,21,20,20,21,21,21,21,21,4,0,0,0,0,0,0,0,0,0,8,31,31,32,32,32,30,29,29,27,26,26,27,27,24,21,20,19,16,16,16,15,15,15,17,16,16
-81,125,20,26,25,25,25,24,25,23,23,27,26,22,22,24,24,24,23,22,21,23,23,22,21,19,17,17,5,0,0,0,0,0,0,0,0,0,3,13,16,16,15,17,18,18,18,18,19,21,22,22,20,20,20,22,22,22,23,24,22,24,24,24,25
-82,125,20,23,21,21,21,20,21,23,25,27,25,23,22,22,23,24,24,24,25,25,23,20,20,20,19,18,5,0,0,0,0,0,0,0,0,0,6,25,24,25,25,24,24,25,24,22,23,24,24,24,22,20,22,22,20,22,22,21,21,21,21,23,24
-81,125,20,21,18,18,18,17,19,20,18,18,18,19,20,20,20,19,18,19,20,20,18,16,16,15,15,14,3,0,0,0,0,0,0,0,0,0,4,22,24,25,25,25,25,25,26,27,28,30,31,28,24,23,24,24,24,25,24,23,22,19,19,20,21
-84,125,20,18,15,16,19,19,19,20,17,14,14,19,20,19,18,15,17,17,17,17,17,17,15,12,14,17,3,0,0,0,0,0,0,0,0,0,5,27,29,29,30,30,28,28,29,30,29,26,26,25,25,24,24,23,21,20,20,20,18,19,22,25,25
-81,125,20,24,23,21,21,20,20,21,17,14,17,20,20,21,21,19,19,21,19,18,18,17,16,17,18,18,4,0,0,0,0,0,0,0,0,0,5,24,25,26,26,25,26,28,28,26,24,26,27,25,25,25,25,24,23,24,23,23,22,20,20,20,22
-81,125,20,25,25,23,23,24,23,21,18,16,17,18,17,20,21,19,19,20,20,19,18,16,14,13,14,14,4,0,0,0,0,0,0,0,0,0,6,23,24,25,26,26,27,29,31,30,29,28,29,31,31,30,29,29,26,26,26,27,26,25,26,27,27
-81,125,20,22,22,24,25,24,25,25,25,26,25,24,25,25,26,27,28,27,26,24,24,24,23,23,22,21,6,0,0,0,0,0,0,0,0,0,4,16,16,17,17,17,16,18,18,17,18,17,17,16,16,16,18,17,16,17,17,17,20,19,18,19,21
-83,125,20,26,26,26,26,27,25,22,24,29,25,23,24,22,22,24,24,25,23,21,20,19,21,22,19,16,5,0,0,0,0,0,0,0,0,0,5,20,24,25,24,23,24,25,25,25,26,25,23,24,27,26,25,26,25,23,23,24,22,20,21,25,29
-82,125,20,22,24,26,25,24,24,25,29,32,29,25,26,27,27,28,27,27,27,27,28,26,25,24,23,23,6,0,0,0,0,0,0,0,0,0,4,18,18,18,18,17,18,17,19,20,18,18,20,20,18,18,18,18,19,19,21,21,21,22,22,20,19
-79,125,20,25,26,25,24,23,24,24,23,23,25,26,25,25,25,25,26,25,23,23,23,23,22,21,19,17,4,0,0,0,0,0,0,0,0,0,4,17,17,17,18,18,18,19,20,20,22,23,22,20,20,21,22,22,22,23,22,22,24,24,23,24,24
-82,125,20,8,7,10,11,11,10,9,7,7,8,11,12,13,14,16,17,19,19,19,19,20,20,19,19,19,5,0,0,0,0,0,0,0,0,0,9,32,31,31,32,32,33,33,33,32,31,31,30,28,24,22,22,21,19,18,17,16,15,14,13,13,14
-83,125,20,23,19,20,24,25,22,20,25,30,26,23,23,22,24,25,25,25,25,26,25,23,22,21,21,22,5,0,0,0,0,0,0,0,0,0,5,19,18,17,18,18,18,18,18,19,19,19,19,16,14,13,15,17,16,18,18,18,18,19,21,22,21
-81,125,20,22,21,20,20,19,18,16,13,10,15,19,19,20,20,20,20,20,21,21,19,18,19,18,17,15,3,0,0,0,0,0,0,0,0,0,4,20,20,21,22,21,21,21,23,24,25,25,24,22,21,22,23,23,23,21,20,21,23,22,23,22,21
-81,125,20,24,23,22,20,18,18,20,25,29,24,21,21,21,21,21,21,21,20,21,22,20,19,17,16,16,4,0,0,0,0,0,0,0,0,0,5,19,19,20,21,21,22,23,22,22,23,23,22,23,23,22,22,22,22,23,21,22,22,20,21,23,23
-81,125,20,22,22,23,23,22,21,18,16,15,19,21,18,18,18,18,18,19,19,18,17,16,14,13,11,10,3,0,0,0,0,0,0,0,0,0,7,25,27,28,29,29,28,29,29,27,27,28,29,27,28,28,26,26,26,26,24,22,22,24,26,25,24
-78,125,20,24,24,22,21,21,21,20,17,15,17,19,17,18,18,18,18,19,19,16,15,14,15,15,13,14,3,0,0,0,0,0,0,0,0,0,5,20,20,21,23,24,24,23,24,25,25,24,24,24,23,21,21,22,22,22,22,23,23,23,23,23,22
-84,125,20,17,20,21,23,24,21,21,19,16,21,25,24,23,23,24,24,23,24,26,24,22,21,22,23,25,6,0,0,0,0,0,0,0,0,0,5,22,23,23,23,23,22,23,21,21,21,23,23,22,20,20,21,21,21,22,21,20,17,18,24,23,19
-80,125,20,25,25,25,23,22,23,20,22,26,22,17,15,15,16,16,16,16,16,14,14,14,13,11,11,11,2,0,0,0,0,0,0,0,0,0,6,24,26,28,28,27,28,29,29,30,30,30,29,29,26,26,27,26,24,25,27,27,27,26,27,27,26
-82,125,20,20,22,23,21,20,19,17,23,29,26,20,20,20,20,21,21,20,18,18,18,19,18,17,18,18,5,0,0,0,0,0,0,0,0,0,5,20,22,22,21,23,24,23,23,23,24,25,25,23,22,21,21,20,20,20,20,20,20,19,19,20,21
-84,125,20,14,14,14,14,13,13,14,11,7,12,18,16,15,18,20,22,21,21,22,22,23,20,19,17,18,4,0,0,0,0,0,0,0,0,0,7,27,26,25,25,27,27,26,26,24,22,20,20,19,19,19,18,16,13,12,13,12,11,12,13,11,11
-84,125,20,10,12,13,13,13,13,16,17,19,18,16,14,17,21,21,20,22,24,24,24,22,21,22,23,20,4,0,0,0,0,0,0,0,0,0,6,27,29,29,28,27,27,26,24,24,23,22,23,22,19,18,17,15,13,13,13,13,12,11,10,11,12
-83,125,20,18,18,17,18,17,18,20,23,26,23,20,19,18,20,21,23,23,25,24,24,22,20,20,21,22,6,0,0,0,0,0,0,0,0,0,6,25,25,27,28,28,28,26,25,24,24,25,24,25,24,22,22,19,17,19,20,20,22,22,18,18,20
-82,125,20,19,20,19,18,19,20,20,16,13,18,22,20,21,22,22,22,23,22,20,19,20,19,18,19,19,4,0,0,0,0,0,0,0,0,0,4,18,18,19,19,19,19,20,20,19,18,19,20,19,17,17,16,17,18,16,17,18,18,17,17,20,21
-84,125,20,17,16,15,15,16,16,17,18,19,18,18,17,18,20,23,22,19,19,21,22,24,21,21,21,20,4,0,0,0,0,0,0,0,0,0,5,20,23,23,22,22,22,22,22,21,21,23,21,18,17,17,19,19,16,14,15,17,17,15,16,16,16
-80,125,20,23,22,22,22,20,20,19,18,21,20,18,17,19,20,20,20,19,18,19,19,18,17,17,17,16,4,0,0,0,0,0,0,0,0,0,6,24,25,26,27,26,27,28,28,27,27,28,27,26,26,26,26,25,24,23,24,24,23,23,24,24,25
-82,125,20,22,21,19,21,21,19,20,16,11,18,22,21,23,25,26,26,25,24,23,23,23,21,21,22,21,5,0,0,0,0,0,0,0,0,0,6,22,22,22,23,24,25,25,24,23,22,24,25,25,25,23,22,22,21,20,19,18,17,16,20,22,21
-82,125,20,18,18,19,18,19,18,18,13,9,12,14,14,15,15,14,14,14,12,12,11,11,10,10,11,10,3,0,0,0,0,0,0,0,0,0,7,26,28,30,30,30,29,29,29,30,31,32,31,30,28,27,26,25,22,22,22,21,22,23,23,22,21
-80,125,20,25,23,21,23,23,23,22,18,14,17,22,23,23,24,22,21,23,24,24,22,21,20,19,18,18,5,0,0,0,0,0,0,0,0,0,5,19,19,20,21,22,22,21,22,23,23,24,24,22,21,21,23,23,21,20,22,23,22,21,22,24,24
-80,125,20,23,23,24,23,21,21,23,18,14,19,23,24,24,24,25,25,24,24,24,23,21,20,20,20,19,5,0,0,0,0,0,0,0,0,0,6,22,22,23,25,26,25,25,25,26,26,26,26,25,23,22,23,23,22,22,22,22,21,21,23,25,25
-82,125,20,20,20,21,22,21,20,20,22,26,24,19,19,19,20,21,19,18,18,19,18,16,17,18,15,13,3,0,0,0,0,0,0,0,0,0,4,18,19,20,21,21,21,21,21,23,22,22,21,20,19,19,19,19,19,18,19,18,18,20,21,21,21
-80,125,20,26,26,26,24,22,21,23,28,32,28,22,21,21,23,24,24,24,22,22,23,21,20,19,18,17,5,0,0,0,0,0,0,0,0,0,3,14,14,15,16,17,18,18,18,18,18,20,21,21,21,22,21,21,22,23,23,23,24,25,25,25,26
-79,125,20,23,23,23,23,23,23,22,22,25,23,22,22,21,21,21,21,22,22,20,18,17,18,19,18,17,4,0,0,0,0,0,0,0,0,0,4,18,19,21,21,21,23,23,24,24,25,25,25,25,24,24,25,24,23,23,24,24,24,25,25,25,24
-83,125,20,19,18,18,19,20,20,20,22,28,26,21,20,20,21,22,22,23,24,21,21,21,21,20,18,17,4,0,0,0,0,0,0,0,0,0,5,21,21,21,21,22,23,23,21,22,22,23,24,22,21,19,18,17,17,17,19,18,16,15,17,18,18
-84,125,20,16,17,18,19,18,18,17,14,13,18,22,20,19,20,21,22,23,24,23,21,21,21,20,21,20,5,0,0,0,0,0,0,0,0,0,5,21,25,25,25,26,27,26,25,24,23,23,24,23,21,20,19,20,20,19,19,18,18,17,18,19,19
-79,125,20,21,22,22,22,21,20,20,22,26,25,21,21,21,21,22,22,22,21,21,21,20,20,19,19,18,5,0,0,0,0,0,0,0,0,0,6,21,21,22,24,25,25,26,25,23,24,25,26,25,23,23,23,23,22,21,21,20,20,21,22,22,21
-79,125,20,23,22,22,22,23,22,20,20,22,21,21,20,19,19,19,21,21,20,19,19,19,18,17,16,16,4,0,0,0,0,0,0,0,0,0,5,20,20,21,21,21,23,24,23,23,24,24,25,24,22,23,23,20,20,21,21,21,22,23,23,23,22
-81,125,20,20,19,19,18,18,19,18,18,21,18,16,16,18,19,19,18,17,17,17,15,15,16,16,17,17,5,0,0,0,0,0,0,0,0,0,6,21,22,24,24,24,25,25,24,26,24,21,23,23,22,21,21,22,20,21,21,20,19,19,20,22,22
-83,125,20,23,23,21,19,18,21,20,21,24,22,19,17,17,18,19,20,20,20,19,17,16,15,15,15,16,5,0,0,0,0,0,0,0,0,0,5,22,22,24,24,24,23,24,26,27,25,26,27,27,25,24,25,25,22,21,22,23,22,22,23,24,23
-79,125,20,22,22,20,19,17,16,17,18,20,17,15,16,16,15,15,15,15,13,12,12,12,11,10,10,9,3,0,0,0,0,0,0,0,0,0,5,20,21,24,24,24,25,26,25,25,26,28,29,26,25,25,24,23,24,24,23,24,24,22,21,23,25
-79,125,20,25,26,24,22,22,22,19,20,25,23,20,20,19,18,18,18,18,17,17,16,14,13,13,12,12,3,0,0,0,0,0,0,0,0,0,6,23,22,22,25,25,25,25,25,25,26,27,27,25,24,24,24,25,25,25,23,23,26,25,24,25,25
-80,125,20,23,20,19,19,18,18,20,21,23,22,22,23,23,21,23,24,24,24,25,25,24,23,22,22,23,6,0,0,0,0,0,0,0,0,0,5,23,25,24,26,28,29,27,25,24,25,26,26,25,24,21,20,19,18,17,17,19,20,20,20,19,19
-79,125,20,25,23,23,25,25,22,21,19,17,21,22,22,23,23,23,22,21,21,20,20,18,18,19,19,18,4,0,0,0,0,0,0,0,0,0,5,20,22,23,25,26,26,26,27,27,27,27,26,25,25,24,24,24,24,25,25,26,26,25,24,25,25
-77,125,20,25,25,25,24,24,24,25,27,28,27,24,23,24,24,23,23,24,24,22,21,20,19,19,17,17,4,0,0,0,0,0,0,0,0,0,3,14,14,14,14,15,16,17,18,19,18,20,20,20,19,21,21,21,21,22,23,22,21,23,24,23,23
-77,125,20,24,24,23,21,21,21,21,23,25,25,24,24,23,21,21,20,19,20,20,19,18,16,15,15,17,4,0,0,0,0,0,0,0,0,0,3,16,17,18,20,21,21,21,22,22,23,25,23,24,25,23,23,22,21,21,24,24,24,23,24,26,29
-82,125,20,20,20,19,19,19,22,22,27,29,22,17,19,20,20,20,19,19,19,17,14,16,17,17,14,13,3,0,0,0,0,0,0,0,0,0,7,28,28,30,31,29,29,30,30,29,30,30,29,29,28,26,25,24,23,23,21,21,21,19,20,23,22
-82,125,20,23,22,22,23,24,25,25,21,19,21,24,23,23,24,25,24,24,24,23,22,21,21,21,20,19,4,0,0,0,0,0,0,0,0,0,4,17,17,18,17,18,21,21,21,23,24,25,24,21,21,22,22,21,21,22,22,22,23,24,25,24,23
-82,125,20,27,23,20,19,20,21,20,16,11,16,21,21,21,22,22,21,21,22,21,20,20,19,20,20,18,5,0,0,0,0,0,0,0,0,0,7,25,25,27,29,28,25,24,25,27,27,28,28,26,24,23,23,23,24,24,23,21,22,24,24,23,20
-80,125,20,21,22,23,22,19,19,21,17,12,15,18,18,19,19,18,17,17,16,14,13,12,12,12,12,10,3,0,0,0,0,0,0,0,0,0,7,25,25,26,27,28,28,29,28,28,29,31,31,30,27,25,25,25,24,24,27,27,26,25,26,26,25
-81,125,20,24,24,24,23,21,22,21,18,15,16,17,18,18,18,18,18,18,15,14,14,13,12,11,11,12,2,0,0,0,0,0,0,0,0,0,5,25,26,27,27,29,29,31,31,30,30,29,28,29,29,28,29,27,24,23,24,24,24,23,23,24,23
-77,125,20,27,27,27,26,26,26,26,28,31,28,25,25,26,27,27,26,24,24,23,22,21,20,20,20,20,4,0,0,0,0,0,0,0,0,0,1,6,7,8,10,10,10,11,13,15,16,17,17,17,19,19,20,20,20,21,21,23,25,25,25,27,26
-77,125,20,27,27,26,25,26,25,25,25,25,25,24,24,24,24,23,23,22,21,20,20,19,17,17,16,17,5,0,0,0,0,0,0,0,0,0,5,21,23,23,22,23,25,25,25,24,24,26,26,25,25,25,26,26,24,24,24,24,24,24,26,28,29
-80,125,20,22,23,23,22,22,21,19,21,24,21,17,17,17,17,18,19,18,17,17,16,15,16,15,14,14,4,0,0,0,0,0,0,0,0,0,6,24,24,23,25,26,26,26,26,26,26,27,27,25,24,26,26,25,22,22,21,21,23,24,23,22,24
-81,125,20,24,23,20,19,21,24,24,27,30,27,25,27,28,27,28,29,29,29,28,28,26,26,26,25,24,6,0,0,0,0,0,0,0,0,0,4,17,17,18,18,19,19,18,16,17,19,19,18,18,16,16,16,15,14,16,16,15,18,19,18,19,23
-78,125,20,25,25,24,25,24,23,22,22,23,23,22,21,21,21,22,21,20,20,21,21,20,18,17,17,17,4,0,0,0,0,0,0,0,0,0,3,14,15,17,19,20,20,21,21,22,24,24,23,23,21,21,23,23,21,22,25,25,25,25,25,24,23
-79,125,20,23,23,24,22,22,22,21,24,27,24,21,21,21,20,21,21,20,21,20,19,18,18,18,17,14,4,0,0,0,0,0,0,0,0,0,5,17,18,19,20,19,20,21,21,22,22,23,24,24,23,23,23,23,21,20,21,22,22,23,24,24,25
-82,125,20,21,19,21,23,25,26,24,21,19,22,25,24,23,24,25,26,25,24,23,22,21,21,21,21,22,5,0,0,0,0,0,0,0,0,0,4,15,14,15,17,16,15,16,17,17,15,16,18,18,17,16,15,15,15,15,16,16,18,20,19,17,14
-80,125,20,19,20,21,19,18,18,18,23,26,22,18,17,17,19,19,20,20,20,19,18,16,16,17,16,15,3,0,0,0,0,0,0,0,0,0,5,19,20,20,21,22,23,24,24,23,24,25,25,24,23,22,21,21,21,20,19,19,18,18,18,18,19
-82,125,20,21,21,22,20,18,19,20,22,22,17,16,17,18,18,17,18,17,17,15,14,13,13,12,11,12,3,0,0,0,0,0,0,0,0,0,6,25,24,25,26,26,26,27,27,26,26,26,26,26,26,24,24,24,23,23,21,20,21,19,19,20,19
-81,125,20,27,26,25,25,24,23,24,26,27,27,24,22,22,25,26,25,25,23,22,23,21,20,19,18,18,5,0,0,0,0,0,0,0,0,0,5,16,18,19,20,21,22,23,23,22,23,23,22,23,23,23,22,22,22,23,22,23,24,25,24,26,29
-80,125,20,20,21,21,22,21,19,18,17,16,16,18,16,16,16,17,18,17,17,16,15,14,12,12,13,14,4,0,0,0,0,0,0,0,0,0,6,25,24,24,25,26,26,26,27,27,26,25,26,26,25,24,24,23,22,22,22,21,21,23,23,23,22
-84,125,20,11,10,14,15,13,12,12,12,16,17,16,15,13,12,14,15,15,16,16,16,14,13,15,15,16,3,0,0,0,0,0,0,0,0,0,7,30,30,30,32,32,30,29,28,28,29,30,29,27,24,19,18,17,18,19,18,17,17,19,17,14,12
-81,125,20,19,20,20,18,17,17,16,13,12,13,15,16,17,17,17,16,15,14,14,14,13,12,12,12,13,3,0,0,0,0,0,0,0,0,0,5,21,22,23,24,23,25,26,26,26,28,26,24,24,25,23,22,21,22,23,21,21,20,20,20,20,20
-81,125,20,25,25,25,22,22,22,23,25,27,26,26,24,25,26,26,26,26,26,27,25,23,23,21,21,21,6,0,0,0,0,0,0,0,0,0,5,19,20,21,21,21,21,21,21,21,20,21,22,19,19,21,21,19,18,19,19,19,22,24,23,24,23
-83,125,20,19,18,18,18,19,18,18,24,30,25,21,22,24,25,27,29,27,26,26,25,24,25,26,25,24,6,0,0,0,0,0,0,0,0,0,6,24,24,23,22,20,20,22,21,21,22,23,21,18,18,18,16,16,17,16,16,16,15,16,18,18,17
-84,125,20,12,12,10,10,11,13,14,20,26,23,20,20,19,19,20,23,27,29,26,25,25,25,24,24,24,6,0,0,0,0,0,0,0,0,0,7,30,30,30,30,30,30,29,28,27,28,26,24,23,22,19,17,16,14,14,12,11,11,13,14,14,12
-81,125,20,23,22,18,18,21,23,22,27,32,28,24,27,27,27,28,27,27,27,27,25,22,21,22,21,20,4,0,0,0,0,0,0,0,0,0,3,13,14,16,17,17,16,15,16,16,17,18,18,17,16,16,17,16,17,15,15,15,18,19,19,18,20
-80,125,20,22,21,21,21,20,20,20,21,22,21,20,21,21,23,24,25,25,24,22,22,23,23,23,23,22,5,0,0,0,0,0,0,0,0,0,5,22,23,23,24,24,24,24,24,24,25,26,26,25,23,23,23,22,21,20,20,18,19,21,21,21,18
-83,125,20,21,21,19,19,20,20,21,25,30,25,19,21,22,22,21,21,20,21,21,21,20,18,17,20,22,6,0,0,0,0,0,0,0,0,0,6,25,25,25,25,25,27,28,27,25,26,28,28,26,25,24,22,20,20,22,22,21,19,17,19,21,22
-81,125,20,19,18,19,20,20,19,19,18,17,15,17,18,18,19,18,18,19,18,16,16,16,16,16,16,16,4,0,0,0,0,0,0,0,0,0,5,23,24,24,25,26,26,25,25,25,25,25,24,25,23,22,22,21,20,20,19,19,20,20,20,21,18
-81,125,20,20,20,18,17,17,17,16,18,21,19,17,17,17,17,18,20,19,19,18,17,18,19,18,17,15,3,0,0,0,0,0,0,0,0,0,5,21,22,24,24,24,24,24,24,24,25,25,24,24,22,21,21,22,21,22,21,21,22,22,21,20,20
-84,125,20,17,16,15,16,15,16,18,14,11,15,19,17,18,20,22,21,20,22,23,22,21,20,19,19,19,5,0,0,0,0,0,0,0,0,0,5,21,22,23,23,24,23,23,24,23,23,22,21,21,21,21,21,18,14,14,14,15,17,17,17,18,20
-81,125,20,23,23,22,22,22,20,21,18,15,18,22,22,23,24,24,23,23,23,23,23,22,21,20,21,21,5,0,0,0,0,0,0,0,0,0,4,19,20,20,20,19,21,24,23,22,21,21,21,23,23,20,19,20,20,22,22,22,21,20,19,21,23
-79,125,20,24,23,23,23,22,22,21,18,15,18,19,18,17,16,16,15,14,13,13,12,11,10,10,9,9,2,0,0,0,0,0,0,0,0,0,6,24,23,24,24,25,25,26,26,26,26,28,28,27,25,25,27,27,25,24,24,24,24,24,25,27,27
-79,125,20,22,22,23,23,21,21,21,24,26,22,19,19,19,20,21,20,21,20,19,18,16,15,16,15,16,4,0,0,0,0,0,0,0,0,0,5,21,22,23,25,25,25,25,26,26,26,27,25,25,24,24,24,24,22,22,21,23,23,23,24,25,27
-82,125,20,22,21,20,19,20,21,19,22,27,23,17,18,19,18,18,18,17,18,17,16,17,18,18,17,17,5,0,0,0,0,0,0,0,0,0,7,25,25,26,26,26,27,27,27,28,28,27,25,25,25,23,22,22,21,22,22,23,23,22,23,23,22
-79,125,20,24,24,23,22,22,21,19,20,21,18,17,16,17,18,18,17,15,14,14,15,15,14,13,13,12,3,0,0,0,0,0,0,0,0,0,5,21,22,24,25,25,26,27,28,27,27,29,29,28,26,27,27,26,25,25,25,26,27,25,25,27,26
-83,125,20,22,23,23,24,24,23,22,19,21,21,23,25,25,26,28,27,24,23,25,25,22,22,22,24,26,7,0,0,0,0,0,0,0,0,0,6,20,19,19,20,20,19,20,21,22,22,21,21,19,17,18,18,18,17,18,20,21,21,21,21,21,22
-83,125,20,20,17,18,18,19,19,21,24,27,22,18,17,18,18,18,20,20,21,21,21,19,19,18,17,17,4,0,0,0,0,0,0,0,0,0,7,27,28,29,29,29,29,28,28,27,28,29,28,26,23,22,22,19,19,19,21,23,21,20,24,25,24
-78,125,20,27,28,26,26,25,23,21,23,27,25,20,20,20,19,20,19,20,19,18,17,16,14,13,12,12,2,0,0,0,0,0,0,0,0,0,5,24,25,26,28,27,28,29,28,28,29,29,30,29,29,28,29,29,27,28,28,27,27,27,27,29,32
-77,125,20,31,31,31,29,28,27,27,28,31,29,26,25,26,27,26,25,25,25,25,25,24,23,23,22,21,5,0,0,0,0,0,0,0,0,0,2,11,11,12,14,15,15,17,19,19,20,22,23,23,23,25,25,24,24,24,23,23,25,26,28,30,32
-80,125,20,28,26,25,24,24,24,22,26,32,27,21,21,21,22,23,22,21,21,20,19,19,18,16,14,14,4,0,0,0,0,0,0,0,0,0,5,19,19,18,19,20,22,23,22,22,23,23,23,23,23,22,23,23,24,24,23,23,25,24,23,24,27
-83,125,20,19,19,15,14,15,14,18,24,30,25,21,21,21,23,23,24,25,25,24,24,23,23,25,25,25,5,0,0,0,0,0,0,0,0,0,5,21,21,23,25,26,26,24,24,25,26,26,23,21,21,21,19,18,18,19,19,19,18,17,16,18,19
-83,125,20,23,24,24,21,22,23,24,26,30,28,25,28,30,30,30,30,28,27,26,28,28,27,25,25,26,6,0,0,0,0,0,0,0,0,0,5,17,16,17,19,17,16,16,16,17,18,18,17,17,16,16,15,14,15,17,18,16,13,14,17,17,17
-81,125,20,18,20,19,18,18,18,17,21,24,19,15,15,15,15,15,16,16,15,15,15,14,13,12,12,12,2,0,0,0,0,0,0,0,0,0,4,21,24,25,25,24,26,27,26,26,26,27,26,24,24,23,22,21,22,22,23,23,22,20,19,21,23
-81,125,20,19,20,17,17,18,20,19,21,25,23,19,19,20,21,21,20,21,21,21,20,20,21,20,18,18,4,0,0,0,0,0,0,0,0,0,5,20,20,21,23,23,24,24,23,22,22,23,23,21,20,22,21,20,18,18,17,18,19,18,18,18,17
-80,125,20,24,23,23,22,22,21,21,18,16,21,24,22,21,22,22,22,21,20,22,21,18,18,18,17,16,4,0,0,0,0,0,0,0,0,0,4,18,19,20,19,20,21,21,21,23,23,23,23,22,21,21,22,21,20,21,21,22,22,20,21,23,22
-79,125,20,23,25,23,22,23,22,21,24,28,26,22,21,21,21,21,21,21,19,19,19,19,19,18,17,18,5,0,0,0,0,0,0,0,0,0,5,21,24,26,25,25,27,27,26,26,27,26,26,26,26,25,23,23,23,25,26,25,24,23,22,23,23
-82,125,20,20,21,21,22,22,20,20,19,17,21,25,25,25,25,25,25,24,25,26,25,23,23,23,23,23,5,0,0,0,0,0,0,0,0,0,4,17,18,19,21,21,21,21,19,17,18,19,19,18,14,14,16,16,18,16,16,16,16,17,21,21,20
-79,125,20,24,23,23,23,23,23,23,23,25,24,23,24,25,25,24,23,23,23,22,21,21,22,21,19,18,5,0,0,0,0,0,0,0,0,0,2,7,6,7,8,10,11,12,12,13,15,17,18,17,17,18,19,20,18,19,22,22,22,21,22,22,22
-78,125,20,24,23,23,22,21,20,19,18,17,20,21,18,17,17,18,18,18,16,15,14,15,14,13,11,12,3,0,0,0,0,0,0,0,0,0,6,23,24,25,25,24,25,25,26,27,27,27,26,25,25,26,25,23,23,24,24,25,25,25,24,24,24
-82,125,20,21,20,19,19,21,21,20,15,11,13,17,17,19,20,22,22,22,21,21,21,21,21,21,20,19,4,0,0,0,0,0,0,0,0,0,6,25,26,25,26,25,25,26,26,25,25,25,25,25,22,21,21,20,20,18,18,19,18,19,20,19,14
-81,125,20,23,22,24,24,24,25,24,19,16,22,28,26,26,27,27,26,26,26,27,28,28,26,23,22,22,5,0,0,0,0,0,0,0,0,0,5,18,17,16,19,22,21,20,20,19,18,18,17,16,16,17,18,18,16,16,18,20,21,18,18,19,19
-80,125,20,20,18,20,22,22,23,22,27,30,25,22,23,25,24,25,26,26,28,29,29,27,27,29,28,27,7,0,0,0,0,0,0,0,0,0,7,26,25,25,26,26,26,26,25,26,26,26,24,22,23,23,22,21,21,19,19,19,19,20,22,21,20
-81,125,20,22,23,23,21,21,22,22,21,18,20,20,20,20,19,19,22,23,22,22,21,22,23,21,19,18,5,0,0,0,0,0,0,0,0,0,6,25,26,27,27,27,25,26,28,29,28,28,27,25,24,25,25,22,22,22,20,22,23,23,24,23,23
-84,125,20,12,10,8,10,11,13,14,16,19,18,16,16,18,19,20,22,23,24,25,24,23,22,21,20,20,5,0,0,0,0,0,0,0,0,0,8,33,33,32,30,30,30,30,29,25,24,27,25,23,20,17,16,15,14,15,13,11,10,10,11,10,8
-81,125,20,24,22,21,20,20,19,20,18,13,17,19,20,20,20,19,19,20,20,17,16,15,15,14,14,13,3,0,0,0,0,0,0,0,0,0,6,24,25,26,27,28,29,28,27,28,29,29,28,27,26,26,27,27,25,23,23,25,26,26,26,26,24
-77,125,20,27,27,25,24,23,22,21,20,19,20,21,21,21,21,20,20,20,19,17,16,15,16,16,15,13,4,0,0,0,0,0,0,0,0,0,5,22,23,24,25,24,25,26,26,25,25,26,27,27,25,25,27,26,24,25,25,25,25,25,26,27,26
-83,125,20,17,16,18,18,18,17,17,21,27,23,19,19,20,20,20,21,23,24,23,22,22,21,21,21,19,5,0,0,0,0,0,0,0,0,0,5,20,21,22,22,23,24,22,21,20,20,21,21,20,19,18,17,15,15,16,16,17,17,16,16,17,19
-83,125,20,23,19,17,18,21,22,22,28,32,27,25,26,26,25,28,29,29,28,27,25,25,26,26,25,22,5,0,0,0,0,0,0,0,0,0,3,17,18,18,18,19,20,21,21,21,20,18,17,17,16,14,14,14,12,13,16,17,16,15,17,19,18
-81,125,20,21,21,20,20,20,18,17,15,16,14,14,14,16,16,15,15,16,15,15,15,14,11,12,12,12,2,0,0,0,0,0,0,0,0,0,5,23,23,25,26,26,28,28,26,25,25,26,27,27,27,25,24,24,23,24,24,23,23,22,22,24,26
-80,125,20,27,27,27,26,26,27,28,28,28,28,27,26,27,27,26,26,27,26,24,23,23,22,20,19,19,5,0,0,0,0,0,0,0,0,0,4,13,13,15,16,17,17,18,18,19,21,22,23,23,22,22,22,22,23,23,23,26,25,24,25,27,26
-82,125,20,23,23,23,23,22,20,21,22,23,23,23,22,22,23,22,21,22,22,21,20,21,20,19,18,17,4,0,0,0,0,0,0,0,0,0,5,21,23,24,27,26,26,25,26,27,27,28,27,26,27,27,25,22,22,24,24,23,25,24,22,22,22
-83,125,20,24,20,20,20,19,18,18,14,9,12,17,16,16,16,16,18,18,17,16,16,14,14,15,15,14,4,0,0,0,0,0,0,0,0,0,7,26,26,27,28,29,29,30,28,28,28,31,31,29,26,26,25,24,24,25,25,24,23,23,23,23,23
-82,125,20,22,21,19,19,21,21,22,21,20,21,25,26,24,25,26,25,24,24,23,23,21,20,19,18,16,4,0,0,0,0,0,0,0,0,0,3,15,14,13,16,17,19,18,18,18,19,20,21,22,21,20,21,21,20,21,22,21,22,23,24,25,26
-82,125,20,22,22,21,22,23,21,22,20,16,19,21,22,23,23,25,25,25,23,23,22,20,19,19,19,19,4,0,0,0,0,0,0,0,0,0,3,17,18,17,18,18,20,21,20,20,20,21,21,20,19,20,21,21,17,17,17,19,18,15,17,21,22
-81,125,20,23,24,23,23,22,20,20,21,20,21,20,18,18,19,21,22,21,21,21,21,20,19,18,18,18,5,0,0,0,0,0,0,0,0,0,6,23,25,26,26,25,26,27,27,28,28,28,30,30,26,25,25,25,24,24,24,24,24,24,23,25,27
-79,125,20,23,23,24,23,22,21,20,17,15,17,18,17,17,18,19,18,18,18,17,14,14,13,13,12,12,2,0,0,0,0,0,0,0,0,0,5,20,21,22,24,24,24,25,27,27,27,28,30,28,26,24,23,24,24,24,24,24,24,25,25,25,26
-79,125,20,25,25,22,21,23,22,22,24,27,24,20,21,19,18,19,18,18,18,18,16,15,14,13,12,13,3,0,0,0,0,0,0,0,0,0,5,21,22,23,24,25,26,27,27,26,27,27,27,28,26,23,24,24,24,24,24,24,26,26,25,25,25
-83,125,20,27,27,25,22,24,28,28,29,29,27,25,25,25,22,23,27,26,23,22,21,19,19,19,20,21,6,0,0,0,0,0,0,0,0,0,7,23,21,24,26,25,25,24,25,27,28,29,28,27,27,28,28,25,24,26,25,24,23,22,23,23,22
-80,125,20,24,22,22,23,23,21,21,21,23,21,19,18,17,15,17,17,16,15,13,15,15,13,12,11,11,2,0,0,0,0,0,0,0,0,0,5,21,22,23,24,23,25,25,25,25,25,26,25,24,24,23,22,22,22,21,19,19,22,24,22,22,21
-80,125,20,27,27,28,26,26,27,27,30,32,28,24,24,24,25,25,25,24,25,24,23,21,20,21,20,17,3,0,0,0,0,0,0,0,0,0,3,13,14,15,16,16,18,19,18,19,21,21,21,21,22,21,19,19,21,22,20,22,24,24,25,27,28
-78,125,20,26,27,27,27,26,26,26,23,21,24,27,27,28,27,27,26,27,26,25,25,23,21,21,21,21,5,0,0,0,0,0,0,0,0,0,1,7,7,9,10,11,12,14,16,17,18,18,19,19,19,20,21,22,22,23,24,24,23,25,26,28,29
-80,125,20,26,25,25,25,25,25,25,27,28,24,21,21,23,25,25,23,24,25,24,23,23,22,20,18,18,5,0,0,0,0,0,0,0,0,0,5,21,23,25,26,27,26,26,26,27,29,28,28,28,27,26,26,26,25,25,26,25,25,25,26,26,29
-82,125,20,21,20,20,20,20,21,22,18,15,19,22,21,19,19,21,22,22,22,22,21,21,21,20,18,18,5,0,0,0,0,0,0,0,0,0,6,23,23,24,26,26,27,27,25,23,23,24,24,24,24,22,24,22,20,19,18,20,22,23,21,21,21
-82,125,20,22,22,21,21,21,20,19,22,27,24,19,19,17,16,19,20,18,17,15,15,16,15,13,12,12,3,0,0,0,0,0,0,0,0,0,5,22,23,25,26,27,29,29,27,26,26,29,29,27,26,26,26,25,22,21,21,21,21,19,18,20,20
-79,125,20,22,21,21,22,20,18,18,15,13,15,16,15,14,14,15,16,15,15,14,13,13,13,12,12,11,2,0,0,0,0,0,0,0,0,0,4,19,21,22,24,24,25,27,26,26,26,25,25,24,22,22,22,22,22,21,22,21,21,21,21,21,24
-79,125,20,23,26,26,27,26,25,26,29,34,33,29,27,26,27,29,30,29,27,27,26,24,24,23,23,23,6,0,0,0,0,0,0,0,0,0,2,7,7,9,11,12,12,12,13,17,17,18,18,19,19,20,22,22,20,21,21,23,24,25,27,28,25
-83,125,20,18,18,18,19,17,17,18,24,30,24,19,20,19,18,19,20,20,21,21,21,21,19,19,17,17,4,0,0,0,0,0,0,0,0,0,4,19,21,24,23,21,21,20,20,21,21,20,20,19,18,18,15,16,18,19,18,16,15,17,20,21,17
-80,125,20,18,20,19,18,16,16,17,20,24,21,18,18,17,17,18,18,18,16,15,16,16,15,14,14,12,2,0,0,0,0,0,0,0,0,0,6,27,27,26,25,25,25,24,24,25,25,26,26,24,23,23,21,19,17,18,20,19,19,19,19,21,20
-79,125,20,26,26,26,25,25,25,26,29,31,28,25,26,26,26,25,24,24,25,24,22,22,21,21,20,20,5,0,0,0,0,0,0,0,0,0,2,6,8,9,10,11,12,13,13,14,14,16,19,19,19,20,21,22,20,20,22,24,24,23,23,22,22
-85,125,20,18,19,19,17,17,15,16,17,19,15,12,10,12,12,10,9,10,11,12,14,13,11,13,15,16,4,0,0,0,0,0,0,0,0,0,7,26,27,27,26,26,27,27,27,26,27,30,29,25,24,23,22,22,22,23,24,22,20,18,20,21,20
-78,125,20,23,23,23,22,22,21,20,21,23,21,18,18,17,17,18,18,18,17,16,15,13,12,12,11,11,2,0,0,0,0,0,0,0,0,0,5,21,21,22,22,23,24,24,24,25,25,25,23,25,26,25,25,23,22,22,22,22,23,23,24,25,25
-82,125,20,21,20,19,19,22,23,22,25,26,22,21,24,23,23,23,23,24,24,23,22,21,20,21,21,20,5,0,0,0,0,0,0,0,0,0,3,15,17,18,19,18,16,18,18,18,17,17,17,16,14,14,16,17,17,17,17,18,19,19,17,18,22
-82,125,20,19,21,21,22,21,21,21,24,26,23,21,22,24,24,25,26,26,25,25,24,25,24,22,20,19,4,0,0,0,0,0,0,0,0,0,5,22,21,22,23,23,21,21,21,23,23,23,23,21,21,19,19,19,18,17,16,17,19,20,22,22,21
-80,125,20,22,21,23,23,23,23,25,25,24,22,22,22,23,24,24,24,24,24,23,24,21,19,19,18,18,5,0,0,0,0,0,0,0,0,0,5,21,22,21,22,22,23,23,23,23,25,27,26,23,23,24,24,23,22,23,25,24,23,24,25,26,26
-82,125,20,21,20,20,20,21,24,24,26,30,27,24,25,27,29,29,28,28,29,28,27,25,26,25,22,22,5,0,0,0,0,0,0,0,0,0,4,17,19,19,19,20,19,18,18,18,17,18,16,17,17,17,16,17,17,15,16,17,17,18,18,19,20
-84,125,20,13,11,11,11,12,12,11,9,6,4,9,10,9,10,11,10,10,12,13,14,14,13,12,11,10,3,0,0,0,0,0,0,0,0,0,7,31,32,33,34,33,32,34,32,30,30,31,30,27,25,23,25,24,23,23,22,21,19,17,15,15,14
-82,125,20,20,21,23,24,24,23,21,17,14,20,25,26,27,28,29,28,29,27,27,27,26,26,26,24,23,6,0,0,0,0,0,0,0,0,0,5,20,19,17,18,17,17,17,19,19,19,19,20,18,16,16,15,14,14,15,16,16,17,18,18,19,19
-81,125,20,23,22,22,22,22,21,21,25,30,27,24,22,23,24,24,23,23,24,24,24,23,24,23,22,21,5,0,0,0,0,0,0,0,0,0,5,21,21,21,21,22,22,22,22,22,23,21,21,21,20,19,21,20,20,19,19,20,22,20,17,19,21
-81,125,20,20,22,22,22,20,19,22,22,20,23,24,23,25,27,26,25,27,27,26,24,23,24,24,24,24,6,0,0,0,0,0,0,0,0,0,4,16,17,18,19,19,19,18,18,18,18,20,21,20,20,20,20,18,17,17,17,20,20,19,22,23,20
-83,125,20,18,17,17,18,16,13,13,17,23,20,18,17,18,20,21,20,18,19,19,19,20,19,18,17,16,4,0,0,0,0,0,0,0,0,0,7,26,26,25,27,28,28,27,28,29,28,26,26,25,24,23,23,23,23,21,19,19,20,21,21,20,21
-80,125,20,23,21,19,19,19,20,21,24,25,22,20,20,20,20,21,20,19,19,20,19,18,17,16,16,16,3,0,0,0,0,0,0,0,0,0,5,23,23,25,25,26,26,28,28,26,25,27,28,27,26,25,23,23,24,24,24,24,23,22,22,23,25
-78,125,20,25,24,21,20,21,21,21,23,25,21,19,20,20,18,18,18,17,17,16,15,13,13,14,13,12,3,0,0,0,0,0,0,0,0,0,5,20,21,21,22,22,24,25,25,25,25,25,25,24,25,23,24,25,25,23,23,23,24,24,24,25,25
-79,125,20,24,24,23,24,22,20,19,24,28,25,19,20,22,22,21,21,21,20,20,19,18,17,16,15,15,4,0,0,0,0,0,0,0,0,0,5,22,22,24,25,24,23,24,25,26,25,26,26,25,24,24,23,22,21,22,23,24,24,22,22,23,23
-81,125,20,21,21,19,18,20,19,19,21,25,23,20,21,21,20,21,20,21,22,20,18,17,15,16,16,17,3,0,0,0,0,0,0,0,0,0,4,20,21,22,23,22,22,24,24,24,24,24,23,21,21,21,22,23,22,22,22,21,20,19,20,20,21
-82,125,20,20,20,21,22,22,22,24,22,20,21,24,25,25,25,25,24,23,23,24,24,23,23,20,18,19,5,0,0,0,0,0,0,0,0,0,7,27,26,27,27,27,27,27,27,28,28,28,26,23,22,22,24,24,23,22,21,21,24,25,23,21,20
-78,125,20,29,28,27,26,26,26,26,22,20,23,25,26,27,25,25,25,26,27,25,24,22,21,20,20,19,4,0,0,0,0,0,0,0,0,0,3,9,9,11,13,15,16,16,18,20,21,22,23,23,23,23,24,25,24,23,23,24,26,27,28,29,31
-78,125,20,25,25,25,24,24,23,23,21,21,20,20,19,20,21,20,20,20,20,18,17,16,14,13,12,13,3,0,0,0,0,0,0,0,0,0,6,22,23,23,24,25,25,25,25,26,27,27,26,25,25,25,26,25,23,22,23,23,25,27,27,27,28
-80,125,20,23,21,19,18,18,18,18,14,12,13,15,16,16,15,15,14,13,13,14,13,12,12,13,12,12,3,0,0,0,0,0,0,0,0,0,6,23,22,24,25,25,25,25,25,26,27,26,26,26,27,26,24,22,21,20,20,22,22,20,21,23,22
-80,125,20,23,21,20,19,19,17,16,13,12,14,15,16,16,14,14,13,13,12,12,13,13,12,11,11,11,3,0,0,0,0,0,0,0,0,0,5,25,27,27,27,29,29,29,29,29,31,32,31,30,28,27,28,28,27,26,24,24,25,27,28,25,23
-80,125,20,22,22,23,21,20,19,18,17,18,19,19,18,18,18,19,18,17,17,16,14,14,15,13,11,11,2,0,0,0,0,0,0,0,0,0,6,25,25,25,28,29,29,27,26,27,29,29,28,27,28,28,26,25,23,23,23,22,22,24,24,25,27
-81,125,20,20,19,18,19,19,18,19,14,10,14,20,21,23,22,21,22,23,23,23,23,21,20,20,20,19,5,0,0,0,0,0,0,0,0,0,5,22,23,24,24,25,25,25,24,23,24,24,24,23,21,20,19,19,19,22,22,18,15,17,20,19,16
-77,125,20,23,21,20,20,20,20,21,20,17,17,18,19,20,19,18,17,17,17,16,15,13,12,12,12,12,3,0,0,0,0,0,0,0,0,0,5,20,21,23,25,23,24,25,24,23,24,25,25,25,25,24,24,24,23,23,23,23,22,22,24,24,24
-82,125,20,19,20,20,18,17,19,20,24,31,26,21,23,24,23,22,22,22,23,23,22,21,19,20,19,18,5,0,0,0,0,0,0,0,0,0,5,21,22,22,21,21,20,20,20,20,20,20,21,21,20,19,19,20,20,22,21,18,15,14,17,19,19
-84,125,20,19,20,20,20,21,22,23,17,14,20,26,25,25,26,28,31,29,26,24,26,29,29,28,26,24,6,0,0,0,0,0,0,0,0,0,5,16,17,18,17,17,16,15,16,18,19,16,13,15,16,15,14,15,14,14,14,13,15,18,19,20,19
-79,125,20,25,25,23,22,24,24,21,20,20,21,23,23,23,24,24,23,21,20,20,19,18,17,15,14,14,3,0,0,0,0,0,0,0,0,0,1,7,9,11,12,13,13,13,15,15,17,19,19,18,19,19,18,18,19,21,22,22,23,23,22,23,23
-81,125,20,23,24,23,22,22,23,22,24,27,25,24,24,24,25,25,26,26,26,26,25,23,22,22,22,22,6,0,0,0,0,0,0,0,0,0,6,25,26,27,28,29,29,28,28,29,29,28,29,27,26,25,24,21,20,19,21,23,23,23,24,26,27
-83,125,20,19,17,17,17,17,17,17,18,20,18,19,18,18,18,21,22,20,20,21,19,17,16,18,18,19,4,0,0,0,0,0,0,0,0,0,5,22,23,23,23,23,24,24,24,24,24,24,23,22,22,22,21,19,17,17,19,18,17,18,18,17,17
-84,125,20,16,17,20,18,21,23,22,27,32,27,23,23,24,27,28,26,26,26,27,27,25,26,25,24,24,6,0,0,0,0,0,0,0,0,0,5,20,18,18,19,20,20,20,20,22,22,20,19,19,18,16,17,15,14,15,15,13,13,16,18,17,18
-80,125,20,22,21,22,22,20,19,19,15,12,16,19,18,18,17,18,18,18,17,16,15,16,16,16,15,15,3,0,0,0,0,0,0,0,0,0,6,23,24,25,25,25,26,27,27,27,28,29,29,27,25,25,25,23,22,22,23,23,24,24,21,21,21
-80,125,20,20,21,21,21,19,19,20,17,15,19,21,19,18,18,18,18,18,16,15,15,14,14,14,12,9,2,0,0,0,0,0,0,0,0,0,6,25,26,26,28,28,28,28,26,25,26,28,28,26,24,24,24,23,23,23,25,24,22,21,21,22,23
-81,125,20,24,24,24,25,25,25,23,27,32,27,21,20,21,22,23,23,21,21,20,18,18,17,17,16,15,3,0,0,0,0,0,0,0,0,0,4,19,19,19,20,20,19,21,24,24,23,23,24,22,22,24,23,24,24,23,21,22,23,22,22,24,25
-83,125,20,21,23,23,22,21,21,21,17,13,17,20,20,21,20,18,18,19,20,19,19,20,19,19,19,19,5,0,0,0,0,0,0,0,0,0,6,24,26,28,28,28,28,29,29,26,24,26,28,28,26,25,22,20,19,20,22,25,25,24,21,19,17
-77,125,20,28,28,27,26,25,25,25,29,31,28,26,27,27,28,27,27,27,26,25,23,23,23,22,20,21,5,0,0,0,0,0,0,0,0,0,1,7,7,8,9,10,11,12,14,15,16,17,18,18,19,21,22,21,21,22,22,24,25,25,26,27,28
-83,125,20,20,22,21,20,20,20,20,20,23,22,21,21,22,22,22,23,23,21,20,19,19,18,18,19,20,5,0,0,0,0,0,0,0,0,0,4,18,20,20,21,22,24,24,23,24,24,22,21,22,20,20,20,17,17,19,19,17,19,19,20,20,19
-79,125,20,21,21,21,21,20,20,20,22,23,23,23,23,23,23,23,22,24,23,21,20,20,21,20,20,19,4,0,0,0,0,0,0,0,0,0,5,22,23,24,25,25,24,25,25,24,24,24,24,22,23,22,21,21,20,20,18,17,18,18,20,20,22
-81,125,20,23,22,23,22,20,18,19,18,18,20,21,18,19,19,20,21,22,22,21,20,19,18,16,16,18,5,0,0,0,0,0,0,0,0,0,5,21,22,22,22,22,24,25,25,26,26,26,26,26,26,25,23,22,23,24,24,23,23,24,25,25,24
-80,125,20,21,23,22,22,21,21,20,21,22,20,19,20,19,18,18,18,18,18,17,17,15,16,17,14,14,4,0,0,0,0,0,0,0,0,0,5,21,21,24,24,23,24,25,26,26,24,25,27,27,25,25,25,26,25,24,23,24,24,23,23,24,25
-80,125,20,20,20,23,23,21,18,18,21,25,21,18,17,17,18,20,20,19,18,18,18,16,14,14,15,15,4,0,0,0,0,0,0,0,0,0,7,26,27,27,29,30,30,29,27,27,27,29,29,26,25,25,25,26,24,23,23,23,23,23,24,26,27
-82,125,20,20,20,19,18,19,20,22,17,13,16,18,19,21,21,20,18,19,19,18,18,17,15,15,14,15,3,0,0,0,0,0,0,0,0,0,4,18,18,19,20,21,21,23,21,20,21,22,23,23,21,22,21,18,18,19,20,19,19,18,19,21,22
-81,125,20,20,20,21,22,22,22,21,24,30,26,21,21,20,20,22,22,21,22,21,21,21,19,18,17,18,5,0,0,0,0,0,0,0,0,0,6,21,21,20,21,21,21,23,24,23,22,23,25,22,20,21,23,21,21,21,21,22,23,23,22,23,24
-83,125,20,19,19,18,17,16,16,17,19,21,17,15,16,16,17,17,16,17,18,16,14,13,11,11,12,12,3,0,0,0,0,0,0,0,0,0,6,24,23,24,24,26,29,29,28,29,30,29,28,27,26,24,24,24,24,24,24,24,25,22,21,23,25
-82,125,20,16,17,19,19,17,15,16,19,22,18,16,16,16,16,17,18,19,19,19,19,17,17,18,17,17,5,0,0,0,0,0,0,0,0,0,5,21,23,23,22,21,20,21,23,24,25,23,23,25,25,22,20,20,21,22,21,20,21,21,19,18,16
-81,125,20,26,26,26,26,26,25,24,19,14,19,23,24,25,24,25,25,25,26,25,23,23,22,22,20,18,5,0,0,0,0,0,0,0,0,0,6,21,21,22,23,24,23,24,23,24,24,25,26,25,23,22,24,25,24,23,23,24,24,24,25,25,24
-79,125,20,23,23,23,24,22,21,19,22,25,23,20,20,19,19,19,20,21,19,17,16,14,13,13,13,11,2,0,0,0,0,0,0,0,0,0,4,16,18,19,20,21,23,24,21,21,23,25,26,26,26,26,26,24,22,24,26,25,24,23,25,25,23
-81,125,20,20,19,18,17,17,17,17,15,16,17,17,16,17,18,18,18,18,18,17,17,18,17,15,15,17,4,0,0,0,0,0,0,0,0,0,6,25,24,23,26,26,27,26,26,26,26,25,24,24,23,23,22,22,21,19,18,18,19,20,20,20,22
-83,125,20,26,25,24,23,22,20,20,21,24,21,19,20,19,17,17,17,17,18,17,15,13,12,11,11,11,3,0,0,0,0,0,0,0,0,0,6,24,25,26,27,27,27,28,28,26,26,27,27,28,28,27,25,24,24,25,26,25,25,23,23,24,25
-81,125,20,20,19,18,17,19,21,20,17,14,17,20,21,21,22,22,23,23,21,22,21,20,17,16,16,16,3,0,0,0,0,0,0,0,0,0,3,15,15,14,15,16,16,15,14,15,16,17,17,16,16,16,16,16,17,17,18,17,18,18,18,17,18
-81,125,20,21,20,20,21,22,23,21,23,25,24,23,23,24,24,24,24,26,24,23,21,21,22,21,20,19,4,0,0,0,0,0,0,0,0,0,4,17,18,19,21,22,21,21,21,20,21,21,21,21,21,21,22,21,22,21,21,22,23,23,23,23,22
-83,125,20,14,16,16,14,15,16,15,18,21,18,13,12,14,16,16,14,13,12,13,16,16,14,15,15,13,2,0,0,0,0,0,0,0,0,0,7,29,31,30,28,29,31,29,29,29,27,26,25,23,23,24,23,22,23,22,20,20,19,17,17,18,17
-79,125,20,21,21,21,19,19,19,21,24,29,25,21,20,19,19,21,19,18,19,20,19,17,15,15,16,15,2,0,0,0,0,0,0,0,0,0,3,15,15,17,19,20,19,20,21,21,23,23,24,23,22,22,22,21,19,18,19,19,21,21,20,20,21
-82,125,20,23,24,24,24,22,22,23,26,31,27,22,23,23,25,25,25,26,27,25,25,24,23,23,23,24,6,0,0,0,0,0,0,0,0,0,5,18,19,19,20,20,20,20,19,20,19,18,19,19,20,20,18,17,18,18,20,20,19,19,21,22,22
-78,125,20,26,27,24,23,25,24,23,21,19,22,25,24,24,24,24,24,25,25,24,23,22,20,19,18,18,5,0,0,0,0,0,0,0,0,0,5,19,19,19,20,21,22,22,22,22,22,24,24,22,22,23,23,22,21,21,22,22,22,22,24,26,26
-80,125,20,27,28,27,26,26,24,23,25,29,28,23,22,22,25,26,25,23,22,23,23,23,21,19,17,17,4,0,0,0,0,0,0,0,0,0,4,20,20,21,21,22,23,24,24,23,23,24,23,23,22,23,24,24,23,23,23,22,22,23,24,26,26
-81,125,20,22,21,22,21,21,22,21,24,28,24,21,20,20,21,24,25,24,23,22,21,20,18,18,18,17,5,0,0,0,0,0,0,0,0,0,5,21,21,23,21,21,20,21,23,24,24,24,23,23,24,23,23,22,21,22,23,22,20,20,22,25,25
-78,125,20,26,26,25,25,25,24,23,20,19,21,23,23,23,24,25,24,23,21,20,21,19,19,19,18,17,4,0,0,0,0,0,0,0,0,0,2,10,10,10,10,12,13,16,17,16,16,17,18,19,20,20,19,20,20,21,22,22,22,23,25,26,26
-83,125,20,22,24,22,19,21,22,20,20,22,22,22,20,19,22,22,19,18,19,18,19,20,20,18,18,19,5,0,0,0,0,0,0,0,0,0,6,24,24,25,26,26,27,26,28,27,26,24,24,24,24,22,22,21,22,22,22,22,21,21,21,19,20
-79,125,20,27,26,27,25,22,21,22,28,32,26,22,22,22,23,23,22,23,22,20,20,18,17,16,16,14,3,0,0,0,0,0,0,0,0,0,5,18,20,21,20,20,21,22,24,24,24,23,23,24,23,23,25,25,24,24,24,24,24,24,24,25,26
-84,125,20,17,21,19,19,21,21,20,12,8,15,21,20,21,23,24,23,21,21,23,23,23,22,21,18,18,5,0,0,0,0,0,0,0,0,0,7,24,26,28,28,26,26,25,25,27,26,27,25,23,22,23,22,20,20,21,21,20,20,22,23,21,19
-81,125,20,25,23,22,22,21,20,18,22,26,23,18,17,18,19,18,16,15,15,15,14,15,14,13,12,11,3,0,0,0,0,0,0,0,0,0,6,22,24,27,30,31,30,31,31,31,30,29,30,31,30,28,28,28,26,24,25,26,26,25,25,25,25
-81,125,20,18,18,19,18,18,18,18,19,20,18,18,19,18,17,18,19,19,18,17,16,16,17,16,15,14,3,0,0,0,0,0,0,0,0,0,4,20,20,21,22,24,24,23,23,24,23,22,23,23,22,21,22,22,20,19,19,19,18,18,19,20,21
-78,125,20,25,25,26,24,24,24,24,20,18,19,20,20,20,23,23,23,21,21,21,19,18,17,17,17,16,3,0,0,0,0,0,0,0,0,0,3,17,17,17,18,19,20,21,22,22,23,22,22,22,22,22,23,23,23,22,22,23,23,24,25,24,25
-78,125,20,25,25,24,23,23,21,21,21,23,23,22,20,21,21,21,21,21,20,18,17,16,17,16,16,15,4,0,0,0,0,0,0,0,0,0,4,17,18,20,21,22,23,23,23,22,23,24,24,23,22,22,22,21,21,21,20,20,22,24,25,26,28
-81,125,20,22,22,23,24,24,24,24,23,20,22,24,23,22,24,28,27,24,22,22,23,22,21,22,20,18,3,0,0,0,0,0,0,0,0,0,3,15,15,19,20,18,17,19,19,18,20,22,21,21,22,19,20,21,17,16,19,21,22,20,19,21,23
-80,125,20,23,24,22,21,23,24,25,24,23,22,22,21,19,20,22,22,20,21,21,21,18,17,17,17,17,5,0,0,0,0,0,0,0,0,0,4,16,17,19,18,18,18,20,21,23,23,23,23,22,22,23,24,23,21,20,22,23,23,22,22,24,24
-77,125,20,23,23,21,19,19,19,18,16,16,16,17,17,16,15,17,16,16,15,14,13,13,12,12,11,12,3,0,0,0,0,0,0,0,0,0,5,22,23,25,25,26,26,26,26,26,26,26,27,27,26,26,26,24,24,23,24,25,23,23,23,26,26
-83,125,20,22,21,19,16,15,17,20,21,21,21,23,25,25,25,26,26,25,25,26,26,26,26,25,22,22,6,0,0,0,0,0,0,0,0,0,5,21,24,26,25,25,23,21,23,22,20,20,24,24,20,18,18,17,17,19,19,18,19,18,16,16,17
-82,125,20,18,19,18,19,19,19,20,24,29,24,20,22,23,22,21,22,24,23,22,22,20,19,19,20,20,5,0,0,0,0,0,0,0,0,0,5,23,21,20,21,21,21,21,21,21,20,20,20,18,17,16,15,15,14,16,17,16,15,16,17,17,20
-84,125,20,25,24,22,19,21,22,23,25,29,24,22,26,27,25,25,27,27,26,26,25,26,26,25,24,25,6,0,0,0,0,0,0,0,0,0,5,20,19,18,20,21,21,19,20,20,20,20,18,16,17,18,16,16,18,16,16,18,20,20,18,18,18
-83,125,20,24,23,21,21,21,20,20,20,22,23,24,24,26,25,25,26,24,24,24,25,24,25,24,22,22,6,0,0,0,0,0,0,0,0,0,5,24,25,24,25,24,23,24,26,26,26,25,25,25,23,23,25,23,22,22,23,23,23,23,23,20,19
-84,125,20,12,14,14,12,13,13,12,15,18,14,11,12,12,13,14,14,14,15,14,11,11,14,15,13,12,3,0,0,0,0,0,0,0,0,0,6,29,30,31,30,28,28,28,28,27,28,30,28,25,21,21,21,18,17,18,18,18,16,15,15,14,16
-80,125,20,22,22,22,21,21,22,22,17,12,16,19,18,17,18,20,20,20,19,18,17,17,16,16,18,18,4,0,0,0,0,0,0,0,0,0,5,21,22,22,22,21,21,23,26,25,25,25,25,25,25,25,24,23,22,23,24,22,21,22,24,25,24
-82,125,20,26,24,20,18,17,18,20,16,13,18,22,20,20,21,22,21,20,19,17,16,16,14,15,15,14,3,0,0,0,0,0,0,0,0,0,6,26,26,25,25,26,28,29,29,27,28,30,30,27,25,26,25,24,23,22,23,21,22,23,24,24,23
-82,125,20,21,21,19,18,19,20,19,17,17,17,20,21,20,21,22,21,21,21,20,22,22,21,21,21,21,5,0,0,0,0,0,0,0,0,0,6,24,25,26,26,26,26,28,29,27,26,27,26,25,23,22,23,23,20,19,19,19,20,21,21,22,22
-80,125,20,25,25,26,25,24,24,23,19,16,19,21,22,23,23,23,24,23,23,22,21,20,19,18,18,18,5,0,0,0,0,0,0,0,0,0,3,15,16,17,18,19,19,19,19,20,20,20,20,21,20,20,20,19,20,20,21,22,22,22,22,23,25
-78,125,20,28,27,26,26,25,24,23,24,25,24,24,25,25,25,25,23,24,25,25,24,22,21,20,19,19,5,0,0,0,0,0,0,0,0,0,2,9,9,9,11,11,11,13,16,17,17,18,19,20,20,21,21,20,19,19,20,22,22,21,21,22,23
-81,125,20,21,21,22,23,22,21,22,24,26,24,23,24,25,25,24,25,25,26,24,23,24,23,22,21,21,5,0,0,0,0,0,0,0,0,0,4,14,13,14,15,15,17,17,16,16,18,17,16,16,16,16,16,16,16,15,16,15,15,16,18,19,21
-82,125,20,20,20,22,22,20,21,21,26,26,23,22,23,23,23,25,24,23,23,23,23,22,21,21,21,21,6,0,0,0,0,0,0,0,0,0,5,19,20,19,20,20,20,19,18,18,20,20,18,16,15,17,18,18,17,16,14,16,17,17,17,18,21
-83,125,20,17,16,18,18,18,16,15,18,23,20,18,17,18,17,16,16,17,18,18,16,15,16,17,17,17,5,0,0,0,0,0,0,0,0,0,7,25,24,25,26,27,27,26,27,27,26,25,26,25,23,21,20,19,18,20,21,19,19,19,19,20,23
-81,125,20,21,21,21,19,20,20,19,15,14,17,18,19,21,22,19,19,18,17,18,19,19,18,17,14,14,3,0,0,0,0,0,0,0,0,0,5,21,21,21,23,24,24,24,23,23,23,24,25,24,23,23,22,21,21,19,20,20,19,19,21,21,21
-84,125,20,17,15,15,16,18,19,19,17,17,18,19,20,22,24,24,25,25,24,23,24,25,24,22,21,23,6,0,0,0,0,0,0,0,0,0,6,25,26,27,27,26,25,23,24,23,24,25,23,20,17,19,21,21,19,16,17,17,15,16,18,18,16
-83,125,20,19,20,19,16,17,18,18,18,20,16,15,16,18,19,19,20,21,20,19,21,21,21,22,23,22,5,0,0,0,0,0,0,0,0,0,7,29,29,29,30,28,29,31,30,27,26,26,27,28,27,24,21,21,22,21,20,19,20,20,19,18,19
-79,125,20,26,26,27,27,26,23,23,20,20,23,25,25,26,26,26,26,24,24,24,22,20,20,21,19,17,4,0,0,0,0,0,0,0,0,0,3,12,13,15,16,17,18,19,20,20,21,22,22,22,22,22,22,22,22,21,23,24,24,24,25,25,24
-84,125,20,19,18,17,17,17,13,13,14,12,10,12,12,13,14,15,15,16,17,17,18,19,20,19,18,17,4,0,0,0,0,0,0,0,0,0,8,31,32,33,34,33,32,33,34,34,34,33,31,28,27,26,26,26,25,23,23,22,22,21,20,19,18
-81,125,20,24,25,22,20,19,19,19,16,13,17,20,19,19,20,20,19,19,18,18,17,15,15,16,15,14,4,0,0,0,0,0,0,0,0,0,6,25,26,26,29,31,30,28,28,29,29,29,29,29,27,25,25,25,24,24,24,24,25,25,25,24,24
-80,125,20,26,26,25,22,22,21,20,18,17,20,21,20,19,20,20,18,18,18,17,16,14,14,14,14,14,3,0,0,0,0,0,0,0,0,0,5,24,27,28,28,28,28,27,27,29,30,30,30,30,30,28,27,27,25,25,25,25,25,25,27,27,27
-83,125,20,19,20,20,19,20,20,19,15,11,16,22,23,22,22,22,22,21,21,20,19,18,18,17,16,15,3,0,0,0,0,0,0,0,0,0,5,19,19,20,20,21,21,21,20,20,21,22,21,21,21,21,21,20,19,18,20,23,24,23,20,19,22
-79,125,20,22,21,20,19,20,20,21,23,23,21,18,18,20,21,20,20,18,18,17,16,17,16,16,18,17,4,0,0,0,0,0,0,0,0,0,5,22,23,24,25,25,26,26,24,24,26,26,26,26,25,24,24,25,24,24,24,23,22,21,20,21,21
-82,125,20,22,21,20,21,21,21,23,29,32,25,22,24,24,23,24,24,23,22,24,25,24,22,21,21,21,5,0,0,0,0,0,0,0,0,0,3,15,16,15,15,15,15,17,18,17,16,16,16,16,16,15,17,17,16,17,17,17,16,17,18,20,19
-78,125,20,22,21,19,19,19,17,17,17,16,16,16,16,16,16,17,15,15,15,14,13,12,12,12,11,12,3,0,0,0,0,0,0,0,0,0,6,22,23,24,24,24,24,25,24,24,25,26,27,26,25,25,24,23,23,21,22,21,21,20,21,23,24
-81,125,20,18,19,20,21,20,18,17,21,25,22,19,19,18,18,18,20,19,19,18,18,18,19,19,19,18,4,0,0,0,0,0,0,0,0,0,5,23,24,23,23,24,26,25,24,25,26,26,26,25,23,20,19,20,21,21,21,20,20,20,20,20,20
-78,125,20,28,27,26,26,25,24,23,23,23,23,23,23,23,25,25,22,22,23,22,22,21,19,19,18,17,5,0,0,0,0,0,0,0,0,0,5,18,19,21,22,22,23,24,25,24,26,27,26,24,25,26,26,24,24,23,23,23,25,27,29,29,26
-79,125,20,23,23,23,22,22,22,21,19,15,16,19,20,20,21,22,21,21,20,19,20,19,17,16,16,15,3,0,0,0,0,0,0,0,0,0,4,18,21,23,24,23,24,25,25,25,25,25,26,25,25,22,21,21,21,23,21,21,21,21,21,22,22
-81,125,20,23,24,24,22,20,21,20,22,26,22,18,18,19,19,20,20,18,18,18,16,15,15,15,14,13,3,0,0,0,0,0,0,0,0,0,5,22,23,24,26,27,26,25,25,26,27,26,25,24,25,26,25,25,25,25,24,25,25,26,24,24,27
-85,125,20,16,18,14,11,13,15,15,11,7,12,18,18,18,18,18,19,20,20,18,18,19,19,19,18,18,4,0,0,0,0,0,0,0,0,0,6,29,31,29,28,27,27,27,26,26,26,25,24,25,26,23,20,20,20,17,15,14,14,13,11,11,12
-82,125,20,21,21,22,21,21,21,21,24,27,23,19,17,17,16,15,14,14,14,14,14,13,11,10,11,11,3,0,0,0,0,0,0,0,0,0,6,23,23,24,24,25,26,26,26,25,24,25,25,25,24,26,26,25,24,24,25,23,21,22,22,24,26
-79,125,20,24,23,21,21,22,21,19,20,21,19,18,18,16,15,15,15,16,16,15,15,15,14,12,12,13,3,0,0,0,0,0,0,0,0,0,5,23,24,25,26,25,26,27,26,26,27,29,28,26,26,24,25,24,23,23,23,24,24,25,25,24,25
-79,125,20,24,24,24,24,23,23,22,22,22,22,23,25,25,26,26,25,25,24,22,23,21,19,19,19,19,4,0,0,0,0,0,0,0,0,0,1,6,7,7,8,9,10,12,13,14,15,16,17,16,16,18,19,18,18,19,21,22,21,21,23,24,24
-82,125,20,19,19,16,14,14,17,18,21,25,20,17,19,20,19,16,16,18,18,18,18,17,15,16,17,18,4,0,0,0,0,0,0,0,0,0,6,26,28,29,29,30,31,30,28,27,27,27,27,25,24,24,22,21,19,20,20,20,18,17,17,17,18
-79,125,20,24,24,24,25,25,25,25,25,25,23,22,23,24,24,23,23,21,22,23,25,23,21,18,17,17,3,0,0,0,0,0,0,0,0,0,5,19,19,19,21,21,21,21,22,22,23,25,26,25,22,22,24,23,22,21,22,24,25,25,25,24,23
-82,125,20,21,18,18,18,18,18,18,23,26,23,22,23,23,24,24,24,24,24,24,23,21,20,20,20,23,5,0,0,0,0,0,0,0,0,0,4,19,21,21,20,20,20,21,22,23,23,23,24,23,23,23,22,19,19,19,19,19,19,20,19,20,21
-81,125,20,22,21,20,20,21,20,20,18,14,17,21,20,21,20,20,20,20,22,21,18,18,20,19,18,17,4,0,0,0,0,0,0,0,0,0,7,26,26,27,26,26,27,27,25,25,26,25,24,23,22,23,24,22,21,20,19,20,21,21,22,22,21
-81,125,20,20,20,20,20,20,21,21,25,28,25,20,19,20,21,23,23,22,22,21,22,21,21,19,19,21,5,0,0,0,0,0,0,0,0,0,4,19,20,19,18,19,21,23,21,21,20,22,23,22,21,21,20,18,18,21,20,18,18,18,19,20,21
-81,125,20,24,23,22,21,19,18,18,23,26,20,15,15,16,15,14,15,15,12,12,13,13,11,10,10,10,2,0,0,0,0,0,0,0,0,0,6,25,27,29,28,28,30,30,30,31,29,29,30,29,27,27,29,28,27,26,25,25,25,24,25,28,29
-85,125,20,19,19,19,20,20,19,19,23,26,22,18,17,19,20,17,14,14,15,17,18,17,16,14,13,14,4,0,0,0,0,0,0,0,0,0,7,29,29,29,30,28,28,28,28,26,26,28,26,25,24,23,25,25,23,20,18,19,24,24,23,22,20
-80,125,20,23,23,23,24,24,24,24,27,28,25,22,21,21,21,23,24,22,21,22,21,19,19,18,16,17,4,0,0,0,0,0,0,0,0,0,4,19,21,24,24,24,24,24,24,25,26,27,26,25,23,23,23,21,21,22,24,22,22,21,21,23,23
-80,125,20,25,24,24,23,23,23,24,29,32,27,23,23,23,23,23,25,24,24,23,23,21,20,19,18,19,5,0,0,0,0,0,0,0,0,0,6,21,21,21,22,22,23,23,23,24,25,25,26,25,23,21,23,23,21,22,22,21,22,23,23,24,25
-84,125,20,21,20,20,21,21,19,16,24,33,28,21,20,19,19,22,23,22,21,22,21,19,21,21,18,16,4,0,0,0,0,0,0,0,0,0,5,21,22,22,21,20,20,19,19,20,22,24,23,21,18,18,19,17,17,17,17,17,17,17,16,17,18
-78,125,20,26,26,26,25,25,23,22,23,25,23,21,20,20,20,19,18,17,17,16,17,14,12,12,10,9,2,0,0,0,0,0,0,0,0,0,5,22,24,25,25,26,26,27,27,27,28,29,29,29,29,28,28,28,26,26,26,27,27,27,28,27,27
-79,125,20,27,26,25,25,25,24,22,25,28,24,21,20,19,19,19,19,19,17,15,14,12,11,12,12,10,2,0,0,0,0,0,0,0,0,0,5,23,25,26,26,26,26,28,29,29,30,29,30,29,28,27,28,29,28,26,25,26,25,25,27,28,28
-82,125,20,19,21,20,18,18,20,21,24,27,20,17,18,20,21,22,23,24,23,23,22,21,21,20,20,21,5,0,0,0,0,0,0,0,0,0,5,21,23,24,25,24,23,22,22,22,22,23,24,24,23,21,20,22,21,19,20,21,20,19,20,21,23
-83,125,20,8,10,10,12,13,13,15,18,18,15,18,20,22,20,20,21,23,24,24,24,24,23,23,23,23,6,0,0,0,0,0,0,0,0,0,8,31,31,30,30,31,32,31,30,30,30,30,30,28,24,23,22,19,17,17,15,14,10,8,13,15,14
-77,125,20,25,24,23,22,22,21,21,19,19,18,17,17,17,17,17,17,17,15,14,13,13,13,12,12,12,2,0,0,0,0,0,0,0,0,0,4,21,22,22,22,23,23,25,25,25,28,28,26,24,25,24,24,24,25,25,24,23,24,25,24,24,24
-82,125,20,20,20,21,21,21,21,23,19,13,18,22,21,24,27,30,29,27,27,30,29,27,28,28,25,24,5,0,0,0,0,0,0,0,0,0,5,21,21,23,23,21,21,20,21,22,21,21,22,21,18,17,18,16,15,15,15,19,22,19,17,17,18
-78,125,20,25,25,25,23,22,23,23,22,20,21,21,21,22,23,22,22,22,21,20,19,18,18,19,17,16,4,0,0,0,0,0,0,0,0,0,5,18,19,19,20,20,20,20,21,21,22,24,24,23,22,22,23,23,24,22,22,23,24,24,24,24,24
-80,125,20,22,21,20,19,19,20,20,16,13,16,21,22,23,23,24,24,23,23,22,22,22,19,17,16,17,5,0,0,0,0,0,0,0,0,0,5,20,20,22,24,25,26,27,26,24,23,25,25,24,23,23,24,23,22,23,23,23,21,21,22,23,24
-82,125,20,14,15,17,20,20,18,17,13,10,16,23,21,21,20,21,23,23,21,21,22,22,23,22,21,22,5,0,0,0,0,0,0,0,0,0,5,25,24,24,25,25,24,22,22,22,22,22,23,23,20,18,15,13,15,17,18,17,17,18,17,14,12
-79,125,20,23,22,22,21,20,19,19,16,15,19,20,20,20,20,20,21,21,20,20,19,18,18,18,18,17,4,0,0,0,0,0,0,0,0,0,5,21,22,24,24,25,25,26,25,24,23,25,26,25,23,22,23,22,22,24,24,22,21,21,23,23,23
-84,125,20,15,15,15,14,13,13,14,19,23,21,18,19,20,19,19,19,20,21,20,20,20,19,18,17,17,4,0,0,0,0,0,0,0,0,0,8,31,31,32,33,31,30,30,29,27,28,28,26,24,24,23,22,20,18,17,16,15,16,17,17,18,19
-80,125,20,18,18,18,18,18,19,18,19,21,18,16,17,18,18,17,17,17,16,16,15,14,14,14,13,13,3,0,0,0,0,0,0,0,0,0,5,22,23,24,24,24,24,25,26,24,25,25,25,25,25,24,24,23,22,21,21,22,21,20,21,22,24
-81,125,20,22,20,19,22,27,27,25,21,20,22,24,24,25,27,26,25,25,25,25,24,23,22,22,20,19,5,0,0,0,0,0,0,0,0,0,5,17,16,17,19,19,18,19,20,20,21,21,19,19,20,20,20,17,16,16,17,18,19,22,23,23,23
-80,125,20,21,22,21,19,19,18,17,16,15,16,19,19,18,19,18,17,17,17,15,15,15,14,15,14,13,3,0,0,0,0,0,0,0,0,0,5,23,23,24,26,27,27,29,29,28,28,28,27,26,25,24,23,22,21,22,22,21,23,23,22,22,22
-78,125,20,22,18,18,18,18,18,19,17,16,18,19,19,19,19,19,21,22,21,20,19,18,19,18,18,19,5,0,0,0,0,0,0,0,0,0,6,24,24,24,24,25,25,25,24,24,25,26,26,25,26,25,25,24,22,21,21,23,23,21,21,24,25
-83,125,20,20,21,21,20,19,18,18,18,19,18,17,18,18,17,18,18,18,18,17,16,16,15,13,11,11,3,0,0,0,0,0,0,0,0,0,7,26,26,27,29,29,30,31,31,30,28,30,31,31,29,28,27,26,25,23,23,23,23,21,21,23,24
-81,125,20,21,22,22,20,19,22,23,20,16,20,23,22,23,23,25,27,28,28,27,26,25,23,22,21,22,4,0,0,0,0,0,0,0,0,0,3,17,19,18,18,18,19,20,19,18,18,19,19,19,18,18,18,17,17,19,19,19,20,19,20,22,24
-80,125,20,23,23,23,21,20,19,18,21,22,18,14,14,16,16,17,16,16,17,14,13,12,11,12,11,10,2,0,0,0,0,0,0,0,0,0,5,22,24,25,25,25,26,27,29,29,29,29,29,28,26,25,25,25,24,24,23,23,23,24,25,23,22
-80,125,20,25,24,24,25,25,25,24,20,17,22,26,26,25,27,29,27,27,27,27,27,26,25,24,23,22,5,0,0,0,0,0,0,0,0,0,3,16,17,19,20,19,18,18,18,19,18,18,18,19,18,17,19,18,18,18,19,19,20,20,18,18,21
-80,125,20,26,25,25,23,23,24,23,18,15,18,19,18,19,22,20,19,19,19,19,19,18,17,17,15,15,4,0,0,0,0,0,0,0,0,0,5,19,20,21,21,22,24,22,21,23,25,26,24,23,22,23,25,24,22,23,24,24,23,23,24,26,26
-78,125,20,26,26,24,22,22,22,23,25,28,26,24,22,22,24,25,26,26,25,24,23,22,21,21,20,20,5,0,0,0,0,0,0,0,0,0,2,8,9,10,10,12,13,14,16,17,18,18,19,19,19,18,18,18,18,19,19,20,21,22,22,22,24
-83,125,20,21,21,20,19,20,19,17,16,15,17,19,19,20,21,20,19,18,18,17,16,15,15,16,13,13,4,0,0,0,0,0,0,0,0,0,7,28,29,29,30,29,29,28,28,28,29,29,28,27,26,23,22,23,24,21,19,19,21,23,23,21,22
-80,125,20,24,24,23,23,23,23,22,20,18,21,22,21,22,24,23,23,23,23,23,23,22,21,21,21,21,6,0,0,0,0,0,0,0,0,0,4,17,18,18,19,21,21,20,20,21,21,21,21,19,21,22,22,22,21,20,20,19,21,22,24,24,23
-82,125,20,21,19,20,19,19,21,20,23,27,21,17,18,17,17,18,17,17,17,16,15,15,16,16,15,15,3,0,0,0,0,0,0,0,0,0,6,23,23,24,24,24,25,25,26,26,25,23,23,23,23,22,21,20,20,20,19,17,18,20,22,22,22
-78,125,20,26,26,25,26,26,26,26,28,31,28,24,26,26,26,27,27,27,26,26,25,24,23,23,22,21,5,0,0,0,0,0,0,0,0,0,1,7,7,8,10,11,12,13,14,16,17,18,19,19,19,19,19,19,18,21,22,23,23,25,26,27,27
-82,125,20,19,19,17,18,18,19,20,20,19,17,20,20,21,22,23,24,24,24,23,24,23,22,22,22,21,5,0,0,0,0,0,0,0,0,0,4,17,18,18,18,17,18,20,19,19,19,19,18,18,18,21,19,16,16,18,19,18,16,17,19,19,17
-77,125,20,25,24,24,23,22,22,21,23,25,22,19,19,19,18,18,17,17,17,16,14,14,14,13,11,11,3,0,0,0,0,0,0,0,0,0,6,23,24,24,25,25,25,26,25,25,26,26,26,25,24,25,25,22,22,22,22,23,23,23,24,25,24
-79,125,20,26,26,25,24,22,21,20,19,18,19,20,19,18,19,20,20,20,19,17,17,16,16,15,15,15,4,0,0,0,0,0,0,0,0,0,5,19,19,20,21,23,24,24,22,23,25,26,26,25,24,23,24,24,25,24,24,23,24,25,26,26,25
-83,125,20,19,22,24,25,23,22,24,24,25,25,26,26,27,28,28,27,27,27,26,25,26,26,25,24,24,6,0,0,0,0,0,0,0,0,0,6,21,22,21,21,20,21,20,19,19,18,19,19,19,20,21,20,18,17,18,18,18,16,14,17,20,19
-80,125,20,25,23,22,20,20,19,19,21,24,20,16,16,15,14,14,16,15,13,13,15,14,12,10,10,10,2,0,0,0,0,0,0,0,0,0,5,24,25,25,25,26,27,27,26,27,28,27,27,25,24,25,26,26,26,25,25,24,23,23,24,24,24
-80,125,20,29,28,28,28,28,28,28,23,19,25,29,28,28,28,27,29,29,27,26,25,24,24,22,22,23,6,0,0,0,0,0,0,0,0,0,3,11,11,13,15,17,17,16,16,18,19,20,22,23,20,20,22,24,23,23,25,27,27,26,25,26,27
-78,125,20,27,25,23,21,21,19,21,22,21,17,18,17,17,16,16,16,16,16,14,14,13,12,11,12,12,3,0,0,0,0,0,0,0,0,0,5,21,23,25,26,25,25,26,27,29,29,29,29,28,27,26,27,27,25,25,25,26,26,25,25,26,26
-85,125,20,13,10,7,7,6,5,5,1,3,4,10,9,11,13,13,13,13,14,15,14,14,15,13,12,14,4,0,0,0,0,0,0,0,0,0,9,35,36,39,38,36,35,34,33,32,32,32,29,26,23,21,20,20,20,20,18,16,15,14,14,14,14
-82,125,20,18,18,18,19,19,19,19,18,21,18,16,18,18,16,15,16,16,15,15,16,15,13,12,12,13,3,0,0,0,0,0,0,0,0,0,5,21,22,23,23,24,25,25,26,24,24,25,25,24,23,24,25,23,21,22,22,21,20,19,19,20,21
-82,125,20,19,18,17,16,17,18,18,14,10,15,18,17,15,16,18,19,19,18,17,17,17,17,15,15,14,4,0,0,0,0,0,0,0,0,0,6,25,26,27,26,26,26,26,25,24,25,26,25,23,22,22,21,20,20,19,18,17,17,17,17,18,20
-79,125,20,21,21,21,20,19,19,19,17,13,14,17,18,18,17,16,16,16,15,14,13,13,12,11,9,9,2,0,0,0,0,0,0,0,0,0,5,20,21,23,24,25,25,24,25,25,27,28,26,25,23,22,22,22,23,23,23,20,21,22,22,23,25
-80,125,20,19,19,18,17,18,17,18,17,15,16,18,18,17,18,18,18,18,18,18,16,17,17,17,16,14,3,0,0,0,0,0,0,0,0,0,5,24,25,26,26,25,26,26,24,24,24,26,26,24,22,21,20,19,18,18,16,17,17,16,17,17,16
-79,125,20,23,22,21,20,19,19,19,17,14,16,17,17,17,16,17,18,16,16,16,15,15,15,14,14,14,4,0,0,0,0,0,0,0,0,0,6,22,23,24,24,25,25,27,26,26,27,29,27,26,25,24,22,22,21,23,24,22,22,23,25,25,26
-83,125,20,20,19,20,23,23,22,21,27,32,28,26,26,25,29,30,27,28,28,28,26,26,24,23,24,26,6,0,0,0,0,0,0,0,0,0,5,20,21,22,22,21,21,21,21,19,19,18,18,18,20,20,20,19,18,18,16,18,19,18,17,19,19
-82,125,20,23,23,23,22,21,21,21,18,16,20,23,23,22,21,22,22,20,20,19,18,18,17,17,16,15,3,0,0,0,0,0,0,0,0,0,5,23,22,23,23,23,23,24,26,25,25,26,26,25,24,22,21,23,23,19,19,21,22,23,23,21,21
-78,125,20,27,26,26,26,27,26,26,27,29,27,25,25,25,25,25,26,26,26,24,22,21,19,18,19,20,5,0,0,0,0,0,0,0,0,0,1,8,9,9,9,11,14,16,16,15,16,17,19,20,21,21,21,22,22,22,23,24,24,24,24,26,30
-83,125,20,20,21,22,21,21,20,21,27,32,27,20,19,19,22,24,25,24,24,24,23,22,21,20,19,19,4,0,0,0,0,0,0,0,0,0,2,14,15,15,15,15,17,20,20,19,18,18,18,18,17,16,16,15,14,16,17,16,17,17,18,19,20
-81,125,20,25,25,24,25,24,21,19,16,16,18,17,16,17,16,17,17,17,17,16,15,15,16,15,14,12,3,0,0,0,0,0,0,0,0,0,6,26,26,28,29,30,32,32,31,30,32,33,33,32,31,29,30,30,29,28,28,27,27,27,27,27,26
-84,125,20,12,13,14,14,14,16,17,18,22,21,18,16,17,18,18,20,21,18,17,17,17,17,17,16,14,3,0,0,0,0,0,0,0,0,0,5,23,24,24,24,23,21,20,19,19,20,22,23,23,22,19,18,17,14,16,16,15,14,15,16,16,15
-79,125,20,23,24,23,24,24,23,22,21,21,22,23,22,22,23,23,22,22,22,21,19,16,16,17,17,16,5,0,0,0,0,0,0,0,0,0,5,20,20,21,22,23,24,24,24,25,26,28,28,25,24,25,25,24,24,24,23,23,23,23,25,26,26
-80,125,20,22,21,19,19,18,17,17,21,24,20,16,15,13,13,13,13,13,13,12,10,10,10,10,10,9,2,0,0,0,0,0,0,0,0,0,6,25,24,26,29,30,29,30,29,29,29,29,30,30,29,28,26,24,23,23,23,23,24,23,23,23,24
-78,125,20,24,23,23,22,20,18,19,17,14,15,17,18,18,17,16,17,15,14,13,12,11,11,12,12,12,3,0,0,0,0,0,0,0,0,0,5,24,24,25,24,26,26,26,26,26,27,28,28,26,26,26,26,24,23,23,24,23,23,23,24,24,25
-82,125,20,21,20,19,19,20,20,20,17,15,17,20,18,17,18,19,22,24,21,19,18,18,17,16,16,17,4,0,0,0,0,0,0,0,0,0,5,23,22,22,23,23,22,22,22,23,24,24,23,19,17,17,19,20,21,20,17,15,16,18,21,21,19
-83,125,20,15,16,17,17,18,18,20,16,12,17,24,24,25,25,26,25,24,24,26,28,26,25,24,23,21,5,0,0,0,0,0,0,0,0,0,5,20,19,20,21,21,21,21,21,21,21,22,21,21,19,17,17,17,16,14,15,17,17,16,15,17,18
-81,125,20,19,20,19,19,22,22,21,19,18,18,20,20,22,23,25,23,23,24,23,23,22,21,22,23,23,5,0,0,0,0,0,0,0,0,0,6,22,23,23,22,21,21,20,20,19,19,21,21,21,20,19,21,20,18,16,15,15,17,17,18,18,19
-78,125,20,26,28,28,26,25,25,25,27,31,28,23,24,25,24,23,23,23,23,23,22,22,21,18,17,17,4,0,0,0,0,0,0,0,0,0,2,12,13,14,15,16,18,19,19,21,21,22,22,23,25,23,23,23,24,25,25,25,25,26,27,29,28
-83,125,20,18,15,16,19,19,18,20,20,19,19,23,25,24,22,23,24,24,23,24,24,22,23,23,23,24,5,0,0,0,0,0,0,0,0,0,5,23,24,25,25,24,24,24,24,22,21,22,23,24,24,22,19,19,20,20,19,19,20,21,21,22,23
-82,125,20,22,21,20,21,22,22,21,19,19,20,22,24,25,25,26,25,26,25,24,23,21,20,21,19,18,4,0,0,0,0,0,0,0,0,0,4,17,18,18,19,20,20,20,20,18,18,19,19,18,18,18,18,18,18,18,20,21,20,19,20,21,23
-79,125,20,27,25,23,22,22,22,22,23,25,24,22,22,21,21,22,22,21,20,18,17,15,14,15,15,14,3,0,0,0,0,0,0,0,0,0,4,16,18,20,21,21,22,23,23,25,24,24,25,24,24,23,23,22,21,22,23,25,26,26,26,27,29
-81,125,20,18,18,20,18,17,17,18,22,26,21,18,16,18,20,19,18,19,20,19,17,17,18,18,17,15,4,0,0,0,0,0,0,0,0,0,5,20,21,23,23,24,25,24,24,23,22,21,23,22,21,20,20,19,17,18,21,21,21,20,18,17,19
-83,125,20,18,17,17,19,19,17,16,16,19,17,14,13,12,13,13,10,9,10,10,8,7,7,8,7,8,2,0,0,0,0,0,0,0,0,0,7,29,30,30,30,31,30,29,30,29,28,30,30,29,26,24,24,24,23,23,23,22,22,22,24,24,22
-79,125,20,24,24,22,20,20,20,19,21,23,20,17,16,16,16,16,16,16,15,13,11,10,10,10,10,10,3,0,0,0,0,0,0,0,0,0,6,24,24,25,26,26,26,27,27,26,26,27,27,27,26,26,24,24,24,23,23,25,26,24,23,24,25
-81,125,20,21,20,20,20,20,21,20,18,18,19,20,20,18,19,22,23,22,21,21,21,19,19,19,18,18,5,0,0,0,0,0,0,0,0,0,6,24,24,24,25,25,24,26,27,27,25,24,24,24,22,21,21,22,21,19,18,20,21,20,20,20,18
-81,125,20,25,25,25,25,24,23,23,20,17,22,25,24,23,22,24,24,22,22,21,20,19,18,18,16,15,4,0,0,0,0,0,0,0,0,0,5,18,19,22,22,21,23,25,26,26,27,26,25,22,21,23,25,25,24,24,25,25,24,26,30,31,28
-80,125,20,18,18,19,20,21,21,20,24,28,24,21,23,25,27,27,27,27,29,29,26,25,25,27,25,25,7,0,0,0,0,0,0,0,0,0,7,26,26,26,27,28,28,27,26,26,24,23,24,24,23,22,21,19,17,16,17,18,17,17,18,20,19
-78,125,20,29,29,28,28,28,28,28,26,24,26,27,29,30,30,30,30,29,28,27,27,27,26,25,23,21,6,0,0,0,0,0,0,0,0,0,1,5,5,7,8,9,11,12,14,15,15,17,18,18,20,21,21,21,21,21,22,25,25,25,25,26,28
-77,125,20,26,27,25,25,25,25,25,22,21,25,26,26,28,28,29,29,28,27,27,25,24,23,23,21,19,4,0,0,0,0,0,0,0,0,0,1,6,7,8,8,9,11,13,13,14,17,18,19,18,17,18,19,19,18,20,21,23,24,23,24,25,26
-80,125,20,25,24,24,25,24,23,23,21,18,22,24,23,24,26,27,27,25,25,25,24,23,23,22,20,20,5,0,0,0,0,0,0,0,0,0,5,17,18,18,19,19,20,19,20,20,21,21,21,20,18,18,20,21,21,22,22,21,20,21,25,24,23
-82,125,20,20,21,21,19,19,20,22,26,29,26,22,21,21,23,21,21,21,20,19,19,17,15,14,15,17,4,0,0,0,0,0,0,0,0,0,5,21,22,24,23,24,26,27,26,26,27,26,24,24,22,20,21,22,21,19,20,21,20,19,21,21,20
6,26,25,25,25,24,25,27,28
6,26,25,25,25,24,25,27,28
6,26,25,25,25,24,25,27,28
6,26,25,25,25,24,25,27,28
6,26,25,25,25,24,25,27,28
6,26,25,25,25,24,25,27,28
6,26,25,25,25,24,25,27,28
6,26,25,25,25,24,25,27,28
6,26,25,25,25,24,25,27,28
6,26,25,25,25,24,25,27,28
6,26,25,25,25,24,25,27,28
6,26,25,25,25,24,25,27,28
6,26,25,25,25,24,25,27,28
6,26,25,25,25,24,25,27,28
6,26,25,25,25,24,25,27,28
6,26,25,25,25,24,25,27,28
6,26,25,25,25,24,25,27,28
6,26,25,25,25,24,25,27,28
6,26,25,25,25,24,25,27,28
6,26,25,25,25,24,25,27,28
6,26,25,25,25,24,25,27,28
6,26,25,25,25,24,25,27,28
6,26,25,25,25,24,25,27,28
6,26,25,25,25,24,25,27,28
6,26,25,25,25,24,25,27,28
6,26,25,25,25,24,25,27,28
6,26,25,25,25,24,25,27,28
6,26,25,25,25,24,25,27,28
6,26,25,25,25,24,25,27,28
6,26,25,25,25,24,25,27,28
6,26,25,25,25,24,25,27,28
6,26,25,25,25,24,25,27,28
-82,125,20,23,20,,13,13,12
-82,125,20,23,20,,13,13,12
-82,125,20,23,20,,13,13,12
-82,125,20,23,20,,13,13,12
-82,125,20,23,20,,13,13,12
-82,125,20,23,20,,13,13,12
-82,125,20,23,20,,13,13,12
-82,125,20,23,20,,13,13,12
-82,125,20,23,20,,13,13,12
-82,125,20,23,20,,13,13,12
-82,125,20,23,20,,13,13,12
-82,125,20,23,20,,13,13,12
-82,125,20,23,20,,13,13,12
-82,125,20,23,20,,13,13,12
-82,125,20,23,20,,13,13,12
-82,125,20,23,20,,13,13,12
-82,125,20,23,20,,13,13,12
-82,125,20,23,20,,13,13,12
-82,125,20,23,20,,13,13,12
-82,125,20,23,20,,13,13,12
-82,125,20,23,20,,13,13,12
-82,125,20,23,20,,13,13,12
-82,125,20,23,20,,13,13,12
-82,125,20,23,20,,13,13,12
-82,125,20,23,20,,13,13,12
-82,125,20,23,20,,13,13,12
-82,125,20,23,20,,13,13,12
-82,125,20,23,20,,13,13,12
-82,125,20,23,20,,13,13,12
-82,125,20,23,20,,13,13,12
-82,125,20,23,20,,13,13,12
-82,125,20,23,20,,13,13,12
-82,125,20,23,20,,13,13,12
-82,125,20,23,20,,13,13,12
-82,125,20,23,20,,13,13,12
-82,125,20,23,20,,13,13,12
-82,125,20,23,20,,13,13,12
-82,125,20,23,20,ets Jul 29 2019 12:21:46
-86,46,2,7,7,8,11,14,17,20,15,9,13,17,19,22,24,27,29,30,30,30,31,31,33,34,32,31,8,0,0,0,0,0,0,0,0,0,2,10,10,12,12,12,10,11,12,12,9,11,12,13,11,11,11,11,8,6,7,7,6,3,3,3,3
-86,46,2,18,20,19,19,20,21,21,19,17,18,23,24,26,27,28,29,28,28,29,30,29,30,31,30,31,8,0,0,0,0,0,0,0,0,0,1,2,3,4,4,4,4,7,8,8,7,5,7,8,7,7,6,4,4,6,8,9,10,10,11,13,12
-79,98,6,27,27,26,25,25,27,26,25,27,27,26,27,28,30,32,33,32,32,32,31,32,31,31,29,29,7,0,0,0,0,0,0,0,0,0,1,4,6,7,8,10,11,12,11,12,13,14,15,16,15,15,16,17,17,17,17,17,18,19,22,24,25
-80,131,5,27,24,23,25,25,24,24,26,29,28,26,25,26,28,29,29,30,29,27,26,25,25,24,22,20,4,0,0,0,0,0,0,0,0,0,3,13,13,14,14,15,17,17,18,18,20,21,22,22,20,19,23,24,21,21,21,21,21,21,23,25,25
-78,163,8,26,26,24,24,23,21,20,20,22,20,18,18,18,17,17,15,16,16,15,14,12,11,10,10,11,3,0,0,0,0,0,0,0,0,0,6,22,23,25,25,25,26,27,26,26,27,29,29,30,28,27,28,28,26,25,25,25,26,26,27,27,29
-81,114,14,15,15,16,14,13,13,15,18,23,24,24,23,23,26,30,32,32,30,30,31,32,32,32,31,32,7,0,0,0,0,0,0,0,0,0,3,16,17,17,18,18,19,20,18,17,17,20,20,18,16,16,15,14,15,15,14,14,13,13,14,14,12
-83,125,20,16,17,17,15,14,14,15,18,21,20,18,18,20,21,21,18,18,18,18,18,20,20,17,17,21,5,0,0,0,0,0,0,0,0,0,3,18,21,23,21,22,24,25,23,21,21,23,23,23,22,21,21,23,21,21,21,20,20,18,15,16,16
-81,125,20,20,18,18,17,18,19,17,19,23,22,21,20,21,24,25,26,27,27,26,26,25,23,22,22,22,6,0,0,0,0,0,0,0,0,0,5,19,20,23,24,24,24,25,24,24,23,24,24,23,22,22,23,22,22,23,21,20,20,19,20,21,19
-80,125,20,17,14,14,15,16,15,16,15,14,16,17,17,17,18,19,20,20,22,21,20,20,21,21,19,20,5,0,0,0,0,0,0,0,0,0,3,17,17,18,18,20,22,22,21,21,21,22,22,21,21,20,20,21,21,19,18,16,15,16,15,16,18
-79,125,20,23,23,21,20,19,18,17,16,15,19,22,21,21,21,21,22,22,23,24,23,22,23,22,22,22,6,0,0,0,0,0,0,0,0,0,6,22,22,22,24,24,25,26,26,27,28,30,29,27,27,27,28,28,26,23,22,23,23,23,21,21,24
-84,125,20,10,12,10,10,12,14,14,11,7,12,17,20,22,24,25,27,30,28,26,28,29,30,30,29,28,6,0,0,0,0,0,0,0,0,0,3,19,21,22,22,22,21,21,20,21,21,21,19,17,14,12,12,13,13,12,11,9,8,7,6,5,7
-77,125,20,25,25,24,24,23,23,24,20,20,22,22,22,24,25,25,24,24,24,23,23,21,22,21,20,19,5,0,0,0,0,0,0,0,0,0,2,8,8,9,11,12,13,14,15,16,17,17,18,18,18,18,20,20,18,20,21,23,23,23,24,25,25
-82,125,20,16,15,14,13,10,9,8,5,1,3,5,3,3,3,2,5,6,7,10,11,13,12,12,13,15,4,0,0,0,0,0,0,0,0,0,5,24,26,28,29,30,31,30,29,30,31,31,32,30,26,26,28,26,24,25,25,24,23,22,21,21,21
-81,125,20,13,10,10,9,8,8,9,6,5,7,10,10,11,14,16,17,17,18,19,21,21,22,24,21,21,5,0,0,0,0,0,0,0,0,0,7,25,26,27,28,29,28,28,28,29,31,32,30,29,28,26,25,24,24,22,21,21,21,20,19,20,19
-81,125,20,8,7,8,10,11,10,9,13,18,17,15,15,17,20,23,25,25,25,28,29,29,28,30,30,31,8,0,0,0,0,0,0,0,0,0,7,29,30,30,30,31,32,32,32,32,32,30,30,31,30,29,29,26,23,23,22,23,21,17,17,15,12
-81,125,20,10,10,10,12,11,12,13,13,14,18,21,20,19,23,25,25,26,27,29,29,29,30,31,31,29,7,0,0,0,0,0,0,0,0,0,5,21,22,23,24,26,26,26,26,26,26,26,26,24,21,20,17,17,17,17,18,16,13,12,10,10,10
-78,125,20,24,24,23,23,22,20,20,20,20,21,20,21,22,22,21,21,21,20,19,18,18,18,19,18,18,5,0,0,0,0,0,0,0,0,0,5,20,20,21,22,22,23,23,24,25,27,27,26,26,25,26,27,26,24,23,24,25,24,24,26,27,27
-77,125,20,25,24,23,23,23,22,21,20,18,20,19,17,18,18,18,17,16,16,14,14,13,12,12,10,10,2,0,0,0,0,0,0,0,0,0,5,22,23,24,24,25,26,26,26,26,28,29,29,28,26,26,27,28,27,27,26,26,26,26,26,27,29
-77,125,20,26,25,24,22,19,19,19,15,12,14,14,13,12,11,12,12,13,12,11,10,10,9,8,7,6,2,0,0,0,0,0,0,0,0,0,6,26,26,28,29,29,29,29,30,32,33,33,34,31,30,29,29,29,29,28,28,27,27,27,27,27,26
-83,125,20,9,6,5,7,9,9,9,7,5,10,14,17,18,19,22,25,26,26,26,27,28,28,28,27,27,6,0,0,0,0,0,0,0,0,0,5,21,21,21,21,21,21,20,22,23,20,19,21,20,18,16,16,17,15,13,12,11,10,9,10,8,8
-83,125,20,9,9,10,10,10,12,13,12,10,15,19,20,23,26,27,28,30,30,31,33,33,32,32,31,30,8,0,0,0,0,0,0,0,0,0,6,23,22,23,24,25,25,25,24,23,23,25,23,20,18,18,16,14,13,13,13,11,10,10,10,10,8
-80,125,20,19,20,21,21,22,22,22,22,21,23,24,25,27,28,29,29,30,32,30,30,30,30,31,30,28,7,0,0,0,0,0,0,0,0,0,4,15,15,15,15,17,18,20,20,18,18,19,20,18,17,17,19,18,17,17,16,16,18,19,20,20,20
-80,125,20,22,22,21,20,21,24,23,24,25,25,24,24,24,27,29,29,29,29,30,30,29,29,30,28,26,7,0,0,0,0,0,0,0,0,0,3,12,14,15,17,17,17,16,15,16,18,18,18,18,18,19,19,18,19,19,19,18,19,21,22,21,21
-82,125,20,18,18,15,15,16,17,17,16,14,18,21,23,23,23,26,27,27,28,30,30,29,29,27,25,26,7,0,0,0,0,0,0,0,0,0,4,16,18,20,21,21,21,22,20,17,19,21,22,22,20,19,19,18,17,16,17,17,16,16,17,17,20
-79,125,20,20,20,19,17,16,16,16,17,18,16,14,12,12,13,12,12,10,10,11,11,10,10,10,9,9,2,0,0,0,0,0,0,0,0,0,4,19,20,23,23,24,26,26,27,28,28,28,29,28,27,26,25,26,26,26,27,26,25,26,26,25,24
-82,125,20,21,21,23,23,20,20,22,23,25,26,23,23,25,27,28,28,28,29,30,30,29,26,24,24,26,7,0,0,0,0,0,0,0,0,0,5,18,21,22,21,19,20,21,20,20,20,22,22,21,21,22,22,21,20,20,23,23,24,25,24,23,22
-79,125,20,22,22,24,25,24,24,24,25,26,24,23,23,24,25,24,25,26,25,23,23,22,22,22,21,21,5,0,0,0,0,0,0,0,0,0,3,15,16,17,17,18,19,21,21,21,22,22,23,22,22,23,25,24,24,26,24,23,25,25,25,25,25
-79,125,20,21,19,19,19,19,20,19,20,21,20,19,20,20,21,20,20,21,20,19,19,19,18,17,17,18,4,0,0,0,0,0,0,0,0,0,4,18,19,21,22,22,21,21,23,25,25,25,25,24,23,23,24,24,23,24,24,24,24,24,25,27,26
-79,125,20,23,21,21,22,25,23,23,20,18,20,21,21,22,22,21,20,22,23,22,20,17,17,18,18,18,4,0,0,0,0,0,0,0,0,0,4,18,18,19,20,20,21,22,22,22,22,24,24,24,24,24,24,24,24,22,23,24,23,25,24,25,25
-78,125,20,21,23,23,23,23,23,24,22,20,23,25,27,28,30,30,29,29,28,29,29,29,28,27,27,27,7,0,0,0,0,0,0,0,0,0,2,12,12,13,12,13,13,13,13,14,14,15,16,16,16,17,16,15,14,15,16,16,17,18,20,21,20
-81,125,20,23,22,21,21,21,21,22,25,27,25,24,25,26,27,29,29,30,30,29,27,27,28,28,28,28,7,0,0,0,0,0,0,0,0,0,4,16,16,16,17,18,18,17,16,16,16,18,18,18,15,15,16,16,14,14,15,15,17,18,20,22,23
-81,125,20,24,24,24,24,24,25,25,22,21,21,24,25,26,27,28,29,30,28,27,28,27,26,24,24,25,6,0,0,0,0,0,0,0,0,0,2,11,11,12,14,13,13,13,14,15,15,17,18,17,16,17,17,17,17,19,20,20,19,20,22,23,22
-80,125,20,22,22,23,22,22,23,23,24,27,28,26,24,24,26,27,29,31,30,28,28,29,28,28,27,27,6,0,0,0,0,0,0,0,0,0,5,19,19,20,20,22,23,24,23,21,21,21,22,22,21,21,21,22,21,22,22,22,23,23,22,21,25
-77,125,20,26,26,25,25,25,25,24,24,25,26,25,25,27,28,28,29,26,24,24,24,24,22,21,20,21,5,0,0,0,0,0,0,0,0,0,2,8,8,9,9,10,11,13,13,13,15,17,18,17,16,17,19,18,18,20,21,21,22,22,24,25,25
-77,125,20,25,26,25,26,25,23,22,21,22,23,24,25,25,26,25,25,24,24,24,22,22,21,21,20,20,4,0,0,0,0,0,0,0,0,0,2,8,9,10,11,12,12,14,14,13,13,15,17,17,17,16,17,18,18,18,18,19,21,22,23,24,24
-80,125,20,24,24,23,22,25,24,23,24,27,26,25,26,27,28,29,28,28,29,28,27,26,25,25,25,25,6,0,0,0,0,0,0,0,0,0,4,15,18,19,19,19,19,19,19,20,22,23,22,22,21,22,23,23,21,19,20,23,24,25,25,23,21
-82,125,20,21,18,18,18,19,20,18,16,16,17,19,21,22,22,23,24,23,24,23,22,24,26,25,24,21,5,0,0,0,0,0,0,0,0,0,3,17,18,19,21,22,23,23,23,24,25,23,22,21,20,20,20,21,22,21,21,21,21,22,20,18,20
-80,125,20,19,20,21,22,21,22,23,23,23,24,23,23,24,25,26,28,29,28,27,27,27,27,26,26,27,7,0,0,0,0,0,0,0,0,0,4,16,17,17,17,18,18,19,20,20,21,21,20,20,21,19,18,20,19,19,19,20,21,21,20,21,21
-80,125,20,24,23,21,19,20,24,25,23,23,24,25,24,23,24,26,29,26,26,33,38,33,27,24,22,21,6,0,0,0,0,0,0,0,0,0,4,15,15,15,17,16,16,17,17,18,19,21,20,18,18,18,19,19,19,21,20,19,19,20,21,21,20
-81,125,20,21,22,22,20,20,21,22,24,26,24,24,25,26,27,30,30,29,29,28,27,29,30,30,29,27,6,0,0,0,0,0,0,0,0,0,3,14,13,13,13,13,14,14,15,15,14,13,16,16,14,14,15,16,15,16,17,17,17,18,19,20,20
-78,121,38,23,23,21,21,22,22,20,19,20,20,21,23,24,24,24,21,21,21,21,25,29,27,26,26,25,5,0,0,0,0,0,0,0,0,0,4,18,19,20,20,20,20,19,19,20,21,22,22,21,20,21,22,19,20,21,22,20,21,21,21,23,26
-80,125,20,22,22,21,19,19,20,19,21,23,20,16,15,16,18,18,21,23,21,18,17,16,17,18,18,18,4,0,0,0,0,0,0,0,0,0,5,21,22,24,24,24,25,26,26,27,27,28,27,26,26,25,25,24,24,24,23,24,25,25,25,24,24
-77,121,38,25,25,25,24,22,21,21,22,22,20,17,17,17,17,18,17,17,15,14,14,13,13,13,13,12,3,0,0,0,0,0,0,0,0,0,5,21,21,22,23,23,23,24,24,24,26,27,27,26,27,27,28,27,26,26,26,26,25,25,27,28,27
-82,125,20,24,23,23,23,23,24,24,21,20,23,26,27,28,29,30,31,30,29,29,29,27,26,26,26,26,5,0,0,0,0,0,0,0,0,0,2,11,11,13,14,14,15,16,16,17,19,19,18,18,18,19,20,20,19,19,19,21,20,20,22,24,23
-83,125,20,19,20,20,20,21,23,23,23,25,26,27,28,29,29,29,30,31,31,30,31,30,30,30,30,31,8,0,0,0,0,0,0,0,0,0,1,6,7,8,7,6,8,10,10,9,9,10,9,10,11,12,11,11,12,14,14,14,16,18,17,16,17
-83,125,20,23,22,21,21,22,22,21,20,20,24,26,27,31,35,36,35,34,33,32,33,32,32,30,29,30,7,0,0,0,0,0,0,0,0,0,2,10,8,8,8,9,10,12,12,13,14,14,14,16,14,13,12,13,15,17,17,16,16,19,21,20,19
-81,125,20,27,24,22,23,22,21,22,25,27,25,24,25,27,29,28,30,30,29,28,24,24,26,27,26,26,6,0,0,0,0,0,0,0,0,0,4,16,18,19,19,20,20,19,19,20,21,22,22,21,20,20,20,20,20,20,21,20,22,24,25,24,25
-80,125,20,24,25,26,26,26,26,25,23,24,26,28,27,28,30,30,30,30,30,30,28,28,26,25,26,25,5,0,0,0,0,0,0,0,0,0,1,6,7,8,8,8,9,10,11,12,13,14,13,14,15,15,15,16,18,19,18,17,18,18,20,22,24
-82,125,20,24,24,24,22,22,20,18,20,25,24,23,22,23,27,26,23,23,25,24,24,23,22,21,20,18,4,0,0,0,0,0,0,0,0,0,3,15,16,18,18,19,21,22,22,23,22,21,21,21,18,17,18,19,19,19,19,18,19,21,24,25,25
-79,125,20,25,24,24,23,23,23,22,24,26,26,25,26,26,26,26,27,28,30,30,28,27,27,27,27,26,7,0,0,0,0,0,0,0,0,0,2,7,9,9,10,10,11,12,12,13,14,16,17,17,15,16,17,16,16,17,17,18,19,19,20,21,22
-80,125,20,25,26,26,25,24,24,25,22,19,23,27,27,27,27,29,28,29,30,29,28,25,24,25,26,26,6,0,0,0,0,0,0,0,0,0,2,9,9,10,10,11,12,12,13,14,16,17,17,16,16,18,18,18,18,18,20,21,20,20,22,23,25
-75,125,20,30,30,29,28,27,27,27,26,27,26,25,27,28,28,28,28,28,27,25,25,24,24,22,21,21,5,0,0,0,0,0,0,0,0,0,3,10,10,12,12,14,15,16,17,19,19,20,20,21,21,22,23,24,24,23,23,26,27,27,27,28,29
-76,125,20,26,27,28,28,26,26,27,26,24,25,25,24,25,27,27,27,26,25,25,25,24,22,22,21,19,5,0,0,0,0,0,0,0,0,0,3,11,11,10,11,12,14,14,15,18,18,19,19,19,19,20,21,20,20,20,20,21,23,26,27,27,26
-79,125,20,27,27,26,27,28,28,26,25,25,27,28,25,25,28,29,29,28,28,27,28,27,25,25,25,25,7,0,0,0,0,0,0,0,0,0,3,11,12,13,15,16,16,16,16,18,20,20,20,19,19,20,23,23,21,21,22,23,24,25,26,26,27
-82,125,20,20,21,21,21,22,23,23,23,24,25,26,27,29,30,29,29,30,31,30,30,29,29,28,27,27,5,0,0,0,0,0,0,0,0,0,2,9,12,13,13,13,14,14,16,16,14,13,14,15,14,16,16,15,16,17,16,16,17,18,21,21,20
-82,125,20,23,25,23,21,22,22,24,26,29,28,27,29,31,32,32,32,32,31,29,29,29,28,27,25,25,5,0,0,0,0,0,0,0,0,0,1,7,8,9,10,10,9,10,11,10,9,10,11,10,12,12,11,12,13,12,12,15,16,15,17,20,21
-81,125,20,24,25,24,24,23,22,23,28,32,29,26,26,28,29,28,29,30,31,31,28,27,28,26,26,26,7,0,0,0,0,0,0,0,0,0,1,4,6,7,7,8,9,10,10,11,13,14,13,13,12,13,15,15,16,16,16,16,18,20,21,22,23
-81,125,20,25,24,24,24,24,24,24,26,29,28,25,25,26,27,29,29,27,26,28,28,28,28,26,24,23,5,0,0,0,0,0,0,0,0,0,4,13,13,14,16,16,16,16,16,17,18,19,18,18,18,18,17,19,20,19,20,19,19,22,22,22,22
