-54,114,14,32,25,17,10,4,8,16,24,31,36,40,41,42,39,37,33,28,22,15,8,5,9,14,18,21,6,0,0,0,0,0,0,0,0,0,2,8,9,13,16,21,25,29,31,33,32,30,28,25,19,14,9,7,10,16,22,29,34,37,40,43,43
-80,114,14,25,28,29,29,30,28,27,24,17,13,9,7,10,16,21,27,33,35,34,32,28,23,18,16,16,4,0,0,0,0,0,0,0,0,0,6,23,22,20,17,13,10,7,8,13,18,21,22,23,24,24,22,20,19,16,13,12,11,9,11,16,21
-59,118,8,0,0,0,5,20,20,23,24,23,23,23,23,23,25,26,27,26,25,25,27,27,25,25,26,26,26,26,27,29,28,14,29,30,30,28,28,29,29,28,28,29,29,28,29,30,30,31,31,31,30,30,30,30,30,29,29,29,6,0,0,0,0
-60,163,8,0,0,0,5,21,21,24,24,23,23,22,23,23,24,25,26,26,24,24,26,25,24,24,24,24,24,24,26,26,26,13,26,27,26,26,26,26,26,26,25,25,26,25,25,26,26,27,28,26,26,26,26,27,27,27,26,26,6,0,0,0,0
-59,43,1,0,0,0,5,25,26,27,27,26,25,25,25,25,25,26,27,27,26,25,27,25,24,24,24,24,24,24,24,26,26,13,26,26,26,25,25,25,24,24,23,23,24,23,23,23,23,24,24,23,23,22,22,22,22,22,21,21,5,0,0,0,0
-54,114,14,34,33,29,26,24,19,17,16,18,22,27,31,35,37,39,40,40,37,33,27,21,15,8,2,5,2,0,0,0,0,0,0,0,0,0,3,17,18,18,19,18,18,18,18,18,19,19,21,21,23,23,24,24,23,24,24,24,25,25,26,29,31
-80,114,14,29,29,27,26,23,22,20,17,13,10,6,5,8,13,16,19,22,24,25,25,23,21,18,14,11,2,0,0,0,0,0,0,0,0,0,7,27,26,25,23,18,13,8,3,3,9,16,21,24,28,26,24,22,20,16,11,6,0,6,12,18,23
-89,114,14,19,19,15,11,12,14,15,17,20,21,20,22,25,22,17,16,14,11,7,5,3,1,2,5,4,1,0,0,0,0,0,0,0,0,0,5,20,25,23,19,18,16,15,15,13,9,9,11,12,14,14,13,14,18,16,11,12,14,11,10,12,14
-72,114,14,24,25,26,29,30,31,30,29,27,25,23,19,16,14,13,13,15,17,18,20,20,19,18,17,15,3,0,0,0,0,0,0,0,0,0,2,9,9,9,9,12,16,18,22,24,25,25,26,25,24,24,24,23,24,26,28,30,32,32,33,33,32
-59,118,8,0,0,0,6,21,22,23,24,23,22,23,22,22,23,24,25,25,24,23,24,24,23,22,22,22,23,22,23,24,25,12,25,25,25,24,23,23,23,23,23,22,23,22,23,23,23,24,24,24,23,22,23,23,23,23,23,22,6,0,0,0,0
-60,163,8,0,0,0,6,23,24,25,26,26,24,24,25,25,26,27,28,28,27,27,28,27,26,26,25,25,26,25,27,27,27,14,28,28,28,27,26,27,27,26,26,27,27,25,25,25,26,26,26,26,26,25,25,25,25,25,24,23,6,0,0,0,0
-59,163,8,0,0,0,6,23,24,25,26,25,25,25,25,25,26,27,27,27,26,26,26,26,25,25,25,25,25,25,25,27,27,13,26,26,26,26,25,25,25,25,24,24,24,24,24,25,25,25,25,25,24,24,24,24,25,25,24,24,6,0,0,0,0
-57,43,1,0,0,0,5,21,21,23,23,23,23,23,23,23,23,25,25,25,25,24,25,25,23,23,23,23,23,23,24,24,25,12,25,25,25,24,23,24,24,23,23,23,23,23,23,23,24,24,23,23,23,23,22,22,22,23,22,22,6,0,0,0,0
-55,114,14,26,25,24,22,20,19,18,19,19,22,24,26,28,28,29,30,29,26,23,18,14,9,6,5,8,2,0,0,0,0,0,0,0,0,0,3,14,15,16,16,16,16,15,15,14,14,14,15,17,18,20,21,22,22,23,23,23,23,22,22,23,25
-81,114,14,26,26,25,24,22,19,16,12,9,7,8,12,15,18,21,29,36,36,33,31,25,20,16,12,10,2,0,0,0,0,0,0,0,0,0,6,26,27,25,19,14,10,6,6,9,13,19,23,27,29,28,27,25,21,17,13,9,4,5,13,20,24
-54,114,14,29,28,26,25,23,21,19,19,20,22,24,27,29,31,32,32,31,30,27,23,18,13,8,5,6,2,0,0,0,0,0,0,0,0,0,4,15,17,18,18,18,18,18,17,17,16,15,17,18,19,21,23,24,25,25,25,26,26,25,24,25,26
-82,114,14,29,30,31,29,26,22,18,13,8,8,10,13,18,21,25,29,32,33,33,31,28,24,20,15,10,2,0,0,0,0,0,0,0,0,0,6,30,30,27,25,20,14,8,6,12,17,24,30,33,32,31,31,30,25,19,13,5,1,7,13,19,23
-72,114,14,33,32,33,34,36,36,36,36,35,35,33,31,29,25,22,20,18,16,16,17,18,19,20,21,21,6,0,0,0,0,0,0,0,0,0,4,17,13,8,4,2,8,14,18,21,23,24,24,22,21,19,18,16,16,19,23,27,29,31,34,36,37
-89,114,14,9,12,15,17,18,18,17,15,16,19,19,16,17,16,14,13,10,9,8,5,2,1,2,2,4,1,0,0,0,0,0,0,0,0,0,2,9,12,13,10,8,7,5,4,1,2,5,5,3,3,4,4,7,11,10,11,12,11,11,14,14,10
-58,118,8,0,0,0,5,22,22,24,24,23,23,24,23,23,24,25,25,24,23,23,23,24,23,23,23,23,22,22,22,24,23,11,23,23,23,23,23,23,22,21,20,20,21,21,21,22,22,22,23,23,22,22,21,21,22,22,22,22,5,0,0,0,0
-58,163,8,0,0,0,4,21,22,22,23,22,23,23,23,23,24,25,26,25,24,24,25,25,24,24,24,24,24,24,24,26,26,12,26,26,26,25,24,25,24,24,23,23,24,23,24,25,25,26,26,25,25,25,25,25,26,26,25,25,6,0,0,0,0
-58,163,8,0,0,0,5,21,22,24,25,24,23,24,24,24,25,26,27,27,26,26,27,27,25,25,25,25,26,25,26,27,28,14,28,28,27,26,26,27,27,25,25,25,25,25,25,26,26,28,27,26,26,26,27,27,27,27,27,26,7,0,0,0,0
-59,43,1,0,0,0,5,23,24,25,25,24,23,24,24,22,23,24,25,25,24,23,25,24,23,23,23,23,23,23,24,25,25,13,25,25,25,25,25,25,25,24,23,24,25,23,24,25,26,26,26,26,26,26,27,27,28,28,28,28,7,0,0,0,0
-51,114,14,43,41,35,30,24,19,16,17,22,28,33,38,41,42,43,42,39,36,30,24,16,9,2,5,9,2,0,0,0,0,0,0,0,0,0,4,16,15,14,15,15,17,20,23,26,27,29,31,32,30,30,28,27,25,23,24,26,30,33,36,41,45
-78,114,14,31,32,32,30,27,24,21,17,13,12,11,12,14,17,19,22,24,28,29,27,25,23,20,18,16,3,0,0,0,0,0,0,0,0,0,7,28,28,26,21,17,13,7,6,10,14,20,26,30,30,30,30,27,23,19,15,8,4,8,16,25,28
-85,114,14,21,24,22,20,21,24,23,20,20,20,22,19,17,18,17,17,17,12,9,8,7,7,8,8,9,2,0,0,0,0,0,0,0,0,0,4,17,19,19,18,17,14,13,13,11,10,10,9,9,10,13,14,10,9,14,20,20,17,18,19,18,17
-73,114,14,33,30,26,24,23,24,25,28,31,33,35,36,36,35,32,30,26,21,15,10,7,9,12,15,18,5,0,0,0,0,0,0,0,0,0,2,6,3,5,7,11,17,22,24,27,27,27,26,23,19,15,11,7,7,11,18,24,29,33,39,42,42
-59,118,8,0,0,0,6,22,23,24,25,24,24,24,24,24,25,26,26,26,26,26,26,26,25,25,25,25,26,25,26,27,27,13,28,28,28,27,27,27,26,26,26,26,26,25,25,26,26,27,27,27,27,27,27,27,27,27,27,27,7,0,0,0,0
-59,163,8,0,0,0,5,21,22,23,24,23,24,24,23,24,25,26,27,27,26,26,27,26,26,26,26,26,26,26,27,28,29,14,28,28,28,28,28,28,28,27,26,27,27,26,27,27,29,30,30,29,29,29,29,29,30,30,30,30,7,0,0,0,0
-59,163,8,0,0,0,5,22,22,24,25,23,23,24,23,24,25,26,27,27,26,25,27,26,25,25,25,26,26,26,27,28,28,13,29,29,29,28,27,27,27,27,26,26,26,26,26,28,29,29,29,29,29,29,29,29,30,30,30,29,7,0,0,0,0
-59,163,8,0,0,0,6,23,23,25,25,24,24,24,25,25,26,27,28,28,27,27,29,28,27,27,27,27,27,27,28,29,30,15,30,30,30,29,28,28,28,28,28,28,28,28,28,29,30,30,31,30,30,30,30,31,31,31,31,30,8,0,0,0,0
-59,163,8,0,0,0,5,18,19,20,20,20,20,20,20,20,21,22,22,22,21,21,22,22,21,21,21,21,22,21,22,23,23,12,24,24,24,23,22,23,23,22,22,22,22,22,22,23,24,24,24,24,24,24,24,24,24,24,24,24,6,0,0,0,0
-59,43,1,0,0,0,6,23,24,25,25,24,24,24,24,25,26,27,27,27,26,26,27,26,25,25,25,26,26,25,26,28,27,14,28,28,28,27,27,27,27,26,26,25,26,26,26,27,27,28,28,27,27,27,27,27,28,28,27,27,7,0,0,0,0
-54,114,14,26,25,24,23,22,20,19,19,19,20,21,23,24,25,25,26,25,23,21,18,14,11,9,7,7,2,0,0,0,0,0,0,0,0,0,3,13,13,13,13,13,13,14,14,14,13,15,16,18,19,20,21,21,22,21,22,22,22,21,21,22,23
-81,114,14,31,34,31,26,22,21,19,17,12,6,4,9,14,18,21,25,27,29,31,30,26,23,21,17,17,4,0,0,0,0,0,0,0,0,0,7,30,29,27,23,17,11,7,6,10,16,20,24,26,26,26,25,21,17,12,8,1,4,7,14,23,26
-71,114,14,38,39,38,36,34,31,27,23,18,14,11,9,10,12,12,14,16,17,18,17,17,16,14,13,12,3,0,0,0,0,0,0,0,0,0,2,9,5,2,7,12,18,22,26,30,32,33,33,32,31,30,28,26,24,21,19,19,20,21,24,28,31
-89,114,14,19,18,16,13,11,9,8,7,8,13,17,18,18,17,18,17,14,11,6,2,2,3,4,7,7,2,0,0,0,0,0,0,0,0,0,4,15,15,18,19,17,17,17,15,14,13,12,13,11,8,7,4,2,3,3,4,5,6,10,14,18,20
-61,118,8,0,0,0,5,22,24,25,25,24,24,24,25,25,25,26,28,27,26,26,26,26,25,25,26,26,26,26,26,28,27,14,28,28,28,26,26,26,26,25,24,24,25,24,24,24,25,25,25,25,24,23,23,24,24,24,24,23,6,0,0,0,0
-60,43,1,0,0,0,5,21,22,23,24,22,22,23,22,22,23,24,25,25,24,24,24,24,23,23,22,22,22,21,22,23,23,12,23,23,22,22,22,21,21,22,21,21,22,21,21,22,22,24,24,24,24,23,24,25,25,25,25,25,7,0,0,0,0
-56,114,14,19,18,15,13,11,10,9,10,12,13,16,18,19,20,20,20,19,17,15,11,8,5,2,4,5,2,0,0,0,0,0,0,0,0,0,2,6,5,6,6,6,7,8,10,11,12,13,14,14,14,14,13,13,12,11,12,12,14,15,16,17,19
-81,114,14,22,23,24,25,24,21,18,17,13,8,5,6,5,9,14,17,19,22,25,26,26,26,21,19,19,5,0,0,0,0,0,0,0,0,0,8,36,37,37,33,30,25,17,9,5,9,15,21,25,26,28,30,32,30,27,25,21,13,7,1,7,9
-71,114,14,20,20,21,22,23,24,24,25,24,23,22,21,20,19,18,17,15,13,11,9,8,8,9,10,10,2,0,0,0,0,0,0,0,0,0,5,22,22,23,24,25,25,23,23,20,18,16,14,15,17,19,23,25,26,29,30,32,33,32,31,30,29
-88,114,14,14,13,13,12,14,16,14,15,20,23,26,28,26,24,24,19,15,11,8,4,3,4,5,7,8,3,0,0,0,0,0,0,0,0,0,3,16,18,15,10,9,13,14,12,9,8,8,8,7,8,9,9,9,8,11,12,11,10,9,11,13,14
-61,118,8,0,0,0,5,20,20,22,22,22,21,21,21,22,22,23,24,24,23,23,23,23,21,21,22,22,22,21,22,23,23,12,23,23,23,22,22,22,22,21,20,20,21,20,21,21,21,22,22,22,21,21,21,22,22,23,22,22,6,0,0,0,0
-60,43,1,0,0,0,5,23,24,26,26,25,25,25,24,25,26,27,28,27,26,26,27,26,25,25,24,24,24,24,24,26,26,12,26,26,26,24,24,24,24,23,22,23,23,22,23,23,23,24,23,23,23,23,22,23,23,24,24,23,5,0,0,0,0
-55,114,14,28,27,24,22,19,16,14,14,16,18,21,24,26,27,28,27,25,24,20,16,11,7,4,5,8,3,0,0,0,0,0,0,0,0,0,2,11,11,9,9,9,9,10,13,15,17,19,21,21,21,22,21,20,19,18,17,18,19,20,21,25,26
-82,114,14,28,30,27,24,23,21,20,18,14,12,8,6,7,11,16,20,25,28,30,28,27,25,21,17,15,3,0,0,0,0,0,0,0,0,0,7,32,33,34,32,28,23,18,10,2,7,14,19,24,28,29,27,26,24,20,16,11,3,4,11,16,19
-88,114,14,20,21,19,16,14,15,19,21,22,24,24,27,28,26,26,24,18,15,11,8,5,2,5,9,7,1,0,0,0,0,0,0,0,0,0,5,18,19,16,10,11,13,12,11,10,9,7,5,6,10,13,13,12,12,10,9,12,13,12,14,19,20
-73,114,14,29,24,22,22,22,24,26,28,30,32,32,32,29,26,22,19,16,15,13,14,16,17,19,20,21,5,0,0,0,0,0,0,0,0,0,1,1,2,6,9,10,13,17,20,21,21,21,21,19,17,16,14,14,15,20,24,29,33,36,37,39,40
-59,118,8,0,0,0,6,23,23,25,26,25,25,25,25,25,26,27,28,28,27,27,27,27,26,26,25,26,26,26,26,27,28,14,27,27,27,26,25,25,25,25,25,26,25,24,24,25,25,27,26,25,25,25,26,27,27,26,26,26,7,0,0,0,0
-60,163,8,0,0,0,7,26,26,28,28,28,28,27,27,27,27,29,29,29,28,28,29,29,27,27,27,26,27,26,27,29,29,15,29,29,29,28,26,28,27,26,25,24,26,25,25,27,27,27,27,28,28,27,27,27,27,28,28,28,8,0,0,0,0
-60,43,1,0,0,0,6,22,23,25,25,24,24,24,24,24,25,26,26,26,25,25,26,26,25,24,24,24,24,24,25,26,26,13,25,26,26,25,24,24,24,23,23,23,24,23,23,24,24,25,25,25,25,24,25,25,25,25,25,24,6,0,0,0,0
-53,114,14,23,22,19,17,15,13,12,12,14,16,19,20,22,22,23,23,22,20,17,13,10,6,2,3,5,1,0,0,0,0,0,0,0,0,0,2,8,8,8,9,9,10,12,13,14,15,17,17,17,17,17,16,15,14,14,15,16,17,18,19,21,21
-79,114,14,33,30,30,29,25,22,17,9,5,5,8,13,18,20,23,26,29,29,30,28,24,21,18,18,25,7,0,0,0,0,0,0,0,0,0,7,29,29,28,25,21,16,9,3,4,12,18,24,27,29,31,31,27,21,18,14,8,5,8,13,20,25
-54,114,14,27,26,23,20,17,14,13,13,15,18,21,24,26,28,28,28,26,24,21,16,11,6,2,3,7,2,0,0,0,0,0,0,0,0,0,3,10,10,10,10,10,11,13,16,17,19,19,21,20,20,20,19,17,16,15,15,17,19,21,23,25,27
-79,114,14,36,36,32,26,24,20,14,9,3,4,8,13,15,18,23,27,29,29,29,27,24,21,18,14,10,1,0,0,0,0,0,0,0,0,0,8,31,31,30,25,20,15,9,2,5,12,18,25,29,30,30,28,26,23,18,13,7,5,11,16,22,27
-71,114,14,30,29,29,31,34,36,38,38,38,38,35,32,28,24,18,14,9,7,9,12,14,16,18,19,20,4,0,0,0,0,0,0,0,0,0,4,13,10,7,1,6,11,15,20,22,24,24,24,22,20,20,19,19,21,24,28,32,34,36,38,39,38
-86,114,14,23,22,20,20,18,15,14,10,8,10,15,16,16,17,16,15,13,12,10,7,4,3,4,5,4,1,0,0,0,0,0,0,0,0,0,2,10,15,16,13,13,14,13,12,14,16,16,14,11,15,18,15,12,11,9,7,4,1,2,9,12,10
-59,118,8,0,0,0,6,23,25,26,26,26,26,26,26,27,27,29,30,29,29,28,29,29,28,27,28,27,27,27,28,29,29,14,29,29,28,27,26,27,27,26,26,27,26,25,25,26,26,27,27,27,27,27,27,27,27,27,28,28,8,0,0,0,0
-60,163,8,0,0,0,6,25,25,26,28,27,26,26,26,26,27,29,28,28,27,27,28,27,26,26,25,26,26,25,26,27,27,13,27,27,27,26,25,26,25,24,24,25,25,24,23,25,25,26,26,26,26,26,26,26,27,28,28,27,6,0,0,0,0
-59,43,1,0,0,0,6,23,23,25,26,25,24,24,24,25,25,27,27,27,26,26,26,26,24,25,26,25,25,24,26,27,27,13,27,27,27,26,26,26,26,25,24,24,25,24,25,27,27,27,28,28,27,27,27,28,28,28,29,29,7,0,0,0,0
-61,163,8,31,31,29,28,28,28,27,26,27,27,26,26,27,28,29,29,28,27,27,27,26,26,27,26,25,6,0,0,0,0,0,0,0,0,0,4,16,17,19,19,19,19,20,20,21,22,25,25,25,25,25,26,26,25,25,26,26,27,27,29,31,31
-55,114,14,16,14,13,11,10,10,10,11,13,15,16,17,17,18,17,17,15,13,11,7,5,4,3,5,6,1,0,0,0,0,0,0,0,0,0,2,6,6,6,7,8,8,9,10,11,12,12,12,12,12,11,11,10,11,11,12,13,14,15,15,16,16
-81,114,14,28,30,27,25,23,18,15,14,12,10,8,11,15,18,21,22,23,25,26,26,24,20,17,14,10,2,0,0,0,0,0,0,0,0,0,7,30,28,26,25,19,15,12,7,9,14,19,24,27,30,31,28,24,21,19,15,10,3,6,11,17,22
-73,114,14,17,11,11,16,21,27,32,35,37,39,40,39,37,32,27,22,16,11,9,12,17,21,24,27,29,8,0,0,0,0,0,0,0,0,0,2,6,8,10,14,16,19,21,22,21,19,18,15,10,6,5,5,10,15,22,27,31,34,36,36,37,35
-86,114,14,19,21,19,19,19,17,16,17,22,25,22,20,21,20,18,13,11,10,5,3,3,4,1,3,3,1,0,0,0,0,0,0,0,0,0,5,21,17,13,12,16,21,20,15,13,16,18,17,13,15,15,13,12,12,12,14,17,19,19,16,15,17
-73,114,14,17,13,15,18,22,25,30,31,34,37,37,35,33,29,25,21,17,12,10,13,16,19,21,24,25,7,0,0,0,0,0,0,0,0,0,1,5,5,8,11,13,14,17,18,17,17,15,13,10,7,5,7,11,15,19,25,29,31,32,33,33,32
-60,118,8,0,0,0,6,24,25,26,26,25,25,25,25,25,26,27,27,27,26,25,26,26,25,25,24,25,25,24,26,27,27,14,26,26,26,25,25,25,25,24,24,25,25,23,24,25,25,26,26,26,26,26,26,26,27,27,27,27,7,0,0,0,0
-59,43,1,0,0,0,5,22,23,24,25,24,24,24,24,24,25,26,26,26,25,24,25,25,24,24,24,25,25,24,25,25,26,13,26,26,26,25,24,24,24,23,22,23,23,23,23,23,24,25,25,24,24,24,24,24,24,25,24,24,5,0,0,0,0
-52,114,14,33,32,29,25,22,18,15,14,16,20,23,27,30,31,32,32,31,29,26,21,16,11,7,4,6,2,0,0,0,0,0,0,0,0,0,2,12,12,11,11,11,13,15,18,20,22,24,26,26,26,25,24,22,20,17,17,18,19,21,24,27,30
-79,114,14,31,30,30,31,30,27,23,19,15,9,3,4,10,15,20,26,29,30,30,29,27,25,22,19,15,2,0,0,0,0,0,0,0,0,0,7,28,28,27,24,21,17,12,6,1,7,15,21,25,27,29,30,29,26,22,19,14,7,1,7,12,16
-70,114,14,30,28,27,25,25,24,22,20,19,17,16,14,12,11,10,11,13,14,17,18,18,18,17,16,14,3,0,0,0,0,0,0,0,0,0,3,10,7,2,3,7,11,16,21,24,26,29,31,30,28,27,25,20,17,13,13,16,19,22,25,28,30
-88,114,14,17,15,16,17,16,15,15,17,20,22,22,24,23,19,16,14,12,10,8,7,5,6,9,12,13,4,0,0,0,0,0,0,0,0,0,5,20,22,23,22,22,20,18,17,17,14,10,7,6,5,5,5,5,7,9,13,15,15,15,17,17,17
-59,118,8,0,0,0,6,26,27,28,28,27,27,27,26,26,27,29,30,30,29,28,29,29,27,27,28,27,27,27,27,29,30,14,29,29,29,28,28,28,28,27,27,27,27,25,26,27,28,28,28,27,27,28,27,28,28,28,28,27,7,0,0,0,0
-61,163,8,0,0,0,5,22,23,24,25,23,22,22,22,23,23,24,25,25,24,24,25,24,23,23,23,23,23,23,23,25,25,12,25,25,25,25,24,25,23,24,23,23,23,23,23,24,25,25,25,24,24,25,25,25,25,26,25,25,5,0,0,0,0
-61,163,8,0,0,0,5,25,25,27,27,26,25,25,25,25,26,27,27,27,26,26,26,26,26,25,26,26,26,26,26,29,29,13,29,29,28,27,26,27,26,26,25,25,26,25,25,26,27,28,28,28,27,27,28,27,28,30,29,28,6,0,0,0,0
-61,163,8,0,0,0,5,23,23,25,25,25,25,25,24,25,26,27,29,29,27,26,28,28,27,26,27,26,26,26,27,29,28,14,28,28,27,26,26,26,26,25,24,25,25,24,24,25,26,26,27,26,26,25,26,26,26,27,27,26,6,0,0,0,0
-60,43,1,0,0,0,5,22,23,25,25,25,25,25,26,26,27,29,30,29,28,28,29,29,28,28,27,28,27,27,28,30,30,15,30,29,29,28,28,28,28,26,26,26,27,26,26,27,27,28,28,27,27,26,27,27,27,28,27,27,6,0,0,0,0
-53,114,14,38,36,31,25,20,16,15,16,20,25,30,34,37,38,38,39,36,32,28,21,15,8,2,4,8,2,0,0,0,0,0,0,0,0,0,5,17,16,15,17,17,19,22,26,28,30,31,32,32,31,29,28,26,23,23,24,26,29,31,34,37,40
-81,114,14,31,30,29,30,30,24,19,15,10,5,2,6,10,15,19,24,27,28,27,26,24,21,19,16,15,4,0,0,0,0,0,0,0,0,0,7,31,32,30,27,23,18,10,3,2,9,17,24,29,31,32,31,31,29,24,19,12,7,4,8,15,21
-72,114,14,21,20,21,23,25,27,28,27,26,26,25,25,23,22,22,22,18,16,16,14,14,15,15,17,18,5,0,0,0,0,0,0,0,0,0,5,19,20,20,21,22,23,23,24,23,21,20,19,18,18,18,20,21,24,27,31,34,35,35,35,35,33
-88,114,14,17,15,15,15,13,15,17,17,18,23,23,21,21,22,21,18,15,12,8,6,5,4,5,5,6,1,0,0,0,0,0,0,0,0,0,4,17,19,20,17,16,18,18,15,15,17,13,10,10,9,10,12,12,10,10,11,12,14,16,17,18,18
-58,118,8,0,0,0,6,22,22,23,24,23,22,22,22,23,24,25,25,24,23,23,24,24,23,23,22,22,23,22,23,25,24,12,23,24,24,23,23,23,23,23,22,22,23,21,22,23,23,24,24,24,24,24,24,25,25,25,25,25,7,0,0,0,0
-58,163,8,0,0,0,5,21,21,22,22,21,21,22,21,21,22,24,24,24,23,23,23,23,22,22,22,23,23,22,23,24,24,12,24,24,23,23,22,22,23,22,21,23,23,21,21,22,23,23,24,23,22,23,23,24,24,25,23,23,6,0,0,0,0
-58,43,1,0,0,0,5,23,23,24,24,24,23,23,23,23,25,26,26,26,24,24,25,25,24,24,23,24,24,23,24,26,26,12,25,25,25,25,23,24,24,23,22,22,22,22,23,23,24,25,25,25,25,24,25,25,25,26,25,24,5,0,0,0,0
-52,114,14,31,29,26,22,19,16,14,15,17,20,23,26,30,31,31,31,30,28,24,19,14,9,5,3,6,1,0,0,0,0,0,0,0,0,0,3,12,12,12,12,12,13,15,18,19,21,24,25,25,24,24,24,22,20,19,19,21,22,23,26,28,31
-75,114,14,25,29,29,30,28,25,23,20,15,11,7,3,6,11,15,20,24,26,26,26,26,24,21,18,17,4,0,0,0,0,0,0,0,0,0,6,26,25,22,19,16,12,9,5,5,9,14,19,22,25,26,26,25,22,20,18,11,7,5,3,8,16
-86,114,14,18,18,19,18,16,12,11,15,19,22,24,24,24,24,24,24,21,20,18,14,11,8,6,8,9,2,0,0,0,0,0,0,0,0,0,6,23,21,19,21,21,19,18,17,14,12,13,12,10,8,6,4,4,5,7,10,12,14,17,17,18,24
-73,114,14,27,21,17,15,15,17,21,24,26,29,30,30,29,27,24,19,15,12,9,10,13,16,19,22,23,6,0,0,0,0,0,0,0,0,0,2,5,4,5,8,12,17,20,24,26,29,30,29,26,22,18,13,7,5,10,18,26,32,36,39,42,43
-87,114,14,16,19,17,15,14,14,15,16,15,17,18,17,19,22,23,24,23,20,19,15,8,6,10,11,11,3,0,0,0,0,0,0,0,0,0,5,25,26,23,24,24,21,18,18,17,13,12,11,9,7,6,5,5,6,6,8,9,10,10,11,13,13
-58,118,8,0,0,0,6,25,25,26,27,26,25,25,26,26,26,28,29,29,28,27,28,28,26,26,26,26,26,25,26,28,27,13,27,27,27,26,25,25,25,25,23,24,24,24,24,25,25,25,26,25,24,24,25,25,25,26,26,26,6,0,0,0,0
-58,118,8,0,0,0,6,24,26,27,28,27,27,27,26,27,28,29,30,30,28,28,29,29,27,27,27,28,27,27,27,29,29,14,28,28,28,27,27,27,26,25,25,24,25,25,24,25,26,27,26,26,26,25,25,25,26,27,26,26,7,0,0,0,0
-59,163,8,0,0,0,3,15,15,16,17,16,16,16,16,16,17,17,18,18,17,18,19,19,17,17,17,17,17,17,17,18,18,8,18,17,17,17,16,16,16,16,16,16,16,14,16,17,15,14,12,14,12,9,13,19,17,15,19,18,2,0,0,0,0
-58,163,8,0,0,0,5,21,21,22,22,22,21,22,21,21,23,25,25,25,24,24,25,24,23,23,23,23,23,23,24,25,25,12,24,25,25,23,23,23,23,22,22,22,22,21,21,21,22,22,22,22,22,22,22,22,23,23,22,22,5,0,0,0,0
-58,163,8,0,0,0,5,22,23,24,25,24,23,24,24,25,25,27,28,27,26,26,27,27,26,26,26,26,26,25,26,28,28,13,27,27,27,26,26,26,25,24,23,23,24,24,24,24,25,25,25,25,24,24,24,24,25,25,25,24,5,0,0,0,0
-59,43,1,0,0,0,5,21,21,23,23,22,22,21,21,21,22,23,23,23,23,23,23,23,22,22,22,22,22,22,23,23,24,12,23,23,23,23,23,22,22,21,21,22,22,21,21,22,23,23,22,22,22,22,22,22,22,23,23,23,6,0,0,0,0
-78,114,14,27,29,28,27,27,26,22,18,13,9,3,5,10,15,19,24,28,30,31,29,26,25,22,19,16,4,0,0,0,0,0,0,0,0,0,7,28,28,26,25,22,17,11,4,2,8,15,19,24,28,29,29,29,27,24,18,13,8,2,4,11,17
-53,114,14,28,26,23,20,18,17,17,17,20,23,25,28,29,29,29,29,28,24,21,15,11,7,5,7,10,3,0,0,0,0,0,0,0,0,0,3,13,14,14,13,13,14,15,17,18,19,21,23,24,23,24,24,23,21,21,22,22,23,23,25,27,28
-79,114,14,46,50,48,52,51,45,42,36,28,20,11,5,13,21,30,38,44,50,52,49,45,39,33,29,24,5,0,0,0,0,0,0,0,0,0,12,47,47,47,44,37,29,21,13,9,15,24,35,41,43,47,49,47,42,35,29,26,18,4,7,14,24
-72,114,14,25,26,28,30,33,34,34,34,33,32,30,27,25,22,18,13,8,4,4,8,12,16,19,21,22,6,0,0,0,0,0,0,0,0,0,6,23,20,16,12,10,10,15,19,23,26,28,28,26,25,22,21,18,18,19,20,22,26,26,27,29,29
-86,114,14,21,21,21,21,20,16,12,8,10,14,16,15,17,18,17,17,16,14,12,9,7,5,3,3,3,0,0,0,0,0,0,0,0,0,0,3,13,11,11,13,13,14,15,16,17,18,17,16,16,14,12,10,7,6,7,6,4,2,2,6,10,13
-59,118,8,0,0,0,6,25,26,27,27,26,26,25,25,26,26,28,29,28,27,27,28,28,26,27,27,26,26,26,27,28,29,13,28,28,28,27,26,27,26,26,25,25,25,25,26,26,27,27,28,27,27,27,27,28,28,28,28,28,7,0,0,0,0
-58,43,1,0,0,0,6,21,21,22,23,22,22,22,21,21,22,23,23,22,21,21,23,21,20,20,20,21,21,20,21,22,22,10,22,22,21,21,21,20,20,20,18,18,20,20,19,20,22,23,23,23,21,20,18,18,20,21,23,26,7,0,0,0,0
-54,114,14,26,24,21,17,14,13,12,13,16,19,22,25,27,27,28,27,26,23,20,15,10,5,1,5,9,2,0,0,0,0,0,0,0,0,0,3,10,10,10,11,11,13,14,16,17,18,19,20,20,19,18,18,16,15,15,16,18,19,20,22,25,26
-79,114,14,36,37,35,33,29,25,20,17,11,5,7,11,15,21,25,27,29,30,30,30,30,27,22,20,19,5,0,0,0,0,0,0,0,0,0,8,31,33,31,26,20,13,8,3,6,13,19,24,28,30,31,31,28,26,23,18,12,9,7,12,19,25
-71,114,14,26,21,18,15,14,18,23,29,34,37,40,41,40,38,33,29,23,15,8,4,9,14,18,23,26,6,0,0,0,0,0,0,0,0,0,0,1,3,6,10,15,17,19,20,20,19,17,16,13,10,5,5,8,13,18,23,27,31,33,35,38,39
-85,114,14,13,11,14,19,23,24,24,25,25,26,26,25,22,20,17,14,12,9,6,6,7,6,2,1,1,0,0,0,0,0,0,0,0,0,0,4,16,16,18,18,16,14,14,15,17,17,13,11,11,13,14,14,17,16,13,12,13,13,13,13,13,14
-58,118,8,0,0,0,5,21,23,24,25,24,23,23,23,23,23,25,26,25,25,25,25,25,24,24,23,23,24,23,23,25,26,13,25,25,25,24,23,23,23,23,23,23,23,22,23,23,24,24,25,24,24,23,24,24,24,25,24,24,6,0,0,0,0
-58,43,1,0,0,0,6,25,25,26,27,26,26,26,26,26,27,28,28,28,27,26,27,27,26,25,25,25,25,25,26,27,26,13,26,27,27,26,25,25,26,25,24,25,25,24,24,25,26,27,27,26,25,25,25,25,26,27,26,25,6,0,0,0,0
-79,114,14,31,30,26,26,23,19,16,10,6,4,2,11,18,21,24,29,32,34,33,32,29,22,16,11,7,1,0,0,0,0,0,0,0,0,0,6,24,23,14,7,12,20,8,2,5,12,18,20,21,24,23,21,20,16,12,10,4,6,11,14,16,19
-53,114,14,38,36,33,30,26,24,21,20,22,25,29,32,35,37,38,39,38,34,30,25,20,14,10,10,12,3,0,0,0,0,0,0,0,0,0,2,15,14,13,13,13,13,15,18,20,22,24,27,28,29,29,29,28,26,25,24,24,25,25,28,31,34
-80,114,14,34,34,33,32,31,27,22,17,9,2,6,12,18,24,29,32,35,35,33,31,26,21,18,16,14,3,0,0,0,0,0,0,0,0,0,6,23,24,23,21,15,11,7,4,6,12,17,21,24,24,25,26,24,21,16,11,5,6,11,14,18,22
-68,114,14,31,29,26,25,24,22,20,19,18,18,18,18,17,15,14,12,11,11,12,13,13,14,14,13,13,3,0,0,0,0,0,0,0,0,0,3,13,10,6,4,8,14,19,24,28,31,33,34,34,33,31,28,23,19,15,15,18,21,24,28,31,33
-59,118,8,0,0,0,5,19,21,21,21,21,21,21,21,21,22,23,24,24,24,24,24,24,23,24,24,23,24,23,24,25,26,13,25,25,25,24,24,24,24,23,23,24,24,23,23,24,24,25,25,25,24,24,24,24,25,25,24,24,6,0,0,0,0
-58,43,1,0,0,0,5,20,20,22,22,21,21,21,21,21,22,23,24,23,22,22,23,23,22,22,22,22,22,21,22,23,23,11,23,23,23,22,21,22,21,20,20,20,20,20,20,20,21,21,21,20,21,21,20,20,21,21,21,21,5,0,0,0,0
-61,163,8,26,26,25,24,24,24,22,20,20,22,22,21,22,23,23,23,22,22,21,20,20,20,20,19,19,5,0,0,0,0,0,0,0,0,0,4,14,15,17,17,18,18,18,18,19,20,21,22,22,22,22,23,23,22,23,23,24,24,23,24,26,27
-55,114,14,20,18,16,15,15,16,18,20,23,25,26,27,27,27,26,25,23,20,17,14,10,7,7,9,11,3,0,0,0,0,0,0,0,0,0,2,10,11,12,14,14,15,16,16,17,17,15,15,15,14,15,17,19,21,22,24,26,27,26,26,25,25
-90,114,14,19,16,10,8,10,13,13,13,15,19,20,18,17,18,18,16,13,8,4,2,2,3,6,7,9,2,0,0,0,0,0,0,0,0,0,3,19,24,26,25,22,19,19,19,17,16,15,11,7,5,3,2,4,6,8,10,13,14,13,13,14,15
-74,114,14,28,23,19,18,18,21,26,29,30,33,35,34,34,32,29,25,21,16,12,8,8,12,15,18,20,5,0,0,0,0,0,0,0,0,0,2,7,7,8,12,15,18,21,23,25,26,25,23,21,18,16,14,14,16,21,28,34,39,42,44,45,44
-88,114,14,20,18,18,15,13,14,14,16,18,20,23,22,20,18,14,14,13,12,10,3,1,4,6,6,3,0,0,0,0,0,0,0,0,0,0,5,20,21,23,19,18,20,22,21,16,14,16,16,12,7,7,10,9,8,10,12,12,10,14,17,20,20
-59,118,8,0,0,0,5,23,23,25,25,24,24,24,25,26,26,27,29,28,26,26,28,28,26,26,27,27,27,27,27,28,28,14,28,28,27,27,26,27,26,25,24,24,25,24,24,25,26,26,26,26,25,25,25,25,26,26,26,25,7,0,0,0,0
-59,43,1,0,0,0,5,20,21,22,23,22,21,22,21,21,22,23,24,23,22,22,23,23,22,22,22,22,22,21,22,23,23,11,23,23,23,23,22,22,22,21,20,20,21,21,21,22,22,23,23,22,22,21,22,22,22,23,22,22,5,0,0,0,0
-79,114,14,33,34,30,28,28,25,22,18,13,10,10,10,12,18,23,26,28,30,30,28,25,22,19,14,10,2,0,0,0,0,0,0,0,0,0,6,27,26,25,21,17,12,5,5,10,17,24,27,29,31,33,32,27,22,17,14,10,7,9,13,18,22
-52,114,14,29,26,23,20,18,17,18,19,23,26,28,31,32,33,33,32,30,27,23,18,13,8,5,5,8,2,0,0,0,0,0,0,0,0,0,3,13,13,15,16,17,18,20,21,22,21,22,21,21,19,20,20,20,21,23,26,28,30,31,31,32,34
-80,114,14,28,27,26,26,27,24,21,19,15,12,10,11,12,15,19,22,26,29,30,26,24,25,24,18,11,2,0,0,0,0,0,0,0,0,0,6,25,27,26,23,18,13,8,7,10,13,18,21,24,27,28,29,25,21,16,13,9,6,10,15,18,18
-71,114,14,21,16,15,16,19,23,27,29,31,33,32,31,29,26,21,16,12,7,5,8,11,14,16,18,19,5,0,0,0,0,0,0,0,0,0,1,3,3,4,7,11,15,19,21,22,22,23,22,20,17,14,13,14,16,20,26,30,33,37,38,38,39
-88,114,14,17,11,8,8,8,9,10,13,15,17,18,19,20,18,16,16,15,13,11,8,5,1,4,4,3,1,0,0,0,0,0,0,0,0,0,4,18,17,15,17,20,21,20,20,17,16,13,10,10,8,5,7,6,6,8,12,15,16,15,15,17,19
-58,118,8,0,0,0,5,23,23,24,24,24,24,24,23,24,24,25,26,26,25,24,26,25,24,24,23,24,24,23,24,26,26,12,26,26,26,25,25,25,25,24,24,25,25,23,24,25,25,25,25,25,25,24,25,25,25,25,25,25,6,0,0,0,0
-58,163,8,0,0,0,6,22,23,24,25,24,23,24,24,24,25,27,27,26,26,26,27,26,25,26,26,26,25,25,26,27,27,13,27,27,27,26,26,26,26,25,25,26,25,24,25,25,25,26,26,25,25,24,25,25,25,25,25,25,7,0,0,0,0
-58,43,1,0,0,0,5,23,24,25,26,26,25,26,26,26,27,29,29,29,28,28,29,29,27,27,27,27,27,27,28,29,29,14,29,29,29,28,27,28,27,27,26,25,26,25,26,26,27,27,27,27,26,26,26,26,26,26,25,25,6,0,0,0,0
-54,114,14,22,19,15,12,12,13,15,17,21,24,26,28,28,28,27,25,22,17,13,8,4,2,5,8,11,3,0,0,0,0,0,0,0,0,0,3,10,11,12,13,15,16,18,19,20,19,19,19,18,17,16,16,16,17,19,22,24,26,27,27,28,29
-89,114,14,23,22,21,18,14,13,11,12,13,14,16,19,18,14,12,11,11,10,7,4,5,6,3,2,3,1,0,0,0,0,0,0,0,0,0,4,17,16,15,14,13,14,15,16,14,13,15,14,13,15,16,14,11,8,7,7,4,5,7,11,16,17
-72,114,14,26,28,29,30,31,29,28,26,24,22,20,18,15,12,9,6,4,3,7,10,12,14,16,17,17,4,0,0,0,0,0,0,0,0,0,4,17,15,12,9,7,10,12,16,19,21,22,24,24,23,22,21,19,18,16,16,16,16,17,18,18,19
-87,114,14,19,19,19,17,11,8,10,13,16,18,15,17,20,17,12,11,11,9,7,5,3,5,7,8,9,2,0,0,0,0,0,0,0,0,0,4,20,19,17,16,17,15,14,15,14,14,16,17,14,12,14,14,11,9,8,6,6,5,7,10,14,17
-59,118,8,0,0,0,6,24,25,27,27,26,25,25,25,26,27,28,28,28,27,27,28,28,27,27,27,27,27,26,27,28,29,14,28,29,28,28,27,27,27,26,26,26,26,26,25,26,27,28,28,27,26,26,26,26,26,27,26,25,7,0,0,0,0
-59,163,8,0,0,0,5,18,19,20,20,20,20,20,20,20,21,22,23,22,22,21,22,22,21,21,21,22,22,22,23,23,22,11,22,22,22,22,21,21,21,20,20,20,21,20,20,21,22,22,22,21,21,21,21,22,22,22,22,21,6,0,0,0,0
-58,163,8,0,0,0,4,17,18,19,20,20,19,19,18,19,20,21,22,21,21,21,22,21,20,21,21,20,20,20,21,21,22,10,22,22,22,21,21,21,21,20,19,19,21,20,20,21,21,22,22,21,21,21,21,21,20,22,21,21,5,0,0,0,0
-58,163,8,0,0,0,4,19,20,21,22,21,21,21,22,22,23,24,25,25,24,24,25,24,24,23,23,24,24,24,24,25,25,12,25,26,26,25,24,24,24,23,23,24,24,23,23,23,24,24,24,24,23,23,23,24,24,24,23,23,5,0,0,0,0
-58,43,1,0,0,0,4,18,19,20,21,21,21,21,21,21,22,24,24,24,23,23,24,23,23,23,23,23,22,22,23,25,24,12,24,25,24,23,23,23,23,22,21,23,22,21,21,21,21,22,22,22,22,21,21,21,22,22,21,21,5,0,0,0,0
-53,114,14,25,23,20,17,16,15,16,18,21,24,26,29,30,30,30,29,26,24,19,14,9,4,3,7,10,3,0,0,0,0,0,0,0,0,0,3,12,12,13,14,14,15,16,17,18,18,19,19,20,20,20,21,21,21,21,22,24,24,25,26,27,28
-71,114,14,23,16,11,9,8,12,15,20,25,29,32,33,34,33,31,28,23,18,13,8,6,8,12,15,18,5,0,0,0,0,0,0,0,0,0,4,14,16,19,22,24,25,27,26,25,22,20,16,10,6,1,5,11,16,22,27,31,35,36,36,37,36
-59,118,8,0,0,0,5,22,23,24,24,24,23,23,23,25,25,26,27,26,25,25,26,26,25,25,26,26,26,25,26,27,27,13,27,27,27,26,25,25,25,25,23,24,24,23,24,24,25,26,26,25,25,25,24,24,25,25,25,24,6,0,0,0,0
-58,163,8,0,0,0,4,18,19,20,20,19,19,19,19,20,20,21,22,22,21,21,22,22,20,20,21,21,22,21,22,23,23,11,23,24,23,22,22,22,22,21,21,22,22,21,22,22,22,22,22,22,21,21,21,21,21,21,21,21,5,0,0,0,0
-58,43,1,0,0,0,5,22,23,25,25,25,24,24,24,24,25,26,26,26,25,25,26,25,25,25,25,25,25,24,25,27,26,13,27,27,27,26,25,26,26,25,24,24,25,25,24,25,25,26,26,26,25,25,25,25,25,25,25,24,6,0,0,0,0
-54,114,14,16,15,12,10,9,8,9,11,13,16,17,18,19,19,18,18,17,15,12,9,6,4,3,5,6,2,0,0,0,0,0,0,0,0,0,0,4,4,5,6,7,8,9,10,11,11,12,12,12,11,11,10,10,10,12,12,14,14,15,16,17,17
-80,114,14,28,27,26,26,27,24,20,18,15,13,11,13,15,18,21,24,25,28,28,27,26,24,20,15,13,3,0,0,0,0,0,0,0,0,0,7,25,25,24,21,18,12,7,7,11,16,19,24,24,26,26,27,24,19,15,10,4,4,8,14,21,25
-85,114,14,26,24,24,24,24,24,22,22,23,25,25,23,24,25,23,22,21,17,11,8,7,4,6,6,6,2,0,0,0,0,0,0,0,0,0,4,15,15,18,21,23,23,22,19,17,16,15,14,15,15,17,18,16,13,12,13,13,13,14,17,21,24
-68,114,14,27,24,24,25,27,28,29,29,28,27,26,24,21,18,16,14,14,15,17,18,18,19,19,19,18,5,0,0,0,0,0,0,0,0,0,3,11,10,10,12,16,21,25,29,31,32,33,32,30,27,24,23,21,21,22,25,29,31,33,34,35,35
-85,114,14,24,24,22,21,20,21,22,21,22,23,25,25,23,21,21,21,18,15,12,12,9,4,5,6,4,1,0,0,0,0,0,0,0,0,0,5,23,21,21,21,20,18,17,19,19,15,12,12,13,14,12,11,13,17,16,14,14,17,15,15,18,17
-58,118,8,0,0,0,5,20,21,22,22,21,20,21,21,21,22,24,24,23,22,22,24,23,22,22,22,22,23,22,23,23,24,11,23,24,23,23,22,22,22,21,21,22,22,21,20,21,22,22,20,20,21,20,20,19,20,17,13,16,5,0,0,0,0
-58,163,8,0,0,0,6,23,24,26,26,26,26,26,26,26,27,28,29,29,28,28,29,29,28,28,28,29,29,28,29,30,31,16,31,31,31,29,29,29,28,28,28,28,29,27,27,28,28,29,29,28,28,27,27,27,27,27,26,27,7,0,0,0,0
-58,43,1,0,0,0,6,24,25,26,26,25,25,25,25,25,26,28,28,28,27,27,28,28,26,26,26,26,27,26,27,29,29,15,28,29,28,28,27,27,27,26,25,25,26,25,25,26,27,28,27,26,26,26,26,26,26,27,26,26,7,0,0,0,0
-59,43,1,0,0,0,6,22,22,23,24,23,23,23,22,22,23,25,25,25,24,24,25,25,24,24,23,23,23,23,25,26,26,13,26,26,26,25,23,24,24,23,23,22,23,22,22,24,24,24,25,23,23,23,24,23,23,23,23,23,6,0,0,0,0
-53,114,14,25,21,19,16,15,15,17,20,23,27,29,31,32,31,30,29,26,21,18,13,8,4,5,8,11,2,0,0,0,0,0,0,0,0,0,2,10,11,13,14,15,17,18,20,21,20,20,21,20,20,20,20,20,20,22,24,26,28,28,29,29,30
-80,114,14,29,29,29,28,27,23,19,15,13,10,9,13,17,20,23,28,31,34,33,30,24,22,18,13,8,2,0,0,0,0,0,0,0,0,0,7,27,26,25,21,15,9,7,7,11,17,22,26,27,26,25,25,23,20,17,13,8,6,12,16,19,23
-70,114,14,32,29,27,26,26,26,26,25,25,26,27,29,29,28,28,24,21,18,15,12,10,10,12,14,15,3,0,0,0,0,0,0,0,0,0,3,10,8,5,2,5,10,14,19,23,26,27,28,27,26,24,22,20,18,18,22,26,30,33,36,38,39
-88,114,14,20,19,16,13,14,16,18,18,16,20,24,25,24,22,21,18,16,14,10,5,1,1,2,1,2,1,0,0,0,0,0,0,0,0,0,5,20,16,13,14,14,10,11,13,12,12,12,10,9,10,9,10,10,8,6,7,8,10,14,14,14,15
-58,118,8,0,0,0,3,17,17,18,18,18,18,18,18,18,20,21,21,21,20,20,21,21,21,20,21,21,21,21,21,22,22,10,23,23,23,22,21,21,21,21,20,21,21,20,20,21,21,21,21,21,21,20,20,20,20,21,20,20,5,0,0,0,0
-58,163,8,0,0,0,5,22,23,24,25,24,24,24,24,24,25,27,27,27,26,26,28,27,26,26,26,26,26,26,27,28,28,14,29,29,29,28,26,26,26,26,25,26,26,25,25,26,27,27,27,27,26,26,26,26,26,27,26,26,6,0,0,0,0
-58,43,1,0,0,0,5,19,21,21,22,22,21,21,21,22,23,24,25,24,23,23,24,23,22,22,23,22,22,22,23,24,25,12,23,23,24,23,23,23,23,22,22,23,23,22,21,22,22,23,23,22,22,22,22,22,23,23,22,22,5,0,0,0,0
-54,114,14,26,23,19,16,13,10,11,14,17,21,24,27,29,30,30,29,27,25,21,17,11,6,1,3,7,2,0,0,0,0,0,0,0,0,0,2,10,9,10,10,11,12,14,17,18,19,20,20,20,19,18,18,17,16,16,19,21,23,25,26,28,29
-80,114,14,31,33,32,32,31,29,25,21,16,11,7,7,10,15,21,25,27,29,30,31,29,26,21,18,15,3,0,0,0,0,0,0,0,0,0,7,30,30,28,23,19,15,9,7,11,16,22,26,29,31,30,27,26,25,22,20,15,10,9,10,13,16
-87,114,14,17,19,19,20,22,25,26,25,25,25,22,21,21,20,16,13,13,11,8,7,8,7,7,7,5,1,0,0,0,0,0,0,0,0,0,4,19,18,16,12,9,10,10,8,7,8,10,12,12,12,13,16,15,14,13,13,14,16,13,12,13,13
-71,114,14,30,23,17,14,15,18,23,27,31,33,34,34,32,29,24,21,15,10,7,6,6,10,12,14,15,3,0,0,0,0,0,0,0,0,0,1,2,1,4,8,12,16,22,24,26,26,26,25,22,19,16,11,8,9,14,22,29,34,38,42,44,45
-58,118,8,0,0,0,5,22,22,23,24,23,23,24,23,24,24,25,26,26,25,25,26,26,24,24,25,25,25,24,26,27,28,14,27,27,27,26,26,26,26,26,25,25,25,24,24,26,26,27,27,26,26,26,25,25,26,26,25,25,6,0,0,0,0
-58,43,1,0,0,0,3,17,18,19,20,19,19,19,19,20,20,22,22,22,21,21,22,21,21,21,20,21,21,21,21,21,22,10,21,22,22,21,21,21,21,20,19,19,19,19,19,20,21,21,20,20,20,20,19,20,19,20,20,20,4,0,0,0,0
-55,114,14,24,21,18,15,14,13,14,17,19,22,24,26,27,27,26,25,23,20,17,12,8,6,5,6,9,2,0,0,0,0,0,0,0,0,0,2,8,9,10,11,13,14,16,18,18,18,19,19,18,17,16,17,16,17,18,19,21,23,24,25,26,27
-54,114,14,17,15,13,12,11,11,11,14,16,18,19,21,21,20,20,18,17,15,12,9,6,5,5,6,8,1,0,0,0,0,0,0,0,0,0,2,7,8,9,9,10,11,12,13,14,14,13,14,14,13,13,12,13,13,14,16,17,18,19,19,20,21
-81,114,14,25,26,25,25,24,22,18,13,8,5,4,8,15,19,22,26,29,30,30,27,24,22,20,17,15,3,0,0,0,0,0,0,0,0,0,6,26,25,23,19,15,12,7,6,8,13,17,21,23,24,23,22,20,17,13,10,5,2,6,11,16,17
-70,114,14,39,40,40,38,35,33,28,24,19,15,10,8,7,9,11,13,15,16,18,18,17,18,17,14,13,3,0,0,0,0,0,0,0,0,0,5,17,13,10,10,12,15,20,25,29,31,32,33,32,32,28,26,22,19,15,11,11,13,17,21,25,28
-88,114,14,21,20,19,17,14,11,10,17,21,22,21,19,18,17,14,10,9,8,7,7,7,6,6,10,12,4,0,0,0,0,0,0,0,0,0,3,12,13,10,10,11,11,12,16,15,11,10,13,12,10,7,5,2,1,2,5,7,7,6,9,11,11
-59,118,8,0,0,0,5,22,23,24,25,24,24,24,24,24,25,26,28,27,26,26,27,27,26,26,26,26,26,26,26,27,27,13,27,27,27,26,26,26,25,25,23,23,24,24,24,25,25,26,26,25,25,24,24,25,25,25,25,24,6,0,0,0,0
-59,43,1,0,0,0,5,20,20,21,22,21,21,21,21,21,22,24,24,23,23,23,24,24,23,23,22,23,23,22,23,24,24,12,24,24,24,24,22,22,22,22,21,22,22,22,21,22,23,23,24,23,23,23,23,23,23,24,23,24,6,0,0,0,0
-59,43,1,0,0,0,4,19,20,21,22,21,21,21,21,21,22,23,24,23,22,22,23,23,22,22,22,23,23,22,23,24,24,11,24,24,24,23,23,23,22,22,22,22,22,21,21,22,23,23,23,23,23,22,23,23,23,23,22,22,5,0,0,0,0
-54,114,14,30,28,24,21,19,17,17,20,23,27,31,34,37,37,37,36,34,30,25,20,13,8,5,9,13,3,0,0,0,0,0,0,0,0,0,2,12,12,12,12,13,14,16,19,20,21,23,24,24,24,24,24,23,22,22,24,24,26,27,28,30,31
-78,114,14,28,27,24,23,22,20,18,15,14,13,12,12,15,17,19,22,25,28,29,25,23,21,18,15,13,3,0,0,0,0,0,0,0,0,0,7,27,28,27,24,20,14,9,9,11,16,21,25,25,26,26,26,24,20,18,16,14,9,7,10,17,22
-87,114,14,12,15,10,6,7,10,17,22,22,21,21,22,22,17,13,12,12,11,7,4,1,2,4,4,6,2,0,0,0,0,0,0,0,0,0,7,28,21,17,18,17,15,16,16,14,12,9,4,5,7,8,9,8,10,11,10,11,13,11,9,9,9
-71,114,14,13,10,11,13,17,21,25,28,30,31,31,30,28,26,22,19,16,13,9,8,9,11,13,15,17,5,0,0,0,0,0,0,0,0,0,3,15,16,18,20,22,22,22,22,21,19,15,11,7,5,8,13,17,22,27,32,35,36,35,35,34,32
-88,114,14,18,16,12,14,15,14,15,16,17,22,26,23,20,19,18,15,12,10,7,6,5,4,2,3,6,2,0,0,0,0,0,0,0,0,0,5,18,17,18,21,20,18,16,12,11,10,10,11,13,12,11,12,16,17,15,14,14,16,16,17,17,18
-58,118,8,0,0,0,5,22,23,25,25,25,25,25,25,26,27,29,29,29,27,27,29,29,27,27,28,27,27,26,27,29,29,14,28,28,28,26,27,27,27,26,25,26,26,25,25,26,26,27,27,27,26,27,26,27,27,28,27,27,6,0,0,0,0
-58,163,8,0,0,0,5,24,25,26,26,26,26,26,25,26,27,28,29,29,27,27,28,28,26,26,27,26,26,26,27,28,29,14,27,28,28,27,26,26,26,24,24,25,25,24,24,25,25,26,27,27,27,26,26,26,26,28,27,26,6,0,0,0,0
-59,163,8,0,0,0,4,19,19,21,21,20,20,21,21,21,23,24,25,25,24,24,25,25,24,24,24,24,24,25,25,26,27,13,26,26,26,26,25,25,25,25,25,24,25,24,24,26,26,27,27,26,26,26,26,27,27,28,27,27,6,0,0,0,0
-59,43,1,0,0,0,5,21,21,23,22,22,22,22,23,23,24,25,26,26,25,25,26,26,25,26,25,25,25,25,25,27,28,14,28,28,28,27,26,27,26,25,25,25,26,26,26,27,27,28,28,28,28,27,27,28,29,29,28,28,6,0,0,0,0
-53,114,14,36,34,30,25,21,17,14,15,19,24,29,33,37,39,40,39,37,35,30,25,17,11,5,4,8,3,0,0,0,0,0,0,0,0,0,3,15,14,12,10,10,11,14,18,21,23,25,27,27,27,27,26,24,22,20,20,21,23,25,28,32,35
-54,114,14,20,18,16,13,11,9,9,9,11,15,17,18,20,21,21,21,20,18,15,12,8,5,1,2,5,1,0,0,0,0,0,0,0,0,0,2,7,7,6,7,7,8,9,11,13,14,15,16,16,16,15,15,14,13,12,12,13,14,16,18,19,20
-80,114,14,30,29,27,23,20,17,16,15,13,14,15,14,14,16,16,19,21,21,21,20,17,16,15,11,9,2,0,0,0,0,0,0,0,0,0,7,30,29,28,26,21,16,12,9,13,20,25,30,32,32,32,31,28,22,17,15,10,5,9,14,19,25
-68,114,14,22,22,23,23,24,26,27,27,27,27,25,22,19,17,15,15,14,15,17,17,17,16,17,16,16,4,0,0,0,0,0,0,0,0,0,2,8,8,9,10,13,17,20,24,26,26,26,26,24,22,21,20,21,21,23,26,28,29,30,32,32,31
-58,118,8,0,0,0,5,23,24,25,26,25,25,25,25,25,26,27,28,28,27,27,28,28,27,27,28,27,27,27,28,29,29,14,28,29,29,28,28,28,27,26,26,26,27,26,25,27,27,28,28,28,28,26,27,26,26,27,27,27,6,0,0,0,0
-58,163,8,0,0,0,5,21,22,23,24,23,23,23,23,24,25,26,27,26,25,25,26,26,24,24,25,25,25,24,25,26,26,13,26,26,26,25,25,25,24,24,23,24,24,23,23,24,24,25,25,24,23,23,23,23,23,23,23,22,5,0,0,0,0
-58,43,1,0,0,0,5,22,22,24,25,24,24,24,24,24,26,27,28,27,26,26,28,27,26,26,27,27,27,27,27,29,29,14,29,29,29,27,26,26,26,25,25,25,25,25,25,25,26,27,27,26,26,25,26,25,25,25,25,25,5,0,0,0,0
-53,114,14,35,33,29,25,23,21,20,21,23,27,30,32,35,35,35,35,32,29,24,19,13,9,6,8,11,3,0,0,0,0,0,0,0,0,0,3,15,14,14,14,15,16,19,22,24,26,27,28,28,28,27,27,25,25,24,24,26,28,29,31,34,36
-79,114,14,28,32,33,30,28,26,22,17,13,8,7,12,17,22,28,31,32,33,35,32,28,24,20,15,11,3,0,0,0,0,0,0,0,0,0,6,27,29,28,23,18,12,6,5,9,14,19,24,28,30,30,32,27,22,19,15,8,2,8,13,18,22
-88,114,14,16,15,12,12,17,19,15,14,17,16,15,12,9,9,10,11,10,8,6,5,1,2,3,4,5,1,0,0,0,0,0,0,0,0,0,2,8,9,13,15,16,18,18,17,17,16,16,15,16,17,12,9,9,7,8,9,9,7,5,9,13,14
-70,114,14,34,32,31,30,30,31,31,32,33,34,34,34,33,30,27,25,22,19,16,15,15,15,18,19,21,6,0,0,0,0,0,0,0,0,0,3,13,9,5,1,4,11,16,19,23,26,27,28,27,26,23,22,19,18,19,23,28,32,34,36,39,40
-59,118,8,0,0,0,5,23,23,25,25,25,25,25,24,25,26,27,28,28,27,27,28,28,27,26,26,27,27,27,27,29,28,14,29,29,29,27,27,27,27,26,25,25,26,26,25,26,26,27,27,26,26,25,25,26,25,26,25,25,6,0,0,0,0
-59,163,8,0,0,0,5,19,20,21,21,21,21,21,21,21,22,24,25,25,23,23,25,24,22,23,23,23,23,23,23,24,25,12,25,25,25,23,23,23,23,22,22,21,22,22,22,22,23,24,24,24,23,23,23,23,24,24,23,22,5,0,0,0,0
-58,43,1,0,0,0,4,19,20,21,22,21,22,22,22,23,24,25,26,25,25,25,26,25,24,25,25,24,24,24,25,26,26,12,25,26,26,25,24,24,24,23,22,22,23,22,22,23,23,24,24,24,23,23,22,22,22,24,23,22,5,0,0,0,0
-58,43,1,0,0,0,5,22,22,24,25,24,24,25,25,25,28,28,29,29,27,28,30,28,27,28,28,28,27,27,28,29,30,14,28,29,29,28,27,28,26,26,26,26,27,26,25,26,27,27,28,27,27,27,27,26,26,27,26,26,6,0,0,0,0
-89,114,14,6,7,6,5,6,9,10,5,3,5,5,2,2,3,5,4,5,8,10,10,8,7,7,7,7,2,0,0,0,0,0,0,0,0,0,1,6,5,6,6,7,9,10,8,5,4,1,1,1,2,5,6,7,8,9,12,15,13,9,9,6,2
-53,114,14,35,33,29,26,24,23,22,23,26,30,33,36,37,37,37,36,33,29,24,18,12,7,6,10,14,3,0,0,0,0,0,0,0,0,0,4,16,16,16,17,17,18,20,23,24,25,26,28,28,27,27,27,26,26,26,28,30,31,31,33,35,37
-80,114,14,33,33,33,33,30,27,25,24,20,18,18,16,14,13,15,20,23,25,28,27,27,25,19,17,16,3,0,0,0,0,0,0,0,0,0,7,28,29,27,23,17,12,7,7,13,19,24,29,31,31,32,31,29,25,20,13,7,6,9,17,24,26
-72,114,14,34,29,26,25,23,21,21,23,25,30,34,35,35,34,32,28,24,20,15,9,6,7,10,14,16,4,0,0,0,0,0,0,0,0,0,2,9,8,6,5,7,10,14,20,24,26,27,27,24,21,18,15,11,7,10,16,22,27,31,35,39,39
-86,114,14,22,19,17,18,18,17,17,18,21,21,18,15,14,13,14,16,15,12,10,8,5,7,8,9,10,3,0,0,0,0,0,0,0,0,0,5,17,16,14,13,16,16,13,11,15,18,18,16,12,8,5,10,12,9,6,6,5,6,9,11,12,14
-58,118,8,0,0,0,6,23,25,26,27,26,25,26,26,26,28,29,30,30,29,29,30,30,28,28,29,29,29,28,29,30,30,15,30,31,29,29,28,28,28,27,27,28,27,27,27,27,28,29,29,28,28,27,28,28,28,29,28,28,7,0,0,0,0
-58,163,8,0,0,0,5,20,20,23,23,22,22,22,21,22,23,25,25,25,23,23,25,25,24,24,24,23,24,24,24,26,25,12,25,26,25,24,24,24,24,23,23,23,23,23,23,23,24,24,25,24,23,23,23,23,23,24,23,23,5,0,0,0,0
-58,43,1,0,0,0,6,23,24,26,26,25,25,25,25,25,27,28,28,28,27,26,28,27,26,26,26,27,27,27,27,29,29,14,28,29,29,28,27,28,27,26,26,27,27,26,26,27,27,28,28,27,27,27,26,26,26,26,26,26,6,0,0,0,0
-52,114,14,29,27,24,22,19,18,16,17,19,22,25,27,29,29,30,29,28,25,22,18,13,9,5,5,8,2,0,0,0,0,0,0,0,0,0,3,12,12,12,12,12,13,14,17,19,20,21,22,23,23,23,23,22,21,20,21,22,23,24,26,27,29
-90,114,14,17,17,17,19,18,18,14,10,10,11,12,13,13,14,17,15,11,8,8,9,11,8,6,6,4,1,0,0,0,0,0,0,0,0,0,1,9,12,10,7,4,7,12,14,13,11,9,9,7,7,8,9,7,7,5,3,5,6,4,4,9,12
-69,114,14,39,40,38,36,34,30,25,19,15,11,9,9,11,13,15,16,17,17,17,16,16,15,14,13,12,2,0,0,0,0,0,0,0,0,0,4,17,13,10,10,14,20,26,32,36,37,38,39,37,34,31,28,24,19,15,14,17,20,23,25,29,32
-58,118,8,0,0,0,6,23,23,25,25,25,24,25,25,25,26,28,28,27,27,27,27,27,26,26,27,27,26,26,27,28,28,14,28,28,27,26,26,26,26,25,25,25,25,24,24,26,26,26,26,25,25,25,25,25,25,24,24,24,6,0,0,0,0
-58,43,1,0,0,0,6,24,25,26,26,26,25,26,26,26,27,28,29,29,28,28,29,29,27,27,27,28,28,27,29,30,31,15,30,30,30,29,28,28,28,27,25,26,25,25,25,26,26,27,27,26,26,25,26,26,26,26,26,25,7,0,0,0,0
-55,114,14,23,21,18,15,13,13,14,15,18,21,23,25,26,26,25,24,22,20,15,11,7,3,3,6,9,2,0,0,0,0,0,0,0,0,0,3,10,11,12,13,14,15,16,18,18,19,19,19,19,18,17,18,17,17,18,19,21,22,23,24,24,25
-80,114,14,32,33,33,31,29,26,25,22,19,16,14,14,14,14,16,18,20,22,23,23,23,23,21,17,16,3,0,0,0,0,0,0,0,0,0,9,32,30,28,25,20,14,9,7,13,20,25,30,32,32,32,31,28,24,21,17,13,10,11,16,21,24
-71,114,14,19,16,14,14,15,17,18,20,22,23,24,24,25,24,22,19,16,13,10,7,4,6,8,10,12,2,0,0,0,0,0,0,0,0,0,5,18,19,20,21,21,23,25,27,27,26,25,23,20,17,16,16,18,21,24,29,33,35,36,35,36,36
-87,114,14,17,16,13,12,13,13,11,14,17,18,20,20,20,18,15,13,10,9,8,4,2,3,4,4,3,1,0,0,0,0,0,0,0,0,0,4,18,21,21,19,18,17,15,15,14,12,13,10,7,8,10,9,8,9,11,11,12,15,17,17,17,15
-58,118,8,0,0,0,5,22,23,24,25,24,24,24,24,24,25,26,27,27,26,26,27,27,26,26,26,27,26,26,27,28,28,14,28,28,28,27,26,27,27,25,25,25,25,25,25,25,26,27,27,27,26,26,25,26,26,26,26,25,6,0,0,0,0
-58,163,8,0,0,0,5,23,24,25,25,25,24,25,25,26,27,29,30,29,28,28,29,29,27,27,28,28,28,28,28,29,29,14,29,29,29,28,27,27,27,26,26,26,26,26,26,27,27,28,27,26,26,26,26,26,27,27,26,25,6,0,0,0,0
-58,163,8,0,0,0,4,20,21,22,23,22,22,22,22,23,24,25,26,25,25,25,26,25,25,24,24,24,25,24,24,26,26,13,25,26,25,24,24,24,24,23,22,23,23,22,23,24,24,25,25,24,23,23,23,23,24,24,23,23,5,0,0,0,0
-59,43,1,0,0,0,5,18,19,21,21,20,21,20,20,20,21,23,23,23,22,22,22,22,21,21,21,21,21,21,21,23,23,11,23,23,23,21,21,22,21,21,20,20,20,20,21,21,21,23,23,21,19,21,24,21,20,23,23,24,7,0,0,0,0
-54,114,14,17,16,14,12,11,10,8,10,11,13,14,16,18,18,18,18,17,15,13,11,8,5,3,3,5,2,0,0,0,0,0,0,0,0,0,1,5,6,7,6,7,8,8,10,11,11,12,12,12,12,12,12,12,11,12,12,13,14,15,15,16,17
-80,114,14,29,30,28,28,27,25,23,19,15,14,12,11,12,14,15,17,20,22,23,23,23,24,21,18,15,3,0,0,0,0,0,0,0,0,0,8,31,31,29,27,21,16,12,10,12,16,22,28,32,32,32,30,28,24,20,14,10,4,6,16,22,23
-71,114,14,34,27,21,17,15,15,17,21,26,29,32,32,30,27,23,21,17,14,10,9,9,11,13,15,17,3,0,0,0,0,0,0,0,0,0,2,5,5,6,10,14,17,22,26,29,30,30,29,26,23,18,12,6,6,12,19,26,32,36,40,42,44
-71,114,14,29,23,19,15,13,15,18,22,25,29,29,29,29,28,25,21,17,13,10,9,11,12,13,16,17,4,0,0,0,0,0,0,0,0,0,1,5,3,4,7,11,16,21,24,27,28,29,27,25,20,16,11,6,7,12,19,25,29,33,36,39,41
-59,118,8,0,0,0,6,21,22,24,25,24,24,24,24,25,26,27,28,28,27,27,28,28,27,27,27,27,27,27,27,29,28,14,29,29,29,28,27,27,27,27,26,26,27,26,26,27,27,28,28,27,27,26,27,27,27,27,26,26,7,0,0,0,0
-58,43,1,0,0,0,5,22,23,25,25,25,24,24,25,25,26,28,29,28,27,27,28,28,27,27,27,26,27,27,27,29,29,14,29,29,29,28,26,26,26,26,25,25,26,26,25,27,27,27,27,26,25,25,26,26,26,26,25,25,5,0,0,0,0
-53,114,14,32,31,27,25,23,22,23,25,28,31,33,34,35,35,34,33,31,27,22,18,13,10,10,13,15,3,0,0,0,0,0,0,0,0,0,3,13,13,14,16,17,18,21,23,25,25,26,26,26,26,26,25,25,25,26,26,28,30,31,32,34,35
-79,114,14,32,31,29,29,27,24,23,21,15,8,5,6,10,15,18,22,25,29,30,30,28,24,18,16,14,3,0,0,0,0,0,0,0,0,0,7,29,31,30,26,22,17,10,5,8,14,20,24,28,29,29,28,26,23,22,17,12,7,5,10,17,23
-87,114,14,20,19,22,25,24,22,23,23,22,23,22,20,18,15,12,8,7,6,8,8,7,9,12,11,9,3,0,0,0,0,0,0,0,0,0,3,16,17,19,19,20,19,17,18,19,19,18,17,15,13,13,13,9,9,7,5,6,2,4,5,7,10
-71,114,14,32,32,33,33,33,33,32,32,31,31,31,31,29,27,24,21,17,12,7,4,7,10,13,16,17,4,0,0,0,0,0,0,0,0,0,5,19,16,12,9,12,15,21,26,29,31,32,31,27,24,20,18,16,17,20,25,30,34,35,37,38,39
-87,114,14,14,18,21,21,21,21,22,23,21,19,18,17,15,12,12,10,9,7,5,6,8,8,7,7,9,3,0,0,0,0,0,0,0,0,0,3,15,15,15,16,18,19,18,17,17,17,16,15,15,15,12,9,8,7,6,7,5,2,1,5,9,13
-58,118,8,0,0,0,6,23,24,25,26,26,25,25,25,25,26,28,29,28,27,28,29,29,27,28,28,28,28,28,28,30,29,15,29,30,29,28,28,27,27,26,26,26,26,25,25,27,27,28,27,27,27,26,26,27,26,26,26,26,7,0,0,0,0
-59,163,8,0,0,0,5,22,23,25,25,24,23,23,23,24,25,26,27,27,25,25,27,27,25,25,25,25,25,25,26,28,27,14,27,27,28,27,25,25,25,25,25,25,25,24,25,25,26,26,26,25,25,25,24,24,25,26,25,24,6,0,0,0,0
-59,43,1,0,0,0,5,20,21,22,23,22,22,22,22,22,24,25,26,25,24,24,26,25,25,25,25,25,25,24,25,26,26,13,26,26,26,26,26,25,25,24,24,24,25,24,24,25,25,26,27,26,25,25,25,25,26,26,25,25,6,0,0,0,0
-53,114,14,27,25,20,18,15,14,15,17,20,24,27,30,31,30,30,29,27,23,19,14,8,5,4,7,10,3,0,0,0,0,0,0,0,0,0,2,10,10,11,12,13,14,17,19,20,21,22,23,22,22,21,20,19,19,19,21,23,25,26,27,29,30
-72,114,14,21,16,14,14,17,21,26,30,33,36,38,39,38,34,30,26,20,13,8,6,9,14,18,21,24,6,0,0,0,0,0,0,0,0,0,1,3,5,7,10,12,15,17,19,20,19,17,14,11,7,3,4,9,14,18,24,28,32,34,35,37,37
-58,118,8,0,0,0,6,22,23,25,25,24,24,25,25,25,27,28,30,29,28,28,29,29,28,29,29,28,28,28,29,30,30,15,30,30,30,29,29,29,29,28,27,28,28,27,27,28,28,29,29,28,28,27,28,28,28,28,27,26,7,0,0,0,0
-59,163,8,0,0,0,4,17,18,19,20,19,19,19,18,19,20,21,22,21,20,20,21,21,20,20,20,21,21,20,20,22,22,11,22,22,22,21,21,21,20,20,20,20,20,20,20,21,21,21,22,21,21,20,20,21,21,21,20,20,5,0,0,0,0
-59,163,8,0,0,0,6,23,24,26,26,25,25,26,25,25,26,28,29,28,27,27,28,28,27,27,27,27,27,26,27,29,29,15,29,29,29,28,27,27,27,26,25,25,25,26,26,27,27,27,27,27,27,26,26,26,26,27,26,26,7,0,0,0,0
-58,43,1,0,0,0,5,22,23,25,25,24,24,24,24,25,25,26,28,27,27,27,28,27,27,27,27,27,27,26,28,29,29,14,29,29,29,28,28,28,28,26,26,26,26,26,26,27,27,28,27,27,27,27,26,26,26,27,27,26,6,0,0,0,0
-52,114,14,31,29,26,22,19,17,18,21,24,28,31,35,36,37,36,34,32,28,23,17,11,6,4,8,11,3,0,0,0,0,0,0,0,0,0,3,15,15,16,16,17,18,21,23,24,25,26,27,27,26,26,25,25,25,26,26,29,31,32,33,35,37
-79,114,14,29,31,31,31,31,30,25,21,19,14,9,8,11,14,17,20,21,23,25,26,24,23,19,17,15,4,0,0,0,0,0,0,0,0,0,6,27,28,27,24,22,16,10,7,6,8,15,20,24,25,25,26,25,22,19,16,13,8,3,7,13,18
-69,114,14,33,30,27,25,23,21,19,19,20,20,19,19,17,15,13,11,10,11,11,13,13,14,15,14,13,3,0,0,0,0,0,0,0,0,0,3,10,7,4,7,12,18,23,27,30,32,34,34,33,31,28,24,21,17,16,18,21,24,27,31,34,35
-91,114,14,14,13,11,11,9,8,11,13,14,14,14,14,13,11,9,5,2,3,4,3,5,7,7,8,10,3,0,0,0,0,0,0,0,0,0,2,12,14,13,13,13,12,12,12,15,15,13,8,5,4,5,3,4,3,4,2,3,4,5,5,6,6
-58,118,8,0,0,0,6,24,25,27,27,26,26,26,26,26,27,29,30,29,28,28,30,29,28,28,29,28,28,28,29,30,31,16,30,30,30,29,29,29,29,28,28,29,29,27,27,28,29,30,30,29,28,27,28,28,28,29,28,28,7,0,0,0,0
-58,118,8,0,0,0,5,21,22,24,24,24,23,23,24,23,25,25,26,26,25,25,26,26,25,25,25,25,26,25,26,27,27,14,27,27,27,26,26,26,25,25,24,24,25,24,24,25,26,27,26,25,25,25,25,25,25,26,25,24,6,0,0,0,0
-58,43,1,0,0,0,5,22,23,25,25,25,25,24,24,25,26,27,28,28,26,26,28,28,26,26,26,27,27,26,26,29,29,14,29,29,29,27,26,27,26,25,26,26,26,25,25,26,26,27,27,26,25,24,25,25,25,25,25,25,5,0,0,0,0
-59,163,8,34,34,32,31,31,31,30,30,30,30,28,28,29,29,30,30,29,28,27,26,26,25,25,24,24,6,0,0,0,0,0,0,0,0,0,4,18,19,20,20,20,21,22,22,24,25,27,28,28,28,28,29,30,29,29,29,30,30,30,31,34,35
-91,114,14,5,6,6,7,8,9,10,6,4,1,0,1,1,3,5,4,3,3,6,7,7,9,9,7,6,1,0,0,0,0,0,0,0,0,0,1,6,6,7,8,7,7,6,5,4,3,2,2,3,3,4,6,7,8,8,10,10,9,10,10,6,2
-54,114,14,18,17,14,13,11,11,10,12,13,14,17,17,19,19,19,18,17,15,13,9,6,4,3,5,7,2,0,0,0,0,0,0,0,0,0,2,8,8,8,9,9,9,11,13,14,14,14,15,15,15,14,14,14,13,13,15,15,16,16,17,18,18
-80,114,14,29,32,31,30,31,28,25,21,17,12,7,6,8,12,16,20,25,27,26,25,22,19,14,12,15,4,0,0,0,0,0,0,0,0,0,6,28,27,27,25,21,16,12,7,5,10,16,21,24,25,26,27,26,24,22,15,8,5,7,8,13,21
-72,114,14,25,21,19,18,17,18,20,20,22,24,25,25,25,25,24,22,20,17,14,10,7,5,7,8,10,2,0,0,0,0,0,0,0,0,0,4,16,16,16,18,21,24,25,27,27,25,24,23,21,19,18,17,19,21,24,29,32,35,37,37,38,38
-58,118,8,0,0,0,5,23,24,25,26,25,25,25,25,26,26,27,28,28,27,27,28,28,26,26,27,27,27,27,27,29,29,15,30,30,29,28,27,28,28,27,27,27,27,26,26,28,28,28,28,27,27,26,27,27,27,27,27,27,7,0,0,0,0
-59,163,8,0,0,0,6,22,22,23,25,24,24,24,24,24,25,26,28,27,26,26,27,27,26,26,26,27,27,26,27,29,29,14,29,29,29,27,27,27,27,26,26,26,27,26,26,26,26,28,27,27,27,27,26,26,26,27,26,25,7,0,0,0,0
-59,163,8,0,0,0,5,20,20,22,22,22,22,22,21,22,23,24,25,24,24,24,25,25,24,24,24,24,24,24,24,25,25,13,25,25,25,25,24,24,24,23,23,23,24,23,23,24,24,25,25,24,24,24,24,24,24,24,24,24,6,0,0,0,0
-58,43,1,0,0,0,5,21,22,23,24,23,23,23,23,24,25,26,27,27,26,26,27,26,25,25,25,25,25,25,26,27,27,14,27,27,26,25,25,25,25,24,24,24,24,23,23,24,24,25,25,24,24,24,24,24,24,25,24,23,6,0,0,0,0
-54,114,14,26,23,20,17,15,13,13,16,19,22,24,26,27,26,26,26,24,20,17,13,8,4,3,5,8,1,0,0,0,0,0,0,0,0,0,3,10,11,12,13,13,15,17,19,20,21,21,21,21,20,20,19,18,18,19,21,22,24,25,27,28,29
-78,114,14,23,27,29,29,29,26,24,22,19,14,9,7,8,11,16,21,25,26,26,25,25,22,18,13,12,3,0,0,0,0,0,0,0,0,0,8,31,33,34,32,29,25,21,16,12,10,14,18,23,26,29,32,32,30,28,26,20,12,7,7,10,16
-53,114,14,31,29,24,21,19,17,17,20,24,28,31,33,35,35,34,33,31,26,21,17,10,6,4,7,11,2,0,0,0,0,0,0,0,0,0,3,13,13,14,15,17,19,21,23,25,26,26,27,26,25,24,23,23,23,23,25,27,30,31,33,35,36
-77,114,14,27,31,33,32,32,32,30,27,23,18,13,6,1,5,11,18,22,25,28,29,30,28,24,21,19,4,0,0,0,0,0,0,0,0,0,6,27,30,30,27,24,19,15,10,6,9,15,21,26,28,30,31,32,31,30,27,23,16,9,5,5,11
-73,114,14,35,31,27,22,19,18,18,20,23,26,29,31,31,30,28,26,21,16,11,6,2,3,6,9,11,3,0,0,0,0,0,0,0,0,0,0,2,1,3,7,10,14,19,23,26,26,28,29,27,24,20,17,14,14,17,23,29,34,38,40,43,44
-87,114,14,13,16,17,19,21,22,22,21,22,24,23,21,19,18,17,13,10,8,7,5,2,2,5,8,9,2,0,0,0,0,0,0,0,0,0,5,17,16,17,13,10,11,11,11,11,12,12,12,12,14,16,14,11,10,10,10,9,9,8,10,12,14
-58,118,8,0,0,0,5,22,23,25,26,24,24,24,24,25,26,27,28,28,26,26,28,28,26,25,26,26,26,26,26,27,28,13,28,29,28,27,26,26,26,26,26,26,26,26,25,27,27,27,28,27,26,26,26,27,27,27,27,27,7,0,0,0,0
-58,163,8,0,0,0,5,23,23,25,26,25,25,26,25,26,26,28,29,28,28,28,29,28,27,27,27,28,28,27,28,30,30,15,30,30,29,29,29,28,28,27,27,27,27,27,27,28,28,29,28,28,28,27,27,28,27,27,27,26,7,0,0,0,0
-58,43,1,0,0,0,5,21,21,22,22,22,21,21,21,22,23,24,25,24,23,23,24,24,22,22,23,23,23,23,24,25,25,12,25,25,25,24,24,24,24,22,22,22,23,22,22,23,23,25,24,24,24,23,23,23,24,24,23,22,5,0,0,0,0
-53,114,14,32,29,25,22,20,18,19,21,25,29,32,33,35,35,35,34,32,28,24,17,12,8,7,9,12,3,0,0,0,0,0,0,0,0,0,3,12,12,13,14,16,17,20,22,25,25,25,25,25,24,23,23,22,21,22,24,27,28,30,31,32,34
-87,114,14,12,14,17,19,17,15,15,16,17,18,15,14,12,10,9,9,7,5,4,2,2,2,2,4,5,1,0,0,0,0,0,0,0,0,0,4,17,17,16,14,14,14,12,12,14,13,10,11,12,10,9,8,9,8,8,7,5,4,4,5,10,14
-72,114,14,33,34,34,33,33,32,30,29,27,26,24,22,20,19,16,14,11,7,4,3,5,8,11,12,14,4,0,0,0,0,0,0,0,0,0,5,19,17,16,13,14,17,21,25,29,31,31,31,29,28,26,24,21,19,18,20,23,26,27,27,28,30
-58,118,8,0,0,0,7,25,26,27,28,27,27,27,27,27,28,29,30,31,29,29,30,30,29,29,29,30,29,28,30,31,32,16,32,31,31,30,30,30,30,29,28,29,29,28,28,29,29,30,30,29,29,28,28,28,27,28,27,28,7,0,0,0,0
-58,118,8,0,0,0,5,20,21,24,24,23,23,23,22,22,23,25,26,25,25,24,25,25,24,24,24,25,25,24,25,26,26,13,25,26,26,25,25,25,24,24,24,24,24,23,23,24,24,24,24,24,24,24,24,23,23,23,23,23,5,0,0,0,0
-58,163,8,0,0,0,6,24,25,27,28,27,26,26,26,27,28,29,30,29,29,28,30,29,28,28,28,28,28,28,28,30,30,15,30,30,30,29,28,28,28,27,26,26,27,27,27,28,28,29,28,28,27,27,27,27,27,27,26,26,7,0,0,0,0
-58,163,8,0,0,0,5,20,21,23,23,23,22,23,22,22,24,25,25,25,24,24,25,25,24,24,24,25,24,24,25,26,26,13,26,26,26,25,24,24,24,23,23,23,23,23,23,23,24,24,24,23,23,23,23,22,23,22,22,22,5,0,0,0,0
-59,43,1,0,0,0,4,20,20,21,22,21,21,21,21,21,22,24,24,24,23,22,24,24,23,23,23,23,23,23,24,25,25,12,25,25,25,24,23,23,23,23,23,23,23,22,21,23,23,23,24,23,22,22,22,22,22,22,22,21,5,0,0,0,0
-54,114,14,23,20,16,13,11,11,13,16,18,22,25,26,27,27,26,25,22,19,15,10,6,2,2,7,9,2,0,0,0,0,0,0,0,0,0,3,9,9,11,13,14,16,17,19,19,19,19,19,18,16,15,15,15,16,18,20,22,24,25,26,27,28
-78,114,14,31,32,31,31,30,28,23,21,18,16,13,14,16,17,18,22,25,29,31,31,29,26,23,19,19,5,0,0,0,0,0,0,0,0,0,8,30,31,32,30,26,22,17,14,13,15,20,24,27,31,33,34,34,31,28,22,15,10,4,9,17,20
-71,114,14,27,21,17,12,6,5,10,16,22,27,32,35,37,35,34,31,27,22,17,10,5,3,7,12,14,3,0,0,0,0,0,0,0,0,0,2,14,15,16,18,20,21,23,22,20,17,15,12,8,4,5,9,14,18,23,29,34,34,36,38,39,39
-86,114,14,11,12,14,17,19,21,23,24,26,28,26,25,25,23,21,16,11,8,6,5,5,5,7,10,12,4,0,0,0,0,0,0,0,0,0,5,19,15,17,18,16,13,12,11,8,7,6,8,9,7,8,9,8,9,11,10,11,13,14,15,15,16
-58,118,8,0,0,0,5,20,21,22,23,22,22,22,22,23,23,25,26,26,25,25,26,26,25,24,25,25,25,24,25,26,26,13,26,26,26,25,24,24,24,24,24,24,24,23,24,24,24,25,25,24,24,23,24,24,23,24,24,23,6,0,0,0,0
-58,163,8,0,0,0,5,22,23,24,25,25,24,25,25,25,26,28,28,28,27,27,28,28,27,27,27,27,27,27,27,28,29,13,28,29,29,28,26,27,27,25,25,25,25,25,25,26,26,27,27,26,26,26,27,27,27,28,27,27,6,0,0,0,0
-58,163,8,0,0,0,3,17,17,19,20,19,18,19,19,19,21,21,21,22,21,21,22,21,21,21,21,22,22,22,22,22,23,10,22,23,23,22,21,21,21,21,20,20,21,20,21,21,22,23,23,22,22,22,22,22,23,23,23,23,5,0,0,0,0
-58,163,8,0,0,0,5,19,19,21,21,21,21,21,21,21,21,23,23,24,24,23,24,24,23,23,23,23,23,22,23,25,25,13,24,24,24,23,23,23,23,23,22,22,23,22,22,23,24,24,24,23,24,24,24,24,24,25,25,25,7,0,0,0,0
-58,43,1,0,0,0,4,20,20,21,22,22,22,21,22,22,23,25,26,25,24,24,25,25,24,24,24,24,24,24,25,26,26,12,25,26,26,25,24,24,24,24,23,24,24,23,23,24,25,26,26,26,25,25,25,26,26,27,26,26,6,0,0,0,0
-54,114,14,34,31,26,22,19,16,15,17,22,26,30,33,36,37,36,36,34,31,26,20,14,8,3,4,8,2,0,0,0,0,0,0,0,0,0,3,12,12,12,13,13,15,17,20,22,23,24,25,25,24,24,23,22,21,22,22,25,27,29,31,33,35
-70,114,14,24,23,22,22,21,21,22,22,21,20,18,16,15,13,9,6,5,6,8,9,10,11,11,12,11,2,0,0,0,0,0,0,0,0,0,3,13,11,10,11,15,17,22,26,27,28,30,29,28,26,24,23,23,22,23,24,27,29,30,30,31,32
-90,114,14,14,14,16,18,17,15,16,17,15,14,15,16,17,15,12,9,11,10,9,8,7,7,9,10,10,3,0,0,0,0,0,0,0,0,0,5,17,15,15,13,12,10,9,8,8,5,2,6,6,4,6,6,5,5,6,8,9,6,5,6,9,13
-60,118,8,0,0,0,6,21,22,23,24,23,23,23,24,24,25,27,28,27,27,26,28,28,27,27,27,27,28,27,28,29,29,15,29,29,29,28,27,27,27,26,26,27,27,26,25,26,27,28,28,27,26,26,26,26,27,27,27,26,7,0,0,0,0
-60,43,1,0,0,0,6,23,24,26,26,26,26,26,26,26,27,29,30,29,29,29,30,29,28,28,29,29,29,28,29,31,31,16,31,31,31,29,29,29,28,28,28,28,28,27,27,28,28,29,29,28,28,28,28,28,28,28,28,28,7,0,0,0,0
-54,114,14,21,20,17,15,13,11,9,11,12,14,16,19,20,21,22,22,21,19,16,13,10,6,3,3,5,2,0,0,0,0,0,0,0,0,0,1,6,7,7,7,8,8,9,11,12,13,14,15,15,14,14,14,13,13,12,13,14,14,15,16,18,19
-80,114,14,29,33,33,30,30,27,23,20,16,12,5,2,6,13,18,23,25,28,31,31,30,28,26,22,17,4,0,0,0,0,0,0,0,0,0,6,28,28,28,25,21,16,9,2,5,11,17,24,26,27,29,31,30,25,20,17,13,6,1,5,10,13
-87,114,14,16,20,18,11,10,14,17,18,18,19,19,20,20,15,14,14,12,11,9,6,5,2,4,5,7,2,0,0,0,0,0,0,0,0,0,2,11,12,14,15,14,15,16,17,17,16,13,10,10,11,12,12,11,10,10,9,10,13,15,14,15,19
-74,114,14,40,36,31,25,22,18,15,16,18,21,24,27,30,30,29,28,25,20,15,10,4,3,5,9,13,4,0,0,0,0,0,0,0,0,0,3,9,6,3,4,7,12,18,21,25,26,28,29,29,28,26,22,19,15,12,14,20,25,30,36,41,44
-88,114,14,22,19,18,17,16,17,17,18,22,22,23,25,24,21,18,17,14,10,6,4,3,7,8,9,12,4,0,0,0,0,0,0,0,0,0,4,20,20,18,16,17,18,18,18,19,17,17,16,14,12,10,9,7,6,8,8,7,10,13,14,17,17
-60,118,8,0,0,0,5,21,22,24,25,23,23,24,24,24,25,27,28,28,27,27,29,28,27,27,28,28,28,27,28,30,30,15,29,30,30,28,28,28,28,27,27,27,27,26,26,27,27,28,28,27,26,26,26,26,26,27,26,25,6,0,0,0,0
-60,163,8,0,0,0,5,21,21,23,24,23,23,23,23,24,25,26,27,27,26,26,27,27,27,26,26,26,27,26,27,29,29,14,29,29,29,28,27,28,27,26,26,27,27,26,26,26,27,28,28,26,26,27,26,27,27,27,26,26,7,0,0,0,0
-60,43,1,0,0,0,5,20,21,23,23,23,22,23,23,23,24,25,26,26,25,25,26,26,25,25,25,26,26,25,26,27,28,14,28,29,29,27,26,27,26,26,25,26,26,26,26,27,27,28,27,27,27,26,27,27,27,27,27,26,7,0,0,0,0
-54,114,14,32,30,26,23,20,17,15,15,18,21,25,28,30,31,32,33,31,28,25,21,16,11,6,5,7,2,0,0,0,0,0,0,0,0,0,3,12,12,11,11,12,13,15,18,19,21,21,23,23,23,22,22,20,19,18,19,21,23,24,26,28,30
-80,114,14,32,33,32,31,31,30,28,24,20,16,13,11,12,14,15,17,20,23,25,26,25,23,22,20,18,4,0,0,0,0,0,0,0,0,0,7,28,29,28,25,20,14,9,4,4,11,17,23,26,29,30,30,26,22,18,16,12,6,6,10,17,20
-54,114,14,31,29,26,23,20,18,17,18,21,25,28,30,32,33,33,33,30,28,24,19,14,9,6,6,10,2,0,0,0,0,0,0,0,0,0,3,13,13,12,13,14,15,17,18,20,22,23,24,25,24,24,23,22,21,20,21,22,24,26,26,29,31
-81,114,14,33,35,32,32,32,30,25,22,18,15,14,12,9,11,13,18,22,22,24,25,24,21,19,16,13,2,0,0,0,0,0,0,0,0,0,6,28,29,29,26,21,16,11,4,4,13,20,25,28,29,29,29,28,25,21,17,13,8,6,10,17,23
-73,114,14,33,26,19,13,9,10,14,19,24,28,31,31,31,29,25,21,17,12,8,5,5,8,10,13,14,4,0,0,0,0,0,0,0,0,0,1,5,4,5,8,11,15,19,22,23,23,24,24,23,21,16,11,7,7,11,18,24,31,34,39,43,44
-88,114,14,10,11,9,10,12,14,18,21,22,26,30,29,27,22,18,16,13,9,5,2,4,6,11,15,16,4,0,0,0,0,0,0,0,0,0,5,21,22,22,21,19,18,19,19,17,12,9,6,6,4,7,11,11,12,14,14,16,18,17,16,18,21
-58,118,8,0,0,0,5,18,18,20,20,20,19,19,19,21,21,23,23,23,23,22,24,24,22,22,22,22,22,22,23,24,24,12,24,25,24,23,23,22,22,22,22,21,22,21,22,22,23,24,23,22,22,22,22,22,22,22,22,22,6,0,0,0,0
-58,43,1,0,0,0,4,18,18,20,20,20,20,20,20,20,22,23,24,23,22,22,24,24,22,22,23,23,23,22,24,25,25,12,25,25,25,24,24,24,24,23,23,24,24,22,22,23,24,24,24,24,24,23,23,23,23,24,23,22,5,0,0,0,0
-53,114,14,18,17,15,13,12,12,12,13,14,16,18,19,20,21,20,19,19,17,14,10,7,5,4,5,7,2,0,0,0,0,0,0,0,0,0,2,9,9,9,9,9,9,10,10,11,12,13,13,14,14,14,14,14,13,14,15,15,16,16,16,16,17
-88,114,14,18,21,19,18,18,14,11,8,6,6,7,9,11,13,13,13,11,8,5,4,5,2,5,5,5,2,0,0,0,0,0,0,0,0,0,3,13,17,17,12,11,10,9,11,11,9,7,7,5,5,6,7,5,3,2,7,5,6,7,6,9,11
-71,114,14,31,31,31,29,27,24,22,19,16,13,10,9,8,7,5,2,0,3,5,7,9,9,9,8,8,1,0,0,0,0,0,0,0,0,0,4,15,14,12,11,13,17,22,26,30,31,32,34,33,31,29,25,22,17,15,12,13,14,17,20,23,26
-58,118,8,0,0,0,5,21,21,23,24,24,24,24,24,24,25,27,28,27,26,26,28,28,26,26,27,27,27,27,28,29,29,14,28,29,29,27,27,27,27,26,25,25,25,24,25,25,25,26,26,25,25,24,24,24,25,25,24,23,5,0,0,0,0
-59,163,8,0,0,0,5,19,20,21,21,21,21,21,21,21,22,23,24,24,23,23,24,24,23,23,23,24,24,24,25,26,25,12,25,25,25,24,24,25,25,23,22,22,23,23,23,23,24,24,24,24,23,23,23,23,23,23,23,22,6,0,0,0,0
-58,163,8,0,0,0,5,21,21,22,22,22,21,21,20,21,21,22,23,22,21,21,22,22,21,22,22,22,22,22,23,24,24,12,25,25,25,25,25,25,24,24,24,25,26,24,25,25,26,26,26,26,25,24,25,25,25,25,24,24,6,0,0,0,0
-58,43,1,0,0,0,5,22,22,24,24,23,23,23,23,23,24,25,26,25,25,24,25,25,24,24,24,24,24,23,24,26,26,13,26,26,26,26,25,25,25,25,24,24,24,24,24,24,25,25,25,24,24,23,23,22,22,22,22,21,5,0,0,0,0
-54,114,14,24,18,10,4,6,13,20,26,32,37,39,41,41,39,37,33,29,23,17,11,7,8,13,18,22,5,0,0,0,0,0,0,0,0,0,0,5,9,14,20,24,28,31,34,35,33,31,28,22,16,10,4,5,11,17,25,30,35,36,37,38,38
-79,114,14,33,34,34,34,34,31,28,23,17,11,7,8,12,17,24,29,31,34,36,35,33,29,23,16,12,3,0,0,0,0,0,0,0,0,0,6,26,27,28,25,22,18,13,8,6,9,14,19,23,25,26,26,22,18,14,10,6,3,7,12,18,24
-63,99,17,3,3,1,2,1,1,1,1,1,1,2,3,3,2,2,1,1,2,2,1,1,0,1,1,1,1,0,0,0,0,0,0,0,0,0,1,1,2,2,1,0,0,1,3,2,1,1,1,0,2,1,1,2,3,4,1,1,1,1,1,2,3
-74,114,14,20,16,11,7,2,6,10,14,20,24,27,29,30,29,28,25,23,18,12,6,2,5,9,12,15,4,0,0,0,0,0,0,0,0,0,2,12,17,20,21,23,25,26,24,21,17,12,9,4,1,6,11,16,20,23,27,30,31,32,32,33,32
-88,114,14,8,12,14,18,22,22,23,25,26,27,27,26,23,19,15,10,5,2,4,7,8,11,12,13,15,3,0,0,0,0,0,0,0,0,0,3,14,14,11,10,10,7,10,12,11,10,11,13,12,13,14,13,14,13,13,13,13,13,12,10,8,8
-57,118,8,0,0,0,7,27,27,28,28,27,27,28,27,27,28,29,29,29,27,27,28,28,27,27,27,26,26,26,27,28,28,14,28,28,29,28,28,28,28,27,25,26,27,26,26,26,27,28,28,27,27,27,26,26,26,26,26,25,7,0,0,0,0
-58,163,8,0,0,0,5,23,23,25,25,23,23,23,23,23,24,24,25,25,24,24,25,24,23,23,23,22,23,22,23,24,25,12,24,24,24,24,23,24,24,23,23,23,24,23,24,24,24,25,25,24,24,24,23,23,23,23,23,23,6,0,0,0,0
-57,43,1,0,0,0,4,18,19,19,20,19,19,19,19,19,20,21,21,21,21,21,21,20,20,19,19,19,19,19,19,21,22,10,21,21,22,21,21,21,21,21,21,21,21,20,20,21,21,23,22,21,20,20,20,20,20,21,21,20,5,0,0,0,0
-54,114,14,27,20,13,8,6,12,18,25,31,35,39,41,42,40,38,34,29,23,16,9,2,5,12,18,22,6,0,0,0,0,0,0,0,0,0,1,6,9,14,19,23,26,30,33,33,32,29,27,23,17,12,8,7,11,17,23,28,32,35,37,39,40
-72,114,14,31,26,22,20,19,19,20,22,24,26,26,26,24,20,16,12,10,10,13,15,17,18,18,18,17,3,0,0,0,0,0,0,0,0,0,3,7,2,4,11,17,22,28,32,34,35,35,34,31,27,24,21,18,17,18,23,28,32,34,36,38,39
-86,114,14,13,12,9,12,21,23,23,23,24,24,26,26,24,25,20,14,12,10,9,8,7,8,7,7,9,2,0,0,0,0,0,0,0,0,0,5,21,18,16,17,18,19,19,18,15,11,11,9,12,14,12,11,13,14,14,16,17,14,12,11,11,11
-57,118,8,0,0,0,5,22,23,24,25,24,22,23,22,23,24,24,25,24,24,24,25,24,23,23,23,23,22,22,24,24,24,12,24,25,25,24,24,25,25,24,24,25,25,24,24,24,25,26,26,25,25,25,24,25,25,25,24,24,5,0,0,0,0
-57,163,8,0,0,0,5,24,25,27,27,26,25,25,25,25,26,27,28,27,26,26,26,25,25,25,25,25,25,24,25,27,28,13,27,27,28,28,26,27,27,26,26,26,27,26,26,28,28,29,29,28,27,27,27,27,28,28,26,26,6,0,0,0,0
-56,163,8,0,0,0,7,26,27,29,28,27,27,26,25,26,26,27,28,28,27,26,27,26,25,26,26,26,25,25,26,27,28,14,27,27,28,27,27,27,27,26,26,26,26,26,26,27,28,29,29,28,27,27,26,26,27,27,26,26,7,0,0,0,0
-58,43,1,0,0,0,5,20,20,22,21,21,20,20,20,20,21,21,21,21,20,20,21,21,20,19,19,19,19,19,20,21,20,9,21,21,21,20,19,19,19,19,18,19,19,18,19,20,20,21,21,20,20,20,21,20,20,22,21,20,4,0,0,0,0
-55,114,14,38,36,33,29,26,22,20,18,19,23,26,29,33,34,35,37,34,32,29,24,18,12,6,3,5,1,0,0,0,0,0,0,0,0,0,4,16,16,17,17,18,19,21,23,25,26,28,30,30,30,29,29,28,26,25,25,25,27,29,31,34,37
-81,114,14,28,31,34,35,33,29,27,24,20,14,8,5,6,10,15,20,24,25,25,26,24,23,19,17,15,4,0,0,0,0,0,0,0,0,0,8,34,38,40,38,34,32,28,20,12,4,11,20,26,29,32,34,34,34,33,27,19,14,11,2,9,13
-87,114,14,9,12,15,18,19,21,23,25,25,24,21,20,16,10,7,7,2,4,3,3,7,10,11,10,11,2,0,0,0,0,0,0,0,0,0,5,19,23,24,19,18,17,18,17,14,12,12,11,11,13,17,16,12,13,16,16,13,10,9,10,8,7
-71,114,14,41,38,35,31,28,23,19,18,18,21,23,25,27,27,25,23,20,15,12,6,2,2,5,9,10,2,0,0,0,0,0,0,0,0,0,4,16,13,9,5,6,11,17,23,27,30,32,34,33,31,29,26,22,18,17,18,22,26,31,36,40,43
-88,114,14,8,12,17,21,23,24,24,24,25,25,25,21,18,15,13,10,5,6,8,7,7,10,13,14,13,3,0,0,0,0,0,0,0,0,0,6,27,23,19,20,22,19,16,16,15,13,11,12,12,12,12,15,18,17,13,10,10,11,11,11,7,7
-57,118,8,0,0,0,6,25,25,26,27,26,26,26,26,27,28,29,30,29,28,27,28,28,27,26,26,27,27,26,27,28,28,14,28,28,28,27,26,26,26,25,24,24,25,24,24,24,25,26,25,24,24,23,23,24,24,24,23,22,5,0,0,0,0
-58,163,8,0,0,0,5,24,25,26,27,26,25,25,25,26,26,28,29,28,26,26,28,27,26,26,26,26,26,26,26,28,29,14,28,28,28,27,26,27,26,25,25,25,25,24,24,25,26,26,26,25,25,24,24,24,24,24,23,23,6,0,0,0,0
-58,43,1,0,0,0,6,22,23,24,25,24,24,24,24,23,24,26,26,25,25,24,25,24,24,24,24,23,23,23,24,25,26,13,25,25,25,25,24,24,23,22,22,22,22,22,22,22,23,23,24,22,21,21,22,21,21,21,22,20,5,0,0,0,0
-52,114,14,24,25,25,25,25,23,22,21,20,19,20,21,22,23,24,26,25,24,22,19,16,13,10,9,10,3,0,0,0,0,0,0,0,0,0,3,17,18,18,18,17,15,14,11,10,10,11,14,17,21,22,25,26,26,26,25,24,22,19,17,17,17
-53,114,14,25,27,28,28,27,27,24,23,22,21,21,23,23,24,26,27,27,25,23,20,17,14,11,9,9,2,0,0,0,0,0,0,0,0,0,4,19,21,20,21,19,17,15,13,11,11,13,16,20,22,25,28,29,29,29,27,26,23,20,18,18,19
-72,114,14,42,36,32,27,20,14,13,13,19,25,30,33,34,34,31,27,23,16,10,5,1,5,9,11,14,3,0,0,0,0,0,0,0,0,0,4,15,14,12,13,16,20,25,29,32,34,35,34,31,26,21,14,7,2,7,15,23,30,35,41,46,49
-87,114,14,13,16,18,17,17,19,24,27,26,26,28,24,20,18,15,13,11,9,11,13,14,15,14,13,12,2,0,0,0,0,0,0,0,0,0,6,25,25,23,21,16,15,16,13,12,16,19,18,16,16,16,16,15,15,15,14,14,12,10,7,6,8
-57,118,8,0,0,0,6,21,22,23,24,23,23,23,23,23,24,25,26,25,25,24,25,25,24,24,24,24,24,23,24,25,25,13,25,25,25,24,24,24,24,23,23,23,23,23,23,24,24,25,25,24,23,23,24,24,23,24,23,23,6,0,0,0,0
-56,118,8,0,0,0,6,22,22,23,24,23,23,23,24,24,24,25,26,26,25,25,25,25,24,24,24,24,24,23,24,25,26,13,26,26,25,25,24,25,25,24,23,23,24,23,24,24,23,23,23,23,22,22,21,18,19,21,21,20,5,0,0,0,0
-56,43,1,0,0,0,6,23,24,26,26,25,25,25,25,25,25,26,28,27,27,26,26,26,25,25,25,26,26,25,26,27,27,13,27,27,27,25,25,25,26,25,24,24,25,25,24,25,25,24,25,26,28,29,27,25,32,36,34,32,8,0,0,0,0
-54,114,14,14,14,14,14,14,14,13,12,11,11,11,12,13,15,16,17,18,17,16,15,12,10,8,5,4,0,0,0,0,0,0,0,0,0,0,3,11,11,12,12,11,10,10,9,7,6,6,7,9,10,12,13,14,15,14,15,15,13,12,12,11,11
-80,114,14,28,30,29,27,28,27,23,19,16,10,5,2,8,13,17,22,26,27,29,32,32,29,25,22,23,5,0,0,0,0,0,0,0,0,0,7,29,30,27,23,19,14,7,1,7,13,18,22,27,28,28,28,25,22,19,15,12,6,4,11,15,18
-71,114,14,33,33,32,32,29,26,21,16,13,9,6,3,4,4,6,8,10,12,12,12,12,10,8,7,7,2,0,0,0,0,0,0,0,0,0,4,16,11,9,12,17,23,29,34,38,39,40,40,37,34,30,26,20,16,13,13,16,18,20,23,26,28
-88,114,14,10,12,14,15,16,18,19,18,17,18,19,18,16,16,15,11,10,8,4,1,2,5,7,7,9,2,0,0,0,0,0,0,0,0,0,4,16,16,13,11,10,9,10,10,10,11,12,12,13,14,13,13,13,10,10,11,9,8,5,2,5,6
-71,114,14,34,34,34,33,30,27,23,19,15,12,8,5,3,2,4,6,7,8,8,8,9,8,8,7,6,1,0,0,0,0,0,0,0,0,0,5,17,13,12,14,19,24,30,35,37,38,39,38,36,31,27,23,19,16,13,14,17,20,22,25,27,30
-57,118,8,0,0,0,5,21,21,23,23,23,22,22,22,22,23,24,25,24,24,24,24,24,23,23,22,23,23,22,24,24,24,12,24,25,25,24,23,24,24,22,22,23,23,22,22,23,24,24,24,23,22,22,22,22,22,23,22,21,5,0,0,0,0
-56,43,1,0,0,0,5,24,25,26,26,25,25,25,25,26,26,27,29,28,27,27,27,27,26,26,26,26,26,26,26,27,28,13,28,28,28,26,26,26,26,25,25,24,25,24,25,26,26,26,26,26,25,25,25,25,24,24,25,24,5,0,0,0,0
-54,114,14,14,15,15,15,15,15,14,13,12,12,12,12,13,13,14,15,15,15,15,14,13,11,9,8,6,2,0,0,0,0,0,0,0,0,0,2,9,10,11,11,10,9,9,8,7,7,7,8,10,11,13,14,15,15,15,15,14,13,12,11,10,10
-82,114,14,28,29,29,29,28,24,22,18,13,7,3,5,10,13,17,22,24,25,26,25,22,19,19,19,19,5,0,0,0,0,0,0,0,0,0,6,26,26,26,25,20,16,11,3,5,12,18,23,25,28,29,29,27,22,20,16,10,8,7,10,12,15
-72,114,14,26,20,16,13,9,8,11,14,18,21,23,24,24,23,21,19,15,11,7,3,2,4,7,9,10,2,0,0,0,0,0,0,0,0,0,2,11,11,12,15,18,21,26,29,30,30,28,26,22,16,10,6,7,13,19,25,30,34,36,39,40,40
-85,114,14,4,12,19,20,23,26,30,31,28,24,23,23,23,19,13,11,9,7,9,11,14,16,15,16,17,5,0,0,0,0,0,0,0,0,0,5,24,26,25,24,21,16,14,12,9,11,13,17,20,21,20,18,17,16,14,14,15,12,10,7,5,5
-58,118,8,0,0,0,7,25,26,27,27,26,26,26,26,26,26,27,28,28,27,27,27,27,26,26,26,26,26,26,27,29,29,14,28,28,28,27,26,26,26,26,25,25,26,25,25,26,27,27,27,27,26,26,26,26,26,27,26,25,7,0,0,0,0
-57,43,1,0,0,0,6,26,27,28,29,28,27,27,27,27,28,29,30,30,28,28,29,29,27,27,26,27,27,26,27,28,29,15,29,29,29,28,27,28,27,27,26,27,27,26,26,26,27,29,28,28,27,27,26,27,28,28,27,26,7,0,0,0,0
-52,114,14,37,37,36,35,33,31,28,26,24,24,24,27,29,31,33,36,36,35,34,30,25,21,16,14,13,3,0,0,0,0,0,0,0,0,0,4,19,21,21,21,20,19,18,17,17,17,19,22,25,27,30,32,33,33,32,31,30,27,25,25,26,27
-79,114,14,30,33,33,32,29,26,22,17,10,4,2,6,11,16,22,26,30,32,32,30,28,25,21,18,15,3,0,0,0,0,0,0,0,0,0,8,31,29,29,28,24,19,14,8,3,7,13,19,24,26,27,29,31,27,23,19,16,11,8,7,11,15
-71,114,14,34,27,21,16,13,15,18,22,26,29,29,28,27,24,21,16,12,11,10,12,14,16,17,17,17,5,0,0,0,0,0,0,0,0,0,2,6,2,3,8,13,18,24,29,32,32,33,33,30,26,22,17,12,10,13,20,27,33,38,41,45,46
-87,114,14,9,14,15,17,19,19,20,22,24,21,18,16,16,16,18,13,11,11,9,5,7,9,9,9,11,3,0,0,0,0,0,0,0,0,0,5,20,21,25,23,22,20,17,15,14,13,13,15,14,14,16,19,22,21,18,16,11,8,7,6,6,7
-57,118,8,0,0,0,5,19,20,21,22,21,19,20,20,20,21,22,22,21,21,21,22,21,20,20,20,20,20,19,20,22,21,10,21,21,21,21,20,20,20,20,19,19,20,19,20,19,20,21,22,21,19,18,16,17,18,18,20,22,5,0,0,0,0
-56,163,8,0,0,0,5,23,24,24,25,24,24,24,23,24,25,26,26,26,25,25,26,25,24,24,24,24,24,23,24,25,25,12,25,25,24,23,23,23,23,23,22,22,22,22,22,23,23,24,23,23,22,23,22,23,23,22,22,22,5,0,0,0,0
-58,43,1,0,0,0,5,19,19,21,21,21,19,19,20,20,21,22,22,22,21,20,22,21,20,20,20,20,20,20,20,21,21,10,21,21,21,20,20,20,20,19,18,19,20,20,19,20,21,23,23,21,22,25,24,19,17,23,23,14,2,0,0,0,0
-60,163,8,28,27,27,25,25,25,24,24,24,24,24,23,24,24,24,24,24,23,23,21,21,21,20,20,20,5,0,0,0,0,0,0,0,0,0,4,16,17,18,19,19,19,19,20,20,22,23,23,23,23,23,23,23,23,23,23,24,25,25,26,27,28
-54,114,14,32,34,34,35,34,32,29,27,24,21,22,23,25,28,31,33,34,34,33,30,26,22,17,13,11,3,0,0,0,0,0,0,0,0,0,4,20,21,21,20,18,17,14,12,12,12,15,20,23,27,30,32,33,33,32,30,28,25,22,20,21,22
-80,114,14,30,32,31,30,29,27,22,17,14,12,11,12,15,19,22,27,29,29,28,27,25,22,17,12,8,2,0,0,0,0,0,0,0,0,0,7,29,29,27,24,20,15,12,10,11,16,20,23,25,27,28,28,26,25,22,17,11,5,7,12,18,24
-73,114,14,34,29,24,20,15,13,15,19,22,27,30,30,30,28,25,21,16,9,4,3,7,12,15,15,17,3,0,0,0,0,0,0,0,0,0,3,12,10,7,5,8,12,16,20,23,25,26,27,26,24,21,18,14,10,9,13,18,23,29,34,38,38
-88,114,14,17,19,20,21,23,22,19,19,21,22,20,19,18,14,10,13,15,14,12,12,13,13,12,11,11,3,0,0,0,0,0,0,0,0,0,5,19,20,20,18,14,13,14,13,11,13,15,13,14,17,17,17,18,17,18,18,15,12,9,7,8,12
-74,114,14,35,30,26,20,17,15,17,21,26,30,32,34,33,31,28,23,17,10,4,2,8,12,16,18,20,5,0,0,0,0,0,0,0,0,0,4,13,11,7,2,4,8,13,18,23,26,28,29,29,27,24,20,15,9,8,11,18,24,29,35,40,42
-59,118,8,0,0,0,5,23,23,25,26,25,24,24,23,24,24,26,26,26,26,25,27,26,24,24,25,25,25,25,26,27,28,13,27,28,28,27,27,26,26,26,25,25,25,25,25,26,26,26,26,26,26,25,25,25,25,25,25,25,6,0,0,0,0
-59,118,8,0,0,0,6,23,24,25,25,25,25,24,24,24,25,25,25,25,25,25,26,26,25,25,25,26,26,25,26,27,27,13,27,27,27,27,27,26,26,26,25,25,26,25,25,25,26,27,27,27,26,25,26,26,26,26,26,25,6,0,0,0,0
-57,43,1,0,0,0,5,23,24,25,26,25,24,24,24,24,25,26,27,26,25,25,26,26,25,24,25,25,25,25,25,26,26,13,26,27,26,25,25,25,25,24,23,24,25,24,23,24,25,25,25,24,24,23,24,23,24,24,24,23,6,0,0,0,0
-57,43,1,0,0,0,6,21,22,23,23,23,22,22,22,23,23,24,25,24,24,23,24,24,23,23,23,23,23,23,23,24,25,13,24,24,24,24,23,23,23,22,22,22,22,22,22,22,23,23,23,23,22,22,22,22,22,22,21,20,5,0,0,0,0
-52,114,14,26,27,27,26,25,24,21,20,18,18,19,20,21,23,24,25,26,25,23,20,18,15,11,8,10,2,0,0,0,0,0,0,0,0,0,5,18,18,18,17,15,14,13,13,13,13,16,18,21,22,24,25,26,25,24,23,21,19,17,17,18,20
-79,114,14,30,32,35,36,35,32,29,27,21,26,34,27,32,26,21,24,26,28,32,34,33,33,31,22,15,4,0,0,0,0,0,0,0,0,0,6,29,28,26,24,19,13,13,13,16,18,20,25,27,26,26,24,24,24,23,19,16,12,10,12,15,19
-71,114,14,39,35,30,23,18,13,10,13,18,24,28,31,33,33,31,28,24,19,14,9,5,6,8,11,14,3,0,0,0,0,0,0,0,0,0,2,10,8,5,4,6,9,13,17,21,24,27,29,29,28,25,21,17,12,6,3,10,18,25,32,37,40
-57,118,8,0,0,0,6,26,27,28,29,28,27,27,27,27,27,28,29,29,27,27,28,28,26,26,26,26,26,25,26,28,28,14,28,28,28,27,27,27,26,26,25,25,26,25,25,26,26,27,27,26,26,25,26,26,26,26,25,25,6,0,0,0,0
-57,163,8,0,0,0,5,24,25,27,28,26,26,27,26,26,27,29,29,29,28,28,29,28,27,27,28,27,26,26,28,28,29,13,28,28,28,27,26,26,26,25,24,24,24,24,24,25,25,26,26,25,24,24,24,24,25,24,24,24,5,0,0,0,0
-58,43,1,0,0,0,5,20,20,22,23,22,22,22,22,22,23,24,25,24,23,23,24,24,22,22,21,22,21,21,22,23,22,11,22,23,22,22,21,22,22,21,20,20,20,19,19,19,20,21,21,20,21,23,21,18,18,20,19,20,6,0,0,0,0
-58,163,8,29,29,28,27,26,26,25,24,24,24,23,23,24,25,26,25,24,24,23,22,22,21,21,21,20,5,0,0,0,0,0,0,0,0,0,3,16,17,18,19,19,20,20,21,22,23,24,25,26,25,25,26,26,25,25,25,25,26,25,27,28,29
-53,114,14,26,26,25,24,22,21,19,18,17,17,18,20,23,25,26,27,27,25,23,20,16,12,10,8,9,2,0,0,0,0,0,0,0,0,0,4,16,16,16,16,14,13,11,11,11,12,14,17,19,21,23,25,24,24,23,21,21,20,18,18,19,21
-79,114,14,26,30,30,31,32,33,30,26,22,19,17,14,13,14,18,22,25,29,32,32,29,28,27,25,24,6,0,0,0,0,0,0,0,0,0,6,25,25,26,23,22,19,17,16,15,16,19,23,25,24,25,26,27,27,24,20,17,13,12,14,14,15
-71,114,14,39,38,36,31,27,23,18,13,10,8,8,10,12,12,13,14,15,15,15,16,16,15,14,13,12,2,0,0,0,0,0,0,0,0,0,4,15,11,8,5,9,15,21,26,31,34,37,39,39,37,34,31,26,21,13,7,6,11,17,23,28,32
-89,114,14,13,17,20,24,23,19,13,12,13,15,17,18,16,14,13,11,10,10,9,7,7,6,6,7,8,2,0,0,0,0,0,0,0,0,0,5,21,18,16,14,11,8,10,13,12,11,10,8,6,6,6,6,5,5,6,6,4,1,3,5,9,14
-71,114,14,39,38,35,31,27,23,18,14,11,9,9,10,10,11,12,13,13,14,14,14,14,15,14,13,13,3,0,0,0,0,0,0,0,0,0,5,17,13,8,6,9,15,21,27,32,36,39,41,40,37,34,31,26,19,12,7,9,13,18,24,29,32
-57,118,8,0,0,0,6,26,27,29,29,29,27,27,27,28,29,30,31,30,29,29,30,30,28,28,28,28,28,28,28,29,29,14,29,29,29,28,27,27,27,26,25,26,26,24,24,25,26,26,26,26,25,25,25,26,26,26,25,25,5,0,0,0,0
-57,43,1,0,0,0,5,24,24,25,25,25,25,24,24,25,26,26,27,27,25,25,26,26,25,24,25,25,25,24,25,25,26,12,25,26,26,25,24,24,24,23,23,23,24,23,23,24,25,25,26,25,25,24,24,25,25,25,25,25,6,0,0,0,0
-53,114,14,32,32,30,28,26,23,21,19,18,18,19,22,25,26,28,29,30,29,26,24,19,16,12,11,11,3,0,0,0,0,0,0,0,0,0,2,11,12,12,13,13,13,13,14,15,16,17,19,20,21,22,22,22,21,20,20,19,19,20,21,23,25
-78,114,14,25,26,26,26,27,28,27,25,24,22,19,16,16,18,20,23,24,26,28,30,30,26,22,19,17,5,0,0,0,0,0,0,0,0,0,6,24,25,25,24,22,20,18,15,14,16,18,20,21,23,23,23,22,21,18,16,13,12,12,16,18,19
-52,114,14,41,41,38,35,32,29,25,22,22,23,26,30,33,35,37,38,37,37,34,29,23,18,14,12,12,2,0,0,0,0,0,0,0,0,0,3,13,14,15,16,16,17,18,19,21,22,24,25,27,27,27,28,27,26,25,24,25,25,26,28,31,34
-78,114,14,25,26,26,27,27,26,26,25,23,23,20,17,17,19,20,23,25,27,29,29,27,25,22,18,16,3,0,0,0,0,0,0,0,0,0,6,27,27,27,26,24,21,17,15,14,15,18,20,22,25,26,26,25,23,21,16,13,12,12,15,18,20
-73,114,14,28,20,13,7,4,8,13,17,22,26,28,29,29,29,27,25,21,17,12,8,4,1,5,9,11,2,0,0,0,0,0,0,0,0,0,7,27,27,26,26,25,24,26,27,28,28,29,29,27,23,20,16,12,10,14,20,25,30,34,38,40,41
-89,114,14,14,17,20,20,20,20,19,17,16,15,16,15,13,12,14,14,10,7,9,12,12,12,11,10,10,2,0,0,0,0,0,0,0,0,0,4,16,12,8,7,6,5,8,11,13,14,14,15,15,15,14,13,14,11,8,7,6,3,1,0,4,7
-57,118,8,0,0,0,6,25,26,28,29,27,27,27,26,26,27,29,29,29,27,27,28,27,27,26,26,26,25,25,26,27,27,13,27,27,27,26,25,26,25,24,24,24,24,23,23,24,24,25,25,25,25,25,24,23,24,24,24,24,5,0,0,0,0
-57,163,8,0,0,0,7,26,26,29,29,28,27,27,26,26,26,29,29,29,29,28,28,28,27,27,27,27,27,26,27,29,29,14,29,29,29,27,27,27,27,26,25,25,25,26,26,27,27,28,28,27,26,26,26,26,26,27,27,26,7,0,0,0,0
-57,163,8,0,0,0,6,26,27,28,28,27,27,27,27,27,28,29,29,28,27,27,28,28,27,27,27,27,27,26,27,28,28,14,28,28,28,28,27,27,27,26,26,26,26,25,25,26,27,27,27,27,26,26,25,25,26,26,25,25,6,0,0,0,0
-57,43,1,0,0,0,7,28,29,30,31,29,28,28,28,29,29,30,31,30,28,28,29,29,27,26,27,27,28,27,28,29,30,15,29,29,29,27,27,27,27,26,26,26,26,25,26,26,26,27,27,26,26,25,25,26,25,25,25,25,6,0,0,0,0
-57,43,1,0,0,0,5,26,27,29,29,27,27,27,27,26,28,28,29,29,27,27,28,27,26,26,26,26,26,25,26,28,27,13,27,28,27,26,25,25,25,24,25,24,24,24,25,25,25,26,25,25,25,24,24,24,24,24,24,23,5,0,0,0,0
-52,114,14,31,32,32,31,29,27,24,22,21,21,21,22,24,26,28,30,29,29,28,25,22,18,14,12,11,3,0,0,0,0,0,0,0,0,0,4,18,19,19,18,16,14,13,12,12,13,15,19,22,24,27,29,29,28,28,26,25,22,20,19,21,23
-79,114,14,27,29,31,33,34,32,29,25,19,17,12,7,5,8,13,19,24,26,28,30,30,29,26,24,22,5,0,0,0,0,0,0,0,0,0,7,27,27,27,25,22,17,14,13,13,14,17,22,25,26,27,27,26,25,26,24,19,16,14,14,12,12
-88,114,14,19,20,22,24,24,21,19,18,19,18,15,13,12,12,13,14,17,16,13,11,8,7,8,10,12,3,0,0,0,0,0,0,0,0,0,3,14,13,11,9,8,9,11,12,11,12,13,15,16,14,14,14,11,9,10,12,10,5,5,10,12,10
-73,114,14,37,30,24,19,15,13,15,20,25,28,29,29,29,27,25,22,17,13,13,13,15,17,19,20,21,6,0,0,0,0,0,0,0,0,0,1,7,7,5,5,7,11,15,21,25,28,30,31,30,27,24,20,13,6,3,11,19,28,35,40,45,47
-87,114,14,23,23,22,22,23,23,22,19,17,16,12,11,14,14,12,13,17,18,16,13,13,13,10,7,8,2,0,0,0,0,0,0,0,0,0,2,8,9,11,10,8,10,10,11,12,11,11,14,17,17,14,13,13,11,8,9,11,11,6,6,13,17
-57,118,8,0,0,0,6,27,27,29,29,28,28,28,28,28,29,29,30,30,30,29,30,29,28,28,28,29,29,27,28,30,30,15,30,29,29,29,29,28,28,27,27,28,27,26,27,27,27,28,28,28,28,27,27,27,27,27,27,26,6,0,0,0,0
-57,43,1,0,0,0,5,20,21,22,23,22,21,21,21,21,22,24,24,24,22,22,23,22,21,21,21,22,22,21,21,22,22,11,22,22,22,21,20,21,21,20,19,20,20,19,19,20,20,21,21,20,20,20,20,19,20,20,19,19,4,0,0,0,0
-52,114,14,32,33,31,30,28,25,22,19,18,20,22,25,28,31,33,34,34,33,30,26,21,16,12,9,10,3,0,0,0,0,0,0,0,0,0,4,18,18,16,15,15,13,12,13,14,16,19,22,25,26,27,28,27,26,24,23,22,21,20,20,24,26
-79,114,14,22,27,29,31,31,30,29,25,21,17,13,11,8,9,13,17,22,27,30,30,30,28,25,24,23,6,0,0,0,0,0,0,0,0,0,6,24,24,26,25,22,19,16,14,14,16,19,22,24,24,24,24,24,22,21,21,18,15,12,10,11,15
-70,114,14,39,33,29,23,20,19,19,22,26,29,31,32,32,29,27,23,18,13,7,3,5,8,11,15,17,5,0,0,0,0,0,0,0,0,0,4,16,13,9,7,9,13,19,25,30,31,34,35,34,31,28,23,17,10,9,13,21,27,33,38,42,45
-57,118,8,0,0,0,6,21,22,23,23,22,22,22,21,22,23,24,24,24,23,22,24,23,22,22,22,22,23,23,23,24,24,12,23,24,24,23,22,22,22,21,22,21,22,21,22,22,21,21,23,24,22,23,25,23,22,21,22,28,8,0,0,0,0
-57,43,1,0,0,0,6,26,26,28,28,27,27,26,26,26,27,28,29,29,28,28,29,28,27,27,27,27,27,26,27,29,29,14,28,28,28,27,26,27,26,25,24,24,25,24,25,25,26,26,26,25,25,25,25,25,24,26,25,24,6,0,0,0,0
-57,43,1,0,0,0,7,26,27,28,29,28,27,27,27,27,28,29,29,29,29,28,29,29,27,27,27,26,26,26,27,29,29,14,29,29,29,27,26,26,26,26,25,25,25,25,25,25,26,27,27,26,26,25,25,25,25,26,25,25,6,0,0,0,0
-53,114,14,17,17,17,16,15,14,13,12,11,11,11,12,13,14,15,16,17,16,16,14,12,10,8,7,6,2,0,0,0,0,0,0,0,0,0,2,9,9,8,8,7,7,7,7,7,8,10,12,13,14,14,15,14,14,13,12,12,10,10,10,11,12
-78,114,14,27,30,33,34,34,29,25,22,18,14,11,11,12,15,20,26,29,31,32,32,30,27,22,19,16,3,0,0,0,0,0,0,0,0,0,7,26,27,25,23,21,19,17,15,15,17,19,22,23,24,25,26,26,25,23,18,15,13,10,8,13,18
-86,114,14,22,21,17,18,19,21,23,24,25,26,27,25,20,18,17,14,12,11,11,11,12,13,13,13,13,4,0,0,0,0,0,0,0,0,0,5,20,20,18,16,17,17,15,16,15,15,18,18,16,14,14,15,16,16,17,17,17,19,19,18,18,16
-73,114,14,34,30,26,22,19,15,12,14,17,23,28,32,33,32,30,29,24,18,13,8,8,12,16,21,23,6,0,0,0,0,0,0,0,0,0,3,11,11,9,7,6,5,6,9,13,16,18,22,23,23,23,21,18,14,9,2,5,11,18,24,30,34
-85,114,14,18,17,18,20,21,20,19,18,20,24,24,21,20,21,21,19,18,17,12,8,7,8,12,12,10,2,0,0,0,0,0,0,0,0,0,6,27,27,21,15,13,14,14,13,13,12,13,15,16,16,14,11,10,11,12,15,18,17,15,14,19,23
-56,118,8,0,0,0,7,26,26,28,28,28,27,27,27,27,28,29,29,29,28,28,29,28,27,27,27,27,27,26,27,29,30,14,29,29,29,28,27,28,27,27,26,26,27,26,26,27,27,28,28,27,27,27,27,26,26,27,26,26,7,0,0,0,0
-57,43,1,0,0,0,6,24,25,26,26,26,26,25,26,25,27,28,29,28,26,26,26,26,25,25,25,25,26,24,25,26,26,13,26,26,26,26,24,25,25,24,24,24,24,24,23,25,25,26,26,25,25,25,25,24,24,25,25,23,6,0,0,0,0
-52,114,14,35,36,34,33,31,29,27,25,25,26,29,30,34,35,37,39,38,37,32,28,21,16,12,11,12,3,0,0,0,0,0,0,0,0,0,4,19,19,20,19,18,17,16,15,14,15,18,21,24,26,29,31,31,31,30,29,28,26,25,24,26,27
-79,114,14,26,27,29,31,32,31,28,25,20,16,13,11,12,14,18,22,25,29,31,30,28,26,21,17,15,3,0,0,0,0,0,0,0,0,0,6,26,26,24,24,21,19,18,15,16,18,20,21,24,24,25,26,24,23,22,19,16,13,10,10,14,19
-70,114,14,39,33,29,25,20,16,13,14,14,16,18,19,19,19,18,17,16,16,16,17,17,17,17,16,14,4,0,0,0,0,0,0,0,0,0,5,17,13,8,5,10,15,23,28,33,36,40,42,43,41,37,31,24,14,6,3,11,19,27,34,38,40
-89,114,14,18,17,15,14,14,13,10,8,8,10,11,12,13,12,13,16,14,10,7,5,7,7,6,6,6,2,0,0,0,0,0,0,0,0,0,5,19,16,17,20,19,16,15,15,12,11,13,12,8,5,5,3,4,3,1,5,8,10,9,10,13,13
-57,118,8,0,0,0,5,23,24,25,26,25,24,24,24,24,26,26,27,27,26,26,27,26,25,25,25,25,25,25,26,27,28,13,27,28,27,26,25,26,26,25,25,25,25,25,25,26,26,27,27,26,26,26,26,26,27,27,26,25,6,0,0,0,0
-57,163,8,0,0,0,6,21,22,24,24,23,23,23,22,23,24,25,26,25,24,24,25,24,23,23,23,23,23,22,23,24,24,12,24,24,24,23,22,23,23,21,21,21,22,21,21,22,22,23,23,22,22,22,22,22,22,22,22,21,6,0,0,0,0
-57,163,8,0,0,0,5,21,21,22,23,22,22,22,22,22,22,23,23,24,23,23,24,23,21,21,22,22,22,21,22,23,23,11,23,23,23,21,21,21,21,20,20,20,20,20,20,21,21,21,22,21,21,21,21,21,21,21,21,21,5,0,0,0,0
-57,43,1,0,0,0,5,21,22,23,23,22,22,22,22,22,22,24,25,25,23,22,24,23,22,22,22,22,22,21,23,24,24,12,23,24,24,23,23,22,22,21,20,22,22,22,23,23,20,19,21,24,24,23,24,20,19,24,25,23,5,0,0,0,0
-57,163,8,0,0,0,5,21,22,23,23,22,21,22,22,22,23,23,24,25,23,23,23,23,22,22,23,23,23,22,22,24,25,12,23,24,24,23,21,21,21,21,21,21,20,20,22,22,22,22,21,18,16,17,16,11,14,22,25,25,7,0,0,0,0
-57,163,8,0,0,0,6,22,23,24,24,24,23,23,23,23,24,25,25,25,25,24,25,24,23,23,23,23,24,23,23,25,25,12,24,25,25,24,23,24,24,23,22,22,23,22,23,23,24,24,24,23,23,23,23,23,23,23,23,22,6,0,0,0,0
-52,114,14,25,26,26,25,25,24,23,22,22,22,22,23,24,25,26,27,27,26,24,21,17,14,11,10,11,2,0,0,0,0,0,0,0,0,0,3,16,16,17,17,16,15,14,12,11,10,12,14,17,19,22,24,25,25,24,25,24,21,20,19,19,19
-80,114,14,35,33,30,30,32,31,27,25,22,19,17,13,13,15,19,25,28,30,30,31,31,28,24,20,17,4,0,0,0,0,0,0,0,0,0,7,27,28,26,24,18,13,10,12,17,21,24,26,27,28,28,26,24,21,20,17,13,11,12,14,18,19
-86,114,14,21,20,17,15,18,20,19,15,14,16,19,24,25,23,20,20,21,18,12,7,4,4,9,11,10,2,0,0,0,0,0,0,0,0,0,4,17,18,19,18,16,15,16,17,16,15,13,13,13,10,11,10,8,6,5,6,9,10,9,9,11,17
-72,114,14,23,17,12,9,10,14,18,22,24,27,28,29,29,27,24,20,18,14,10,6,5,7,9,12,13,4,0,0,0,0,0,0,0,0,0,4,18,17,17,17,19,19,22,24,24,22,22,22,19,15,12,10,9,13,19,25,31,36,38,40,41,41
-56,118,8,0,0,0,6,25,26,27,27,27,26,26,25,26,26,28,29,29,28,28,28,27,26,26,26,26,26,26,27,28,27,13,27,27,27,26,25,26,26,25,24,24,25,24,24,25,25,26,26,25,25,24,24,24,25,25,24,23,6,0,0,0,0
-57,43,1,0,0,0,5,23,24,25,26,25,25,25,25,25,26,27,28,28,27,26,27,27,26,26,26,26,26,25,26,28,27,13,27,28,28,26,26,26,25,25,24,24,25,24,24,25,25,26,26,25,24,24,24,24,24,24,24,23,5,0,0,0,0
-52,114,14,24,26,25,25,25,24,22,21,20,20,19,21,21,22,24,25,25,25,23,21,19,16,14,12,12,3,0,0,0,0,0,0,0,0,0,3,15,16,16,16,16,15,14,13,12,11,13,15,17,19,21,22,24,23,24,23,22,20,19,18,19,18
-73,114,14,37,30,24,16,11,7,9,15,19,25,29,31,33,32,29,28,23,18,13,10,9,11,13,15,17,3,0,0,0,0,0,0,0,0,0,2,12,13,14,15,17,18,20,22,24,25,27,28,27,25,22,18,13,9,8,14,20,26,31,37,42,43
-88,114,14,15,16,16,18,19,17,15,12,10,13,13,12,13,13,13,14,15,14,14,13,11,10,7,6,7,2,0,0,0,0,0,0,0,0,0,3,11,10,9,8,9,8,8,9,9,9,8,7,5,6,7,5,5,4,4,4,3,2,1,4,8,13
-57,118,8,0,0,0,6,26,27,28,29,28,27,27,27,27,28,30,30,29,28,28,29,28,27,27,26,27,27,26,27,28,28,14,28,29,29,27,26,27,27,26,25,26,26,25,25,26,27,28,27,27,26,25,26,26,26,26,25,25,6,0,0,0,0
-57,43,1,0,0,0,6,24,24,26,27,26,25,25,26,26,27,28,29,28,27,27,28,28,26,26,26,26,26,26,26,28,28,14,27,27,28,27,26,26,26,25,25,24,25,25,25,25,26,27,27,26,26,25,25,25,25,26,25,25,6,0,0,0,0
-52,114,14,27,27,26,25,23,22,20,19,19,19,22,23,25,27,28,29,28,27,24,21,17,13,9,8,9,2,0,0,0,0,0,0,0,0,0,3,15,15,16,16,15,13,13,13,13,13,15,17,19,20,22,23,24,23,23,23,22,21,21,20,22,23
-87,114,14,20,24,26,24,22,22,24,26,23,18,15,14,14,12,10,10,11,9,9,9,7,5,4,5,6,2,0,0,0,0,0,0,0,0,0,1,7,11,9,11,16,15,12,13,14,14,13,16,17,17,17,18,19,16,13,11,12,9,3,1,5,10
-72,114,14,38,33,29,25,22,19,20,21,24,26,28,28,28,27,25,20,15,10,5,4,8,13,15,18,20,5,0,0,0,0,0,0,0,0,0,5,21,19,17,15,14,16,21,26,30,33,36,37,36,34,30,26,19,12,7,12,19,28,35,40,45,46
-87,114,14,17,18,20,21,23,27,27,23,19,17,14,15,14,11,8,8,9,8,8,8,8,8,9,9,10,3,0,0,0,0,0,0,0,0,0,5,17,15,14,12,9,7,5,6,10,11,11,9,10,12,17,18,17,19,17,14,13,12,8,5,7,8
-57,118,8,0,0,0,7,25,26,27,27,27,26,27,26,26,27,28,29,29,27,27,28,27,26,26,26,26,25,26,26,28,27,14,27,27,27,26,26,26,26,25,24,24,25,25,24,25,25,26,27,26,25,24,24,25,24,25,24,24,6,0,0,0,0
-57,43,1,0,0,0,7,25,26,27,28,27,26,26,26,26,27,29,29,29,27,27,28,28,27,26,26,26,26,26,27,28,28,14,28,28,28,27,26,27,26,26,25,25,26,25,25,26,27,27,27,26,26,26,26,26,26,26,25,25,7,0,0,0,0
-57,43,1,0,0,0,6,24,25,26,27,26,26,26,26,26,26,28,28,28,27,26,27,27,26,26,25,25,25,25,26,27,27,13,27,27,27,26,26,26,25,25,24,24,25,24,24,25,25,26,26,25,25,25,25,25,25,25,24,24,6,0,0,0,0
-53,114,14,17,17,16,16,16,15,15,14,14,14,14,14,14,15,16,16,16,14,13,12,10,8,7,7,8,2,0,0,0,0,0,0,0,0,0,3,9,9,10,10,10,10,9,9,8,8,9,10,11,12,14,15,16,15,15,15,15,15,14,13,14,14
-80,114,14,26,29,29,29,28,28,28,25,20,16,14,12,12,13,16,22,25,27,26,25,26,25,22,17,15,3,0,0,0,0,0,0,0,0,0,7,25,25,24,22,18,14,10,8,10,14,19,22,24,27,28,26,23,20,18,17,13,9,7,11,16,17
-74,114,14,35,29,22,15,8,6,13,19,27,34,38,41,42,41,39,34,28,21,12,6,8,15,21,26,30,7,0,0,0,0,0,0,0,0,0,2,7,11,15,17,18,19,20,22,21,20,21,21,20,19,17,14,10,7,7,13,20,26,31,36,40,42
-85,114,14,25,28,27,23,23,23,23,22,22,19,15,16,19,21,21,21,21,19,18,15,12,11,10,9,8,2,0,0,0,0,0,0,0,0,0,4,16,19,20,18,12,7,8,12,11,9,12,15,14,10,9,13,14,11,8,8,9,9,7,9,14,19
-73,114,14,36,29,23,16,10,10,15,22,28,33,39,42,43,40,38,35,29,22,15,8,10,15,21,26,29,6,0,0,0,0,0,0,0,0,0,2,10,10,12,13,14,16,17,19,22,23,23,23,22,19,18,15,10,7,7,11,17,24,31,35,40,42
-57,118,8,0,0,0,6,25,26,27,28,26,26,26,26,26,27,28,29,29,28,27,28,27,26,26,26,26,26,26,26,28,27,14,27,27,27,26,26,25,25,24,23,23,25,24,25,25,25,25,26,25,24,24,24,24,24,25,24,24,6,0,0,0,0
-57,163,8,0,0,0,7,26,26,28,29,28,27,28,28,28,29,30,30,30,29,29,30,29,28,27,27,27,28,27,28,29,29,15,29,29,29,28,27,27,27,26,26,26,26,26,26,27,28,28,28,27,27,27,27,27,28,28,27,27,7,0,0,0,0
-57,43,1,0,0,0,7,27,27,29,30,28,27,27,27,28,28,29,30,29,27,27,28,28,26,26,26,27,26,26,27,28,27,13,27,29,28,27,25,25,25,25,25,25,25,25,25,26,26,27,28,27,26,26,27,27,26,27,26,26,6,0,0,0,0
-52,114,14,29,29,29,27,26,24,23,22,21,22,23,24,26,27,28,28,28,27,25,21,18,15,13,12,13,4,0,0,0,0,0,0,0,0,0,4,15,17,17,17,16,14,15,14,15,16,17,19,21,22,24,25,25,24,23,23,22,21,21,21,22,24
-79,114,14,26,27,26,27,28,25,21,18,14,10,9,10,11,13,16,19,21,23,24,23,22,21,17,14,12,2,0,0,0,0,0,0,0,0,0,8,33,34,34,32,29,24,20,15,11,13,18,22,26,30,32,33,31,30,28,25,20,13,8,7,11,15
-68,114,14,39,34,29,22,17,12,8,8,10,13,15,17,17,17,16,15,14,13,12,12,12,10,9,8,8,2,0,0,0,0,0,0,0,0,0,4,15,12,7,6,11,17,24,30,35,38,41,42,41,38,34,28,21,13,5,5,13,20,27,34,38,40
-57,118,8,0,0,0,6,25,25,27,27,26,25,26,26,26,27,28,29,28,27,26,27,27,26,26,26,26,26,25,25,26,26,13,26,26,26,25,25,25,24,24,23,24,24,23,23,24,24,25,25,24,24,24,24,24,24,25,24,23,6,0,0,0,0
-57,163,8,0,0,0,7,26,27,29,29,28,28,28,27,27,28,29,30,29,28,27,28,28,27,27,28,27,27,25,26,28,29,14,28,28,28,27,26,27,26,26,25,26,26,26,26,27,28,29,29,28,28,28,28,28,28,29,28,28,7,0,0,0,0
-57,43,1,0,0,0,6,24,24,26,26,25,25,25,25,25,26,27,28,27,26,26,27,27,26,25,25,26,26,25,26,27,28,13,27,28,28,27,26,26,26,25,25,25,26,25,25,26,27,28,28,27,27,27,27,27,28,28,27,27,6,0,0,0,0
-54,114,14,26,26,25,23,22,21,19,18,17,17,17,18,20,21,22,23,23,22,21,19,16,14,11,9,10,2,0,0,0,0,0,0,0,0,0,3,13,15,16,17,17,17,18,18,18,18,17,18,19,19,20,20,21,21,21,22,22,22,22,22,23,24
-80,114,14,23,24,23,22,23,23,23,24,23,20,17,16,14,13,14,17,19,22,26,29,29,27,23,22,21,5,0,0,0,0,0,0,0,0,0,5,25,24,21,20,17,12,8,7,9,14,20,25,28,30,30,29,26,23,19,16,13,10,9,11,15,20
-87,114,14,17,19,15,13,20,22,20,23,27,27,23,20,18,16,13,9,7,7,6,8,11,13,14,15,14,3,0,0,0,0,0,0,0,0,0,4,17,15,16,17,17,14,14,13,12,13,14,15,13,14,16,17,15,12,11,10,10,9,8,8,7,9
-71,114,14,36,29,22,15,8,5,9,15,20,24,27,30,30,30,28,25,22,19,13,8,4,3,4,8,10,3,0,0,0,0,0,0,0,0,0,3,12,10,8,9,14,19,24,28,32,32,33,32,30,25,19,11,4,7,15,24,32,38,41,44,47,49
-59,118,8,0,0,0,5,20,21,22,23,22,22,22,22,22,23,24,25,25,24,24,25,25,25,25,25,25,25,25,26,28,28,14,29,29,29,28,27,28,28,27,27,27,28,27,28,29,29,30,30,29,29,29,29,29,30,30,30,29,7,0,0,0,0
-57,163,8,0,0,0,5,20,22,22,22,21,21,21,21,21,21,21,22,22,21,21,21,21,20,20,21,21,20,19,20,21,22,11,22,22,22,22,21,22,21,21,21,21,22,21,22,22,22,23,23,23,23,23,23,22,22,23,22,22,6,0,0,0,0
-58,43,1,0,0,0,5,25,25,26,26,26,25,25,24,25,26,27,28,27,26,26,27,26,25,25,25,26,26,26,26,27,28,13,27,29,27,26,25,26,26,25,24,26,26,25,25,25,26,27,26,25,25,25,25,26,25,25,25,24,5,0,0,0,0
-58,114,14,17,11,8,7,9,14,18,21,24,27,28,29,28,26,24,21,18,13,9,7,8,10,12,14,17,4,0,0,0,0,0,0,0,0,0,4,16,19,23,26,28,28,30,30,28,25,22,17,12,7,1,5,10,15,21,26,29,32,32,32,31,31
-57,114,14,24,19,14,13,16,20,24,29,33,36,37,37,36,34,31,28,23,19,15,12,11,12,14,17,19,4,0,0,0,0,0,0,0,0,0,4,19,23,28,31,34,35,36,36,34,30,25,19,13,7,4,8,16,22,29,34,38,41,41,42,41,40
-81,114,14,21,22,23,23,22,21,19,17,14,10,5,7,11,15,20,25,29,30,30,29,26,23,17,13,9,2,0,0,0,0,0,0,0,0,0,8,31,32,32,28,23,19,16,13,11,12,15,20,22,23,24,24,23,22,20,17,12,6,1,5,11,14
-76,114,14,37,31,23,16,10,7,9,14,18,23,26,29,30,29,27,24,21,17,15,16,17,18,20,22,21,5,0,0,0,0,0,0,0,0,0,0,2,4,6,8,9,12,15,18,19,20,21,22,22,20,19,16,12,6,2,7,14,22,27,32,37,40
-87,114,14,10,8,7,11,18,22,24,26,29,29,27,25,25,22,16,10,7,4,1,4,8,9,12,14,13,2,0,0,0,0,0,0,0,0,0,5,21,18,16,12,8,9,9,9,8,7,9,12,12,11,9,10,13,15,13,14,15,16,17,17,14,11
-58,118,8,0,0,0,4,17,18,19,19,19,17,18,18,18,18,19,19,19,18,18,19,18,18,18,18,18,18,18,19,20,21,10,20,21,21,20,19,20,20,19,19,19,20,19,19,20,20,20,21,22,20,17,14,18,21,17,12,9,2,0,0,0,0
-58,43,1,0,0,0,5,20,21,21,22,21,21,21,21,21,22,24,25,25,24,24,25,24,23,24,25,25,25,25,26,27,27,13,27,28,28,27,27,28,28,27,26,27,27,27,27,29,29,30,30,29,29,29,30,29,30,30,29,29,8,0,0,0,0
-59,114,14,17,17,17,19,21,23,26,27,28,29,29,26,25,23,20,19,16,14,14,14,15,15,17,18,19,4,0,0,0,0,0,0,0,0,0,4,17,19,22,25,26,27,27,25,23,20,16,13,10,10,12,16,19,23,26,29,31,31,31,28,27,26
-79,114,14,27,27,26,27,27,25,22,19,17,13,12,14,18,23,29,33,36,35,34,34,29,21,14,9,3,1,0,0,0,0,0,0,0,0,0,8,31,31,31,29,24,20,13,7,5,10,16,21,25,26,28,29,27,23,18,14,7,1,7,11,16,22
-74,114,14,32,31,30,28,27,23,22,21,19,17,14,10,7,4,3,8,13,18,22,25,26,27,25,23,23,6,0,0,0,0,0,0,0,0,0,5,20,19,16,15,17,20,24,29,34,37,40,42,41,38,36,33,27,19,14,11,10,13,18,21,24,26
-87,114,14,6,7,10,11,14,16,17,18,20,20,21,21,18,15,13,11,9,5,2,2,1,3,6,7,6,1,0,0,0,0,0,0,0,0,0,2,12,14,12,10,10,8,8,8,10,8,10,13,13,12,15,16,14,13,11,9,6,6,9,9,8,8
-74,114,14,31,30,28,26,25,24,22,20,19,18,16,13,11,8,3,5,11,17,21,23,25,26,25,23,22,6,0,0,0,0,0,0,0,0,0,4,19,17,15,14,16,20,24,28,33,36,39,41,41,38,35,32,26,20,14,12,14,17,19,23,28,31
-58,118,8,0,0,0,4,19,19,20,21,20,19,19,20,21,21,22,23,23,22,22,22,22,21,21,21,21,22,22,22,24,24,12,25,25,25,24,23,24,24,23,23,24,24,24,24,25,26,26,26,26,25,25,26,26,26,27,26,25,6,0,0,0,0
-58,43,1,0,0,0,6,21,22,23,23,22,21,21,21,21,21,22,23,22,21,21,22,21,20,20,20,20,20,19,21,22,21,11,21,21,22,21,21,21,21,20,20,20,21,21,20,21,21,22,22,21,21,20,20,21,21,21,21,21,6,0,0,0,0
-53,114,14,25,25,23,20,20,19,17,18,19,21,23,25,27,27,29,29,28,26,24,20,17,14,10,9,9,3,0,0,0,0,0,0,0,0,0,4,13,14,15,17,17,18,19,20,21,20,19,19,19,20,20,20,21,21,21,23,24,26,26,26,26,27
-73,114,14,30,25,20,15,12,13,19,25,31,37,41,44,44,41,36,31,24,17,10,3,7,13,17,20,22,6,0,0,0,0,0,0,0,0,0,1,7,8,9,11,13,15,16,16,16,16,15,14,12,10,7,4,2,6,12,17,21,25,29,33,37,39
-58,118,8,0,0,0,7,26,26,29,28,27,26,26,25,25,26,28,28,27,26,26,27,26,25,25,25,25,25,25,26,26,27,13,26,27,27,25,25,25,25,25,24,24,24,24,23,25,25,25,25,25,23,23,24,24,25,25,23,23,6,0,0,0,0
-58,163,8,0,0,0,6,25,26,27,28,26,26,26,25,26,26,27,28,27,26,26,27,27,26,26,25,26,26,25,26,28,28,13,27,28,28,27,26,26,26,25,24,24,25,24,24,25,25,26,26,25,24,24,24,24,24,24,24,23,5,0,0,0,0
-58,163,8,0,0,0,6,25,26,27,27,26,25,25,25,25,26,27,28,28,27,27,28,27,26,26,26,26,26,26,27,28,28,14,28,28,28,27,26,27,26,25,24,24,25,24,24,25,26,26,26,25,24,24,24,23,23,24,23,23,5,0,0,0,0
-59,43,1,0,0,0,5,22,23,24,25,24,23,23,23,24,25,26,26,26,25,25,26,26,25,25,25,25,25,25,26,27,28,13,28,28,28,27,26,27,27,26,25,25,25,25,25,26,26,27,27,26,26,25,25,25,26,26,25,24,6,0,0,0,0
-53,114,14,28,29,29,28,28,28,26,26,25,25,26,26,26,27,29,29,29,29,26,22,19,17,13,12,12,3,0,0,0,0,0,0,0,0,0,5,19,20,21,21,21,20,21,20,20,19,20,22,24,25,27,29,30,30,30,30,29,28,25,24,24,25
-78,114,14,25,28,30,31,31,31,29,26,21,17,14,8,3,7,12,18,21,24,26,25,24,23,22,19,17,5,0,0,0,0,0,0,0,0,0,8,32,35,35,33,28,23,17,12,8,9,15,19,24,27,29,30,30,29,26,23,20,15,9,6,7,10
-69,114,14,43,38,33,28,23,20,18,19,20,21,21,22,21,18,17,15,15,15,16,17,17,16,15,14,13,3,0,0,0,0,0,0,0,0,0,4,12,9,4,3,8,15,22,28,34,37,40,42,41,38,34,30,24,17,11,13,19,26,32,38,42,44
-86,114,14,13,15,16,16,19,22,21,18,17,17,16,14,12,11,13,13,13,13,11,10,11,9,8,9,10,3,0,0,0,0,0,0,0,0,0,4,16,14,13,13,15,13,12,12,12,12,12,13,15,15,14,14,11,9,8,7,5,5,6,3,7,6
-69,114,14,38,34,30,26,22,19,18,17,18,20,20,19,18,17,15,14,15,15,16,16,16,16,15,14,13,3,0,0,0,0,0,0,0,0,0,2,10,7,3,2,7,13,19,24,27,31,34,36,35,32,30,26,21,15,11,12,16,23,28,33,38,40
-58,118,8,0,0,0,6,21,21,23,24,23,22,22,22,22,23,24,25,25,24,24,25,25,23,23,24,24,24,24,24,26,26,13,26,26,26,26,25,25,25,24,24,25,24,24,24,25,25,26,27,26,26,25,25,25,26,26,25,25,7,0,0,0,0
-63,163,8,0,0,0,5,17,18,19,19,19,19,19,19,19,19,20,21,22,22,21,22,22,22,22,22,22,22,22,22,24,24,12,23,24,24,22,22,22,21,21,20,21,21,21,20,21,21,23,22,21,21,22,22,22,23,23,23,23,6,0,0,0,0
-59,43,1,0,0,0,4,15,16,17,17,16,16,17,17,17,17,18,18,18,17,17,17,17,17,17,17,17,17,17,17,18,18,9,18,18,18,18,18,18,18,17,17,17,17,16,16,17,17,18,18,18,17,17,17,16,18,19,20,18,5,0,0,0,0
-60,163,8,30,30,29,27,27,27,27,27,28,26,24,24,25,26,27,27,26,25,24,23,22,22,23,22,22,5,0,0,0,0,0,0,0,0,0,3,15,15,17,18,18,17,17,19,20,20,22,23,24,24,24,24,25,24,24,25,25,26,26,28,29,29
-54,114,14,31,31,29,27,25,23,22,21,22,24,26,28,31,32,32,33,33,31,28,24,19,14,11,9,12,3,0,0,0,0,0,0,0,0,0,4,16,16,17,17,17,17,18,19,19,20,21,22,23,24,25,26,26,26,25,26,26,25,25,25,27,29
-80,114,14,25,26,25,25,25,23,20,20,16,11,8,5,2,5,8,13,18,22,24,22,21,21,17,15,15,4,0,0,0,0,0,0,0,0,0,8,33,32,31,29,25,20,14,9,5,6,13,20,26,30,31,31,30,29,27,23,17,12,5,2,9,14
-87,114,14,17,21,20,16,18,21,19,20,20,18,19,18,14,12,13,9,6,9,12,12,12,12,11,11,13,4,0,0,0,0,0,0,0,0,0,3,14,16,18,18,19,22,21,21,20,18,17,15,14,13,14,15,12,7,6,9,10,7,5,3,1,5
-74,114,14,29,23,17,13,10,8,9,12,15,18,20,21,22,22,21,19,16,13,10,8,5,3,2,5,5,2,0,0,0,0,0,0,0,0,0,3,12,11,10,12,16,21,25,29,31,32,32,30,27,22,17,12,8,11,17,24,29,34,37,39,41,40
-88,114,14,12,15,16,16,17,21,21,20,19,17,14,13,13,11,10,9,7,9,12,12,12,10,10,12,14,4,0,0,0,0,0,0,0,0,0,4,14,14,15,17,19,19,20,19,19,18,19,17,14,14,15,11,7,6,5,7,7,6,6,7,9,12
-58,118,8,0,0,0,5,22,22,24,24,23,23,23,23,24,24,25,26,26,25,24,25,25,24,24,24,24,24,23,24,25,25,12,25,25,25,24,23,23,23,22,21,21,22,21,21,22,22,22,22,21,21,20,21,21,21,21,21,21,5,0,0,0,0
-58,118,8,0,0,0,6,24,26,27,28,26,26,26,26,26,27,29,29,29,27,27,29,29,27,27,27,27,28,27,27,29,29,14,28,29,28,27,27,27,26,26,25,24,24,24,24,25,25,26,26,25,24,24,24,25,25,25,25,24,6,0,0,0,0
-58,43,1,0,0,0,5,23,24,25,26,25,25,25,24,24,25,27,27,27,25,25,27,26,25,25,25,25,25,25,26,27,26,13,27,28,27,26,25,26,25,25,24,25,25,24,23,24,25,26,25,24,24,24,25,25,25,25,24,23,5,0,0,0,0
-80,114,14,13,14,14,13,15,21,24,27,28,24,19,9,7,6,8,13,14,18,25,28,28,29,26,19,16,3,0,0,0,0,0,0,0,0,0,8,33,34,36,34,31,29,23,16,11,8,13,21,24,21,26,31,31,27,24,22,18,8,3,2,5,8
-54,114,14,33,31,30,27,25,21,20,20,22,24,27,30,32,34,35,36,34,32,29,24,18,14,10,9,11,2,0,0,0,0,0,0,0,0,0,3,13,14,15,16,16,17,18,19,21,21,21,22,22,22,23,24,23,23,22,23,25,27,26,28,31,33
-80,114,14,12,13,16,19,21,23,26,27,26,22,17,12,6,1,7,12,18,23,28,30,31,28,22,17,16,3,0,0,0,0,0,0,0,0,0,8,35,37,37,35,32,29,25,18,11,8,13,19,24,28,30,31,31,29,25,23,21,17,11,8,8,10
-73,114,14,40,34,29,24,20,17,16,18,21,24,27,28,29,29,26,24,20,16,12,10,8,9,11,13,15,4,0,0,0,0,0,0,0,0,0,2,9,7,7,9,10,13,18,23,27,29,31,32,31,29,25,21,15,7,5,11,19,26,32,38,43,43
-87,114,14,16,20,21,22,23,24,25,25,24,23,21,19,19,18,14,12,13,14,13,12,12,12,11,11,14,4,0,0,0,0,0,0,0,0,0,4,14,14,14,15,15,13,13,14,16,16,14,12,12,15,16,16,14,10,8,7,7,7,6,6,10,16
-58,118,8,0,0,0,5,21,23,24,25,24,23,24,23,23,24,26,26,25,24,24,24,24,23,23,23,23,22,22,24,24,24,12,24,24,25,24,23,24,24,22,21,21,22,22,21,22,23,23,23,22,22,22,21,21,21,22,21,21,5,0,0,0,0
-59,163,8,0,0,0,7,25,26,27,28,26,26,26,26,26,26,28,29,29,28,28,30,30,28,28,28,28,28,28,30,30,31,15,31,31,31,30,30,30,29,28,28,28,28,27,27,28,29,30,30,29,28,28,28,28,29,29,28,28,7,0,0,0,0
-59,43,1,0,0,0,7,27,27,29,29,28,26,26,26,26,26,28,28,28,27,26,27,27,26,26,26,25,26,25,26,28,29,15,29,29,29,28,26,27,27,26,25,25,26,25,25,26,26,28,27,26,26,27,27,27,27,28,27,27,7,0,0,0,0
-90,114,14,3,6,8,10,11,11,13,17,19,14,8,6,7,7,4,1,6,8,8,7,9,13,14,13,12,3,0,0,0,0,0,0,0,0,0,1,4,4,7,8,7,7,7,7,5,3,2,3,5,5,6,7,10,14,16,15,15,17,17,14,9,7
-55,114,14,22,21,18,16,16,16,16,17,20,22,24,26,28,27,28,26,25,22,18,15,11,8,7,9,11,2,0,0,0,0,0,0,0,0,0,2,9,10,12,13,15,15,15,16,17,15,15,16,15,15,15,16,17,18,18,20,21,22,22,23,23,24
-78,114,14,30,32,33,35,34,33,30,27,22,18,14,9,9,12,18,25,29,32,34,33,32,28,23,19,14,3,0,0,0,0,0,0,0,0,0,6,25,26,26,23,19,15,10,5,5,9,17,23,26,26,28,29,28,26,24,20,15,10,10,12,16,22
-87,114,14,28,32,27,23,25,22,18,14,15,15,14,12,12,11,12,13,13,10,10,8,4,0,4,7,9,2,0,0,0,0,0,0,0,0,0,1,2,4,5,8,9,10,12,15,16,15,14,15,15,13,13,13,13,9,7,8,7,6,9,13,16,16
-72,114,14,33,33,33,34,34,32,30,26,23,20,17,16,16,15,14,12,10,8,6,6,8,10,11,12,13,4,0,0,0,0,0,0,0,0,0,4,14,13,12,12,14,17,22,26,29,30,31,32,31,30,28,25,21,19,16,16,18,20,22,24,27,30
-59,118,8,0,0,0,4,19,20,21,22,21,21,21,21,22,22,24,25,25,24,24,25,25,24,24,25,25,25,24,25,27,27,13,27,27,27,26,26,26,25,24,24,24,25,24,24,25,25,26,26,26,25,25,26,26,26,26,26,25,6,0,0,0,0
-58,163,8,0,0,0,5,23,24,25,26,26,25,25,25,25,26,27,27,28,27,26,28,27,25,26,26,26,26,26,27,28,29,13,29,29,29,28,27,27,27,26,26,27,27,26,26,27,28,29,29,29,27,27,28,28,29,29,28,28,7,0,0,0,0
-58,43,1,0,0,0,7,25,26,27,28,27,27,27,26,26,27,29,29,29,28,27,28,28,27,27,27,28,27,26,28,29,29,14,30,30,29,28,27,28,27,26,26,27,27,26,27,27,28,28,29,28,28,28,28,28,28,29,28,28,7,0,0,0,0
-54,114,14,30,28,26,23,21,19,19,21,22,26,29,31,33,34,34,33,32,28,25,20,15,10,7,10,13,4,0,0,0,0,0,0,0,0,0,4,14,14,15,16,16,17,18,19,20,20,20,21,21,22,22,22,22,22,23,23,24,25,25,27,29,31
-79,114,14,23,25,25,26,24,22,21,20,18,15,13,8,3,3,8,11,14,18,20,20,21,20,17,16,16,4,0,0,0,0,0,0,0,0,0,8,31,30,30,28,24,20,14,6,2,9,16,22,26,30,32,32,30,29,26,23,18,13,7,2,10,16
-72,114,14,25,18,12,5,4,10,17,24,29,34,38,39,39,36,32,29,24,18,12,5,2,7,11,15,17,4,0,0,0,0,0,0,0,0,0,5,16,17,18,19,20,20,22,22,20,17,15,12,9,7,4,6,10,14,19,24,29,31,33,36,37,37
-84,114,14,26,27,29,30,29,28,24,24,25,25,21,16,14,11,8,11,12,9,11,11,11,12,11,9,9,2,0,0,0,0,0,0,0,0,0,3,15,14,8,7,8,15,23,25,24,21,20,21,23,23,24,24,20,16,15,12,7,6,7,9,13,17
-57,118,8,0,0,0,4,21,21,22,23,22,21,22,21,23,23,24,25,25,24,23,24,25,23,24,23,23,24,23,24,25,25,12,25,26,26,25,24,24,24,24,23,23,24,24,23,25,25,26,25,25,25,24,25,25,25,25,25,24,5,0,0,0,0
-57,163,8,0,0,0,5,21,22,24,24,23,22,23,23,23,23,24,25,25,24,24,24,24,23,23,23,23,24,23,24,25,25,12,25,25,25,24,24,24,24,23,23,23,23,23,23,24,25,25,25,25,24,24,24,24,24,25,25,24,6,0,0,0,0
-57,163,8,0,0,0,4,20,21,22,22,22,22,21,21,21,22,23,24,24,22,22,22,22,21,21,21,22,22,21,22,23,23,12,23,23,23,22,21,22,22,21,21,21,21,21,22,22,22,25,24,25,25,22,19,21,20,22,25,24,5,0,0,0,0
-57,43,1,0,0,0,5,21,22,24,24,23,22,22,21,22,23,24,24,24,22,22,23,23,22,22,21,21,21,21,22,23,24,12,24,24,24,23,22,23,23,21,21,21,21,21,21,22,22,22,22,22,22,21,21,21,21,22,21,21,5,0,0,0,0
-54,114,14,19,18,17,16,14,13,12,13,14,15,17,19,20,21,21,21,20,18,15,12,9,7,5,5,7,2,0,0,0,0,0,0,0,0,0,2,8,9,9,9,9,10,12,13,13,13,14,14,14,14,14,14,14,14,14,14,15,15,16,17,18,19
-81,114,14,21,23,24,24,23,22,18,14,12,10,7,7,11,14,17,20,23,25,25,23,20,17,16,14,13,4,0,0,0,0,0,0,0,0,0,9,34,34,34,32,28,24,17,9,3,5,11,18,25,28,30,32,31,29,26,22,18,10,3,4,9,12
-69,114,14,35,31,28,26,25,23,22,23,23,22,22,21,20,18,16,16,16,16,16,17,17,16,15,14,14,4,0,0,0,0,0,0,0,0,0,3,10,8,5,7,13,19,24,32,35,36,37,37,36,32,29,26,22,20,19,22,26,30,33,36,39,40
-85,114,14,27,32,25,24,28,30,30,26,21,20,18,14,11,10,11,12,10,7,11,11,9,8,6,7,7,1,0,0,0,0,0,0,0,0,0,2,13,15,14,14,15,14,14,15,14,13,15,16,15,12,12,16,17,14,11,10,8,4,4,7,13,20
-57,118,8,0,0,0,6,23,23,24,25,24,24,24,24,24,24,25,26,27,26,26,27,26,25,25,25,26,25,25,26,28,28,14,28,28,28,27,26,27,27,26,26,27,27,26,26,27,27,28,28,28,27,27,27,27,28,28,28,27,6,0,0,0,0
-57,163,8,0,0,0,5,23,23,24,24,23,23,23,23,23,25,25,26,25,24,24,25,24,23,23,23,23,23,23,24,26,25,12,26,26,26,25,24,24,24,24,23,23,24,24,24,25,26,27,27,26,26,25,25,26,26,27,26,26,6,0,0,0,0
-57,163,8,0,0,0,5,23,23,24,25,24,24,24,23,23,23,25,25,25,25,25,25,25,23,23,24,24,24,22,25,26,26,12,25,26,26,24,24,25,25,24,23,23,24,24,25,26,26,26,27,27,27,26,27,26,26,27,27,28,7,0,0,0,0
-58,43,1,0,0,0,5,24,24,25,25,24,24,24,24,23,24,25,26,25,24,24,25,24,24,24,24,24,24,24,25,25,26,12,26,26,26,26,24,25,25,24,24,24,25,24,24,25,26,26,26,26,26,26,26,26,27,27,27,26,7,0,0,0,0
-54,114,14,25,23,20,17,15,14,13,15,18,21,24,27,28,29,29,28,27,24,21,16,12,7,3,6,8,3,0,0,0,0,0,0,0,0,0,2,9,11,11,13,14,14,16,18,19,18,18,18,18,16,17,17,17,16,17,19,21,23,24,25,26,28
-81,114,14,29,30,29,32,31,25,18,15,14,10,5,7,10,11,19,26,28,30,29,24,19,17,12,8,6,1,0,0,0,0,0,0,0,0,0,8,34,33,31,29,26,18,9,2,5,14,16,22,28,25,25,29,30,29,27,24,18,15,10,9,16,16
-75,114,14,37,34,29,24,21,17,13,12,15,19,24,27,28,28,28,27,25,21,17,13,9,7,7,10,13,3,0,0,0,0,0,0,0,0,0,2,8,9,12,15,18,20,22,25,27,28,29,28,25,24,21,18,13,10,10,14,20,25,31,35,38,39
-85,114,14,21,25,28,29,28,27,27,30,31,30,31,28,24,21,19,16,13,10,7,6,6,6,8,10,11,2,0,0,0,0,0,0,0,0,0,6,23,24,22,19,16,15,16,17,17,17,17,18,18,17,20,21,19,18,17,14,14,15,14,13,14,14
-75,114,14,36,32,27,21,17,14,12,12,15,19,22,26,27,29,29,28,24,19,14,11,8,5,5,9,11,2,0,0,0,0,0,0,0,0,0,1,6,10,14,15,18,22,25,27,27,27,27,26,25,22,21,18,14,10,12,17,21,27,31,34,37,40
-57,118,8,0,0,0,5,22,22,24,24,23,23,23,23,23,24,25,25,24,23,23,24,24,22,22,22,22,22,22,23,23,23,11,23,24,24,23,23,23,22,22,22,22,23,22,22,23,23,24,25,24,24,24,24,24,25,25,24,24,6,0,0,0,0
-57,43,1,0,0,0,6,23,23,24,24,24,24,24,24,24,24,25,26,25,24,24,26,25,24,24,24,25,25,23,24,27,26,13,26,27,27,26,26,26,26,25,25,24,25,25,25,26,27,28,28,27,26,26,26,27,27,27,27,27,7,0,0,0,0
-57,163,8,29,28,27,26,26,26,25,24,24,25,24,24,26,26,27,27,26,26,25,25,24,23,24,23,23,6,0,0,0,0,0,0,0,0,0,4,15,16,17,18,18,18,19,19,20,21,22,23,23,22,22,23,23,23,23,23,23,24,24,26,27,27
-54,114,14,25,24,21,19,18,17,16,17,18,21,24,26,27,28,28,28,26,24,21,17,13,9,6,6,8,2,0,0,0,0,0,0,0,0,0,4,14,14,15,15,15,15,15,16,17,16,16,18,17,18,19,19,19,20,20,21,22,23,24,24,25,26
-79,114,14,22,26,28,29,27,25,25,22,19,13,8,5,6,9,13,17,21,24,24,24,23,21,17,13,13,3,0,0,0,0,0,0,0,0,0,8,33,33,33,30,25,20,15,9,2,8,14,20,24,25,26,27,27,25,22,19,14,9,3,4,11,17
-72,114,14,31,25,21,17,15,15,17,21,25,28,30,30,29,27,23,20,16,10,5,2,4,7,10,12,13,4,0,0,0,0,0,0,0,0,0,1,1,1,2,3,6,10,14,17,20,23,24,24,23,20,17,15,11,10,12,17,23,28,32,35,39,40
-86,114,14,19,19,20,22,20,20,20,19,18,16,16,16,16,17,16,12,9,7,6,6,5,7,8,10,10,3,0,0,0,0,0,0,0,0,0,3,15,20,24,20,17,18,17,15,14,14,14,16,16,14,13,13,13,14,13,11,10,10,9,7,8,11
-57,118,8,0,0,0,6,21,22,23,24,23,22,22,22,23,24,25,25,24,23,23,24,24,23,23,22,22,23,22,23,24,24,12,24,24,25,24,23,23,23,23,22,23,23,22,22,23,23,24,25,25,24,24,24,24,25,25,24,24,6,0,0,0,0
-57,43,1,0,0,0,5,21,22,24,24,22,22,23,21,22,23,23,24,23,22,22,23,23,21,22,21,21,21,21,22,24,23,12,23,24,24,23,23,23,23,22,21,21,22,22,22,23,23,23,24,23,23,22,22,22,22,22,21,21,5,0,0,0,0
-57,43,1,0,0,0,5,20,21,21,22,21,21,21,20,20,21,22,22,22,21,21,22,22,20,20,20,20,21,21,21,22,21,10,22,23,23,22,21,22,21,21,21,21,21,20,20,21,22,22,22,21,21,20,20,21,22,21,20,20,4,0,0,0,0
-91,114,14,11,11,9,7,6,5,2,6,6,2,6,7,8,9,12,12,12,13,12,10,9,6,2,2,5,2,0,0,0,0,0,0,0,0,0,0,1,2,3,4,5,7,8,8,9,8,6,8,10,10,10,10,9,10,10,9,7,3,5,9,12,12
-53,114,14,36,34,30,27,24,21,20,21,25,29,33,37,39,40,41,41,40,36,31,25,19,13,7,7,11,3,0,0,0,0,0,0,0,0,0,4,15,16,18,20,20,22,24,25,26,26,26,26,26,25,26,26,26,27,28,30,32,33,33,34,37,38
-81,114,14,26,27,28,29,27,26,24,21,18,12,7,4,5,10,18,24,28,32,35,33,29,26,24,23,22,6,0,0,0,0,0,0,0,0,0,8,35,34,32,28,23,19,13,6,6,13,20,25,28,29,30,31,31,25,22,17,9,3,6,11,16,19
-88,114,14,18,19,22,22,22,22,24,25,24,21,19,19,19,17,17,16,12,8,6,3,4,5,5,6,7,2,0,0,0,0,0,0,0,0,0,2,5,6,8,6,5,6,8,11,13,13,14,16,17,15,12,12,13,11,9,9,6,4,4,4,7,10
-72,114,14,37,36,35,34,32,30,27,24,21,18,15,14,13,11,10,8,7,6,7,8,10,12,13,14,14,3,0,0,0,0,0,0,0,0,0,5,18,17,16,17,18,22,26,29,32,34,35,36,33,30,27,24,21,18,15,13,14,17,19,21,25,28
-57,118,8,0,0,0,7,27,28,29,29,28,28,28,27,27,28,29,29,28,27,27,28,27,26,26,26,26,26,26,27,28,29,14,28,28,28,27,26,26,27,26,26,26,27,26,26,27,28,28,28,27,27,27,28,28,29,29,28,27,7,0,0,0,0
-57,118,8,0,0,0,5,21,21,22,22,21,21,21,21,21,21,22,22,22,21,20,21,21,20,20,20,20,20,20,20,21,21,10,21,21,21,21,21,20,20,19,20,19,19,20,19,20,21,21,21,21,20,21,21,21,21,21,21,21,5,0,0,0,0
-57,163,8,0,0,0,6,26,26,28,28,27,26,26,25,26,27,28,29,28,27,26,28,28,26,26,26,25,25,26,26,27,27,13,27,27,27,26,25,26,26,25,24,24,25,24,24,24,25,26,26,25,24,24,24,24,25,24,25,25,6,0,0,0,0
-56,163,8,0,0,0,7,27,27,29,29,28,28,28,27,27,28,29,30,29,28,28,29,28,27,27,27,27,27,26,27,28,29,14,28,29,28,28,27,27,27,27,26,27,27,26,26,26,27,27,27,27,26,26,26,26,26,27,26,25,7,0,0,0,0
-57,43,1,0,0,0,6,24,24,25,27,26,25,24,24,25,26,27,27,26,25,25,25,25,24,24,24,24,24,23,25,26,26,12,25,25,25,24,24,24,24,23,23,23,24,22,23,23,24,25,24,24,23,23,24,24,23,24,23,23,6,0,0,0,0
-91,114,14,15,14,11,6,5,5,6,7,5,4,6,7,8,8,8,7,8,9,8,7,6,5,5,4,2,0,0,0,0,0,0,0,0,0,0,1,3,3,4,4,7,8,7,5,6,5,5,5,8,9,10,10,9,6,4,3,1,3,6,7,10,12
-54,114,14,19,17,15,14,13,13,15,16,18,21,23,25,25,25,26,25,24,22,19,15,11,9,8,9,10,2,0,0,0,0,0,0,0,0,0,3,10,11,13,14,16,17,18,19,19,18,16,15,14,13,12,12,14,15,17,20,22,23,23,23,24,24
-79,114,14,17,20,21,22,24,29,28,22,18,13,9,5,2,5,10,15,17,20,21,22,21,19,16,14,14,3,0,0,0,0,0,0,0,0,0,8,32,32,32,29,26,22,15,10,6,8,13,19,22,24,25,26,27,26,24,22,17,13,8,5,5,8
-74,114,14,34,30,24,19,15,14,15,18,21,26,29,32,33,34,34,33,31,28,24,20,17,15,15,15,16,4,0,0,0,0,0,0,0,0,0,3,13,15,17,20,22,25,28,29,27,24,21,18,15,9,2,4,9,14,20,26,32,35,36,38,42,43
-86,114,14,17,20,23,24,26,25,23,20,18,17,16,15,13,12,12,14,14,15,14,13,11,8,9,11,10,3,0,0,0,0,0,0,0,0,0,2,8,10,9,5,6,6,8,9,9,12,16,18,18,17,19,21,20,18,17,14,10,7,5,5,8,11
-57,118,8,0,0,0,6,25,26,27,28,27,26,26,26,26,27,28,29,28,26,26,27,27,25,25,25,25,25,24,25,26,26,13,26,26,26,25,24,25,24,24,23,23,24,23,23,24,24,25,24,24,23,23,23,23,23,24,23,23,5,0,0,0,0
-56,163,8,0,0,0,6,27,27,27,28,27,27,26,26,26,27,29,29,29,27,26,27,26,26,26,25,25,25,25,26,27,27,13,28,28,27,26,26,26,26,26,26,26,26,24,25,26,26,27,27,27,27,26,27,26,27,27,27,26,5,0,0,0,0
-56,163,8,0,0,0,6,21,21,22,23,22,21,21,22,22,22,23,24,23,22,22,23,23,22,21,21,21,21,21,22,23,24,12,23,24,24,23,22,23,22,22,22,22,22,21,21,22,24,24,23,23,22,22,23,23,23,24,23,23,6,0,0,0,0
-56,163,8,0,0,0,7,25,25,27,27,26,25,25,25,25,26,27,28,27,26,26,27,27,25,25,25,25,25,25,25,27,27,14,27,27,27,26,26,26,26,25,25,25,25,25,25,26,26,27,27,27,26,26,26,27,27,27,27,26,7,0,0,0,0
-56,43,1,0,0,0,5,24,25,26,26,25,25,25,25,25,25,26,27,26,25,25,26,26,24,24,24,24,24,23,24,26,26,13,26,26,25,24,24,24,24,24,23,23,23,24,24,25,25,25,25,26,26,25,25,25,26,26,26,25,6,0,0,0,0
-52,114,14,30,29,26,23,21,19,16,16,17,19,22,24,26,27,28,29,28,26,23,19,15,11,8,7,9,3,0,0,0,0,0,0,0,0,0,2,12,12,13,13,14,15,17,19,20,21,22,23,23,23,22,22,21,20,19,20,20,22,22,24,26,28
-80,114,14,19,21,23,25,25,25,24,22,21,19,14,6,1,2,9,15,19,23,26,26,25,23,21,18,17,4,0,0,0,0,0,0,0,0,0,9,38,40,40,38,34,30,25,17,8,3,9,17,22,27,29,29,30,30,28,26,22,17,9,1,5,8
-70,114,14,31,25,21,18,18,20,23,25,27,28,27,25,22,19,15,11,11,12,13,15,17,17,18,17,17,4,0,0,0,0,0,0,0,0,0,3,10,7,3,4,10,17,25,31,36,37,39,39,36,32,28,23,17,14,15,21,28,33,38,41,43,44
-70,114,14,32,26,22,18,18,17,19,21,22,24,24,21,20,17,14,12,10,11,12,13,15,16,16,16,15,4,0,0,0,0,0,0,0,0,0,4,13,10,5,3,8,15,22,28,34,37,39,39,37,33,28,24,18,13,13,18,23,29,34,38,41,42
-56,118,8,0,0,0,5,22,22,24,24,23,23,22,22,23,23,24,25,25,23,23,23,23,21,21,20,21,21,20,20,22,21,10,21,22,21,20,19,21,21,20,19,19,19,19,19,20,21,21,21,20,20,20,20,20,20,21,20,20,5,0,0,0,0
-56,163,8,0,0,0,7,27,29,30,30,29,29,28,28,28,29,30,31,30,29,28,29,29,27,27,27,27,27,27,27,29,29,14,28,28,28,28,27,27,27,26,26,27,27,26,25,26,27,27,28,26,26,26,26,26,26,27,26,25,7,0,0,0,0
-56,163,8,0,0,0,7,26,27,29,29,28,27,28,28,28,28,30,30,29,28,28,29,28,26,26,26,26,26,26,26,27,28,14,27,27,27,25,25,26,26,25,28,30,27,24,25,25,26,26,26,26,26,26,27,26,26,26,26,26,7,0,0,0,0
-57,43,1,0,0,0,6,25,26,27,27,26,26,26,25,25,27,28,28,28,26,26,26,26,25,25,24,25,25,24,25,26,26,12,26,26,26,25,25,24,24,24,23,23,24,23,24,24,25,26,26,25,25,25,25,25,25,26,25,25,6,0,0,0,0
-52,114,14,23,23,21,20,20,19,18,19,19,20,21,22,24,24,25,25,24,22,21,17,14,11,9,9,9,2,0,0,0,0,0,0,0,0,0,2,12,13,15,16,17,17,18,18,17,17,16,17,17,18,18,20,21,21,21,23,24,24,23,23,24,24
-80,114,14,18,18,19,19,20,20,18,19,19,17,15,12,5,2,7,14,18,21,22,24,24,21,17,13,12,2,0,0,0,0,0,0,0,0,0,9,36,39,39,35,29,26,22,16,7,1,9,17,25,28,29,29,29,28,25,21,16,12,5,4,10,14
-73,114,14,35,32,28,23,17,10,2,4,10,17,23,26,27,28,26,23,20,16,11,5,1,4,8,12,15,5,0,0,0,0,0,0,0,0,0,3,14,12,12,14,14,17,22,25,28,31,34,34,34,31,29,25,20,14,8,4,9,16,21,27,32,35
-57,118,8,0,0,0,4,20,21,22,22,22,21,22,21,21,21,23,23,23,22,22,24,23,22,21,21,22,21,21,21,23,24,11,22,23,22,22,21,21,21,21,21,20,21,20,21,22,22,23,22,22,22,22,22,22,22,23,22,22,5,0,0,0,0
-57,118,8,0,0,0,6,21,22,23,23,22,22,22,22,22,23,25,25,25,23,23,24,24,22,23,23,23,23,23,23,24,23,12,24,24,24,23,22,22,22,22,22,22,21,21,21,22,23,23,24,23,23,23,23,23,24,24,24,24,6,0,0,0,0
-56,43,1,0,0,0,6,22,23,24,25,25,24,24,24,24,25,26,27,27,25,25,26,26,25,25,25,24,24,24,25,26,26,12,26,26,26,25,24,25,25,25,23,23,25,24,25,26,26,26,27,27,26,26,27,27,27,27,27,27,7,0,0,0,0
-53,114,14,26,24,21,19,17,16,16,18,19,22,24,27,28,29,29,29,27,25,22,18,14,10,8,8,9,2,0,0,0,0,0,0,0,0,0,2,11,13,14,15,17,17,19,20,20,19,18,18,18,17,17,18,18,20,20,23,24,25,25,25,27,28
-78,114,14,20,21,22,23,23,22,21,18,12,8,5,3,7,9,12,15,17,18,19,19,20,21,17,13,12,3,0,0,0,0,0,0,0,0,0,10,40,40,38,34,33,31,24,15,5,3,10,20,27,29,29,32,34,32,29,27,23,16,8,1,10,15
-52,114,14,31,30,26,24,22,20,19,20,22,25,27,29,32,33,34,34,34,31,29,24,20,16,11,10,10,3,0,0,0,0,0,0,0,0,0,3,13,14,16,18,20,21,22,23,24,23,23,23,22,22,21,22,22,23,24,26,27,28,29,30,31,33
-77,114,14,18,21,20,20,20,19,16,14,11,7,5,5,5,8,11,13,13,15,16,17,16,17,15,14,14,4,0,0,0,0,0,0,0,0,0,8,33,34,34,33,30,25,20,14,7,1,7,14,20,24,28,29,30,30,30,27,25,19,12,8,6,19
-72,114,14,37,32,26,20,16,13,16,20,26,31,34,36,36,34,32,27,22,17,13,9,9,12,14,16,19,5,0,0,0,0,0,0,0,0,0,4,12,9,4,2,5,9,13,18,21,24,26,28,26,25,23,21,17,11,7,9,14,22,29,35,40,42
-84,114,14,30,30,28,26,25,25,24,23,23,22,20,18,19,20,19,18,16,12,8,4,2,3,7,10,9,3,0,0,0,0,0,0,0,0,0,4,10,6,7,9,12,16,20,25,27,26,29,31,31,31,29,25,23,21,16,11,7,7,14,16,17,20
-56,118,8,0,0,0,6,22,23,24,25,25,24,24,24,24,25,26,27,27,25,25,26,26,25,25,24,25,25,24,25,27,27,13,26,26,26,26,26,25,25,25,25,25,25,25,25,26,26,27,28,27,26,26,27,27,27,28,28,27,7,0,0,0,0
-57,163,8,0,0,0,5,24,25,27,27,26,25,26,25,25,26,27,28,27,25,25,27,27,25,25,25,25,25,24,25,26,26,12,26,26,26,25,25,25,24,23,23,24,24,23,23,25,25,25,25,25,24,25,25,25,25,26,26,25,6,0,0,0,0
-57,43,1,0,0,0,6,23,24,25,25,24,23,24,23,23,24,26,25,25,24,24,24,24,23,22,23,23,23,23,23,24,23,11,23,24,23,22,22,22,22,21,21,21,21,21,21,22,22,23,23,22,21,21,22,22,23,23,22,22,5,0,0,0,0
-54,114,14,31,30,27,24,22,19,18,19,20,22,26,28,30,31,31,32,31,28,25,21,16,13,9,9,11,2,0,0,0,0,0,0,0,0,0,2,11,13,15,16,17,19,20,22,23,23,23,23,23,23,23,23,23,22,23,24,25,27,27,28,31,32
-79,114,14,21,24,21,21,20,18,15,12,10,7,4,4,7,10,14,16,19,21,21,20,18,16,12,12,12,3,0,0,0,0,0,0,0,0,0,8,36,38,39,39,36,31,26,18,10,4,6,13,20,24,30,33,33,31,32,31,25,19,15,10,6,5
-86,114,14,19,24,23,18,15,13,9,5,3,4,5,9,10,12,11,11,13,10,7,6,3,1,5,6,4,1,0,0,0,0,0,0,0,0,0,1,2,4,6,9,12,14,17,18,19,19,18,16,14,11,9,13,16,15,13,11,11,12,13,15,16,19
-70,114,14,41,40,38,36,33,29,24,20,15,10,7,6,8,10,12,13,14,14,14,14,13,12,11,9,8,2,0,0,0,0,0,0,0,0,0,4,13,10,9,10,13,16,21,26,30,32,35,35,36,35,32,29,24,18,13,7,7,11,16,23,29,33
-56,118,8,0,0,0,6,25,25,26,27,26,26,26,25,26,27,28,28,28,27,27,28,28,26,26,26,26,27,26,28,28,28,14,29,30,30,29,28,28,27,27,27,27,28,27,27,28,29,30,30,29,29,28,29,29,30,30,30,29,8,0,0,0,0
-56,163,8,0,0,0,6,23,24,25,25,25,24,24,24,24,26,26,27,26,25,25,26,26,25,25,25,25,25,25,26,27,27,13,27,27,27,27,26,27,26,25,25,26,27,26,26,26,27,28,28,28,28,27,28,28,29,29,29,28,7,0,0,0,0
-56,43,1,0,0,0,5,22,23,25,25,24,23,24,24,24,26,27,27,26,26,26,26,26,25,25,24,25,26,25,26,27,27,13,27,27,27,26,26,26,26,26,24,25,26,25,25,27,27,28,28,27,27,27,27,28,28,28,28,27,6,0,0,0,0
-54,114,14,20,19,17,16,17,18,19,21,23,25,27,27,28,27,26,25,23,20,17,14,11,9,10,11,13,3,0,0,0,0,0,0,0,0,0,2,11,12,15,16,18,18,19,19,18,17,15,14,14,13,15,16,18,19,21,24,25,27,26,26,26,25
-82,114,14,22,21,21,21,19,20,20,20,19,16,12,7,5,6,9,12,16,20,24,26,24,22,20,18,16,4,0,0,0,0,0,0,0,0,0,10,41,42,42,42,37,28,21,14,3,6,15,23,30,34,36,37,37,34,28,21,16,9,2,5,12,17
-53,114,14,26,25,23,23,22,23,25,26,28,30,32,32,33,33,32,32,29,27,24,20,16,13,12,13,15,3,0,0,0,0,0,0,0,0,0,4,15,17,20,21,22,23,23,23,22,20,18,17,17,18,19,22,24,26,28,31,33,33,32,31,31,31
-81,114,14,17,18,17,19,19,20,17,15,13,13,11,7,11,8,14,23,20,21,20,20,19,16,14,11,11,3,0,0,0,0,0,0,0,0,0,9,38,39,39,36,31,25,18,11,3,4,13,21,25,28,30,31,30,28,24,20,14,9,5,4,8,11
-71,114,14,32,25,18,12,7,7,11,16,21,27,29,32,33,32,31,29,26,22,17,11,5,4,5,9,12,4,0,0,0,0,0,0,0,0,0,4,15,16,18,21,22,24,25,26,25,23,20,18,14,8,6,7,10,15,22,27,32,36,38,41,43,44
-84,114,14,24,27,25,24,24,21,20,18,18,22,23,24,25,22,21,22,20,17,16,13,8,5,6,8,8,2,0,0,0,0,0,0,0,0,0,3,14,10,11,11,12,13,16,17,18,18,20,20,19,18,19,18,17,14,12,8,4,5,9,9,12,14
-57,118,8,0,0,0,6,22,24,25,25,25,25,25,24,24,25,26,27,26,26,25,27,27,25,25,25,25,25,25,26,27,27,14,27,27,27,26,26,26,26,25,25,25,25,25,25,26,26,27,27,27,27,26,27,27,27,28,28,27,7,0,0,0,0
-56,163,8,0,0,0,5,22,23,24,25,24,23,23,23,23,24,25,26,25,24,24,25,25,23,24,23,23,24,23,24,25,25,13,25,26,25,25,24,25,25,23,23,23,24,24,23,25,25,26,26,26,25,25,26,25,25,26,26,26,6,0,0,0,0
-57,43,1,0,0,0,5,21,22,23,24,23,23,23,22,22,23,24,25,24,23,23,24,24,23,23,23,23,23,22,23,24,25,12,24,24,25,24,23,24,24,23,22,23,23,23,23,23,24,25,25,25,24,24,24,24,24,25,25,25,6,0,0,0,0
-90,114,14,10,9,10,10,8,7,5,6,9,6,5,5,5,7,8,8,8,9,10,10,6,3,2,2,2,1,0,0,0,0,0,0,0,0,0,1,4,3,3,3,4,5,7,6,7,9,9,9,10,12,12,11,12,12,10,9,5,2,3,5,9,13
-53,114,14,19,17,13,10,9,8,9,11,14,17,19,20,21,22,21,20,19,17,13,10,7,4,4,6,8,3,0,0,0,0,0,0,0,0,0,1,5,7,8,9,10,12,14,15,17,17,16,16,14,13,12,11,11,11,12,13,16,18,19,20,21,21
-81,114,14,27,28,25,21,18,15,13,12,10,9,8,10,11,13,16,18,19,22,22,21,21,19,15,13,11,2,0,0,0,0,0,0,0,0,0,8,33,35,36,36,33,29,24,17,7,3,11,16,19,22,27,30,29,26,24,20,16,12,5,6,11,15
-89,114,14,17,23,20,17,17,16,14,13,12,9,9,10,11,13,15,15,13,11,8,5,4,3,2,1,2,0,0,0,0,0,0,0,0,0,0,7,24,18,13,14,11,10,15,19,21,21,23,23,19,15,15,17,16,15,15,15,15,10,1,4,7,10
-70,114,14,28,25,22,21,20,20,21,23,23,24,23,21,20,17,15,12,11,11,10,10,11,12,12,12,12,3,0,0,0,0,0,0,0,0,0,3,9,7,5,7,10,14,18,23,26,27,29,29,27,24,21,19,16,14,14,18,23,27,30,33,35,35
-57,118,8,0,0,0,6,25,25,27,28,26,25,25,26,26,26,27,28,27,26,26,27,27,25,25,25,25,25,25,25,26,26,13,26,26,26,25,24,24,24,23,23,24,23,23,23,24,25,25,25,25,24,24,24,25,25,25,25,25,5,0,0,0,0
-57,163,8,0,0,0,5,22,23,25,25,24,23,23,23,23,24,25,25,25,24,23,23,24,22,22,22,22,21,21,21,23,23,12,23,23,23,22,21,22,22,21,21,21,21,21,21,22,22,23,23,22,22,22,23,23,23,23,22,22,5,0,0,0,0
-56,163,8,0,0,0,5,23,23,25,26,24,24,23,23,24,24,25,26,25,24,24,25,24,23,23,23,23,23,22,23,24,24,12,24,24,24,23,22,23,23,22,21,21,22,21,22,22,23,24,24,24,23,23,23,23,23,24,24,23,5,0,0,0,0
-56,163,8,0,0,0,6,25,25,26,27,26,25,25,24,25,25,26,26,26,25,25,26,26,24,24,24,23,23,23,24,25,25,12,25,25,25,24,24,24,24,24,22,23,23,22,23,23,24,25,25,25,24,25,24,24,25,25,25,24,6,0,0,0,0
-56,43,1,0,0,0,5,22,23,25,25,24,23,23,23,24,25,25,26,25,25,24,25,25,23,23,24,24,24,23,24,24,25,12,25,25,25,24,23,24,24,23,22,22,23,23,22,24,24,25,25,25,25,24,24,25,25,25,25,24,6,0,0,0,0
-90,114,14,12,11,12,13,13,8,4,4,9,6,3,4,7,9,10,9,11,11,8,5,3,3,2,6,6,2,0,0,0,0,0,0,0,0,0,1,5,3,3,3,3,4,4,4,5,7,6,7,7,10,12,11,9,11,8,3,2,2,2,8,9,8
-54,114,14,14,14,12,12,10,10,10,10,11,12,13,14,15,16,17,16,15,14,12,10,7,5,4,4,5,1,0,0,0,0,0,0,0,0,0,2,7,7,8,9,10,11,11,12,12,11,11,11,12,11,10,10,11,11,12,12,13,14,14,15,16,16
-81,114,14,25,23,21,19,19,16,15,14,11,8,7,6,7,9,11,14,16,17,18,20,20,18,16,15,16,5,0,0,0,0,0,0,0,0,0,9,37,39,39,36,33,28,22,13,5,6,14,21,27,31,33,34,34,30,27,23,16,10,2,5,9,15
-52,114,14,32,31,28,25,24,22,22,23,25,28,31,33,35,35,36,35,33,30,27,22,17,13,10,11,13,3,0,0,0,0,0,0,0,0,0,4,16,17,20,21,23,24,26,27,27,26,26,25,25,24,23,24,25,25,26,28,30,31,31,32,34,35
-80,114,14,24,22,20,17,17,18,17,16,15,12,9,7,7,10,15,17,22,26,27,26,24,21,20,16,14,4,0,0,0,0,0,0,0,0,0,8,38,41,40,38,31,24,19,10,3,8,18,26,32,35,36,35,32,30,29,23,14,5,3,9,15,20
-72,114,14,40,38,34,29,23,17,10,6,8,14,19,22,24,24,24,22,20,15,11,6,1,3,6,9,11,3,0,0,0,0,0,0,0,0,0,5,19,17,15,13,12,11,14,18,21,24,27,31,33,32,30,27,22,16,10,3,6,14,20,27,32,36
-85,114,14,16,20,23,22,22,23,22,19,18,19,17,13,11,10,12,14,15,11,8,5,4,5,4,4,5,1,0,0,0,0,0,0,0,0,0,1,5,6,5,3,4,9,11,14,16,17,18,20,20,17,20,24,23,20,17,14,17,16,14,9,3,2
-57,118,8,0,0,0,5,24,25,25,26,25,25,25,24,25,25,26,27,27,25,25,27,26,25,25,25,26,26,25,26,27,27,13,27,28,28,26,25,26,26,26,25,26,26,26,26,27,28,29,29,29,28,28,29,29,30,30,30,29,7,0,0,0,0
-57,43,1,0,0,0,5,19,19,21,22,21,21,21,21,21,22,23,24,23,22,22,23,23,23,22,22,22,23,21,23,24,24,12,24,24,25,23,23,23,23,23,22,22,23,22,22,23,24,25,25,24,24,24,24,24,25,25,25,24,6,0,0,0,0
-55,114,14,15,14,13,12,12,12,12,13,13,16,17,17,18,19,19,19,18,17,14,12,9,6,5,6,8,2,0,0,0,0,0,0,0,0,0,2,11,12,13,13,13,12,12,12,10,10,10,10,11,12,13,14,15,15,16,17,17,17,17,16,16,16
-80,114,14,31,30,26,23,21,17,15,12,9,8,7,7,7,10,14,16,19,23,25,24,23,22,19,18,19,5,0,0,0,0,0,0,0,0,0,10,38,38,38,34,29,22,15,9,10,15,22,30,33,35,37,37,35,30,24,19,13,10,10,15,21,26
-85,114,14,24,25,27,29,28,27,26,26,25,24,26,28,26,24,25,22,18,18,16,15,13,8,6,6,6,1,0,0,0,0,0,0,0,0,0,2,8,11,13,13,9,8,11,13,15,16,19,22,24,24,23,24,23,22,22,20,16,13,12,9,8,13
-73,114,14,38,33,28,22,18,14,14,17,22,28,33,35,36,37,35,32,28,22,15,10,6,8,11,15,18,5,0,0,0,0,0,0,0,0,0,3,10,9,6,5,6,10,13,19,22,24,26,27,27,25,24,20,14,8,3,7,15,22,28,34,38,41
-58,118,8,0,0,0,6,23,24,26,27,25,25,25,25,26,26,28,29,29,28,27,28,27,26,26,26,26,26,25,26,28,28,14,28,28,28,26,26,26,26,25,25,25,25,24,24,25,26,26,26,25,25,25,26,25,26,26,26,26,6,0,0,0,0
-57,163,8,0,0,0,5,23,24,26,26,26,25,25,26,26,27,28,29,29,28,28,29,29,27,27,26,27,27,26,27,29,30,14,29,30,29,27,27,27,27,26,26,26,26,26,27,28,28,29,28,27,27,27,28,28,27,29,28,28,7,0,0,0,0
-57,163,8,0,0,0,5,22,23,25,25,24,24,24,25,25,26,27,27,27,26,26,27,27,26,25,25,25,26,25,26,27,28,13,27,27,27,27,26,26,26,25,26,27,27,25,25,26,27,28,28,27,27,27,27,28,28,28,28,27,6,0,0,0,0
-57,43,1,0,0,0,5,24,26,26,27,26,26,26,26,25,26,28,29,28,27,27,28,28,26,27,26,26,26,25,27,28,28,13,27,27,28,27,27,27,26,25,24,24,25,24,25,26,26,26,27,26,26,25,25,25,26,27,26,25,5,0,0,0,0
-54,114,14,18,18,17,17,16,16,16,16,17,17,17,17,18,17,18,18,18,16,15,13,11,9,9,9,9,3,0,0,0,0,0,0,0,0,0,3,12,12,14,14,14,14,14,14,13,13,13,13,14,15,16,17,18,18,18,18,18,19,17,17,17,17
-81,114,14,23,21,21,23,24,24,24,21,16,13,11,8,6,7,11,16,21,24,25,24,21,20,21,21,20,4,0,0,0,0,0,0,0,0,0,8,31,34,36,35,31,28,23,16,8,5,9,15,18,24,27,28,28,26,25,22,20,14,10,6,1,5
-54,114,14,17,16,16,14,14,14,14,14,14,14,15,16,17,17,16,16,16,15,13,11,10,9,7,7,8,2,0,0,0,0,0,0,0,0,0,2,10,10,11,12,12,12,12,12,12,12,12,12,13,14,15,16,17,16,16,16,16,16,16,15,15,15
-82,114,14,16,19,21,23,23,22,21,19,15,11,8,5,5,7,11,16,19,20,24,25,26,25,23,19,20,5,0,0,0,0,0,0,0,0,0,8,31,32,34,34,31,28,24,16,8,6,12,19,22,22,25,27,27,25,21,20,19,14,8,2,3,5
-70,114,14,37,36,34,32,29,26,20,15,11,8,5,5,7,8,8,8,9,10,9,9,8,7,6,5,4,1,0,0,0,0,0,0,0,0,0,5,16,13,12,13,16,21,26,32,36,38,39,40,38,35,32,28,23,18,13,10,13,16,21,25,29,31
-88,114,14,20,20,22,23,22,17,12,8,10,10,10,12,15,14,15,17,17,13,11,9,5,3,4,5,5,2,0,0,0,0,0,0,0,0,0,2,9,7,6,11,15,16,17,18,19,19,17,14,11,11,12,10,8,8,8,7,6,3,1,5,9,11
-57,118,8,0,0,0,7,26,26,28,28,27,27,26,27,27,27,29,29,29,28,27,29,28,26,26,26,26,26,25,26,27,27,14,27,27,26,26,25,26,26,25,24,24,24,23,24,25,25,26,26,25,25,25,25,25,25,25,25,25,6,0,0,0,0
-58,43,1,0,0,0,6,22,23,23,24,23,22,22,22,23,23,24,25,25,23,22,24,24,22,21,22,22,22,22,22,23,24,11,23,24,24,23,22,22,22,21,21,21,22,21,22,23,24,24,24,24,24,24,24,24,24,25,25,24,6,0,0,0,0
-58,163,8,25,25,25,24,24,24,23,25,27,26,23,22,22,24,25,26,25,23,23,23,23,23,23,22,21,5,0,0,0,0,0,0,0,0,0,3,16,17,17,17,17,18,18,18,19,21,22,22,22,21,21,22,22,22,22,23,22,23,23,24,25,25
-53,114,14,27,26,25,25,26,27,29,31,34,36,37,37,38,37,35,33,30,27,22,18,15,14,15,19,22,5,0,0,0,0,0,0,0,0,0,3,17,19,21,24,24,24,25,25,22,21,19,19,18,19,22,25,27,29,32,34,36,36,34,33,33,32
-79,114,14,30,25,21,19,15,11,8,11,12,14,15,15,16,17,19,23,24,25,25,23,20,16,13,8,5,1,0,0,0,0,0,0,0,0,0,9,38,39,39,36,31,25,17,8,5,12,20,28,34,37,38,37,35,29,24,20,13,7,8,16,21,25
-86,114,14,23,23,22,22,21,18,16,14,13,12,11,13,16,18,18,18,16,10,7,6,7,6,5,4,7,2,0,0,0,0,0,0,0,0,0,3,12,10,9,9,7,8,12,14,17,18,18,18,17,18,19,20,18,14,11,9,6,2,6,10,14,17
-72,114,14,23,15,10,7,5,7,11,14,20,26,29,31,30,28,27,24,22,20,17,12,7,5,8,12,15,4,0,0,0,0,0,0,0,0,0,3,13,14,16,20,24,26,27,27,26,24,23,20,15,9,3,4,11,17,24,29,34,38,39,40,43,42
-89,114,14,26,25,23,21,20,19,15,14,15,14,15,16,15,13,13,14,13,12,13,11,8,2,1,5,5,2,0,0,0,0,0,0,0,0,0,4,14,12,10,10,7,6,7,9,13,16,17,19,20,21,20,16,13,8,7,5,2,5,6,9,13,18
-58,118,8,0,0,0,7,25,26,28,28,28,27,27,28,28,29,30,32,31,30,29,30,30,29,29,28,29,29,29,29,31,30,15,30,30,30,29,28,28,28,26,26,27,28,26,26,26,27,29,28,28,28,28,28,28,28,28,28,28,7,0,0,0,0
-58,43,1,0,0,0,5,24,24,26,26,26,25,25,26,26,26,28,29,28,27,26,27,27,25,25,25,25,25,25,26,27,27,13,25,26,26,25,24,25,25,24,24,24,24,23,23,24,24,25,25,24,24,24,24,25,25,26,25,24,6,0,0,0,0
-54,114,14,20,19,18,16,17,18,19,21,23,25,26,27,27,26,25,23,21,18,15,12,10,9,11,14,16,5,0,0,0,0,0,0,0,0,0,4,13,15,16,17,17,17,17,17,16,15,15,15,15,15,17,18,19,20,22,24,25,25,25,24,24,25
-79,114,14,24,26,24,24,24,23,21,18,13,10,6,2,5,9,13,18,23,26,25,23,22,19,17,15,16,4,0,0,0,0,0,0,0,0,0,10,40,40,39,35,31,25,17,11,7,11,19,25,32,36,36,36,34,31,27,21,15,11,5,2,8,12
-70,114,14,36,31,26,23,21,20,19,20,21,22,23,23,23,22,20,20,18,18,17,17,15,14,13,12,12,3,0,0,0,0,0,0,0,0,0,3,11,9,6,5,8,13,19,25,29,31,33,35,34,31,29,26,22,18,16,17,21,25,30,33,37,38
-87,114,14,23,27,27,26,23,22,22,23,21,18,15,12,10,10,11,9,8,10,11,8,5,6,8,9,8,2,0,0,0,0,0,0,0,0,0,4,15,13,13,11,13,17,18,18,16,16,20,22,20,18,18,16,16,16,15,14,10,7,4,2,9,17
-58,118,8,0,0,0,5,21,21,23,23,22,21,21,22,22,22,24,24,24,23,22,23,23,21,21,21,21,21,21,22,23,24,12,22,23,23,21,21,21,21,21,20,21,21,21,20,22,20,21,22,23,24,24,21,18,21,22,18,14,2,0,0,0,0
-58,163,8,0,0,0,6,24,25,26,26,25,24,24,24,24,25,26,27,26,25,25,26,25,24,24,23,23,24,23,24,25,25,12,25,25,25,24,23,24,23,23,22,23,23,22,22,23,24,24,24,24,23,23,23,23,23,24,23,24,5,0,0,0,0
-58,163,8,0,0,0,6,22,23,24,24,23,22,22,22,22,23,24,25,24,23,22,23,23,22,22,22,21,21,21,22,23,22,11,23,23,23,22,22,22,22,22,23,26,24,21,21,22,22,23,23,22,22,22,22,22,22,22,22,21,6,0,0,0,0
-58,163,8,0,0,0,6,24,25,26,26,25,25,25,24,24,25,27,27,26,24,24,25,25,24,24,24,23,23,23,24,25,25,12,24,25,25,22,19,21,23,23,22,23,24,22,22,23,24,25,25,24,24,24,24,24,25,25,24,23,5,0,0,0,0
-58,43,1,0,0,0,7,24,25,26,27,26,24,24,24,25,26,26,27,27,25,24,26,24,24,24,23,23,23,22,22,24,24,12,23,24,24,23,21,21,21,21,21,21,21,21,21,21,21,22,22,22,21,22,21,22,22,22,22,21,5,0,0,0,0
-55,114,14,20,18,15,14,13,13,13,14,14,16,18,20,21,21,20,20,19,17,14,11,8,6,5,8,10,3,0,0,0,0,0,0,0,0,0,3,10,10,11,12,13,13,13,14,14,14,14,15,15,15,15,15,15,16,16,17,17,18,18,18,19,19
-79,114,14,21,20,20,20,19,17,15,13,11,9,9,10,10,12,14,15,18,20,20,17,17,17,16,13,10,2,0,0,0,0,0,0,0,0,0,8,34,35,34,32,28,21,14,7,3,9,17,23,28,31,33,33,29,26,25,20,12,5,1,7,12,15
-85,114,14,23,26,28,30,30,27,24,19,17,14,12,8,9,11,12,14,15,14,11,8,7,4,2,2,3,0,0,0,0,0,0,0,0,0,0,6,25,18,11,8,4,4,6,9,11,16,19,21,22,20,20,24,22,18,19,20,17,15,10,3,5,10
-73,114,14,42,42,39,36,31,26,21,16,15,16,18,21,24,24,24,22,20,17,13,8,6,7,8,11,13,3,0,0,0,0,0,0,0,0,0,3,14,12,10,8,5,5,9,15,20,25,29,32,34,34,34,31,27,23,18,15,13,16,21,26,31,35
-59,118,8,0,0,0,7,26,27,29,29,28,27,28,28,28,28,29,29,29,29,27,29,27,26,26,27,26,26,26,27,28,28,14,28,28,28,26,26,26,26,25,24,24,24,24,25,25,25,26,27,26,26,26,26,26,26,27,26,26,7,0,0,0,0
-59,43,1,0,0,0,6,23,24,25,26,25,25,25,25,25,25,27,28,28,27,27,27,27,26,26,26,26,25,25,26,27,28,13,28,28,28,26,26,26,25,25,24,24,25,25,25,26,26,27,27,26,26,27,27,26,27,28,28,28,7,0,0,0,0
-53,114,14,25,25,23,23,24,25,26,28,31,32,33,34,33,32,31,29,27,24,20,16,14,14,15,18,20,5,0,0,0,0,0,0,0,0,0,5,16,18,20,21,21,21,21,21,20,18,18,19,19,20,22,23,26,27,28,31,32,32,31,29,29,29
-53,114,14,21,20,18,18,18,18,19,20,22,24,26,27,27,26,26,25,24,21,18,14,11,10,9,10,12,2,0,0,0,0,0,0,0,0,0,2,11,12,14,15,17,17,18,18,17,16,15,15,15,15,16,17,18,19,21,22,24,25,24,24,25,25
-80,114,14,17,19,19,18,18,17,14,13,11,10,10,8,4,7,12,16,19,23,25,23,19,17,17,13,9,3,0,0,0,0,0,0,0,0,0,9,37,40,41,38,34,27,20,10,4,8,17,25,30,34,37,40,38,34,30,26,21,13,5,2,6,10
-72,114,14,43,37,31,25,18,13,9,13,18,25,29,33,35,34,33,28,23,18,12,5,1,6,11,15,17,4,0,0,0,0,0,0,0,0,0,2,8,7,5,2,4,7,11,15,19,22,26,28,29,28,26,23,17,11,3,5,15,24,30,37,43,47
-87,114,14,24,27,26,26,25,21,19,19,15,13,13,13,13,13,13,13,13,14,15,13,10,5,2,1,2,1,0,0,0,0,0,0,0,0,0,6,23,16,12,9,12,12,11,14,15,16,18,18,18,19,19,19,18,16,13,12,11,10,9,9,11,15
-58,118,8,0,0,0,6,22,23,25,26,25,25,26,25,26,27,29,30,30,29,28,29,29,27,27,27,27,27,27,27,29,29,14,28,28,28,27,27,27,27,27,26,27,27,26,27,28,28,29,30,29,29,29,29,29,30,31,30,30,7,0,0,0,0
-59,163,8,0,0,0,5,24,25,26,26,26,25,25,26,26,26,27,28,27,26,26,27,26,25,24,25,25,24,23,24,25,24,12,25,25,25,23,22,23,23,23,22,22,24,23,24,24,24,25,25,25,25,25,25,26,26,26,26,26,6,0,0,0,0
-59,43,1,0,0,0,6,21,22,24,24,24,24,24,24,24,24,26,26,26,25,25,25,25,24,23,24,24,23,22,23,24,24,12,24,24,24,23,22,23,23,22,22,23,23,23,23,24,24,25,24,24,24,24,24,25,24,24,24,25,7,0,0,0,0
-53,114,14,18,17,15,14,12,11,9,8,9,11,12,13,14,16,16,17,17,17,15,13,11,9,7,4,2,1,0,0,0,0,0,0,0,0,0,2,10,10,10,10,11,11,11,12,12,11,12,12,13,13,14,14,14,14,14,15,15,15,15,16,16,17
-81,114,14,13,14,15,17,16,15,15,13,10,9,6,5,5,6,8,14,20,24,26,26,24,23,22,18,13,2,0,0,0,0,0,0,0,0,0,9,38,39,39,37,33,27,21,17,14,15,19,24,26,28,30,31,30,28,28,27,22,15,10,7,3,4
-69,114,14,37,36,34,31,27,21,16,11,5,4,6,10,12,12,12,13,13,13,12,10,9,8,7,6,5,2,0,0,0,0,0,0,0,0,0,2,13,13,13,15,18,23,27,32,35,36,38,38,35,32,28,24,19,14,9,8,12,15,19,24,28,31
-58,118,8,0,0,0,5,22,23,25,25,24,23,23,23,23,24,25,26,26,25,25,26,25,24,24,24,24,24,24,25,26,26,13,26,26,26,25,24,25,25,24,24,24,24,23,24,24,25,25,25,24,24,24,25,25,25,25,24,24,5,0,0,0,0
-58,43,1,0,0,0,5,23,24,25,25,25,24,25,25,25,26,27,28,28,27,27,28,28,27,26,26,26,27,26,27,29,28,13,28,28,28,27,27,27,27,26,26,26,26,26,26,27,27,28,28,28,28,28,28,28,28,29,28,28,7,0,0,0,0
-58,43,1,0,0,0,4,19,20,21,22,22,21,21,22,23,24,25,25,24,24,24,25,25,24,23,23,23,24,23,24,25,26,13,25,25,25,23,23,24,23,22,19,19,22,23,23,24,23,24,25,25,24,23,24,23,24,24,24,25,5,0,0,0,0
-52,114,14,32,32,30,30,30,29,29,29,30,30,31,32,32,31,31,30,28,25,22,20,17,16,16,18,20,5,0,0,0,0,0,0,0,0,0,3,17,17,18,19,19,19,20,22,22,23,25,26,27,28,29,29,29,29,29,29,29,28,28,27,28,29
-79,114,14,21,20,19,20,20,18,19,18,16,13,10,6,3,2,7,11,13,18,22,21,19,18,19,17,14,3,0,0,0,0,0,0,0,0,0,8,35,37,38,38,34,30,25,18,12,8,13,20,26,30,34,35,34,31,29,27,21,15,8,0,7,11
-73,114,14,35,28,22,17,10,3,3,10,17,21,24,26,27,28,28,27,23,20,16,10,6,4,3,6,10,3,0,0,0,0,0,0,0,0,0,4,17,15,14,15,19,22,25,29,30,30,29,29,26,22,16,11,10,11,15,21,28,32,35,39,42,43
-86,114,14,28,28,26,20,19,22,24,24,26,26,25,26,25,21,19,19,16,10,6,2,0,3,7,10,12,2,0,0,0,0,0,0,0,0,0,4,14,14,15,14,14,13,14,16,19,22,19,17,16,17,18,18,19,18,16,16,16,16,17,20,24,22
-60,118,8,0,0,0,6,24,25,26,26,25,24,24,24,24,25,26,27,27,26,25,26,26,24,24,25,25,25,25,25,27,27,14,27,27,27,26,25,26,26,25,25,25,25,24,24,25,26,27,26,26,26,26,26,27,27,27,27,26,7,0,0,0,0
-60,118,8,0,0,0,5,20,21,22,22,21,21,21,20,21,21,22,23,23,22,23,24,23,23,22,21,21,22,21,22,23,24,11,23,23,23,22,21,21,21,21,21,21,21,21,21,22,22,23,22,22,22,22,23,23,23,23,23,23,5,0,0,0,0
-59,163,8,0,0,0,5,24,24,26,26,26,25,26,25,25,27,27,28,28,27,26,27,27,26,26,25,26,26,26,26,27,27,13,27,27,27,26,25,26,25,24,24,23,23,23,22,24,24,24,24,24,24,24,24,24,24,25,24,24,5,0,0,0,0
-58,163,8,0,0,0,6,23,23,25,25,25,23,24,24,24,25,26,27,27,25,25,25,25,25,25,24,24,24,24,24,26,26,13,25,25,25,25,24,25,23,24,23,22,23,22,22,23,23,23,24,24,23,23,24,23,23,23,24,23,5,0,0,0,0
-58,43,1,0,0,0,7,25,26,27,27,26,26,26,26,26,27,29,29,28,27,27,29,28,27,26,26,27,27,26,27,29,29,14,28,28,28,28,26,27,27,26,25,25,26,25,25,26,27,27,28,27,26,27,27,26,27,28,28,27,7,0,0,0,0
-90,114,14,3,7,8,7,7,8,7,7,7,9,11,10,7,4,1,2,2,2,5,7,10,12,12,11,12,3,0,0,0,0,0,0,0,0,0,2,9,7,8,9,9,10,9,9,9,8,6,4,5,5,5,7,9,9,10,11,12,12,12,12,11,9
-90,114,14,2,1,3,5,9,12,15,17,16,14,13,10,6,5,5,2,3,5,6,9,11,10,9,10,11,3,0,0,0,0,0,0,0,0,0,2,8,7,7,7,6,6,7,8,7,6,7,8,6,3,2,5,7,8,10,13,13,12,12,12,11,8
-52,114,14,28,25,23,22,22,22,23,25,29,32,35,36,38,39,38,37,34,29,24,18,13,8,8,13,17,4,0,0,0,0,0,0,0,0,0,4,17,17,19,19,19,20,20,21,20,19,19,21,21,22,23,25,25,26,28,30,31,31,31,31,32,32
-87,114,14,17,21,21,21,22,21,22,25,28,29,27,25,24,22,20,16,11,9,8,3,2,5,7,9,9,3,0,0,0,0,0,0,0,0,0,2,9,11,14,13,10,7,9,11,11,10,10,12,14,15,14,16,15,13,14,15,14,13,11,12,15,16
-71,114,14,24,20,19,18,20,22,24,26,26,26,25,23,22,20,18,18,17,18,19,18,18,18,17,16,16,3,0,0,0,0,0,0,0,0,0,2,8,6,3,3,7,11,15,19,22,24,25,25,22,20,17,12,9,8,11,17,22,26,29,32,32,32
-59,118,8,0,0,0,7,26,26,27,28,27,27,27,26,27,27,28,29,29,27,27,28,28,26,26,26,27,27,26,26,28,28,14,27,27,27,26,26,26,25,25,25,25,25,25,25,26,26,27,27,26,26,26,26,26,26,27,27,27,7,0,0,0,0
-59,43,1,0,0,0,4,21,21,22,23,21,21,21,21,21,21,23,23,23,22,22,23,23,21,22,22,22,22,22,22,24,24,12,24,24,24,24,22,23,23,22,21,22,22,22,23,23,23,25,25,24,24,23,23,23,24,25,25,24,5,0,0,0,0
-55,114,14,14,13,12,10,9,10,10,11,13,15,16,17,18,17,17,15,14,12,10,8,4,3,3,5,7,2,0,0,0,0,0,0,0,0,0,2,6,8,8,9,9,9,10,10,11,11,11,11,11,10,11,11,12,11,12,13,14,15,15,15,15,15
-80,114,14,19,19,21,22,22,22,23,23,22,19,15,10,6,6,12,17,22,26,30,31,29,27,25,20,18,4,0,0,0,0,0,0,0,0,0,9,39,41,40,36,30,24,17,9,9,16,22,27,31,32,31,31,29,26,22,17,10,5,5,10,14,18
-53,114,14,30,28,25,22,21,21,22,24,28,32,34,35,36,36,34,33,30,26,21,15,10,6,8,12,16,4,0,0,0,0,0,0,0,0,0,4,15,16,18,19,20,21,23,24,23,23,22,23,22,22,22,24,25,25,27,29,31,32,33,33,34,35
-81,114,14,17,17,19,19,21,21,22,22,21,18,15,9,5,4,7,13,19,21,25,28,29,27,23,17,13,3,0,0,0,0,0,0,0,0,0,8,33,36,36,34,27,23,17,10,5,10,17,23,27,31,31,29,26,23,19,15,12,7,4,5,9,12
-71,114,14,41,35,28,22,17,13,14,18,21,25,28,29,30,28,26,24,20,15,11,6,1,4,7,9,11,3,0,0,0,0,0,0,0,0,0,3,13,11,10,10,14,19,23,27,30,32,33,34,32,29,24,19,13,8,8,15,22,28,33,38,43,47
-87,114,14,18,20,24,27,27,27,23,19,14,11,9,11,12,12,13,12,10,9,8,7,7,4,3,4,5,2,0,0,0,0,0,0,0,0,0,3,11,7,5,6,7,8,13,14,14,14,13,12,15,18,21,24,25,26,26,26,24,21,15,8,2,5
-60,118,8,0,0,0,6,26,26,28,28,27,27,27,26,26,26,28,29,29,28,28,29,28,27,27,27,27,27,26,27,29,29,15,29,29,28,27,26,27,27,26,24,24,25,24,24,25,25,25,25,25,25,25,25,25,25,26,26,25,6,0,0,0,0
-59,163,8,0,0,0,7,25,27,27,28,26,26,26,26,26,27,28,29,28,27,26,27,26,25,25,24,25,25,24,25,27,26,13,27,27,26,25,24,25,24,24,24,23,23,22,22,23,24,24,24,24,24,23,24,23,24,24,25,25,6,0,0,0,0
-59,163,8,0,0,0,6,25,25,27,28,27,26,26,26,26,26,28,28,28,26,26,27,26,26,25,26,25,25,25,25,27,27,13,26,27,26,25,24,25,25,24,23,23,24,23,22,23,24,24,24,24,23,23,23,24,24,25,24,23,6,0,0,0,0
-59,43,1,0,0,0,4,19,19,20,20,20,19,19,19,19,20,21,21,21,20,20,21,20,19,19,19,19,19,19,19,21,21,10,20,21,21,20,19,20,20,19,19,19,19,19,18,19,20,21,20,20,19,20,21,21,21,21,20,20,4,0,0,0,0
-59,43,1,0,0,0,5,21,22,23,23,22,21,22,21,21,22,23,23,23,22,22,23,22,21,22,21,21,21,21,21,22,23,11,23,23,23,22,21,22,22,21,21,21,21,21,21,22,22,22,23,23,23,22,22,23,24,24,24,23,5,0,0,0,0
-59,43,1,0,0,0,5,24,25,26,26,25,24,25,25,25,25,27,27,26,26,26,26,26,24,24,25,26,26,24,26,26,27,13,26,26,26,26,24,25,25,24,24,25,25,25,24,25,26,27,27,26,26,26,26,27,27,27,27,28,7,0,0,0,0
-89,114,14,1,4,5,5,6,9,13,13,14,13,9,7,5,5,2,2,3,4,6,7,7,7,9,11,11,3,0,0,0,0,0,0,0,0,0,1,5,6,8,10,9,8,8,8,8,7,6,4,0,2,4,5,7,9,10,13,15,16,13,10,8,5
-53,114,14,22,19,16,14,14,16,19,23,27,30,33,34,35,34,34,31,29,24,18,13,7,3,7,12,16,4,0,0,0,0,0,0,0,0,0,4,13,15,17,19,20,21,22,22,21,19,17,15,13,13,14,16,18,21,24,27,30,32,32,31,31,31
-80,114,14,26,29,28,26,24,21,18,17,16,14,11,9,9,12,17,21,23,25,26,26,27,27,25,19,17,4,0,0,0,0,0,0,0,0,0,8,34,37,37,31,26,21,15,10,10,14,22,30,32,32,33,32,30,27,21,16,12,4,2,7,15,22
-53,114,14,25,23,19,17,16,18,21,25,29,33,36,38,39,38,37,36,33,28,23,17,10,6,6,11,15,4,0,0,0,0,0,0,0,0,0,3,13,15,17,19,21,21,22,22,21,19,17,16,15,16,16,18,21,23,26,30,31,34,33,34,34,35
-80,114,14,28,27,24,24,23,19,17,15,14,12,11,10,11,13,16,18,21,21,23,24,23,18,14,10,9,2,0,0,0,0,0,0,0,0,0,6,29,31,31,28,24,19,13,8,7,13,20,26,30,30,29,28,25,21,16,13,9,3,6,13,18,20
-73,114,14,35,32,28,24,20,17,14,14,15,18,21,24,26,28,28,27,25,23,20,17,14,12,11,10,10,3,0,0,0,0,0,0,0,0,0,5,20,17,12,9,5,4,10,17,21,26,29,32,34,33,31,28,22,17,10,5,7,13,20,25,30,33
-58,118,8,0,0,0,6,23,24,25,26,25,25,25,25,25,26,28,28,27,27,27,28,27,26,25,26,26,26,25,26,27,27,14,28,28,27,27,26,26,26,25,26,26,26,25,26,26,27,28,28,28,28,27,27,27,27,28,28,28,8,0,0,0,0
-58,163,8,0,0,0,5,23,24,25,25,24,23,23,23,23,24,25,25,24,23,23,24,23,21,21,21,21,21,21,21,22,22,11,22,22,22,21,20,20,20,20,20,20,20,20,20,21,21,22,22,21,21,22,22,22,22,22,22,22,5,0,0,0,0
-58,43,1,0,0,0,5,24,24,26,26,25,24,25,24,24,25,25,26,26,24,24,25,24,23,23,23,23,23,22,23,24,24,11,24,24,24,22,22,22,22,22,21,21,22,22,22,23,23,25,25,24,23,23,24,24,25,25,25,25,5,0,0,0,0
-59,163,8,25,24,23,22,22,22,21,20,19,20,21,21,23,23,24,24,24,23,22,22,21,21,22,21,21,5,0,0,0,0,0,0,0,0,0,3,15,15,16,17,17,18,19,19,19,20,21,22,22,22,21,22,22,21,21,21,21,21,22,23,24,23
-59,163,8,25,25,24,23,23,22,22,24,26,23,21,20,21,23,24,24,24,23,22,22,20,20,21,20,20,5,0,0,0,0,0,0,0,0,0,3,15,16,17,18,18,18,19,19,20,21,22,23,23,22,22,23,23,22,22,22,22,22,22,23,25,24
-59,163,8,29,28,28,28,27,26,25,25,26,26,25,25,26,26,27,27,27,26,25,25,25,24,25,24,23,6,0,0,0,0,0,0,0,0,0,5,18,18,20,21,21,21,21,22,23,23,25,26,25,25,25,26,26,25,25,25,26,26,26,27,28,28
-59,163,8,28,28,26,26,26,25,24,24,24,25,24,24,25,26,26,26,26,26,25,24,24,23,23,23,22,5,0,0,0,0,0,0,0,0,0,4,17,18,19,19,19,19,20,20,21,23,24,24,24,23,23,24,24,24,24,24,24,25,25,26,27,27
-55,114,14,27,25,23,21,18,17,16,16,18,20,23,26,28,28,30,30,30,27,24,20,16,11,7,6,8,2,0,0,0,0,0,0,0,0,0,3,13,14,15,15,17,18,19,20,21,22,22,22,23,22,23,22,22,21,21,21,23,23,23,24,26,27
-80,114,14,25,23,22,21,20,17,16,15,13,11,11,13,15,18,20,23,23,25,24,24,22,19,14,10,8,2,0,0,0,0,0,0,0,0,0,8,30,32,33,30,24,18,13,9,11,16,22,27,30,30,30,29,27,23,18,13,8,5,7,10,15,19
-70,114,14,38,34,31,27,21,16,11,8,9,11,13,16,17,17,17,16,16,15,15,14,13,11,10,10,10,2,0,0,0,0,0,0,0,0,0,3,13,11,10,14,19,23,30,35,39,40,41,42,40,36,31,26,21,14,8,7,13,19,25,30,35,38
-58,118,8,0,0,0,5,24,24,25,25,24,23,23,23,24,24,25,26,25,25,25,25,25,23,23,23,24,24,23,24,25,25,13,25,25,25,24,24,24,24,23,23,23,24,24,24,25,26,26,26,26,26,26,26,27,27,27,27,26,6,0,0,0,0
-58,43,1,0,0,0,5,20,20,21,22,21,21,20,21,21,22,22,23,23,21,21,22,22,21,20,20,21,21,20,20,21,21,10,21,21,21,21,19,20,20,19,19,19,20,20,20,20,20,20,19,20,20,19,18,18,19,20,18,18,4,0,0,0,0
-56,114,14,26,25,24,22,21,20,19,19,20,23,25,28,30,31,31,32,31,29,26,22,17,12,7,3,4,2,0,0,0,0,0,0,0,0,0,4,16,17,18,18,18,17,16,16,15,15,16,19,21,22,24,25,26,27,27,26,26,24,24,23,24,25
-78,114,14,21,22,23,24,25,25,25,24,22,19,16,13,11,9,12,16,20,21,22,23,22,21,19,16,14,3,0,0,0,0,0,0,0,0,0,7,30,30,31,29,26,22,19,17,17,17,19,23,26,27,26,26,25,24,22,20,18,15,14,15,19,21
-72,114,14,30,25,18,12,8,7,8,12,15,19,21,22,23,23,23,22,20,18,17,14,12,10,7,5,3,1,0,0,0,0,0,0,0,0,0,2,8,9,11,17,23,27,31,34,35,35,34,32,26,19,13,7,1,5,12,18,24,29,32,35,37,37
-86,114,14,25,21,18,22,25,25,22,19,19,20,20,18,17,16,11,9,8,9,10,9,7,7,9,11,11,2,0,0,0,0,0,0,0,0,0,2,6,8,3,5,7,8,11,15,17,16,17,21,23,24,23,21,22,21,16,12,10,7,8,11,17,22
-70,114,14,28,23,17,14,13,13,13,16,19,22,23,24,23,23,22,20,18,16,14,12,9,6,5,5,6,1,0,0,0,0,0,0,0,0,0,1,4,4,10,16,21,26,31,35,36,35,34,31,26,20,13,9,9,14,20,26,31,34,36,38,40,40
-58,118,8,0,0,0,5,20,21,22,22,22,22,22,22,23,23,24,25,24,23,23,24,24,23,23,23,23,23,23,24,25,25,13,25,25,25,25,25,25,25,25,25,25,26,26,26,27,28,29,29,29,29,29,30,30,30,31,31,30,8,0,0,0,0
-58,43,1,0,0,0,5,21,22,24,24,24,23,23,24,24,24,26,25,25,25,24,25,25,25,25,24,24,24,24,25,27,27,13,26,27,26,26,25,26,25,24,25,24,25,25,25,25,25,27,27,27,27,26,26,26,26,27,27,27,6,0,0,0,0
-57,43,1,0,0,0,5,19,19,20,21,20,20,20,19,20,20,21,22,21,21,20,21,21,20,20,20,21,21,20,21,22,21,10,22,22,22,21,21,21,22,20,20,20,20,20,20,21,22,22,23,22,21,21,21,22,22,23,22,22,5,0,0,0,0
-53,114,14,24,23,20,18,16,14,13,14,15,18,20,23,25,26,27,27,26,24,21,17,13,8,4,3,6,2,0,0,0,0,0,0,0,0,0,2,11,12,12,13,13,13,14,15,16,16,17,17,17,17,18,18,17,18,17,18,19,19,20,21,22,23
-79,114,14,26,25,25,26,23,21,23,22,17,15,18,19,15,13,16,18,19,20,20,23,22,23,21,15,9,2,0,0,0,0,0,0,0,0,0,6,28,29,30,31,29,22,16,12,13,18,24,26,25,22,22,23,18,18,21,19,14,12,14,17,22,28
-53,114,14,33,31,29,26,24,21,19,20,21,25,28,30,33,35,36,37,36,33,30,25,19,13,7,4,7,1,0,0,0,0,0,0,0,0,0,4,15,16,17,18,19,19,20,21,22,22,22,23,23,24,25,25,25,25,24,26,26,26,27,28,30,31
-80,114,14,29,29,28,26,26,26,27,27,26,26,24,20,18,15,16,16,19,22,25,25,24,23,21,16,13,4,0,0,0,0,0,0,0,0,0,9,34,35,33,31,26,21,17,16,17,19,23,29,31,31,29,28,26,23,21,18,16,14,17,20,25,27
-71,114,14,31,26,21,18,19,23,27,31,35,37,37,35,31,27,23,19,18,18,19,20,21,21,21,20,19,4,0,0,0,0,0,0,0,0,0,1,3,4,4,7,10,13,16,19,22,22,23,24,22,19,16,13,9,9,12,19,26,31,35,39,42,43
-86,114,14,15,16,17,18,19,18,20,25,26,26,25,24,24,20,18,18,17,13,9,7,6,6,9,11,12,2,0,0,0,0,0,0,0,0,0,5,18,13,10,9,7,8,12,12,12,12,12,13,12,8,9,12,12,12,12,13,15,14,13,13,13,13
-58,118,8,0,0,0,6,24,25,26,26,25,25,25,25,25,25,26,27,27,26,26,27,27,25,26,25,25,25,24,26,27,27,13,27,27,27,27,27,27,26,26,25,25,26,25,26,27,27,29,29,28,28,28,28,28,29,30,30,30,7,0,0,0,0
-58,43,1,0,0,0,7,26,26,28,28,27,25,26,24,24,25,26,27,25,25,25,25,24,23,23,23,23,23,22,24,25,24,12,24,24,24,23,23,23,23,23,23,23,24,22,23,24,25,25,26,26,26,25,26,26,27,27,26,26,6,0,0,0,0
-54,114,14,32,30,28,25,23,21,20,21,23,27,30,32,34,36,36,36,33,30,26,20,14,8,4,5,9,3,0,0,0,0,0,0,0,0,0,4,17,18,18,19,19,19,19,20,20,20,21,23,23,25,25,27,27,27,27,27,28,28,28,29,31,33
-80,114,14,20,20,22,25,25,23,24,24,19,15,12,10,10,9,11,13,16,21,20,15,15,18,18,13,14,4,0,0,0,0,0,0,0,0,0,7,29,28,23,22,25,22,15,8,5,8,12,20,26,27,30,31,25,21,19,18,13,3,5,11,17,21
-54,114,14,25,24,22,20,18,16,15,15,16,19,21,24,26,27,28,28,26,25,22,19,14,10,5,3,5,2,0,0,0,0,0,0,0,0,0,3,12,13,13,13,14,14,14,15,16,16,16,17,19,18,19,19,19,20,20,20,21,21,21,22,23,24
-79,114,14,26,26,24,24,25,24,24,24,23,19,16,13,12,10,12,16,21,26,28,25,23,23,22,18,12,2,0,0,0,0,0,0,0,0,0,8,32,31,30,27,23,17,11,6,6,10,17,23,26,28,27,26,23,23,22,19,12,7,10,14,18,23
-72,114,14,32,29,25,22,22,22,23,25,28,29,30,29,27,23,19,16,12,8,5,5,7,10,13,15,16,5,0,0,0,0,0,0,0,0,0,3,15,15,15,17,18,21,26,30,31,29,28,26,23,19,15,12,11,12,18,24,29,33,38,41,42,42
-86,114,14,24,27,28,25,21,22,21,16,13,11,14,15,13,13,14,13,11,11,10,7,3,5,7,8,7,2,0,0,0,0,0,0,0,0,0,3,10,10,8,5,3,4,7,10,11,11,13,14,14,14,16,16,16,17,17,16,13,11,7,5,7,6
-58,118,8,0,0,0,5,21,21,22,22,21,20,20,21,21,21,21,22,22,22,21,22,22,20,20,20,20,20,20,20,22,22,11,22,22,22,22,21,22,22,21,20,20,21,21,21,22,23,23,22,22,22,23,22,22,23,23,23,23,5,0,0,0,0
-58,43,1,0,0,0,5,21,21,22,23,22,21,21,20,21,22,23,23,23,22,22,23,23,21,21,22,22,22,22,23,24,24,12,24,25,24,23,23,24,24,23,23,23,24,23,24,25,26,26,26,26,25,26,26,27,27,27,26,26,6,0,0,0,0
-58,43,1,0,0,0,5,23,23,24,25,24,23,23,23,24,23,25,25,26,25,25,26,26,25,25,25,25,25,25,25,27,27,13,28,28,28,26,26,27,27,26,25,25,26,26,27,28,28,29,29,29,29,29,29,30,30,31,30,30,7,0,0,0,0
-89,114,14,3,3,6,7,9,12,14,19,20,15,12,10,12,11,6,2,0,2,4,7,9,10,10,10,10,2,0,0,0,0,0,0,0,0,0,2,9,8,8,8,9,11,10,9,7,7,7,4,2,1,1,4,8,9,10,14,18,18,17,13,9,8
-55,114,14,19,17,16,14,12,11,10,10,12,14,16,18,19,20,21,21,20,17,15,12,9,5,2,2,5,1,0,0,0,0,0,0,0,0,0,2,8,9,10,11,11,11,12,13,13,14,14,14,15,14,14,15,15,14,14,15,15,17,16,17,18,19
-82,114,14,20,20,21,22,22,21,18,14,11,9,5,3,6,10,14,19,20,20,20,20,19,17,15,14,14,3,0,0,0,0,0,0,0,0,0,5,29,36,34,29,28,24,20,17,16,18,21,24,28,29,29,30,28,24,22,21,16,10,8,8,12,16
-73,114,14,40,35,29,25,22,20,19,21,25,29,31,34,36,35,33,31,26,21,16,11,7,8,9,12,14,4,0,0,0,0,0,0,0,0,0,1,4,5,7,9,12,14,17,20,21,21,22,21,20,18,16,13,12,11,13,18,22,27,32,37,42,45
-86,114,14,30,31,28,25,25,21,16,18,22,22,21,23,22,22,23,21,17,14,11,8,6,0,5,6,7,2,0,0,0,0,0,0,0,0,0,5,17,9,5,7,11,13,16,18,20,20,19,19,20,21,20,20,19,13,9,8,6,4,7,11,17,20
-59,118,8,0,0,0,6,25,25,25,26,25,24,24,24,24,25,26,26,26,25,25,26,25,24,24,24,25,25,24,25,27,27,13,26,27,27,26,25,26,26,25,25,25,26,25,25,27,28,28,29,28,28,28,28,29,29,30,30,30,8,0,0,0,0
-57,163,8,0,0,0,7,26,27,28,29,27,28,28,27,27,28,30,30,30,28,28,29,28,27,27,27,26,26,26,27,28,28,14,28,28,28,27,27,27,27,26,25,26,26,25,25,26,27,28,28,28,28,27,27,28,28,29,28,27,7,0,0,0,0
-58,163,8,0,0,0,5,23,23,25,25,24,24,23,23,23,24,26,26,26,25,24,26,25,24,24,24,24,24,24,24,26,26,13,26,25,25,24,24,24,24,24,24,25,25,24,25,25,26,27,27,27,27,27,27,26,27,27,27,26,6,0,0,0,0
-58,163,8,0,0,0,5,23,24,24,25,23,22,23,23,23,24,25,25,25,24,24,24,24,23,23,23,23,23,23,23,25,25,12,25,26,26,24,23,23,23,23,23,23,24,23,24,25,26,26,26,25,25,25,26,26,27,27,26,27,6,0,0,0,0
-58,43,1,0,0,0,7,25,25,27,27,26,25,26,26,26,26,27,28,27,26,26,28,27,25,25,25,25,25,25,26,27,27,13,27,27,27,26,25,26,26,25,25,25,25,26,26,26,28,29,29,29,28,28,28,29,29,29,29,29,7,0,0,0,0
-53,114,14,27,27,26,25,24,22,19,18,18,19,20,22,25,27,29,30,31,30,28,25,21,17,12,9,6,2,0,0,0,0,0,0,0,0,0,2,12,12,13,13,13,13,13,14,15,15,17,18,19,20,21,23,23,22,22,21,21,21,20,20,21,23
-81,114,14,30,28,25,24,23,21,18,17,16,15,14,14,17,19,21,23,25,27,26,24,23,19,11,3,2,0,0,0,0,0,0,0,0,0,0,8,35,36,35,32,26,21,15,10,10,16,21,25,29,31,31,29,27,24,22,17,10,11,18,22,23,29
-70,114,14,41,38,36,32,27,22,15,10,7,7,10,13,15,16,17,17,17,16,15,14,12,11,9,8,6,1,0,0,0,0,0,0,0,0,0,5,16,12,9,9,12,17,22,28,32,34,36,37,36,34,31,26,21,15,9,6,10,17,23,29,34,37
-88,114,14,14,18,20,20,17,15,15,15,12,13,15,14,13,14,17,18,16,14,13,12,11,9,4,1,1,1,0,0,0,0,0,0,0,0,0,3,12,9,6,5,5,7,9,12,15,17,18,19,16,14,12,13,14,15,13,12,12,10,6,5,7,7
-70,114,14,42,39,35,31,26,20,16,12,8,7,10,12,14,15,16,16,16,14,14,14,13,12,11,9,8,2,0,0,0,0,0,0,0,0,0,5,15,13,9,8,11,16,21,26,30,32,34,36,35,33,30,26,22,16,9,5,9,15,21,27,32,35
-59,118,8,0,0,0,6,25,26,27,28,26,25,25,25,25,26,27,27,26,26,26,26,26,24,24,24,24,24,24,24,26,26,12,26,26,26,25,25,25,25,24,24,24,24,24,24,25,25,26,26,25,25,26,26,26,26,27,27,27,7,0,0,0,0
-59,163,8,0,0,0,6,25,25,26,26,25,25,24,24,24,24,25,26,26,25,25,26,25,24,24,24,25,25,24,25,26,26,13,26,27,27,25,24,25,25,25,25,26,26,25,25,26,26,27,28,27,27,27,27,28,28,28,28,27,6,0,0,0,0
-58,163,8,0,0,0,5,24,25,26,26,26,25,25,25,25,25,26,27,26,25,25,27,25,24,24,25,25,25,25,25,26,26,13,26,27,27,25,25,25,25,25,24,24,25,25,24,26,26,27,28,26,26,26,27,27,27,28,28,27,6,0,0,0,0
-58,43,1,0,0,0,5,22,22,23,24,23,23,22,22,22,23,24,25,24,23,23,24,23,22,22,23,22,22,23,24,23,24,12,24,25,24,23,23,24,24,23,22,22,23,22,21,22,23,24,24,23,23,23,23,24,24,24,23,23,6,0,0,0,0
-54,114,14,32,31,29,26,22,19,15,12,12,14,17,20,23,25,27,27,27,26,24,21,17,12,7,3,2,1,0,0,0,0,0,0,0,0,0,2,11,10,9,8,9,10,13,15,18,20,23,24,25,25,25,24,22,19,17,16,15,16,17,20,24,26
-79,114,14,33,33,31,29,26,24,23,21,16,13,11,12,15,18,21,25,26,29,33,33,28,23,17,12,10,2,0,0,0,0,0,0,0,0,0,7,31,33,30,26,22,19,14,9,9,15,22,27,29,30,32,30,26,23,19,14,9,4,9,14,18,19
-87,114,14,21,23,19,17,18,20,22,23,22,23,20,18,19,17,14,11,10,8,6,6,4,5,7,9,7,2,0,0,0,0,0,0,0,0,0,4,15,12,12,12,9,7,11,12,12,12,11,10,9,10,13,14,13,13,11,11,14,14,12,10,9,12
-73,114,14,31,26,20,13,8,3,5,10,15,20,22,25,26,27,25,23,20,17,13,10,8,6,7,9,11,3,0,0,0,0,0,0,0,0,0,5,19,18,19,21,25,29,33,37,39,38,37,34,30,25,19,13,9,12,18,24,30,34,37,40,41,42
-88,114,14,15,21,20,19,20,22,23,24,26,26,24,23,22,20,16,11,9,8,7,4,3,4,6,7,8,3,0,0,0,0,0,0,0,0,0,3,13,12,9,6,6,9,11,13,15,15,15,15,15,15,13,11,13,13,11,10,9,8,7,8,7,7
-57,118,8,0,0,0,6,24,25,26,27,26,25,25,25,25,26,27,28,27,26,25,26,26,25,25,25,24,24,24,25,26,25,13,25,25,26,25,25,25,24,24,23,24,24,23,23,24,25,26,26,25,25,25,25,25,25,25,25,24,6,0,0,0,0
-58,163,8,0,0,0,5,22,22,24,24,23,23,23,23,23,24,25,26,26,25,24,26,26,24,24,24,24,24,24,25,26,26,12,26,26,26,25,25,25,24,24,24,24,24,24,25,25,25,27,27,26,26,25,26,26,27,27,26,26,6,0,0,0,0
-58,43,1,0,0,0,5,22,23,24,24,23,23,23,23,23,24,25,25,25,24,24,25,24,23,23,23,23,23,22,23,24,24,12,24,24,24,23,23,23,23,23,22,22,22,22,22,23,24,24,25,24,24,24,24,24,25,25,25,25,6,0,0,0,0
-90,114,14,12,10,8,8,6,6,4,5,9,7,8,10,11,10,10,11,10,10,9,6,6,7,5,3,2,1,0,0,0,0,0,0,0,0,0,1,2,3,4,5,5,5,4,6,8,8,6,7,10,10,10,8,8,7,6,5,6,4,4,7,10,13
-54,114,14,19,18,17,16,13,12,11,11,12,14,16,18,19,20,21,21,20,18,16,13,9,7,4,2,5,1,0,0,0,0,0,0,0,0,0,3,11,10,11,11,11,12,12,14,14,15,16,17,17,17,17,17,16,16,14,15,15,15,15,16,18,18
-80,114,14,33,30,26,22,19,17,18,19,20,20,21,22,22,20,21,22,20,20,21,21,20,17,12,7,5,2,0,0,0,0,0,0,0,0,0,7,31,31,29,24,17,11,4,5,12,19,26,30,32,33,33,29,24,18,10,4,4,12,20,26,31,35
-54,114,14,19,18,16,14,12,11,10,9,11,13,15,17,19,19,20,20,19,18,15,12,9,5,3,3,5,2,0,0,0,0,0,0,0,0,0,2,9,10,10,10,10,10,11,13,13,14,15,15,15,15,15,15,15,14,14,14,14,15,15,15,17,17
-80,114,14,33,32,27,22,19,18,17,15,15,15,18,19,20,21,23,23,23,24,26,25,22,18,14,9,6,2,0,0,0,0,0,0,0,0,0,8,33,34,32,26,19,14,9,5,10,17,26,33,36,36,36,33,27,22,16,8,2,8,14,21,27,31
-72,114,14,41,35,28,21,15,13,14,18,23,27,31,32,32,31,29,26,24,21,19,16,15,14,15,16,17,5,0,0,0,0,0,0,0,0,0,2,9,8,8,9,12,15,20,24,28,30,33,34,33,31,27,21,14,7,3,10,18,26,32,38,43,47
-58,118,8,0,0,0,6,22,23,24,25,23,23,23,23,24,24,26,27,26,26,25,26,26,24,24,24,24,24,24,25,26,26,13,26,26,25,24,24,24,24,23,23,23,23,22,22,23,23,24,24,24,23,23,23,24,24,24,24,24,6,0,0,0,0
-59,43,1,0,0,0,6,24,25,27,27,27,26,26,26,27,28,29,30,29,28,28,29,28,27,27,27,27,27,26,27,28,28,14,28,28,28,27,26,26,26,26,25,25,26,25,25,26,27,27,28,27,27,27,27,27,28,28,27,27,7,0,0,0,0
-54,114,14,17,17,16,15,14,14,13,13,14,15,16,17,17,18,17,17,16,16,14,12,10,9,8,7,8,2,0,0,0,0,0,0,0,0,0,2,10,10,10,11,11,11,11,12,12,13,13,14,14,15,16,17,17,17,17,18,18,18,17,17,17,17
-86,114,14,16,19,19,15,16,17,11,5,2,4,8,10,9,10,11,10,8,7,7,5,2,3,4,5,4,1,0,0,0,0,0,0,0,0,0,3,10,9,2,5,10,17,26,28,29,31,27,23,21,18,17,16,14,15,15,15,12,13,15,12,11,11
-72,114,14,41,35,30,25,22,19,18,20,22,24,25,26,25,24,20,17,12,7,4,3,6,9,12,13,15,3,0,0,0,0,0,0,0,0,0,3,15,13,13,15,17,23,29,34,38,40,41,41,39,34,30,24,17,13,13,18,25,32,37,41,46,49
-58,118,8,0,0,0,5,23,24,26,26,25,25,25,25,24,26,26,27,27,26,26,27,26,26,26,26,26,26,26,26,27,27,13,27,27,27,26,26,26,26,25,24,24,25,24,25,26,26,27,27,27,27,27,26,27,27,27,27,26,5,0,0,0,0
-58,43,1,0,0,0,5,21,21,22,23,22,22,21,22,22,22,24,24,24,23,22,23,23,22,22,22,22,22,22,22,22,23,12,23,23,23,22,21,21,21,21,20,20,20,20,21,21,21,22,22,22,22,22,22,22,22,23,22,22,5,0,0,0,0
-54,114,14,29,27,25,23,22,20,20,21,23,25,27,28,29,30,30,29,26,24,20,17,13,10,9,9,11,3,0,0,0,0,0,0,0,0,0,4,13,13,13,14,14,16,17,20,21,23,24,25,26,25,25,26,25,25,24,24,26,25,26,26,27,28
-79,114,14,34,34,32,31,28,23,20,19,17,15,13,14,14,14,17,21,23,24,26,27,26,25,23,19,16,3,0,0,0,0,0,0,0,0,0,8,33,32,30,26,21,14,8,3,8,16,25,29,31,33,34,34,30,23,16,10,3,4,12,19,25,29
-74,114,14,38,34,30,26,20,14,11,13,18,24,29,33,35,34,32,30,26,20,14,10,7,10,14,18,21,6,0,0,0,0,0,0,0,0,0,3,16,14,11,8,5,6,9,15,20,24,27,29,31,30,29,28,24,19,12,5,5,11,18,25,32,35
-86,114,14,20,20,21,24,27,27,24,22,20,18,18,18,15,10,6,5,7,10,12,14,14,13,12,11,10,3,0,0,0,0,0,0,0,0,0,5,17,16,13,10,8,7,7,9,8,10,14,17,21,23,24,24,20,18,18,19,19,14,9,4,1,2
-57,118,8,0,0,0,5,24,25,26,27,27,26,26,26,27,28,29,29,29,27,27,29,29,26,26,27,27,27,27,27,28,28,13,28,28,27,26,26,26,26,24,24,25,25,24,24,25,26,26,27,26,25,25,26,26,26,26,26,25,6,0,0,0,0
-58,163,8,0,0,0,6,23,25,26,26,25,25,25,25,26,27,28,29,29,28,28,29,28,27,28,28,28,28,27,28,30,30,15,30,30,30,28,27,28,28,27,28,28,28,27,28,28,28,29,29,29,29,29,29,29,29,30,29,29,7,0,0,0,0
-58,43,1,0,0,0,6,24,25,27,28,27,26,28,27,27,28,30,31,31,30,30,31,30,29,29,29,29,29,28,29,31,30,15,29,30,30,29,29,29,28,27,26,27,27,27,26,28,29,29,29,28,28,28,28,28,28,29,28,28,7,0,0,0,0
-54,114,14,33,31,28,25,23,23,23,25,27,30,33,35,36,36,36,34,32,28,24,19,14,11,11,12,16,3,0,0,0,0,0,0,0,0,0,3,13,14,15,17,18,19,22,24,25,25,26,27,26,26,25,26,25,25,26,27,29,31,31,32,34,35
-77,114,14,34,31,26,23,19,17,17,16,18,21,23,24,24,23,23,24,24,25,27,25,22,19,16,11,6,1,0,0,0,0,0,0,0,0,0,7,25,25,23,20,15,10,8,9,13,18,24,29,31,32,31,29,24,19,13,6,7,13,20,26,32,36
-69,114,14,39,37,33,30,26,22,19,16,13,12,12,11,13,13,14,16,17,18,18,17,17,15,13,11,9,2,0,0,0,0,0,0,0,0,0,2,10,6,6,9,14,20,27,31,33,35,36,35,34,31,28,25,21,16,13,13,16,20,25,28,33,36
-69,114,14,44,42,37,34,30,25,21,17,14,13,13,13,14,14,16,17,18,19,20,20,18,18,15,14,12,2,0,0,0,0,0,0,0,0,0,3,12,9,7,11,15,21,26,31,35,37,38,38,36,32,29,26,21,16,13,14,17,21,27,32,36,38
-58,118,8,0,0,0,5,21,22,23,24,23,22,22,22,23,24,25,25,25,25,24,25,25,24,23,23,23,23,23,23,25,25,12,24,25,24,24,23,23,23,22,21,22,22,21,22,23,23,24,24,23,23,23,24,24,24,25,24,24,6,0,0,0,0
-58,163,8,0,0,0,6,24,25,25,26,26,24,25,25,25,25,26,27,27,27,26,27,27,26,25,25,25,25,24,25,27,27,13,26,26,26,26,25,24,24,25,24,23,24,23,24,25,25,25,25,25,25,25,26,25,25,26,25,25,6,0,0,0,0
-58,43,1,0,0,0,6,23,23,26,26,25,24,25,24,24,25,26,27,26,25,25,26,26,25,25,25,24,25,24,25,26,26,12,25,25,25,25,24,24,24,23,23,23,23,22,22,23,24,25,25,24,24,24,23,24,24,25,24,24,6,0,0,0,0
-53,114,14,25,22,19,16,15,16,19,22,25,28,30,32,32,31,31,29,26,21,16,10,5,3,6,11,14,4,0,0,0,0,0,0,0,0,0,2,13,14,15,16,18,20,22,24,24,24,24,24,24,22,23,22,22,23,24,27,28,29,29,30,31,31
-87,114,14,15,18,20,22,24,24,26,29,28,26,25,27,27,23,20,16,13,7,4,4,5,8,13,18,20,5,0,0,0,0,0,0,0,0,0,6,22,17,13,8,4,5,5,7,10,12,14,15,15,17,17,16,15,14,15,15,12,9,5,3,5,6
-72,114,14,22,17,13,12,12,14,16,18,22,24,25,26,26,24,22,19,17,13,10,6,4,4,5,7,9,2,0,0,0,0,0,0,0,0,0,3,17,15,16,17,21,26,30,33,34,33,31,28,25,19,14,12,13,18,25,31,37,39,41,41,42,40
-87,114,14,17,21,20,21,25,27,25,25,25,25,25,26,25,21,19,16,13,11,8,7,8,10,12,15,18,5,0,0,0,0,0,0,0,0,0,5,16,15,15,12,8,4,4,8,11,12,13,16,18,18,17,18,18,17,14,11,9,7,5,4,8,13
-57,118,8,0,0,0,5,23,23,24,25,24,24,24,24,24,25,26,26,26,25,25,25,25,24,24,23,24,24,23,24,25,25,12,24,25,25,24,22,23,23,22,22,22,22,21,21,21,22,24,23,22,21,22,21,22,22,22,22,22,5,0,0,0,0
-58,163,8,0,0,0,5,26,28,29,30,29,28,28,27,27,28,30,30,29,28,28,29,28,26,26,25,25,25,25,25,26,26,12,26,26,25,24,23,24,23,22,21,21,22,22,22,23,24,24,25,24,24,23,24,24,24,24,24,24,5,0,0,0,0
-58,43,1,0,0,0,6,24,25,26,27,26,25,25,26,26,27,28,28,27,26,25,27,26,25,25,24,24,24,24,25,26,26,13,25,25,25,25,25,25,25,25,24,24,25,24,24,25,25,26,26,25,25,24,25,25,25,25,24,24,6,0,0,0,0
-54,114,14,25,25,23,21,20,19,19,19,19,21,22,23,24,23,23,22,20,18,15,12,8,5,4,6,8,2,0,0,0,0,0,0,0,0,0,3,15,16,18,18,18,18,18,19,20,19,19,21,22,23,24,25,24,24,24,24,24,23,22,22,22,23
-73,114,14,33,26,21,17,14,14,16,20,22,23,23,22,21,19,17,19,19,20,20,21,20,19,18,15,13,3,0,0,0,0,0,0,0,0,0,3,13,9,4,5,10,16,22,29,34,38,41,41,39,35,29,24,17,8,2,11,21,28,33,38,42,44
-59,118,8,0,0,0,5,20,21,21,22,21,21,22,21,22,22,23,24,24,22,22,23,22,22,22,21,21,22,21,21,23,23,11,23,24,23,22,22,23,23,22,21,21,22,22,23,24,25,25,25,24,24,25,25,25,25,25,25,24,7,0,0,0,0
-59,118,8,0,0,0,5,22,22,22,24,24,24,24,23,23,24,25,25,25,25,24,25,25,24,24,23,23,23,23,23,25,25,12,25,25,25,25,24,25,24,24,23,24,25,25,25,26,26,28,28,27,27,27,27,27,28,28,27,27,7,0,0,0,0
-57,163,8,0,0,0,5,24,25,26,28,26,26,26,25,25,26,28,28,27,27,26,27,26,25,25,24,24,24,23,24,25,26,12,25,25,24,23,23,23,23,22,21,21,22,22,21,23,23,24,24,23,23,23,23,23,23,23,23,23,5,0,0,0,0
-56,43,1,0,0,0,5,21,22,24,24,23,22,23,22,22,23,24,25,24,24,24,24,24,23,23,22,22,22,22,22,23,24,12,23,23,22,21,21,21,21,21,21,20,21,20,20,21,21,21,23,22,22,22,22,21,21,20,21,22,6,0,0,0,0
-55,114,14,33,33,32,30,29,26,21,20,19,20,23,27,30,33,36,37,37,35,32,27,21,15,8,2,3,1,0,0,0,0,0,0,0,0,0,6,22,23,21,19,18,15,13,12,13,16,20,24,28,30,33,35,35,33,31,29,26,23,21,20,21,24
-79,114,14,31,29,29,26,23,17,13,10,8,6,8,11,12,17,22,24,25,28,30,30,27,22,18,16,15,3,0,0,0,0,0,0,0,0,0,6,28,29,29,26,21,17,11,6,5,12,20,26,31,32,32,33,33,29,25,21,14,10,10,15,23,28
-85,114,14,22,23,22,19,19,18,18,16,17,19,20,21,24,26,26,24,21,17,14,9,4,0,5,8,8,2,0,0,0,0,0,0,0,0,0,3,15,13,11,10,9,12,15,17,20,18,16,18,18,19,19,15,8,8,12,13,6,0,5,9,13,17
-73,114,14,30,26,23,20,19,18,20,23,27,30,33,33,32,30,27,23,18,12,6,1,4,8,12,14,15,3,0,0,0,0,0,0,0,0,0,5,19,18,14,10,5,4,9,15,19,23,27,28,28,25,22,17,12,9,10,14,20,26,30,34,37,40
-58,118,8,0,0,0,5,22,23,25,25,24,23,24,23,23,23,25,25,25,24,24,25,24,23,23,23,23,23,23,24,26,25,12,25,26,25,25,24,24,23,23,22,22,23,22,22,23,24,24,25,24,23,23,23,23,23,24,23,22,5,0,0,0,0
-58,163,8,0,0,0,6,24,25,26,27,26,26,25,25,26,26,28,28,27,26,26,27,27,26,25,25,25,25,25,26,27,27,13,27,27,27,26,26,25,25,25,24,24,25,24,24,25,25,26,26,25,25,25,25,25,25,25,24,24,6,0,0,0,0
-58,43,1,0,0,0,7,27,28,30,31,30,29,28,28,28,29,30,32,32,30,30,31,30,29,29,28,28,29,27,28,30,30,15,28,28,28,28,27,27,27,25,25,25,25,25,25,26,26,27,27,27,27,26,27,27,27,28,27,27,7,0,0,0,0
-54,114,14,19,16,13,10,7,6,7,8,11,14,17,18,19,20,20,20,18,16,13,9,6,3,1,4,5,2,0,0,0,0,0,0,0,0,0,2,7,7,8,9,9,11,13,15,17,17,17,17,16,15,14,12,11,10,11,13,15,17,19,20,21,22
-79,114,14,28,30,29,29,29,28,25,20,16,12,8,7,11,16,19,24,29,31,30,28,28,26,23,20,15,4,0,0,0,0,0,0,0,0,0,5,25,27,27,23,19,14,10,5,1,9,16,22,26,28,27,27,26,23,19,15,9,2,4,8,13,17
-73,114,14,35,30,25,21,20,19,22,26,32,35,38,38,39,36,31,26,19,13,11,12,15,19,23,25,26,7,0,0,0,0,0,0,0,0,0,1,5,6,8,12,14,17,21,25,26,26,27,27,25,21,18,14,10,7,7,12,17,24,30,34,37,38
-86,114,14,13,15,20,20,20,24,28,29,30,30,32,31,29,25,20,16,12,10,7,6,7,8,12,14,12,2,0,0,0,0,0,0,0,0,0,3,15,13,12,12,13,13,13,15,16,15,16,17,17,20,20,17,15,15,15,15,17,17,15,14,12,11
-59,118,8,0,0,0,6,26,26,27,28,27,27,27,27,27,28,30,30,30,28,28,30,29,28,28,27,28,28,27,28,30,30,14,29,30,29,28,28,28,27,26,25,26,27,26,26,26,27,28,27,27,27,26,25,25,26,26,25,24,6,0,0,0,0
-59,163,8,0,0,0,7,27,27,29,29,28,27,28,28,29,29,30,31,30,29,29,29,29,28,28,28,27,27,27,27,29,29,14,28,29,28,28,27,27,27,25,25,26,25,25,26,26,26,27,27,26,26,25,25,25,26,26,26,25,7,0,0,0,0
-59,163,8,0,0,0,6,25,26,27,27,26,26,27,26,27,29,29,30,30,29,29,30,29,27,27,26,27,27,26,27,28,28,13,28,28,28,27,25,26,26,25,25,25,25,25,24,25,26,26,26,25,24,24,25,24,24,24,24,24,6,0,0,0,0
-59,163,8,0,0,0,7,26,27,29,29,29,29,29,29,29,29,31,32,31,30,30,30,30,30,28,28,28,28,27,28,29,30,15,29,29,29,28,28,28,28,27,27,27,27,26,26,26,27,27,27,26,26,26,26,25,25,25,25,25,7,0,0,0,0
-60,163,8,0,0,0,5,21,22,23,23,23,22,23,23,23,25,26,26,26,26,25,27,26,26,26,26,25,26,26,27,29,28,14,28,29,28,27,27,27,27,26,26,26,27,26,25,27,28,29,28,27,27,26,26,26,27,27,26,26,5,0,0,0,0
-60,163,8,0,0,0,6,23,24,25,25,25,24,24,25,25,26,27,28,27,27,27,28,28,27,27,27,27,28,28,29,30,31,15,30,30,30,28,28,29,29,28,27,28,29,27,28,28,29,29,29,28,29,29,28,28,28,28,28,27,7,0,0,0,0
-59,43,1,0,0,0,5,23,22,24,24,24,24,25,24,24,25,27,28,28,27,26,28,28,27,27,26,27,27,26,27,29,29,14,29,29,29,28,27,27,27,26,26,27,27,27,26,28,28,29,29,28,28,28,28,28,29,29,28,28,7,0,0,0,0
-59,43,1,0,0,0,5,19,19,20,21,20,19,20,20,21,21,22,23,23,22,22,23,23,22,22,21,22,22,21,23,23,24,11,23,23,23,22,22,22,22,22,21,22,23,22,22,22,22,23,24,24,23,23,23,24,24,23,23,22,6,0,0,0,0
-53,114,14,34,32,28,24,20,15,11,10,12,16,21,25,28,30,32,32,32,29,25,20,16,9,5,0,4,2,0,0,0,0,0,0,0,0,0,5,17,16,14,13,13,13,16,19,22,25,27,29,29,29,28,27,24,21,19,17,18,20,22,25,28,31
-87,114,14,20,21,23,24,25,24,22,20,18,15,13,13,12,12,13,15,14,12,11,11,10,8,9,11,12,4,0,0,0,0,0,0,0,0,0,3,15,14,10,7,6,7,10,15,16,18,20,22,23,20,19,17,14,13,13,8,2,3,3,5,6,7
-70,114,14,35,31,27,24,22,22,22,24,25,24,25,26,25,22,19,19,18,18,19,20,21,21,21,20,19,5,0,0,0,0,0,0,0,0,0,2,11,10,8,7,8,11,16,20,24,28,31,33,32,29,27,23,18,12,10,13,19,25,30,35,39,39
-57,118,8,0,0,0,5,19,20,22,22,21,21,21,22,21,22,23,24,24,23,23,24,23,22,22,22,22,22,21,22,23,23,11,22,22,22,21,21,21,21,21,20,20,20,20,20,21,21,21,21,21,21,20,21,20,20,20,20,20,5,0,0,0,0
-57,43,1,0,0,0,5,22,22,23,25,24,23,23,23,23,24,25,26,25,24,24,25,25,24,24,23,24,24,24,24,26,25,12,25,25,25,24,23,23,23,22,22,23,23,21,21,22,24,24,24,23,23,23,23,23,23,23,23,23,5,0,0,0,0
-53,114,14,22,21,20,19,17,15,13,13,13,14,16,19,20,21,22,23,23,21,18,16,12,9,5,4,6,1,0,0,0,0,0,0,0,0,0,2,11,11,10,10,10,9,10,11,12,14,15,17,18,19,19,19,19,17,16,16,15,15,14,15,17,18
-81,114,14,32,32,29,26,24,20,17,12,9,8,9,10,12,12,11,11,12,14,16,16,15,16,14,12,12,3,0,0,0,0,0,0,0,0,0,8,33,33,32,29,23,17,12,5,6,14,22,28,34,36,38,37,34,30,26,21,14,8,2,10,17,23
-89,114,14,12,17,17,20,23,22,21,22,23,26,25,21,18,16,12,11,11,8,5,1,4,6,9,11,9,2,0,0,0,0,0,0,0,0,0,1,6,4,5,8,10,7,9,12,16,15,16,16,16,17,16,16,18,17,15,14,10,9,10,8,4,1
-74,114,14,19,12,8,6,4,5,9,10,13,16,18,20,21,22,23,23,23,21,19,15,11,8,4,1,4,1,0,0,0,0,0,0,0,0,0,3,12,9,6,12,18,24,31,35,37,38,37,34,28,21,13,5,2,11,18,24,30,33,35,36,35,33
-87,114,14,13,16,17,16,14,17,20,20,21,19,18,21,21,17,13,13,12,7,1,3,6,7,10,12,13,3,0,0,0,0,0,0,0,0,0,3,11,9,7,4,7,13,12,10,11,12,13,15,15,13,13,13,12,9,8,7,5,7,7,3,2,7
-57,118,8,0,0,0,6,25,25,26,27,26,26,26,25,26,26,28,28,28,26,26,27,26,26,26,25,25,25,24,25,26,25,13,25,25,25,25,23,23,23,22,22,22,22,22,21,22,23,24,24,23,23,23,23,23,24,23,22,22,5,0,0,0,0
-60,163,8,0,0,0,5,22,23,24,25,24,24,24,24,24,26,27,28,28,27,27,28,28,27,27,26,27,27,26,27,28,28,14,28,29,28,27,26,26,26,25,24,25,25,24,24,25,26,27,27,26,25,25,25,25,25,26,25,25,6,0,0,0,0
-59,43,1,0,0,0,6,25,25,26,26,26,25,25,26,26,27,28,29,28,27,27,28,28,27,27,27,27,27,26,27,28,28,14,28,28,28,26,26,26,26,25,24,24,25,24,23,24,24,25,24,24,23,23,24,24,24,24,24,23,6,0,0,0,0
-53,114,14,36,35,32,30,28,26,24,23,24,26,29,30,32,33,34,34,34,32,28,24,20,16,12,10,10,3,0,0,0,0,0,0,0,0,0,4,17,19,19,19,19,20,22,24,25,26,27,29,30,30,31,31,31,30,30,30,30,30,30,31,33,35
-73,114,14,27,24,23,22,22,22,23,23,24,24,22,22,21,19,18,18,19,20,21,21,21,21,20,19,19,5,0,0,0,0,0,0,0,0,0,1,2,3,5,7,8,11,14,16,17,18,19,18,17,15,14,12,13,14,17,21,24,27,29,31,33,34
-88,114,14,17,20,19,18,22,24,22,19,18,18,18,18,18,17,14,12,11,8,5,6,5,6,9,11,13,3,0,0,0,0,0,0,0,0,0,5,16,12,8,10,11,12,13,13,13,14,14,13,10,6,5,9,10,9,7,7,7,7,8,7,9,9
-59,118,8,0,0,0,7,26,27,29,28,27,27,27,26,26,26,28,29,28,27,27,28,28,26,26,27,27,27,26,27,28,29,15,29,29,28,28,26,26,26,25,25,25,25,24,24,25,25,26,26,25,25,25,25,24,25,25,25,24,6,0,0,0,0
-59,163,8,0,0,0,6,27,28,29,29,27,26,26,26,26,26,27,28,27,26,25,26,25,24,24,24,24,24,24,24,25,26,13,26,26,26,26,25,25,25,24,25,25,25,23,24,24,25,25,26,25,25,25,25,26,26,26,26,26,6,0,0,0,0
-57,43,1,0,0,0,6,25,26,27,28,26,26,26,26,26,26,29,29,28,27,27,28,28,26,27,26,27,26,26,26,28,28,13,27,28,27,27,27,27,26,25,26,26,26,25,24,25,26,26,27,26,26,25,25,26,26,26,25,25,6,0,0,0,0
-54,114,14,41,37,30,24,17,12,8,12,19,27,33,39,43,44,45,45,43,39,34,28,22,15,10,10,13,3,0,0,0,0,0,0,0,0,0,2,5,1,4,10,15,20,26,30,33,33,33,33,30,25,21,16,9,3,5,13,20,28,33,37,42,44
-79,114,14,22,23,24,25,27,27,27,25,22,17,13,10,8,11,14,21,25,29,33,34,31,26,21,15,12,2,0,0,0,0,0,0,0,0,0,7,29,29,30,26,22,18,13,8,4,5,10,15,19,21,22,23,22,21,18,15,11,6,4,8,12,13
-90,114,14,9,9,10,9,10,15,19,17,12,11,11,11,11,7,3,2,3,2,7,10,10,10,11,11,13,4,0,0,0,0,0,0,0,0,0,4,13,15,19,18,11,9,11,12,11,12,12,11,11,13,10,7,7,7,5,4,3,5,5,3,6,7
-74,114,14,26,26,24,23,22,23,23,25,26,28,28,27,23,19,15,13,9,8,12,16,19,21,22,23,24,6,0,0,0,0,0,0,0,0,0,4,17,15,12,11,13,16,21,26,28,29,30,30,28,25,22,18,14,14,15,18,23,26,29,30,32,32
-57,118,8,0,0,0,4,18,19,21,21,20,20,21,20,21,21,23,24,23,23,22,23,23,23,22,22,22,23,23,24,25,26,12,25,26,26,25,25,25,25,25,25,25,25,25,24,25,26,26,27,26,25,25,26,26,26,26,26,25,5,0,0,0,0
-57,43,1,0,0,0,5,21,23,23,25,24,24,24,23,23,24,26,27,26,26,26,27,27,26,26,26,26,26,26,27,29,29,14,29,29,29,29,29,29,29,28,27,28,29,27,28,29,30,31,31,31,30,30,30,30,30,31,31,31,8,0,0,0,0
-89,114,14,11,7,6,4,4,4,4,3,6,5,5,7,8,7,8,7,6,5,4,5,5,4,5,4,3,1,0,0,0,0,0,0,0,0,0,1,2,2,4,7,9,9,11,12,13,13,13,10,9,8,7,8,9,9,8,5,5,5,6,9,12,14
-57,114,14,24,21,17,14,12,12,14,17,20,23,26,27,29,29,29,28,27,24,20,15,11,7,7,10,13,3,0,0,0,0,0,0,0,0,0,4,15,16,18,20,22,23,25,26,26,26,24,23,21,19,18,17,17,18,21,23,26,29,30,30,32,32
-78,114,14,28,24,21,19,17,15,14,13,12,14,17,18,21,23,25,25,27,28,30,30,27,23,19,14,10,2,0,0,0,0,0,0,0,0,0,7,31,31,30,27,22,18,11,4,5,12,18,25,29,30,30,29,26,22,18,14,8,7,12,16,21,25
-78,114,14,8,7,9,13,19,23,27,30,32,33,33,31,29,26,21,14,6,4,10,17,23,28,32,34,35,8,0,0,0,0,0,0,0,0,0,4,20,23,25,27,27,23,18,14,11,8,6,6,10,14,18,20,22,21,22,25,24,24,23,20,19,19
-86,114,14,19,24,25,25,23,23,24,22,20,21,19,17,13,9,5,2,2,4,6,10,12,14,16,16,15,4,0,0,0,0,0,0,0,0,0,5,19,17,13,13,15,14,10,9,11,11,13,16,16,16,18,18,16,16,14,11,7,7,6,3,6,7
-90,114,14,6,3,3,2,1,2,3,1,1,4,6,6,4,3,5,8,8,7,5,3,3,2,3,2,3,1,0,0,0,0,0,0,0,0,0,1,2,3,3,5,7,11,13,14,13,10,8,7,7,6,6,7,7,7,7,7,7,7,8,11,13,15
-58,118,8,0,0,0,6,22,23,24,25,24,24,24,23,24,25,26,26,26,25,25,26,26,25,25,25,25,26,25,26,27,27,14,28,28,28,28,27,27,27,27,27,27,27,27,27,28,28,29,29,28,28,28,28,28,28,28,28,27,7,0,0,0,0
-57,163,8,0,0,0,5,22,23,25,25,24,24,24,24,24,24,26,27,26,26,25,26,26,25,25,25,25,25,24,25,27,27,13,27,28,28,27,27,27,27,26,26,26,27,27,27,28,28,29,28,28,28,27,27,27,27,27,27,27,6,0,0,0,0
-58,163,8,0,0,0,4,21,21,22,23,22,22,22,22,23,23,25,25,25,24,23,25,25,24,24,23,24,24,23,25,26,26,13,26,27,27,27,26,26,26,25,25,26,26,26,26,27,28,28,28,27,27,26,26,26,27,27,26,26,6,0,0,0,0
-58,43,1,0,0,0,5,25,26,27,27,26,26,25,25,25,26,27,28,27,26,25,26,26,25,25,25,25,25,25,25,26,26,13,26,27,26,26,25,25,25,24,24,25,25,24,24,25,25,26,27,26,26,25,26,27,27,27,26,25,5,0,0,0,0
-58,163,8,29,29,27,26,26,26,26,25,25,25,25,25,26,26,26,26,26,26,25,25,25,24,24,24,23,5,0,0,0,0,0,0,0,0,0,4,17,18,19,20,19,19,20,21,22,23,24,25,25,25,24,25,25,24,24,24,24,25,25,27,29,29
-54,114,14,28,26,22,20,17,14,13,14,17,20,23,25,27,28,28,29,28,25,22,18,15,10,7,6,6,1,0,0,0,0,0,0,0,0,0,3,11,11,12,12,13,15,17,20,21,21,22,22,22,20,19,18,17,16,17,17,20,22,23,25,27,29
-81,114,14,32,31,27,22,20,17,13,13,14,17,20,24,24,25,26,27,26,25,25,23,20,16,12,7,3,1,0,0,0,0,0,0,0,0,0,8,33,35,34,32,29,25,19,11,3,4,12,19,25,27,27,28,26,21,17,10,5,4,13,22,27,27
-87,114,14,6,10,15,19,20,21,25,26,24,23,23,23,21,17,15,13,10,6,9,14,14,13,16,18,20,5,0,0,0,0,0,0,0,0,0,4,17,17,15,14,13,13,11,10,10,10,10,10,11,11,11,14,14,14,14,13,12,12,12,8,4,3
-70,114,14,33,32,29,26,24,23,22,21,21,20,20,18,16,14,13,14,16,17,19,20,19,18,17,15,14,3,0,0,0,0,0,0,0,0,0,2,4,2,5,9,13,16,21,25,27,28,29,28,26,23,21,19,18,17,17,20,23,26,28,30,33,34
-58,118,8,0,0,0,6,24,26,28,28,27,26,27,26,26,27,29,29,29,28,27,28,28,26,26,26,26,26,26,27,28,28,14,28,29,28,27,26,26,26,26,26,26,26,24,25,26,26,27,27,26,26,25,26,26,26,26,26,25,5,0,0,0,0
-57,163,8,0,0,0,5,21,21,23,23,23,23,23,23,23,24,26,26,26,25,25,26,26,24,24,25,25,25,24,25,26,26,13,26,27,27,26,25,26,26,25,25,25,26,25,25,26,26,27,27,26,26,25,25,25,25,25,25,25,6,0,0,0,0
-57,163,8,0,0,0,5,19,20,21,22,21,21,21,22,22,23,24,25,25,23,23,24,24,23,23,23,23,23,23,23,24,25,13,25,25,25,24,24,24,24,23,23,23,24,23,23,24,25,25,25,25,25,24,24,24,24,24,24,24,7,0,0,0,0
-56,43,1,0,0,0,5,23,24,26,26,25,24,25,24,24,25,26,26,27,25,25,26,25,24,24,24,24,24,22,23,24,24,12,24,25,24,23,23,23,23,22,21,21,23,22,23,23,23,24,24,24,24,24,23,23,23,24,24,24,5,0,0,0,0
-92,114,14,7,8,10,8,7,4,2,5,6,4,5,8,8,8,10,10,8,7,9,9,9,8,4,2,4,2,0,0,0,0,0,0,0,0,0,1,3,3,4,7,9,9,10,10,8,9,8,7,5,7,10,9,8,9,9,7,5,4,5,6,9,11
-53,114,14,19,16,13,10,7,6,8,11,15,18,21,23,24,24,24,23,21,18,16,12,8,5,4,6,8,3,0,0,0,0,0,0,0,0,0,1,5,5,7,8,9,11,13,14,15,14,14,14,13,12,10,8,7,7,9,11,14,16,18,20,21,22
-74,114,14,24,20,15,14,13,12,12,12,15,17,18,18,18,19,20,21,19,19,18,17,16,16,13,11,10,3,0,0,0,0,0,0,0,0,0,1,2,7,12,16,20,25,29,31,32,30,28,25,22,17,12,8,7,9,15,20,25,29,31,32,32,32
-88,114,14,10,12,13,14,17,19,23,23,23,23,25,26,25,24,19,14,13,11,7,6,5,4,5,5,6,2,0,0,0,0,0,0,0,0,0,2,10,16,15,10,8,5,3,5,8,9,9,10,13,12,12,14,15,13,8,7,9,11,11,12,12,12
-56,118,8,0,0,0,6,23,24,25,26,25,25,25,25,25,26,28,28,27,26,26,27,27,26,26,26,25,26,25,26,27,27,14,27,27,27,27,27,27,27,26,26,26,27,25,25,26,27,28,28,28,27,27,27,27,27,27,26,26,7,0,0,0,0
-57,163,8,0,0,0,5,24,25,26,26,26,25,25,25,25,25,27,27,26,26,25,26,26,24,24,25,24,24,24,25,26,26,12,26,26,26,26,24,25,25,24,24,24,25,24,23,25,25,26,26,25,25,25,25,24,25,25,25,24,5,0,0,0,0
-57,43,1,0,0,0,6,24,24,26,26,25,25,24,25,25,25,25,27,26,25,25,25,24,23,23,23,23,22,22,23,24,23,12,24,24,24,22,21,22,21,21,21,21,21,20,21,21,21,22,21,21,20,20,20,19,19,19,19,18,5,0,0,0,0
-55,114,14,24,24,24,22,21,20,18,18,17,18,20,22,24,26,28,30,30,29,28,24,20,16,11,8,5,1,0,0,0,0,0,0,0,0,0,4,18,19,20,21,20,19,18,16,14,12,11,14,16,18,21,24,25,26,26,26,25,24,22,21,21,21
-77,114,14,29,29,27,25,23,18,13,9,5,6,8,12,15,18,20,22,23,24,25,24,22,21,19,16,14,3,0,0,0,0,0,0,0,0,0,8,32,31,30,27,24,22,20,20,21,23,26,28,30,29,28,26,23,18,14,12,12,13,17,21,24,26
-87,114,14,7,14,21,25,25,23,25,27,29,28,21,16,14,11,5,5,6,9,15,19,20,22,23,24,22,5,0,0,0,0,0,0,0,0,0,6,22,19,17,19,22,21,22,21,18,15,14,10,4,2,2,9,13,12,14,16,15,14,12,8,3,4
-75,114,14,33,30,27,25,22,18,13,9,8,11,15,19,23,26,30,32,34,34,33,30,26,23,18,13,9,2,0,0,0,0,0,0,0,0,0,5,22,22,20,19,17,17,19,22,23,24,25,26,26,24,20,17,13,8,5,7,12,17,22,26,29,31
-58,118,8,0,0,0,6,23,23,24,25,24,24,23,23,24,25,26,27,27,26,26,27,27,26,26,26,26,26,26,26,28,28,14,28,28,28,27,26,27,27,26,26,27,27,26,26,27,27,28,29,28,27,26,27,26,26,27,27,26,6,0,0,0,0
-57,163,8,0,0,0,5,22,23,23,24,23,23,23,22,23,24,25,25,25,25,24,25,25,24,24,24,25,25,24,25,27,27,13,27,27,27,26,25,26,26,25,25,25,25,24,24,25,25,25,25,25,25,24,23,23,23,24,23,23,5,0,0,0,0
-57,43,1,0,0,0,6,23,24,25,26,25,25,25,24,25,26,27,28,27,26,26,27,27,26,26,26,26,26,26,27,28,28,14,28,28,28,27,27,27,27,26,25,26,27,26,26,27,28,28,28,27,27,27,27,27,28,28,27,27,7,0,0,0,0
-55,114,14,27,21,13,5,5,13,21,28,34,40,44,47,47,46,43,39,34,28,21,13,7,6,10,16,20,5,0,0,0,0,0,0,0,0,0,3,14,16,18,20,22,24,25,27,26,25,21,18,15,12,10,10,14,19,24,29,34,37,39,40,41,41
-80,114,14,20,19,20,19,18,21,23,24,24,23,22,19,15,11,10,12,14,18,21,22,23,24,22,20,15,3,0,0,0,0,0,0,0,0,0,7,30,32,34,34,30,26,21,16,10,9,15,20,25,27,29,30,29,27,24,21,17,14,14,15,20,23
-89,114,14,11,11,9,11,14,15,16,18,21,22,21,19,16,14,12,9,6,2,6,7,8,11,12,12,13,3,0,0,0,0,0,0,0,0,0,3,10,9,10,9,9,11,12,10,10,11,9,9,10,11,12,10,11,15,18,16,13,13,14,12,10,9
-71,114,14,42,42,40,39,37,33,30,26,23,23,23,23,23,23,21,19,17,14,12,10,10,12,14,16,17,5,0,0,0,0,0,0,0,0,0,7,24,22,20,18,17,19,23,27,29,30,31,31,30,27,23,20,17,13,11,14,18,23,27,31,34,35
-89,114,14,11,8,6,9,13,13,15,16,16,18,18,16,14,8,5,6,5,5,8,9,11,13,15,14,11,3,0,0,0,0,0,0,0,0,0,2,9,9,10,10,10,9,10,10,11,12,12,11,9,8,9,10,12,13,12,14,17,14,12,10,9,8
-56,118,8,0,0,0,5,21,22,23,23,22,22,22,22,22,22,24,25,25,24,23,24,23,22,22,22,22,22,21,22,23,23,12,23,23,23,22,22,22,22,21,21,21,22,21,21,22,22,22,22,22,22,22,22,21,21,21,21,21,5,0,0,0,0
-58,163,8,0,0,0,5,20,21,22,23,22,22,21,21,21,22,23,24,24,23,23,23,23,22,22,22,22,22,22,23,24,24,12,24,24,24,23,22,23,23,22,22,22,22,21,21,22,23,24,24,21,19,20,20,21,24,24,26,31,9,0,0,0,0
-58,163,8,0,0,0,5,19,20,20,21,20,20,20,20,19,21,22,22,23,22,22,22,22,21,20,21,21,21,21,22,23,23,11,23,23,23,22,21,21,21,21,21,22,21,21,21,21,21,21,20,21,21,23,25,23,21,19,18,20,5,0,0,0,0
-58,43,1,0,0,0,5,24,24,26,27,26,25,25,26,26,26,27,29,28,27,26,28,28,26,26,26,26,27,26,27,29,29,14,29,29,29,28,28,27,27,26,26,26,26,26,26,26,27,29,28,27,26,26,26,27,27,27,27,26,5,0,0,0,0
-58,43,1,0,0,0,5,20,21,22,23,22,22,22,22,22,23,24,24,23,23,22,23,23,23,22,22,22,22,22,23,24,24,12,23,24,24,23,23,23,23,22,22,22,23,22,21,22,23,23,23,22,22,22,22,22,23,23,22,21,5,0,0,0,0
-55,114,14,17,12,8,8,13,18,23,28,32,35,37,37,36,34,31,28,24,19,13,8,5,6,10,14,17,5,0,0,0,0,0,0,0,0,0,3,14,15,18,20,22,23,23,23,21,19,16,13,9,9,10,14,18,22,26,30,33,34,34,33,32,32
-79,114,14,22,18,17,18,20,22,25,27,26,25,24,21,17,15,15,16,20,26,29,29,28,29,29,24,20,4,0,0,0,0,0,0,0,0,0,8,29,29,28,26,23,19,16,14,18,22,26,30,31,32,31,31,27,21,15,10,7,11,19,24,29,33
-74,114,14,30,26,21,16,12,10,13,17,22,26,29,31,32,31,29,27,21,15,8,2,3,8,12,17,19,5,0,0,0,0,0,0,0,0,0,1,4,9,13,18,23,27,31,33,33,31,29,25,19,15,11,6,3,5,12,18,23,28,31,34,36,38
-59,118,8,0,0,0,6,26,27,28,28,27,26,25,25,25,25,26,26,25,24,23,24,24,22,22,22,21,22,21,22,24,24,12,24,24,24,23,23,23,23,22,22,22,22,23,23,24,25,25,25,25,25,25,25,26,26,26,26,25,6,0,0,0,0
-59,118,8,0,0,0,8,31,31,32,32,31,29,29,28,28,28,30,30,28,27,26,27,26,26,26,26,26,25,25,26,27,27,13,27,27,27,27,27,26,26,26,26,26,26,26,26,27,28,29,28,29,29,29,30,30,29,29,30,30,7,0,0,0,0
-59,43,1,0,0,0,5,23,24,24,24,23,21,21,22,22,22,23,23,23,22,22,22,22,20,20,20,21,21,21,21,22,22,10,22,22,22,21,20,20,20,20,21,21,21,19,19,20,20,21,21,20,19,19,20,19,20,20,19,19,4,0,0,0,0
-79,114,14,16,12,14,16,19,22,23,22,18,17,12,8,8,10,15,19,21,23,25,28,30,30,28,22,17,4,0,0,0,0,0,0,0,0,0,8,29,32,27,15,22,34,23,7,4,7,9,14,21,24,24,24,22,17,11,4,5,7,11,9,10,15
-55,114,14,21,16,10,4,6,12,17,23,27,31,34,34,35,33,30,27,22,16,12,5,2,7,11,15,18,5,0,0,0,0,0,0,0,0,0,1,7,9,13,15,18,20,22,23,23,21,19,15,12,8,5,6,11,15,20,25,29,32,33,34,34,34
-70,114,14,34,29,24,20,16,14,14,14,17,19,19,18,17,16,15,15,14,14,15,17,18,18,17,16,16,3,0,0,0,0,0,0,0,0,0,2,6,3,3,8,13,19,25,29,32,35,36,38,36,33,29,25,19,13,11,13,18,24,29,34,38,39
-86,114,14,12,13,18,23,26,30,34,34,32,29,27,24,19,15,12,9,6,3,8,11,14,17,18,21,27,8,0,0,0,0,0,0,0,0,0,5,18,16,17,15,12,10,11,11,10,9,10,9,8,8,12,14,14,15,16,17,18,19,16,11,8,9
-60,118,8,0,0,0,5,21,22,25,28,25,22,21,22,21,22,23,24,23,22,21,23,23,21,22,21,21,22,22,23,25,25,12,24,24,24,24,23,24,24,23,23,24,24,23,22,23,24,25,25,25,24,24,25,24,25,25,24,24,6,0,0,0,0
-59,43,1,0,0,0,5,22,22,25,25,24,24,24,24,24,25,26,27,26,26,26,26,26,25,25,25,25,25,25,25,27,27,13,27,27,27,26,25,25,25,24,25,25,25,23,23,24,24,24,23,23,23,23,22,22,23,22,22,22,5,0,0,0,0
-53,114,14,41,38,31,24,16,8,5,12,21,28,35,40,44,45,46,46,43,39,34,28,21,14,9,8,9,2,0,0,0,0,0,0,0,0,0,1,3,4,6,10,15,18,22,25,27,27,27,26,24,20,15,10,5,2,8,16,22,29,34,38,43,45
-91,114,14,14,16,14,14,17,21,20,18,16,15,15,12,9,10,10,8,5,2,1,5,6,5,8,8,8,2,0,0,0,0,0,0,0,0,0,3,12,11,9,6,6,6,6,7,7,9,12,11,9,10,9,7,5,4,3,4,4,2,0,3,6,10
-72,114,14,28,23,20,16,13,10,8,9,12,16,17,18,20,20,19,19,16,14,11,6,2,1,4,7,9,2,0,0,0,0,0,0,0,0,0,3,11,11,12,13,17,24,28,31,33,34,33,33,30,25,20,16,12,10,13,19,25,29,33,34,36,37
-59,118,8,0,0,0,5,23,24,25,25,24,24,24,23,24,24,25,25,25,23,23,24,24,22,22,22,23,23,23,23,24,24,12,25,25,25,24,23,24,24,23,23,24,24,23,23,24,25,25,25,25,24,24,24,24,24,24,24,23,5,0,0,0,0
-59,43,1,0,0,0,5,22,22,23,23,22,21,21,21,21,22,23,23,23,22,22,22,22,21,21,21,21,22,21,22,23,24,12,24,24,24,23,23,23,23,23,22,22,23,23,23,23,23,24,25,23,23,23,23,23,23,24,23,23,5,0,0,0,0
-52,114,14,36,31,22,14,7,5,11,18,26,33,37,40,42,41,39,37,32,26,20,13,5,3,7,13,17,4,0,0,0,0,0,0,0,0,0,2,5,2,4,8,14,19,24,28,31,31,31,30,27,23,17,12,5,2,9,17,24,30,34,37,41,42
-52,114,14,34,30,22,15,7,3,8,15,21,28,32,35,37,36,35,33,29,24,18,11,5,3,7,13,16,4,0,0,0,0,0,0,0,0,0,2,6,2,2,6,11,15,20,24,26,28,27,27,24,20,16,11,5,2,8,15,22,27,32,35,38,40
-73,114,14,32,27,21,15,12,6,6,11,18,24,28,30,31,31,28,24,20,13,6,2,6,11,15,18,20,5,0,0,0,0,0,0,0,0,0,4,13,13,12,14,16,18,22,26,27,28,29,28,26,21,16,11,6,1,9,18,25,30,32,35,38,41
-86,114,14,14,13,15,18,19,22,24,27,30,29,26,26,23,19,16,13,7,2,1,5,9,11,14,15,18,5,0,0,0,0,0,0,0,0,0,4,14,16,18,18,20,21,21,20,21,20,17,13,12,10,8,8,11,13,14,13,15,16,18,16,14,13
-58,118,8,0,0,0,6,21,22,23,24,23,23,23,23,23,24,25,25,25,24,24,25,24,23,23,23,23,23,23,24,24,25,12,24,25,25,24,23,24,23,23,22,22,22,22,22,23,23,24,23,23,22,22,22,22,21,23,22,21,5,0,0,0,0
-58,43,1,0,0,0,5,23,23,25,26,25,25,24,24,24,25,26,26,26,26,26,27,26,25,26,25,25,25,25,26,27,27,13,27,27,27,26,25,26,26,24,24,25,24,24,24,25,25,26,25,25,25,24,24,24,24,24,24,23,5,0,0,0,0
-54,114,14,25,19,12,7,8,13,19,25,31,35,37,39,39,38,35,32,29,23,18,13,10,11,14,18,20,6,0,0,0,0,0,0,0,0,0,1,3,6,10,13,16,19,22,24,24,23,21,19,15,11,6,2,6,12,17,24,28,33,34,35,37,38
-72,114,14,39,41,39,38,36,33,30,26,23,21,19,17,16,14,12,9,8,7,8,11,13,16,17,17,17,4,0,0,0,0,0,0,0,0,0,6,23,21,20,18,18,20,24,28,31,32,33,34,33,31,27,23,18,15,12,13,18,21,23,25,29,32
-72,114,14,35,36,36,34,33,31,27,24,22,20,18,17,17,14,11,9,7,6,6,10,13,15,15,16,15,4,0,0,0,0,0,0,0,0,0,5,20,19,18,15,15,17,21,25,27,29,31,32,31,28,25,21,18,15,13,14,16,19,21,24,28,31
-58,118,8,0,0,0,6,21,21,23,23,23,22,23,23,23,24,25,26,25,25,25,26,25,24,24,24,25,25,24,25,27,26,13,26,27,27,26,25,26,26,25,24,25,25,25,25,25,26,27,27,26,26,25,25,25,26,26,25,25,7,0,0,0,0
-58,43,1,0,0,0,5,23,23,25,25,25,24,24,24,25,26,27,28,27,27,27,28,28,26,26,27,27,28,27,28,28,29,14,29,30,30,29,28,29,28,27,27,27,28,26,26,27,28,29,29,28,27,27,28,28,28,28,28,27,7,0,0,0,0
-59,163,8,32,31,28,27,28,27,27,30,32,30,27,27,27,27,28,27,27,26,25,25,24,24,24,23,23,6,0,0,0,0,0,0,0,0,0,4,15,16,17,18,17,18,19,19,19,20,23,25,25,24,24,25,25,25,25,26,26,27,26,27,29,30
-54,114,14,25,21,14,9,8,12,19,25,31,36,40,42,42,40,38,35,30,24,17,12,9,10,14,19,23,5,0,0,0,0,0,0,0,0,0,1,2,2,6,9,12,15,18,20,21,20,19,18,16,12,9,5,5,9,14,19,24,28,30,32,35,37
-81,114,14,28,30,30,30,30,29,27,24,21,17,13,8,6,10,16,21,28,33,36,37,36,32,27,24,22,5,0,0,0,0,0,0,0,0,0,8,32,33,32,30,25,20,17,12,6,5,12,16,21,22,23,26,28,25,20,14,7,4,6,11,15,19
-72,114,14,28,22,17,10,5,4,10,17,23,26,31,33,33,32,29,26,22,17,11,5,2,7,10,14,16,4,0,0,0,0,0,0,0,0,0,2,6,8,12,15,18,21,23,26,28,25,23,21,18,13,8,3,4,9,14,19,24,29,31,35,37,37
-86,114,14,9,13,15,18,22,25,28,32,32,30,29,27,22,14,12,9,5,4,5,6,8,11,15,20,21,5,0,0,0,0,0,0,0,0,0,2,11,14,16,17,16,16,14,15,12,8,8,10,13,13,13,15,16,17,20,18,13,13,13,12,11,12
-59,118,8,0,0,0,5,18,18,19,19,19,18,19,19,19,20,21,22,22,21,21,22,22,21,21,22,22,22,22,23,25,24,12,25,25,25,25,24,25,24,24,24,24,25,23,23,24,25,25,25,24,24,24,24,24,24,24,24,24,6,0,0,0,0
-59,43,1,0,0,0,4,20,21,23,23,22,22,22,22,22,24,25,26,26,24,24,26,26,24,24,25,25,25,24,26,26,26,13,27,28,28,27,26,27,26,26,26,26,26,25,24,25,26,27,26,26,25,24,24,25,25,25,24,23,5,0,0,0,0
-81,114,14,23,24,25,26,26,25,24,23,18,13,8,2,5,11,18,26,31,33,33,30,27,23,19,16,11,2,0,0,0,0,0,0,0,0,0,7,27,28,29,27,23,18,11,3,3,9,15,21,21,21,22,23,24,22,17,12,8,4,1,6,10,11
-54,114,14,26,20,13,9,8,13,19,25,31,35,38,38,39,37,33,30,25,18,12,8,8,12,17,21,24,5,0,0,0,0,0,0,0,0,0,0,3,6,10,14,17,20,23,25,26,25,23,21,17,13,9,5,7,12,17,22,28,32,34,35,36,37
-70,114,14,37,33,31,28,25,23,22,21,20,20,18,17,16,14,12,11,11,13,14,16,17,17,17,14,13,3,0,0,0,0,0,0,0,0,0,5,15,11,6,5,9,15,21,26,31,35,37,38,37,34,32,28,23,19,17,19,22,27,31,34,38,40
-85,114,14,15,17,17,17,17,21,25,28,29,33,33,30,25,20,18,14,7,6,8,11,14,17,17,20,22,5,0,0,0,0,0,0,0,0,0,4,17,20,19,18,19,20,23,23,21,20,16,13,15,15,14,17,18,19,19,20,21,22,21,21,17,12
-70,114,14,36,34,31,29,26,23,21,21,21,21,20,18,17,14,12,12,13,14,17,19,19,18,18,17,16,4,0,0,0,0,0,0,0,0,0,4,14,11,6,4,8,13,20,26,31,34,36,37,36,33,30,25,21,17,15,18,21,27,30,35,38,40
-59,118,8,0,0,0,5,22,22,24,25,24,24,24,24,25,26,27,28,28,27,27,28,28,28,28,28,28,28,28,29,31,31,15,31,32,32,31,30,30,30,29,28,28,29,28,28,29,30,30,30,29,29,28,28,28,28,28,27,27,6,0,0,0,0
-57,163,8,0,0,0,6,24,24,25,26,24,24,24,24,24,25,26,26,26,24,24,26,25,24,23,23,23,24,23,24,25,25,12,26,26,26,25,25,25,25,25,25,25,25,25,24,26,26,27,27,27,27,27,27,26,27,27,26,26,6,0,0,0,0
-55,43,1,0,0,0,7,25,26,27,28,26,26,27,26,26,28,29,29,29,27,27,28,27,26,25,26,26,26,26,26,27,27,13,28,28,28,27,27,27,27,27,26,27,27,26,26,27,27,28,28,27,27,27,28,27,27,28,27,27,7,0,0,0,0
-83,114,14,18,18,17,15,13,12,13,12,9,8,4,2,3,5,10,14,18,21,22,25,24,21,20,21,23,6,0,0,0,0,0,0,0,0,0,8,33,35,36,36,33,28,24,18,9,1,7,14,19,23,27,27,26,24,21,22,20,15,14,14,16,19
-53,114,14,29,23,18,13,10,11,14,21,25,31,35,38,40,39,38,37,33,28,22,15,7,1,5,11,16,4,0,0,0,0,0,0,0,0,0,4,14,17,20,22,24,26,27,28,28,26,25,23,21,18,16,15,16,19,22,25,30,33,35,36,38,39
-72,114,14,23,17,12,10,13,17,20,23,27,31,32,31,30,28,25,21,17,12,8,9,10,13,17,19,20,5,0,0,0,0,0,0,0,0,0,3,12,11,10,12,15,18,22,24,25,25,25,25,22,18,13,9,8,12,18,26,31,34,36,39,39,38
-57,118,8,0,0,0,7,28,29,29,30,29,29,28,28,28,30,30,30,30,29,28,29,28,26,26,26,26,26,25,26,26,27,13,26,26,26,25,25,25,25,24,23,24,24,23,23,24,24,25,25,24,24,24,24,25,24,25,24,24,6,0,0,0,0
-57,163,8,0,0,0,5,23,24,25,25,24,24,23,23,24,24,25,25,25,24,23,24,23,21,21,21,21,21,21,21,22,22,11,21,22,21,21,20,20,20,19,19,18,19,18,19,20,19,21,21,20,20,19,19,20,20,20,20,19,5,0,0,0,0
-56,163,8,0,0,0,8,29,31,32,32,31,30,30,29,29,30,31,31,30,29,29,29,29,27,26,26,26,26,25,26,27,28,14,27,27,27,26,25,26,26,25,25,25,26,24,24,25,25,26,26,25,25,25,25,25,25,26,25,25,7,0,0,0,0
-56,43,1,0,0,0,7,29,30,31,32,30,29,29,29,29,29,30,31,31,29,28,29,28,26,26,26,26,26,26,26,27,27,13,27,27,27,26,25,25,25,24,25,24,25,23,23,25,24,25,25,25,25,24,24,24,24,24,24,24,6,0,0,0,0
-56,43,1,0,0,0,7,27,27,29,29,28,27,27,27,27,27,28,28,27,26,26,26,26,25,24,24,24,24,23,24,25,25,12,24,25,25,24,23,23,23,23,22,23,23,22,22,22,23,23,23,23,22,22,22,22,22,22,22,21,6,0,0,0,0
-82,114,14,24,23,18,16,14,10,10,10,12,12,14,14,12,10,11,12,15,15,14,17,18,16,14,12,13,3,0,0,0,0,0,0,0,0,0,8,33,34,33,32,28,23,17,10,5,9,14,20,24,26,28,27,27,25,23,18,16,16,18,22,23,21
-52,114,14,37,35,33,28,22,16,10,7,11,17,24,30,35,37,39,39,38,35,31,25,18,13,7,7,10,3,0,0,0,0,0,0,0,0,0,3,16,16,15,14,13,12,13,15,18,21,24,27,29,30,30,29,27,24,21,19,19,19,22,26,31,36
-75,114,14,31,26,22,21,21,22,24,26,27,26,25,24,23,23,22,21,20,16,13,10,9,10,12,14,16,4,0,0,0,0,0,0,0,0,0,4,13,12,10,8,7,8,12,17,21,25,28,31,32,30,28,26,22,16,16,21,27,34,39,43,48,48
-74,114,14,29,20,15,13,16,20,24,26,27,27,26,25,24,24,23,22,18,16,15,13,12,14,16,19,20,6,0,0,0,0,0,0,0,0,0,3,13,10,6,4,5,9,16,21,25,29,32,33,31,28,24,20,14,8,11,19,27,34,40,45,48,49
-57,118,8,0,0,0,7,30,30,31,32,31,30,30,29,29,30,31,31,30,29,28,29,28,26,26,26,25,25,25,25,27,27,13,26,26,25,25,25,25,25,24,23,23,24,23,22,23,23,24,24,23,23,23,22,22,21,21,21,20,5,0,0,0,0
-55,163,8,0,0,0,6,28,28,30,30,29,29,29,29,29,29,31,31,31,29,29,29,29,26,26,27,27,27,26,26,28,27,12,26,27,27,26,25,25,25,24,24,24,24,24,23,25,25,25,25,25,23,24,24,24,24,24,23,23,5,0,0,0,0
-56,43,1,0,0,0,7,28,29,29,29,29,28,27,28,28,28,29,30,29,27,27,27,27,26,26,25,25,25,24,25,26,26,13,26,26,26,25,24,24,24,24,23,23,23,23,23,24,24,25,24,24,24,23,24,23,24,24,23,23,5,0,0,0,0
-83,114,14,31,25,19,14,14,14,12,13,12,14,13,13,11,11,16,20,24,27,29,25,22,22,20,17,20,5,0,0,0,0,0,0,0,0,0,8,31,34,33,28,25,22,16,12,10,11,17,22,24,26,29,27,20,17,17,14,15,20,26,30,32,36
-53,114,14,43,41,39,33,28,21,13,6,6,13,21,29,35,39,42,44,44,42,40,34,28,22,17,13,12,3,0,0,0,0,0,0,0,0,0,6,21,21,20,18,16,13,13,15,18,21,25,29,32,33,33,33,31,26,22,20,17,16,20,24,30,34
-87,114,14,18,20,19,18,18,19,20,21,20,19,24,25,21,18,17,15,15,14,9,7,8,9,8,7,7,2,0,0,0,0,0,0,0,0,0,3,12,12,14,13,10,11,13,13,13,12,12,13,12,10,8,8,9,9,9,9,10,9,8,9,13,16
-70,114,14,39,40,39,37,35,33,29,25,21,17,14,14,13,12,11,11,11,11,11,11,12,12,12,12,12,2,0,0,0,0,0,0,0,0,0,5,18,17,16,15,14,17,20,24,27,30,32,33,32,31,28,24,20,16,14,12,13,16,19,22,26,29
-88,114,14,17,17,16,16,17,19,19,20,19,18,19,20,20,18,17,16,12,9,8,9,8,7,7,8,8,2,0,0,0,0,0,0,0,0,0,3,13,12,11,11,13,13,13,13,12,14,16,15,12,12,12,11,12,13,11,8,8,9,12,13,13,12
-56,118,8,0,0,0,7,31,31,33,33,31,30,30,29,30,31,32,33,31,29,29,30,29,27,26,26,26,26,25,26,27,27,13,26,26,25,24,24,24,23,22,22,22,23,22,22,22,23,24,23,23,23,22,22,23,23,24,22,22,5,0,0,0,0
-55,43,1,0,0,0,8,30,31,33,33,32,31,31,30,31,31,32,33,32,30,30,31,30,28,28,27,27,27,27,28,29,29,14,29,29,29,28,27,27,27,26,26,26,26,26,25,26,27,27,27,27,26,26,26,25,25,26,25,25,6,0,0,0,0
-54,114,14,39,35,30,24,17,10,9,12,19,26,32,37,41,43,44,43,40,36,30,24,16,9,2,5,10,3,0,0,0,0,0,0,0,0,0,2,8,7,9,11,14,17,22,26,28,30,31,31,30,28,25,23,20,17,17,19,24,29,33,37,41,45
-71,114,14,30,25,20,14,8,3,4,9,15,19,22,25,27,27,26,25,22,19,15,10,5,2,3,5,7,2,0,0,0,0,0,0,0,0,0,1,10,12,15,20,24,26,30,31,31,29,27,24,19,13,7,1,5,12,18,23,27,32,35,36,38,39
-56,118,8,0,0,0,8,31,32,33,33,32,31,30,30,30,30,32,32,31,30,29,29,29,27,27,27,26,26,26,26,27,26,12,26,26,26,25,24,24,24,23,23,24,23,23,23,23,24,25,25,24,24,24,24,24,24,24,24,23,5,0,0,0,0
-57,163,8,0,0,0,7,29,29,31,31,30,30,29,28,28,29,30,31,30,28,28,28,28,26,26,26,25,25,25,26,27,27,13,26,26,26,25,25,25,24,23,23,23,24,23,24,24,24,25,24,24,24,24,24,24,24,24,24,23,6,0,0,0,0
-57,163,8,0,0,0,6,28,29,30,31,29,29,28,28,28,29,30,30,29,29,27,28,27,26,26,25,26,25,25,26,26,26,12,26,26,26,25,25,25,24,23,23,24,24,23,23,23,24,24,24,24,24,23,23,24,23,23,23,23,5,0,0,0,0
-56,43,1,0,0,0,7,30,30,32,32,31,30,31,30,30,30,31,32,31,29,28,30,29,28,27,26,26,26,25,26,27,27,14,27,27,27,25,24,25,24,24,24,24,24,23,23,24,25,25,25,25,25,24,24,24,24,24,24,24,6,0,0,0,0
-82,114,14,35,31,27,22,19,15,14,15,17,17,18,19,19,17,18,19,18,21,23,23,21,21,18,15,12,2,0,0,0,0,0,0,0,0,0,8,32,33,31,26,22,15,9,2,7,16,23,29,33,34,33,30,27,22,17,11,9,16,21,28,35,42
-53,114,14,18,17,15,14,12,10,9,10,11,13,15,17,19,20,21,21,20,18,17,14,10,7,4,2,2,1,0,0,0,0,0,0,0,0,0,2,7,8,8,9,9,10,11,12,12,13,13,13,13,13,13,13,12,12,12,13,14,16,16,17,18,19
-68,114,14,25,21,19,20,21,23,25,26,27,27,25,22,20,16,13,10,9,10,11,13,15,16,16,15,15,4,0,0,0,0,0,0,0,0,0,1,6,6,8,12,17,22,27,31,33,33,33,31,28,23,19,17,17,20,24,30,35,39,41,40,41,41
-87,114,14,23,22,20,20,20,17,16,16,16,16,18,19,17,16,15,12,12,12,10,5,4,3,5,7,8,1,0,0,0,0,0,0,0,0,0,3,10,9,11,14,13,13,14,16,16,17,14,11,11,12,10,7,5,4,2,3,6,10,14,15,14,15
-68,114,14,24,18,16,17,17,20,23,24,25,25,23,21,18,14,11,9,7,8,10,12,13,15,15,14,15,3,0,0,0,0,0,0,0,0,0,2,7,5,7,12,17,21,26,30,32,32,31,30,27,22,18,14,14,17,21,27,33,37,38,39,40,39
-56,118,8,0,0,0,6,25,25,27,27,26,25,25,24,24,25,25,26,25,24,23,24,24,22,22,22,22,22,21,22,22,22,11,23,22,22,21,21,21,21,20,19,19,20,19,19,20,20,20,20,20,19,19,19,18,18,18,19,18,5,0,0,0,0
-57,43,1,0,0,0,7,25,25,26,27,26,25,25,24,25,26,26,26,26,24,24,25,24,23,23,23,22,22,22,23,23,23,12,22,22,22,22,21,21,21,21,20,21,20,20,20,21,21,21,21,21,21,20,21,21,21,21,21,20,5,0,0,0,0
-90,114,14,11,10,9,7,5,5,5,6,11,10,9,9,7,7,7,5,5,6,7,7,3,3,5,4,4,1,0,0,0,0,0,0,0,0,0,0,3,5,7,8,8,8,8,8,7,7,7,7,8,9,10,12,12,11,10,7,5,5,4,7,12,14
-81,114,14,34,31,27,24,21,18,18,18,18,19,21,21,21,18,18,19,19,20,20,20,21,19,18,16,13,3,0,0,0,0,0,0,0,0,0,7,30,29,26,23,19,12,5,3,10,18,25,30,32,33,31,31,26,19,13,8,7,13,21,27,31,35
-52,114,14,26,24,22,20,17,16,14,16,17,20,23,26,29,30,29,30,29,26,24,19,15,11,6,4,5,1,0,0,0,0,0,0,0,0,0,3,13,13,15,16,17,17,18,19,19,18,18,18,17,17,17,18,18,19,19,22,23,24,26,27,27,28
-73,114,14,33,25,16,9,4,5,10,16,20,23,25,26,24,22,19,16,12,7,4,5,7,9,12,14,16,5,0,0,0,0,0,0,0,0,0,1,5,2,7,13,21,27,33,38,42,42,41,41,37,30,22,16,8,5,13,22,29,35,40,43,44,43
-89,114,14,18,17,15,16,15,11,7,8,9,13,14,14,16,17,18,17,16,15,15,12,5,1,4,5,6,1,0,0,0,0,0,0,0,0,0,2,7,3,4,7,5,8,11,11,10,9,12,14,13,12,10,8,7,4,1,2,3,5,7,8,12,17
-57,118,8,0,0,0,7,28,29,30,30,29,29,28,28,28,29,29,29,29,28,28,28,27,26,26,25,25,25,25,26,26,27,13,26,26,26,25,24,24,24,24,23,23,23,23,23,24,25,25,25,24,23,23,24,24,24,24,24,23,6,0,0,0,0
-56,43,1,0,0,0,6,23,24,25,25,24,24,24,24,24,24,25,25,25,25,25,25,25,23,23,24,23,23,22,23,25,25,13,25,25,24,24,23,23,23,23,22,23,24,23,23,24,24,25,25,25,25,25,25,25,25,25,24,24,6,0,0,0,0
-79,114,14,45,41,32,26,20,16,15,14,15,18,21,22,23,22,22,24,24,23,23,25,22,18,14,12,10,2,0,0,0,0,0,0,0,0,0,7,30,31,30,26,20,13,6,1,8,16,24,30,36,37,37,37,32,22,16,10,7,13,20,31,40,44
-53,114,14,18,17,16,15,14,13,12,12,13,14,15,17,18,19,20,20,20,19,17,14,12,9,6,4,4,1,0,0,0,0,0,0,0,0,0,2,8,8,8,9,9,9,9,9,9,9,10,10,11,11,12,13,14,14,14,14,15,15,15,15,16,17
-72,114,14,31,24,17,13,12,17,22,25,28,31,32,31,29,25,21,16,11,5,2,5,9,11,12,14,15,3,0,0,0,0,0,0,0,0,0,3,9,8,8,8,11,15,20,24,27,28,29,30,30,27,24,20,16,13,17,23,29,35,39,43,46,46
-86,114,14,21,22,20,18,18,22,23,23,24,25,25,25,25,23,21,19,15,14,14,12,8,7,10,12,12,3,0,0,0,0,0,0,0,0,0,4,16,15,13,11,10,11,13,14,15,14,14,15,15,13,12,12,12,11,11,10,10,10,14,16,17,19
-72,114,14,30,23,17,14,15,17,22,25,28,30,31,30,29,25,21,16,10,5,1,4,7,10,12,13,15,3,0,0,0,0,0,0,0,0,0,2,10,9,7,7,9,13,18,22,24,26,27,28,26,23,21,18,15,14,16,22,29,35,39,43,45,46
-57,118,8,0,0,0,6,25,26,27,28,26,26,25,25,25,25,26,27,27,26,25,26,25,24,24,24,23,23,24,24,26,25,13,25,25,25,24,23,24,24,23,22,23,24,22,23,23,24,24,25,25,23,24,24,24,24,24,24,24,6,0,0,0,0
-57,43,1,0,0,0,6,26,27,27,28,27,26,26,26,26,26,27,28,28,26,25,26,26,25,24,24,25,25,24,25,26,26,13,26,26,26,25,25,25,25,24,23,24,25,24,23,24,25,25,26,25,24,25,25,25,25,25,24,24,5,0,0,0,0
-57,43,1,0,0,0,7,26,27,28,29,28,27,26,26,27,27,28,29,28,26,26,27,26,25,25,25,25,25,24,25,27,26,13,26,27,26,26,25,25,25,25,24,24,25,24,25,26,26,26,27,26,26,25,25,25,25,26,25,25,6,0,0,0,0
-57,43,1,0,0,0,6,26,27,28,29,27,26,26,26,27,28,28,29,28,26,26,27,26,25,25,25,25,25,25,26,26,26,13,26,27,27,26,25,25,25,25,25,25,25,24,24,25,26,27,27,25,25,25,25,26,26,26,25,25,6,0,0,0,0
-92,114,14,10,9,8,8,7,8,7,5,3,1,3,4,5,5,7,7,7,5,5,5,3,2,3,4,3,1,0,0,0,0,0,0,0,0,0,0,3,7,8,7,8,8,8,8,7,7,7,7,8,10,12,13,13,11,9,7,5,3,2,5,7,10
-79,114,14,36,33,29,24,22,18,17,18,18,21,21,22,23,23,26,29,31,31,31,30,28,24,19,14,9,2,0,0,0,0,0,0,0,0,0,7,28,27,25,23,18,12,6,2,10,18,25,29,32,33,33,31,25,19,12,5,7,14,21,27,35,41
-54,114,14,20,19,18,17,15,14,13,13,15,16,18,20,21,22,22,23,22,20,18,16,12,9,6,4,5,2,0,0,0,0,0,0,0,0,0,2,9,10,10,11,11,11,11,11,10,9,10,11,12,12,13,14,15,15,16,16,18,18,17,18,19,20
-53,114,14,18,18,17,15,15,13,13,13,13,14,16,18,19,20,21,21,20,20,17,14,11,8,5,3,4,1,0,0,0,0,0,0,0,0,0,2,8,9,9,10,10,10,10,9,9,9,10,10,11,12,13,14,15,15,16,16,17,17,17,17,18,18
-71,114,14,40,38,35,31,27,23,17,13,9,9,10,12,14,13,12,10,7,5,5,6,8,10,12,13,13,2,0,0,0,0,0,0,0,0,0,5,21,19,17,14,12,13,16,21,24,28,31,35,37,36,35,32,26,20,14,8,4,9,16,21,27,31
-86,114,14,25,27,23,20,21,22,20,20,21,23,26,26,22,22,24,22,20,17,14,14,13,8,6,9,11,3,0,0,0,0,0,0,0,0,0,4,18,14,13,13,11,10,13,18,17,15,15,14,15,16,17,16,13,9,8,9,10,10,9,12,14,18
-57,118,8,0,0,0,5,21,22,23,23,22,22,22,21,22,22,23,24,23,22,22,23,22,21,21,21,21,21,20,21,22,23,11,23,23,23,22,22,22,22,21,20,20,21,21,21,22,22,23,23,22,22,22,22,22,22,22,22,22,5,0,0,0,0
-58,163,8,0,0,0,5,24,25,26,26,25,25,25,24,24,25,26,27,27,26,26,27,26,25,25,26,25,25,26,27,27,27,13,28,28,28,27,26,27,27,26,25,26,26,26,27,28,28,29,30,29,29,28,29,28,29,29,29,28,7,0,0,0,0
-57,43,1,0,0,0,5,22,23,24,25,24,24,24,24,24,24,26,26,26,26,25,26,26,25,25,24,25,25,24,25,27,26,13,27,27,27,26,25,25,24,24,24,24,24,24,24,25,26,26,26,26,26,25,26,26,26,26,25,25,6,0,0,0,0
-57,163,8,0,0,0,5,23,24,25,25,25,24,24,24,24,26,26,26,26,26,26,26,26,25,25,25,25,26,25,26,27,27,12,26,27,26,26,26,25,25,24,24,24,25,24,24,25,26,27,27,26,26,26,26,27,27,27,26,25,6,0,0,0,0
-79,114,14,32,32,28,26,21,19,18,19,20,22,22,23,21,20,21,23,23,24,23,23,21,18,17,15,12,3,0,0,0,0,0,0,0,0,0,7,27,27,25,23,18,13,7,2,10,17,22,29,31,31,29,25,20,16,10,3,6,14,22,30,39,42
-53,114,14,15,14,14,12,12,11,10,10,10,12,14,15,17,17,18,18,18,17,16,13,10,7,5,3,3,1,0,0,0,0,0,0,0,0,0,1,7,7,7,7,7,7,7,7,7,7,8,8,10,10,11,12,12,12,12,12,13,12,13,12,14,14
-87,114,14,24,24,23,24,24,20,17,16,17,19,19,20,21,20,20,19,17,16,16,13,10,7,5,4,5,2,0,0,0,0,0,0,0,0,0,2,11,10,9,9,10,12,13,12,11,11,11,12,12,10,10,9,6,5,6,5,5,5,9,11,13,18
-70,114,14,25,17,10,4,3,10,16,22,26,30,33,34,34,31,29,25,19,13,7,2,5,10,14,18,21,6,0,0,0,0,0,0,0,0,0,3,15,17,20,24,26,27,29,29,26,22,19,14,8,1,5,11,16,22,28,34,37,39,41,42,42,41
-86,114,14,22,24,22,21,19,18,20,19,18,18,21,21,21,23,24,22,20,19,16,10,7,6,4,5,6,1,0,0,0,0,0,0,0,0,0,6,19,14,11,11,12,12,11,12,12,11,9,8,10,9,13,14,10,6,5,4,5,8,9,10,15,21
-56,118,8,0,0,0,6,26,26,28,29,28,27,27,26,26,27,28,29,29,28,26,28,27,25,25,25,26,26,25,26,27,27,13,26,26,26,25,25,25,25,24,24,25,25,24,24,25,26,26,26,26,25,25,26,26,26,26,25,25,6,0,0,0,0
-56,163,8,0,0,0,7,26,27,28,30,29,28,27,27,27,29,30,30,29,29,28,29,28,27,27,27,27,27,26,26,28,29,14,28,28,28,27,26,27,27,26,25,26,26,26,25,27,27,28,28,27,27,27,27,27,27,28,28,27,7,0,0,0,0
-56,43,1,0,0,0,6,23,24,26,26,25,25,24,24,24,25,26,26,26,25,24,25,25,23,23,23,23,23,23,23,24,25,12,24,24,24,23,23,23,23,22,21,22,22,21,22,23,24,24,24,23,23,23,23,22,23,23,22,22,5,0,0,0,0
-82,114,14,37,33,29,24,22,22,22,24,24,23,25,26,23,19,18,18,19,22,23,23,22,20,18,13,10,2,0,0,0,0,0,0,0,0,0,7,28,29,29,26,22,14,7,0,8,17,22,26,31,32,31,29,24,18,12,4,6,14,22,31,36,40
-53,114,14,19,19,18,17,16,14,13,12,12,13,13,16,18,19,21,22,22,21,19,17,14,11,8,4,2,1,0,0,0,0,0,0,0,0,0,2,9,9,9,9,9,8,8,8,8,9,9,11,12,13,14,15,15,15,15,15,15,13,14,13,14,15
-71,114,14,24,19,18,18,20,21,23,24,25,24,22,20,17,13,10,6,5,7,10,12,14,14,13,13,12,3,0,0,0,0,0,0,0,0,0,2,8,6,6,10,16,22,29,34,37,37,36,34,30,25,20,17,15,18,22,29,34,37,38,39,41,40
-87,114,14,22,25,25,23,23,19,17,20,22,25,25,22,21,21,21,21,19,14,10,8,9,7,7,8,8,2,0,0,0,0,0,0,0,0,0,7,23,16,9,10,17,19,20,24,20,16,16,16,14,14,13,9,9,9,9,11,14,12,9,13,17,19
-70,114,14,22,19,17,17,17,18,19,20,21,21,19,18,14,11,8,5,4,7,9,11,12,13,12,11,11,3,0,0,0,0,0,0,0,0,0,2,7,4,4,9,14,19,25,30,33,34,33,31,28,24,20,16,13,14,19,25,30,32,34,35,37,35
-56,118,8,0,0,0,6,24,25,26,26,25,24,25,24,24,25,26,26,27,25,25,25,25,24,24,23,24,24,24,25,25,25,12,25,25,25,25,24,24,24,23,22,23,24,22,22,23,24,24,24,24,24,23,23,23,23,24,23,23,6,0,0,0,0
-56,163,8,0,0,0,6,26,27,29,29,28,27,27,27,28,27,29,29,28,27,27,27,26,26,26,26,26,26,25,26,28,27,13,27,27,27,26,26,26,26,26,26,25,26,25,25,26,27,28,28,28,27,26,27,27,27,27,26,26,7,0,0,0,0
-56,43,1,0,0,0,6,22,23,25,25,24,23,23,22,24,25,25,25,25,24,23,24,24,24,23,23,23,23,23,24,25,25,12,25,26,25,25,24,25,25,24,23,24,24,24,24,24,26,26,25,25,25,25,25,25,25,25,24,24,6,0,0,0,0
-57,163,8,28,29,28,28,27,26,25,25,25,26,25,25,26,27,27,28,26,26,25,24,24,24,23,22,21,5,0,0,0,0,0,0,0,0,0,4,16,16,18,19,19,18,19,20,20,22,24,24,23,22,23,24,24,23,23,24,24,24,25,26,27,28
-52,114,14,17,17,17,15,14,12,10,8,7,9,10,13,15,17,18,18,19,17,15,13,10,7,5,2,2,1,0,0,0,0,0,0,0,0,0,1,8,8,7,6,5,5,5,5,7,8,10,11,12,12,13,13,13,12,10,9,8,7,8,9,11,13
-71,114,14,38,31,24,17,10,2,6,12,17,21,25,26,26,25,22,19,15,10,5,1,3,6,9,12,13,3,0,0,0,0,0,0,0,0,0,3,12,11,13,16,18,22,27,31,34,35,37,38,35,32,28,22,14,7,5,9,18,26,33,39,43,43
-88,114,14,17,20,20,21,22,19,15,16,16,15,15,16,17,16,15,15,14,10,6,3,2,4,7,9,10,3,0,0,0,0,0,0,0,0,0,3,9,9,6,7,6,8,11,13,14,15,16,16,16,16,14,12,10,8,8,8,3,2,6,8,10,10
-57,118,8,0,0,0,6,25,26,27,27,26,26,26,25,25,26,27,27,26,25,24,25,25,24,24,24,24,24,23,24,25,25,12,25,26,26,25,24,25,25,24,24,24,25,24,24,25,25,26,26,25,25,25,25,25,25,25,24,24,6,0,0,0,0
-57,118,8,0,0,0,6,25,26,27,28,26,26,25,25,25,25,26,27,26,25,24,25,25,24,24,24,23,23,23,24,25,25,12,25,26,26,25,24,25,24,24,23,23,24,24,24,25,25,26,26,25,25,25,25,26,26,26,25,25,6,0,0,0,0
-56,43,1,0,0,0,6,27,27,29,29,28,28,27,27,27,28,29,30,29,28,27,28,28,26,26,26,26,26,25,26,27,27,13,27,27,27,26,25,25,25,25,25,25,25,24,24,25,26,26,26,25,25,25,25,25,25,25,25,24,6,0,0,0,0
-92,114,14,17,14,9,9,8,5,5,2,7,6,2,4,6,7,7,7,8,9,8,8,6,5,3,3,2,1,0,0,0,0,0,0,0,0,0,1,4,5,4,5,6,7,7,7,6,7,7,6,8,12,15,13,9,7,7,5,4,1,7,10,12,17
-80,114,14,29,24,21,23,25,21,17,17,18,17,16,15,13,14,13,16,20,22,24,26,24,20,15,12,10,3,0,0,0,0,0,0,0,0,0,6,26,27,27,23,17,10,5,3,11,17,23,27,30,31,29,26,21,15,9,5,4,12,18,26,33,36
-53,114,14,32,31,30,27,26,23,20,19,19,20,23,27,30,32,35,36,36,35,33,29,24,19,13,8,5,1,0,0,0,0,0,0,0,0,0,2,11,12,13,13,14,15,16,17,19,19,20,21,22,22,23,23,22,22,22,21,21,21,21,23,25,27
-72,114,14,28,21,15,8,5,9,14,19,22,25,26,26,25,22,19,15,10,7,5,6,8,10,11,12,12,3,0,0,0,0,0,0,0,0,0,1,6,6,7,9,12,17,21,25,27,28,29,30,27,23,18,12,5,3,11,18,25,31,35,40,43,43
-84,114,14,26,25,24,27,32,32,29,29,30,31,29,28,28,25,23,19,15,13,12,13,13,9,11,15,17,5,0,0,0,0,0,0,0,0,0,5,15,13,15,15,15,18,19,20,21,19,20,21,18,16,19,21,15,9,8,13,19,20,17,15,15,17
-56,118,8,0,0,0,7,28,29,31,31,30,29,29,29,29,30,31,32,31,30,29,30,30,28,28,28,28,28,27,28,29,29,15,28,28,28,27,27,27,27,26,26,26,26,25,25,25,26,27,27,26,27,26,26,26,26,27,27,26,6,0,0,0,0
-56,163,8,0,0,0,5,25,25,26,27,26,25,25,25,25,25,26,27,25,25,25,25,25,24,24,23,23,23,23,24,25,25,12,25,25,24,23,23,23,23,22,22,22,22,22,22,22,23,23,24,23,23,22,23,23,23,23,23,23,5,0,0,0,0
-55,43,1,0,0,0,6,27,28,30,29,29,28,28,27,27,28,29,30,30,28,27,29,28,26,26,26,26,26,25,26,27,27,13,26,27,27,26,25,25,25,24,23,24,24,24,24,24,25,26,26,25,24,25,24,24,24,25,25,24,6,0,0,0,0
-81,114,14,26,24,24,24,24,24,23,23,22,21,18,14,13,12,13,18,23,25,26,28,26,24,22,17,11,2,0,0,0,0,0,0,0,0,0,6,28,29,27,25,21,15,10,3,4,11,17,22,26,27,27,28,25,21,15,8,1,7,13,19,25,28
-51,114,14,27,26,26,26,24,21,17,14,12,11,14,17,20,23,25,27,28,28,25,22,18,14,10,5,1,0,0,0,0,0,0,0,0,0,0,3,13,13,13,12,11,11,11,12,12,14,16,18,20,21,22,23,21,20,19,18,17,15,15,16,19,21
-71,114,14,35,34,32,29,26,23,20,17,16,15,14,12,12,10,7,5,3,3,4,6,8,8,9,9,10,2,0,0,0,0,0,0,0,0,0,4,17,16,16,17,18,21,25,29,32,33,35,35,32,29,27,23,18,12,8,8,13,18,23,27,32,34
-56,118,8,0,0,0,7,25,25,26,27,26,25,24,25,25,25,25,27,26,25,25,25,25,23,24,23,23,23,23,24,24,24,12,24,25,24,23,22,23,22,22,21,22,22,22,22,23,23,23,23,23,22,22,22,22,23,23,22,22,6,0,0,0,0
-56,163,8,0,0,0,6,23,24,25,25,24,24,24,24,24,25,26,26,25,24,24,24,24,23,23,23,23,23,23,24,24,25,12,24,25,25,24,24,24,24,23,22,23,23,23,22,23,24,24,25,24,24,24,24,23,23,24,23,23,6,0,0,0,0
-56,43,1,0,0,0,5,21,22,24,24,23,22,22,22,22,22,23,23,23,22,22,22,22,21,21,20,20,20,19,20,22,22,10,22,22,22,20,19,19,19,19,19,19,19,19,19,19,20,21,21,20,20,20,20,20,20,20,19,19,5,0,0,0,0
-81,114,14,33,31,28,24,23,23,22,20,19,17,16,15,13,10,12,19,24,27,29,29,26,24,23,20,13,2,0,0,0,0,0,0,0,0,0,7,31,33,34,29,22,18,13,5,3,12,19,25,30,31,31,30,26,21,15,10,2,10,16,23,27,31
-52,114,14,33,33,32,30,28,24,22,19,20,22,24,27,30,32,34,35,34,31,28,23,17,12,7,5,8,2,0,0,0,0,0,0,0,0,0,3,17,17,16,16,14,13,14,15,16,17,20,22,25,26,28,27,27,26,25,24,22,21,21,22,25,27
-69,114,14,27,20,15,12,13,15,18,21,24,28,29,30,30,28,25,23,19,16,12,9,5,5,7,9,11,3,0,0,0,0,0,0,0,0,0,2,13,17,20,23,25,26,28,26,23,20,17,13,9,8,12,18,23,28,33,38,42,44,43,42,42,41
-84,114,14,19,21,22,25,30,31,31,30,30,32,27,24,23,21,19,14,13,12,12,11,11,14,15,14,15,3,0,0,0,0,0,0,0,0,0,2,11,12,13,11,10,10,12,16,17,18,19,18,16,17,19,19,17,18,18,16,13,13,10,10,10,12
-89,114,14,16,12,10,7,5,7,7,7,8,7,5,4,5,5,7,10,10,8,8,7,6,5,4,4,4,1,0,0,0,0,0,0,0,0,0,2,8,7,8,8,8,7,7,7,8,10,12,13,12,12,14,15,15,12,9,9,8,5,6,11,12,15
-56,118,8,0,0,0,6,25,26,28,28,27,27,26,27,27,27,28,29,28,27,27,28,28,26,26,25,26,26,25,26,28,27,13,28,28,28,27,26,26,26,25,25,25,26,25,25,26,26,27,28,27,26,26,26,26,26,27,26,26,6,0,0,0,0
-56,118,8,0,0,0,5,23,24,25,25,24,24,24,23,24,24,25,26,25,24,24,25,24,23,22,23,23,23,22,23,24,25,12,24,24,24,23,22,23,22,22,22,22,22,22,23,24,24,24,24,24,23,23,23,23,23,23,23,23,5,0,0,0,0
-56,163,8,0,0,0,5,20,21,23,23,22,21,22,21,21,22,23,24,23,23,22,23,23,22,22,22,22,22,21,22,24,24,12,23,24,24,23,22,22,22,22,21,22,22,22,22,23,23,24,24,24,23,23,23,23,23,24,24,23,6,0,0,0,0
-56,43,1,0,0,0,5,23,24,25,25,25,24,24,24,24,25,26,26,26,25,25,25,25,24,24,24,25,25,25,25,26,26,13,26,26,25,25,24,25,25,24,23,24,25,23,24,24,24,26,25,24,24,24,25,24,25,25,25,24,5,0,0,0,0
-51,114,14,32,31,28,25,21,17,13,12,14,17,22,26,29,31,32,34,32,31,28,23,17,12,6,1,3,1,0,0,0,0,0,0,0,0,0,3,11,11,11,10,11,12,14,17,18,21,22,24,25,24,23,22,21,18,17,16,17,18,20,23,27,30
-70,114,14,30,26,23,20,19,20,21,23,22,22,22,19,17,14,11,9,8,9,10,12,12,13,13,12,10,2,0,0,0,0,0,0,0,0,0,2,9,8,7,6,8,13,16,20,23,25,28,30,29,27,25,22,19,16,17,18,22,27,30,33,36,38
-55,118,8,0,0,0,4,21,21,23,23,22,22,22,22,22,22,23,24,23,22,22,23,22,22,21,21,22,22,21,22,23,24,11,24,24,24,23,22,23,23,22,22,22,23,21,21,22,22,24,24,23,22,22,22,23,23,23,23,22,5,0,0,0,0
-55,163,8,0,0,0,5,19,20,21,21,20,20,20,20,20,21,21,22,22,21,21,21,21,20,21,20,20,20,20,20,21,22,10,21,22,21,21,21,21,21,20,20,20,20,19,19,21,21,21,20,20,23,25,25,22,19,19,20,18,4,0,0,0,0
-56,43,1,0,0,0,7,25,25,26,27,26,25,26,25,25,26,27,27,27,26,26,27,26,24,24,25,25,25,25,25,26,26,13,26,26,26,25,25,25,24,24,23,23,24,24,23,24,25,25,25,25,24,24,24,24,25,25,25,24,6,0,0,0,0
-80,114,14,29,29,28,27,26,25,22,17,11,7,5,6,11,16,21,24,26,27,28,28,25,21,19,15,12,2,0,0,0,0,0,0,0,0,0,8,29,29,28,25,19,14,9,7,10,16,22,28,31,30,29,25,20,15,10,5,3,8,16,22,24,27
-53,114,14,31,30,29,27,24,20,16,12,8,10,13,18,23,25,28,30,30,29,27,24,19,15,9,4,2,1,0,0,0,0,0,0,0,0,0,3,13,12,10,7,5,6,8,11,15,19,22,25,27,27,27,26,25,21,18,16,12,11,13,16,20,23
-88,114,14,25,28,27,23,22,20,18,17,13,9,10,10,12,13,13,12,10,10,12,12,10,6,5,7,9,3,0,0,0,0,0,0,0,0,0,3,12,9,8,6,4,8,8,12,14,16,18,18,17,16,18,19,18,13,11,10,5,2,0,5,8,11
-72,114,14,43,38,31,24,18,10,2,4,11,17,23,26,28,28,27,24,20,16,10,7,8,10,12,15,17,4,0,0,0,0,0,0,0,0,0,3,13,13,12,13,14,15,18,20,22,23,24,27,29,26,24,19,14,9,6,9,17,24,31,36,40,42
-56,118,8,0,0,0,5,25,25,27,27,26,25,25,25,24,26,27,28,27,26,26,27,27,25,25,25,25,26,25,25,27,28,13,27,27,27,27,26,27,26,25,24,25,25,25,25,26,27,27,27,27,27,26,26,26,26,26,26,26,6,0,0,0,0
-55,118,8,0,0,0,7,25,25,27,27,27,27,26,26,26,26,28,29,28,27,26,28,27,26,26,26,26,26,26,27,28,28,14,28,28,28,27,27,28,27,26,26,26,27,26,26,27,27,28,29,27,27,27,27,27,28,28,27,26,7,0,0,0,0
-56,163,8,0,0,0,5,24,25,26,27,26,24,24,24,25,25,26,27,26,25,24,25,25,24,24,24,24,24,24,24,26,26,12,25,25,25,25,24,24,24,24,24,24,24,24,24,24,25,26,26,25,25,24,25,25,26,26,25,25,6,0,0,0,0
-56,43,1,0,0,0,7,24,26,26,27,26,26,26,25,25,25,28,28,27,26,26,26,26,25,25,26,26,25,24,26,27,28,13,27,27,27,26,25,26,26,25,25,25,25,25,25,27,27,27,27,27,26,27,26,26,26,27,26,27,7,0,0,0,0
-90,114,14,4,6,7,8,8,8,11,15,18,15,11,8,7,7,7,5,2,2,2,2,5,7,9,8,8,2,0,0,0,0,0,0,0,0,0,1,5,5,7,11,12,12,9,8,9,9,5,2,1,2,4,8,11,12,15,17,16,13,12,10,8,5
-81,114,14,34,33,30,31,31,28,25,22,18,15,15,16,15,15,18,21,23,25,27,25,22,19,14,11,9,2,0,0,0,0,0,0,0,0,0,8,31,30,29,26,19,15,11,12,15,19,24,28,29,28,26,25,22,16,9,4,6,13,19,26,33,39
-54,114,14,16,16,15,14,13,12,11,10,9,9,11,13,14,15,17,17,17,16,15,13,11,8,6,3,2,1,0,0,0,0,0,0,0,0,0,2,7,8,7,7,7,7,7,8,8,9,10,11,11,12,12,13,13,13,11,11,12,12,12,12,13,14
-72,114,14,28,19,12,5,1,7,13,18,21,24,26,27,24,21,18,14,10,8,7,9,11,13,15,16,18,4,0,0,0,0,0,0,0,0,0,4,12,10,10,12,14,17,20,24,26,28,29,29,27,24,19,15,8,8,12,18,26,31,34,36,40,41
-86,114,14,27,31,30,30,30,28,27,23,23,23,20,18,18,19,20,17,16,20,21,16,11,10,9,9,10,3,0,0,0,0,0,0,0,0,0,4,13,14,15,11,9,8,10,11,11,11,14,17,18,17,17,19,19,16,13,11,10,10,11,11,13,19
-56,118,8,0,0,0,7,26,26,28,28,26,26,26,26,26,27,28,28,28,26,26,26,27,26,25,25,25,25,24,25,26,27,13,26,26,25,25,25,25,25,25,24,25,25,24,25,26,26,26,26,26,26,26,26,26,26,27,26,26,7,0,0,0,0
-56,163,8,0,0,0,6,24,24,26,25,25,24,24,24,24,24,26,26,25,24,24,25,24,23,22,22,22,22,23,23,24,24,12,24,24,24,23,23,23,23,22,22,22,22,22,22,23,24,24,23,23,23,23,22,23,24,24,23,22,6,0,0,0,0
-57,43,1,0,0,0,4,13,14,15,15,14,14,14,13,13,14,15,15,14,14,14,14,14,13,13,13,13,13,13,13,14,14,7,14,14,14,14,14,13,13,13,13,13,13,13,12,13,13,14,14,14,13,13,13,13,13,14,14,14,4,0,0,0,0
-90,114,14,11,9,8,6,6,6,5,7,7,3,4,5,6,6,5,5,6,8,9,9,10,8,5,3,1,1,0,0,0,0,0,0,0,0,0,1,4,7,8,5,3,2,3,4,6,7,9,11,13,13,13,13,13,12,9,7,4,2,3,5,7,11
-79,114,14,34,32,32,31,30,28,26,26,24,22,21,18,16,13,14,17,20,20,21,22,23,23,19,17,16,4,0,0,0,0,0,0,0,0,0,6,27,27,25,20,16,11,6,4,10,16,23,28,29,29,28,27,25,20,13,6,3,8,14,23,28,30
-53,114,14,17,16,14,13,11,10,9,9,9,11,13,15,16,17,18,18,18,17,15,13,10,7,4,1,1,0,0,0,0,0,0,0,0,0,0,3,9,9,8,8,8,8,9,9,9,10,11,12,13,13,13,13,13,13,12,12,13,13,13,14,16,16
-72,114,14,37,36,33,30,27,21,16,12,7,5,6,7,10,11,11,10,9,7,5,4,6,7,8,7,9,2,0,0,0,0,0,0,0,0,0,5,18,18,17,19,20,23,27,32,34,35,36,36,34,31,28,24,18,14,10,7,10,15,20,25,29,31
-86,114,14,23,25,26,28,28,25,21,21,20,20,18,17,17,17,16,13,11,10,12,12,11,11,8,8,9,3,0,0,0,0,0,0,0,0,0,3,11,10,8,7,6,6,8,9,12,16,18,18,18,16,18,21,22,18,17,16,13,9,6,5,12,14
-71,114,14,45,43,39,36,34,29,24,18,14,11,8,10,11,11,11,10,9,7,5,4,5,6,8,9,8,2,0,0,0,0,0,0,0,0,0,5,18,18,18,20,22,25,29,34,37,38,39,40,39,35,32,29,23,16,9,8,14,19,23,29,34,38
-56,118,8,0,0,0,6,24,25,26,26,25,25,25,25,24,26,26,27,26,25,25,26,25,24,24,24,24,24,24,24,26,25,12,25,25,25,25,25,24,24,24,24,24,24,23,24,25,25,26,27,26,26,25,26,26,27,27,26,27,7,0,0,0,0
-56,43,1,0,0,0,6,21,21,23,24,22,22,22,22,23,24,24,25,24,24,23,24,23,23,23,22,23,23,23,23,24,24,12,24,24,24,24,23,23,23,23,23,23,24,23,23,23,24,25,25,24,24,24,24,24,25,25,25,25,6,0,0,0,0
-52,114,14,21,19,18,16,14,13,13,16,18,21,23,25,26,27,27,27,25,22,18,14,9,5,3,5,9,3,0,0,0,0,0,0,0,0,0,2,13,13,13,12,12,13,13,14,14,14,16,17,17,18,19,19,19,19,20,21,21,22,22,22,23,24
-71,114,14,30,24,17,12,6,1,6,13,19,24,28,31,33,33,31,30,27,22,16,10,5,0,5,9,12,3,0,0,0,0,0,0,0,0,0,3,11,12,15,16,17,18,20,21,20,19,16,14,11,6,2,4,10,14,19,24,29,34,37,39,41,42
-85,114,14,24,26,24,26,29,27,25,25,26,24,20,19,18,17,18,20,20,17,12,11,11,11,8,8,8,2,0,0,0,0,0,0,0,0,0,5,17,11,6,9,12,13,13,9,8,12,15,16,13,10,13,19,19,17,16,18,17,13,8,8,13,16
-56,118,8,0,0,0,5,24,24,25,25,24,23,23,23,23,24,25,25,24,23,23,24,23,22,22,22,22,22,22,22,23,23,11,23,24,24,22,22,22,22,22,21,21,22,21,22,23,23,24,24,24,24,24,24,25,24,25,25,25,5,0,0,0,0
-57,163,8,0,0,0,3,14,14,14,15,15,15,14,14,14,14,15,15,15,15,14,15,15,14,14,13,13,13,12,13,14,14,7,14,14,14,13,13,13,13,14,13,13,14,13,13,14,14,14,14,14,14,14,15,15,15,15,15,14,3,0,0,0,0
-56,163,8,0,0,0,6,24,25,26,26,25,25,25,24,24,25,26,26,26,25,25,26,25,23,23,24,24,24,23,23,25,25,13,25,25,25,24,24,24,24,24,23,23,24,23,23,24,25,25,26,25,25,25,26,26,27,27,27,26,7,0,0,0,0
-56,43,1,0,0,0,5,21,22,24,24,23,22,22,22,23,23,24,24,24,23,23,23,23,22,22,21,22,22,21,22,23,23,11,23,23,23,22,21,22,22,21,21,21,21,21,21,22,23,23,23,22,22,22,23,23,24,24,24,23,5,0,0,0,0
-56,163,8,26,26,25,24,23,23,23,22,21,21,22,22,24,24,24,24,24,24,22,22,22,21,21,21,20,4,0,0,0,0,0,0,0,0,0,3,15,16,16,17,17,18,19,19,20,20,22,23,22,22,21,23,23,22,22,21,23,23,22,24,25,26
-90,114,14,2,4,7,7,7,8,7,3,1,4,6,5,5,7,6,4,3,1,2,7,9,8,7,5,5,1,0,0,0,0,0,0,0,0,0,1,2,2,3,5,8,7,7,7,7,8,8,6,3,4,6,5,3,4,7,12,14,13,11,8,10,11
-52,114,14,24,22,20,18,16,15,14,16,19,22,25,28,29,30,30,30,29,26,22,17,12,7,3,4,8,3,0,0,0,0,0,0,0,0,0,3,15,15,15,14,14,13,13,14,14,15,15,16,18,19,21,21,21,21,21,22,23,23,24,25,26,27
-70,114,14,29,24,21,20,20,21,22,24,25,25,24,22,19,17,14,11,12,13,14,15,16,17,16,15,14,3,0,0,0,0,0,0,0,0,0,2,7,5,2,7,13,18,23,27,31,32,33,33,31,27,24,19,17,17,20,24,29,34,38,39,40,39
-85,114,14,33,33,29,28,30,29,24,21,20,21,21,19,17,16,16,17,21,21,18,15,14,12,11,10,10,2,0,0,0,0,0,0,0,0,0,5,17,16,15,15,13,14,15,13,11,12,14,18,18,17,15,14,15,17,15,11,11,14,15,15,20,27
-56,118,8,0,0,0,5,22,23,24,25,25,24,23,23,23,24,24,25,24,23,23,24,24,22,22,23,22,22,21,22,24,23,11,23,24,23,22,22,22,22,21,22,22,22,21,21,22,22,23,24,24,22,23,23,23,23,23,23,25,7,0,0,0,0
-56,43,1,0,0,0,6,24,24,25,26,25,24,25,23,24,24,25,26,25,24,24,24,24,23,23,23,22,22,22,23,24,24,12,24,24,23,23,22,23,23,22,21,21,21,22,22,23,23,24,24,24,23,23,23,24,24,24,24,24,6,0,0,0,0
-51,114,14,31,29,27,24,21,20,20,21,23,26,29,32,34,35,35,34,33,29,25,20,14,9,6,6,9,2,0,0,0,0,0,0,0,0,0,5,18,18,18,18,18,17,18,18,18,19,21,23,23,25,26,27,27,26,27,27,29,29,29,30,32,33
-72,114,14,40,33,26,18,12,5,8,14,18,23,27,28,28,25,22,18,13,7,2,4,8,10,12,14,14,4,0,0,0,0,0,0,0,0,0,4,18,19,19,18,19,19,19,22,24,25,27,28,28,26,23,20,15,8,6,12,20,28,33,39,44,47
-56,118,8,0,0,0,7,27,27,29,29,28,27,27,27,27,28,29,29,28,26,26,27,27,25,25,25,25,25,25,25,26,26,13,26,26,26,25,25,25,25,24,24,25,25,24,24,24,25,26,26,25,25,25,25,25,26,26,25,25,7,0,0,0,0
-56,43,1,0,0,0,5,24,25,26,27,25,25,25,25,24,24,26,26,26,25,25,25,25,23,23,23,23,23,22,23,24,25,12,24,24,24,23,22,22,22,22,21,21,22,22,22,23,23,24,25,24,24,23,25,24,24,25,24,25,6,0,0,0,0
-90,114,14,5,5,7,6,9,10,9,7,7,5,6,5,5,6,6,5,5,2,1,3,6,8,9,8,7,1,0,0,0,0,0,0,0,0,0,1,3,4,4,6,7,7,9,9,9,8,9,9,8,5,2,2,6,8,10,11,11,13,14,14,11,11
-53,114,14,16,15,14,13,13,11,10,9,10,12,13,15,17,18,18,18,18,17,16,12,10,7,4,3,3,1,0,0,0,0,0,0,0,0,0,1,8,8,8,7,7,7,6,7,7,8,9,10,11,12,13,14,14,13,13,13,12,12,11,13,13,14
-80,114,14,29,30,30,29,27,24,22,20,15,11,5,1,7,13,17,20,24,28,30,29,27,23,20,20,22,5,0,0,0,0,0,0,0,0,0,7,30,29,27,24,19,15,12,13,16,19,23,27,28,27,26,23,19,14,9,3,4,10,15,21,26,29
-53,114,14,17,18,16,15,13,11,11,10,11,13,14,16,18,20,20,21,21,20,18,15,11,8,4,2,4,1,0,0,0,0,0,0,0,0,0,2,10,10,9,9,8,8,7,7,8,8,10,12,13,13,15,15,14,14,13,13,14,13,13,13,14,15
-71,114,14,35,26,17,8,2,8,15,21,27,31,32,30,28,25,21,16,11,6,1,4,7,10,13,14,15,3,0,0,0,0,0,0,0,0,0,2,7,9,12,13,15,19,22,24,26,25,26,25,23,19,15,10,4,6,12,19,27,34,38,42,45,46
-86,114,14,28,26,23,24,26,27,29,28,24,21,21,23,23,21,18,17,17,15,12,12,12,13,14,14,15,3,0,0,0,0,0,0,0,0,0,3,13,14,16,14,13,11,10,10,12,11,9,8,9,8,7,4,6,10,8,8,12,14,11,9,13,17
-56,118,8,0,0,0,6,25,25,27,27,26,25,25,25,25,26,27,28,28,26,26,26,27,25,25,25,25,25,24,25,26,27,13,26,26,26,26,25,25,25,25,24,24,25,24,24,25,25,27,27,26,26,26,26,26,26,28,27,26,7,0,0,0,0
-56,163,8,0,0,0,5,22,22,24,24,23,23,23,22,22,23,24,24,24,24,22,23,23,22,22,21,21,22,21,21,23,23,11,23,23,22,22,22,22,22,22,21,21,22,20,21,22,23,23,23,23,23,22,23,23,24,23,23,23,6,0,0,0,0
-56,43,1,0,0,0,5,22,22,24,24,24,23,22,23,23,23,24,25,25,24,23,24,23,22,22,22,22,22,22,22,23,23,11,23,23,23,22,21,22,21,21,20,20,21,20,21,22,21,23,23,22,22,22,22,22,23,23,23,22,5,0,0,0,0
-56,43,1,0,0,0,6,25,26,28,27,27,27,26,26,26,26,28,28,28,27,26,26,27,25,25,25,25,25,24,25,26,26,13,26,26,26,25,24,25,24,23,23,24,24,24,24,25,25,26,26,26,25,25,26,25,26,26,26,26,7,0,0,0,0
-56,43,1,0,0,0,6,25,26,27,28,27,27,27,26,26,26,27,28,28,27,27,27,26,25,25,25,25,25,24,25,27,26,13,26,26,26,25,25,25,24,24,24,24,24,24,24,25,25,26,26,26,26,25,25,26,25,27,26,26,6,0,0,0,0
-91,114,14,3,3,5,7,8,8,6,6,7,7,8,6,3,4,5,5,4,3,2,3,3,5,6,6,8,2,0,0,0,0,0,0,0,0,0,1,4,4,5,7,9,10,11,11,11,9,8,8,7,7,5,4,4,7,9,9,11,13,12,13,13,12
-81,114,14,29,30,28,26,27,23,18,16,13,9,5,5,9,13,18,23,25,27,29,28,26,24,20,18,18,5,0,0,0,0,0,0,0,0,0,8,34,32,29,26,21,17,12,13,16,20,25,28,30,27,26,26,22,16,11,8,7,13,17,22,26,28
-52,114,14,29,26,25,23,19,17,14,13,15,18,21,25,28,30,31,32,31,29,26,22,16,11,6,2,5,2,0,0,0,0,0,0,0,0,0,4,16,15,15,14,13,13,14,15,16,18,19,20,21,23,23,22,21,21,20,21,21,21,22,23,26,28
-82,114,14,32,32,29,26,24,20,16,12,8,5,2,6,10,12,16,21,23,23,23,24,22,19,16,15,18,4,0,0,0,0,0,0,0,0,0,6,26,27,26,23,17,14,13,13,15,21,25,29,29,27,24,24,21,17,13,8,10,17,20,23,28,32
-52,114,14,31,30,28,24,22,19,16,16,17,21,24,28,30,32,34,34,34,31,29,24,18,13,8,4,5,2,0,0,0,0,0,0,0,0,0,3,16,15,15,15,15,15,15,17,17,19,21,23,24,24,25,25,24,23,22,23,23,23,24,26,28,29
-71,114,14,36,33,31,27,24,21,17,14,12,10,8,8,7,7,7,9,11,12,13,14,14,14,13,12,11,3,0,0,0,0,0,0,0,0,0,3,13,12,13,15,16,20,24,28,32,34,36,37,37,34,31,27,21,16,11,8,10,14,20,25,29,32
-87,114,14,22,21,21,22,26,27,25,25,24,22,20,18,17,16,15,12,9,10,12,8,5,5,7,10,10,2,0,0,0,0,0,0,0,0,0,4,15,15,13,10,11,12,8,6,5,4,5,8,9,8,11,12,13,13,14,14,11,9,9,9,11,14
-56,118,8,0,0,0,5,23,23,25,25,25,24,23,23,24,24,25,26,25,24,24,25,24,23,23,23,23,23,23,24,25,25,12,25,25,25,24,23,24,24,23,22,22,23,22,23,23,24,25,25,24,24,25,25,25,25,25,24,25,5,0,0,0,0
-56,163,8,0,0,0,5,22,23,24,24,23,23,23,22,23,23,24,24,24,22,22,23,23,21,21,21,21,21,21,22,23,22,11,23,23,23,22,21,22,22,21,21,21,21,21,21,22,22,23,23,22,22,22,22,22,22,22,22,22,5,0,0,0,0
-56,163,8,0,0,0,6,25,25,27,27,26,25,26,25,25,26,27,28,27,26,25,26,26,25,25,24,24,24,24,25,26,25,12,25,26,25,24,24,24,23,23,23,24,24,23,23,24,24,25,25,25,24,24,25,24,25,25,25,24,6,0,0,0,0
-56,43,1,0,0,0,7,27,28,29,30,29,28,28,28,28,28,29,30,29,28,27,28,28,26,26,26,26,26,25,26,27,27,13,27,27,27,26,25,25,25,25,24,24,25,24,24,25,26,26,26,26,26,26,26,26,26,26,26,26,7,0,0,0,0
-81,114,14,31,32,33,32,29,24,22,19,15,10,7,5,4,7,12,18,23,27,26,25,22,21,22,21,23,6,0,0,0,0,0,0,0,0,0,7,33,33,32,29,23,18,14,14,16,18,22,27,30,30,28,28,25,23,20,15,13,15,17,19,21,23
-51,114,14,30,29,28,26,24,21,19,17,17,18,19,23,25,28,30,31,31,29,27,23,19,14,9,5,2,1,0,0,0,0,0,0,0,0,0,4,17,17,16,15,14,13,13,14,16,18,20,22,24,25,26,26,26,24,23,22,21,20,20,21,24,25
-85,114,14,30,32,29,27,30,30,27,24,22,24,24,24,24,22,20,20,18,17,15,12,9,6,6,8,9,3,0,0,0,0,0,0,0,0,0,4,13,11,10,12,12,11,11,12,18,19,17,18,21,24,22,20,21,21,20,18,17,14,12,13,20,26
-71,114,14,47,40,31,22,14,6,4,11,18,25,28,31,32,32,30,28,25,20,14,8,2,2,7,10,12,4,0,0,0,0,0,0,0,0,0,1,2,2,5,10,14,18,22,25,26,25,26,25,22,18,13,7,4,7,14,22,31,38,41,46,50,53
-85,114,14,29,26,24,29,32,29,25,22,21,26,30,27,24,21,20,18,15,13,15,13,11,11,9,10,9,2,0,0,0,0,0,0,0,0,0,3,11,8,7,11,17,19,19,16,13,13,14,16,17,17,16,17,20,20,18,17,17,13,12,17,23,25
-56,118,8,0,0,0,7,25,25,26,27,26,25,26,25,25,26,27,27,26,25,25,26,25,25,25,24,25,25,24,25,26,26,13,26,26,26,26,25,25,25,25,25,25,25,25,25,26,26,27,27,26,26,26,27,27,27,28,27,26,7,0,0,0,0
-56,163,8,0,0,0,5,22,22,23,23,22,22,22,22,22,23,24,24,24,23,22,23,22,21,21,21,21,21,21,21,22,23,11,22,23,22,22,21,22,21,21,20,21,21,20,20,21,22,22,22,22,22,22,22,22,22,22,23,22,5,0,0,0,0
-56,43,1,0,0,0,6,25,26,26,27,26,26,26,25,26,26,27,28,27,27,26,27,27,25,25,25,25,25,25,25,26,26,13,26,26,26,25,24,25,25,24,24,24,24,24,24,25,25,26,26,26,25,25,26,27,26,27,27,26,7,0,0,0,0
-81,114,14,30,29,29,29,27,24,22,18,13,9,5,6,7,9,16,21,26,29,30,30,29,28,27,27,27,8,0,0,0,0,0,0,0,0,0,7,28,29,29,27,23,20,19,20,20,21,22,24,26,25,24,22,19,17,12,10,11,13,15,20,23,24
-52,114,14,16,15,14,13,12,10,9,9,9,11,13,15,17,16,17,17,17,16,14,12,8,5,3,3,4,1,0,0,0,0,0,0,0,0,0,1,8,7,7,6,6,5,6,8,9,10,11,12,13,14,14,14,13,12,12,11,11,11,11,12,13,14
-51,114,14,29,29,27,25,23,20,17,15,15,17,20,24,26,29,30,31,30,29,26,23,18,13,8,4,4,2,0,0,0,0,0,0,0,0,0,4,15,15,15,13,12,12,12,13,15,16,19,21,23,23,25,25,24,23,22,21,20,20,20,21,23,25
-69,114,14,28,24,21,20,20,21,23,25,26,26,25,22,20,16,13,10,9,11,14,15,16,17,17,16,15,3,0,0,0,0,0,0,0,0,0,3,9,7,5,6,10,15,20,24,28,29,31,31,29,27,25,22,19,18,19,23,28,33,36,39,41,41
-84,114,14,27,31,32,30,33,32,26,21,21,22,24,27,28,25,21,21,23,22,16,11,10,11,12,8,8,3,0,0,0,0,0,0,0,0,0,4,15,11,10,12,13,12,14,14,14,16,16,16,19,15,15,19,16,13,12,10,9,9,8,10,13,18
-56,118,8,0,0,0,6,24,24,26,27,26,25,24,24,24,25,26,27,26,25,25,26,26,25,24,24,24,25,24,25,26,26,13,26,26,26,25,25,25,25,24,23,24,24,23,24,25,25,26,27,26,26,27,26,26,27,27,27,27,7,0,0,0,0
-56,163,8,0,0,0,6,23,24,25,26,25,25,25,24,25,25,26,27,26,25,25,26,25,24,24,24,24,24,23,24,25,25,13,25,25,25,24,24,24,24,24,23,23,24,24,24,25,26,27,27,27,27,27,27,27,28,29,28,28,7,0,0,0,0
-56,163,8,0,0,0,5,20,21,22,23,22,21,22,21,21,21,23,23,22,21,21,22,22,21,21,21,21,21,20,21,22,22,11,22,22,22,21,21,21,21,21,20,21,21,20,20,21,22,23,23,23,23,23,23,23,23,24,24,24,6,0,0,0,0
-56,43,1,0,0,0,5,22,22,24,24,23,23,22,22,22,23,24,25,24,23,23,24,24,23,23,23,22,22,22,23,23,24,12,24,24,24,24,23,23,23,22,22,23,24,22,23,24,24,25,26,25,25,25,25,26,26,27,27,26,6,0,0,0,0
-80,114,14,23,24,24,23,22,21,18,16,15,13,10,7,5,6,7,10,14,19,22,24,24,23,21,18,17,4,0,0,0,0,0,0,0,0,0,13,47,36,29,22,16,11,8,8,13,17,19,24,27,27,27,27,25,21,14,10,6,4,10,16,21,22
-51,114,14,33,32,29,26,24,20,17,16,17,20,24,28,31,34,36,37,36,34,30,26,21,15,9,3,3,1,0,0,0,0,0,0,0,0,0,4,17,17,17,16,16,15,15,16,18,19,21,24,25,26,26,27,26,25,24,23,23,24,24,25,28,31
-88,114,14,13,19,15,11,12,15,13,13,12,14,19,18,16,15,13,14,14,11,11,11,10,9,9,11,13,3,0,0,0,0,0,0,0,0,0,2,8,3,6,10,10,8,8,11,14,14,13,10,11,15,15,10,5,3,5,10,9,11,12,12,11,11
-71,114,14,38,31,25,20,15,13,15,20,25,29,31,32,31,29,25,21,15,11,7,5,8,10,12,13,14,3,0,0,0,0,0,0,0,0,0,4,15,14,12,12,12,14,18,23,25,28,30,32,31,28,23,19,13,7,6,13,20,27,34,41,45,46
-56,118,8,0,0,0,3,12,12,13,13,12,12,12,12,12,13,13,13,13,12,12,13,12,11,11,11,12,12,11,11,12,11,5,12,12,12,11,11,11,11,11,11,11,11,11,11,12,12,12,12,11,11,11,11,12,12,12,12,12,3,0,0,0,0
-56,163,8,0,0,0,5,23,24,26,26,25,24,24,24,24,25,26,27,26,25,25,26,25,24,24,24,24,24,23,24,25,26,12,25,26,26,25,24,24,24,23,23,24,24,23,24,24,25,26,25,25,25,25,26,26,26,26,26,26,6,0,0,0,0
-56,43,1,0,0,0,5,23,24,25,26,24,24,24,24,24,25,26,26,25,25,24,25,24,24,24,24,24,24,24,24,26,25,12,26,26,26,25,24,25,25,24,24,24,24,24,24,25,26,27,27,27,26,27,26,27,27,28,28,27,6,0,0,0,0
-80,114,14,29,30,29,28,26,22,21,18,15,12,8,4,5,8,10,14,18,22,26,26,26,27,26,25,24,6,0,0,0,0,0,0,0,0,0,8,30,31,30,28,24,19,16,16,17,21,25,27,29,29,29,26,22,18,14,8,6,7,13,19,24,26
-52,114,14,15,15,14,13,11,10,10,9,10,11,13,13,15,15,17,17,17,16,14,12,10,7,4,3,3,1,0,0,0,0,0,0,0,0,0,2,8,8,8,8,8,8,8,8,8,8,9,11,12,12,13,13,13,13,12,12,13,12,12,12,13,13
-71,114,14,43,35,28,19,10,2,9,17,24,30,33,35,35,32,29,24,19,15,8,6,6,9,12,14,16,4,0,0,0,0,0,0,0,0,0,5,16,15,15,16,18,20,22,24,26,27,28,29,27,23,19,13,8,3,8,16,24,32,38,42,48,51
-56,118,8,0,0,0,6,26,27,28,29,27,27,27,26,26,27,28,29,28,26,26,27,26,25,25,25,25,25,24,25,26,26,13,27,27,27,26,25,26,26,25,25,25,26,25,25,26,27,28,28,28,27,27,28,28,28,29,28,28,7,0,0,0,0
-56,163,8,0,0,0,5,23,24,26,26,25,25,25,25,25,25,26,27,26,25,25,26,25,24,24,24,24,24,23,24,25,26,12,25,26,25,25,24,24,24,24,23,24,24,23,23,25,25,27,27,26,26,26,26,26,26,27,26,26,6,0,0,0,0
-56,43,1,0,0,0,6,25,26,27,27,26,26,26,25,25,25,27,28,27,27,26,26,26,25,25,25,25,25,24,25,26,27,13,26,26,26,26,25,26,25,25,24,24,25,25,25,26,26,28,27,27,27,26,27,28,27,28,28,28,7,0,0,0,0
-56,43,1,0,0,0,6,24,24,26,26,25,25,25,24,25,25,26,27,26,25,25,26,25,25,23,24,24,24,24,24,26,25,13,26,25,25,25,24,24,24,24,24,23,24,24,25,26,26,26,26,26,26,26,26,27,27,27,27,27,7,0,0,0,0
-51,114,14,30,28,27,25,22,20,18,17,19,21,24,27,30,32,34,34,33,31,28,24,18,13,6,3,4,1,0,0,0,0,0,0,0,0,0,5,17,17,17,17,16,15,15,15,17,18,20,22,23,24,25,26,26,25,24,24,23,23,23,24,26,27
-52,114,14,17,17,15,14,13,11,10,9,9,11,13,15,17,18,19,19,19,18,17,14,11,7,4,1,2,0,0,0,0,0,0,0,0,0,0,2,10,10,9,9,9,8,8,9,10,11,12,13,14,14,15,15,15,14,14,13,13,13,13,13,15,16
-71,114,14,36,35,32,29,25,20,15,11,8,8,9,10,12,12,12,11,9,9,9,10,11,12,12,12,10,3,0,0,0,0,0,0,0,0,0,4,17,15,13,12,14,17,21,25,29,31,32,34,33,31,29,26,21,16,12,8,8,13,18,23,28,31
-56,118,8,0,0,0,6,24,25,26,26,25,24,24,25,25,26,26,26,26,25,24,25,25,24,23,23,23,24,23,24,25,25,12,25,25,25,25,24,24,24,24,23,25,25,23,24,25,25,26,26,26,25,25,26,27,27,27,27,27,7,0,0,0,0
-56,43,1,0,0,0,6,27,27,29,29,28,27,27,27,27,27,28,29,28,27,26,27,27,25,25,25,25,25,24,24,26,26,13,26,26,26,25,24,25,24,24,23,23,24,23,24,25,25,26,25,25,25,25,25,25,25,26,26,26,6,0,0,0,0
-51,114,14,27,26,25,23,21,18,15,12,12,14,17,20,22,26,28,29,29,26,25,21,17,12,7,2,2,1,0,0,0,0,0,0,0,0,0,4,15,15,15,14,13,13,13,13,14,15,17,19,21,22,22,22,21,20,19,18,18,18,18,19,22,24
-86,114,14,17,23,29,29,27,27,27,24,21,19,18,15,18,18,16,14,15,14,12,11,12,11,9,7,6,1,0,0,0,0,0,0,0,0,0,7,24,19,13,11,6,4,5,2,3,9,13,13,12,12,15,19,23,24,21,17,15,13,9,7,5,2
-71,114,14,34,28,22,16,10,4,3,9,16,21,26,29,30,29,29,26,22,17,12,6,1,4,8,11,13,4,0,0,0,0,0,0,0,0,0,1,5,2,4,9,14,19,24,28,30,29,29,28,24,18,13,7,3,8,15,21,27,32,36,39,41,40
-87,114,14,19,27,27,27,31,32,31,29,26,23,19,18,17,15,14,15,16,14,11,9,10,11,12,14,15,4,0,0,0,0,0,0,0,0,0,5,20,17,12,9,8,7,4,4,6,8,7,9,12,14,15,16,19,19,17,18,16,12,9,6,3,2
-57,118,8,0,0,0,8,29,29,31,31,30,29,29,28,28,29,30,31,31,30,29,30,30,27,27,28,28,28,28,28,29,29,14,29,30,29,28,28,28,28,26,26,26,26,26,26,26,27,27,27,27,26,26,27,27,27,27,27,26,7,0,0,0,0
-57,163,8,0,0,0,7,26,27,28,29,28,27,26,25,25,27,28,28,27,26,25,26,26,25,25,25,25,25,25,25,26,26,13,26,26,26,25,25,25,25,24,24,24,24,23,23,23,24,25,25,24,24,24,23,23,24,25,24,24,6,0,0,0,0
-57,163,8,0,0,0,5,23,24,25,25,23,23,23,23,23,23,24,24,25,23,22,23,22,21,21,21,21,21,20,21,23,23,11,23,23,22,21,21,22,22,21,19,18,19,19,20,21,21,21,21,21,21,21,21,21,20,21,20,20,5,0,0,0,0
-57,43,1,0,0,0,5,24,25,25,26,25,25,25,24,24,25,26,26,26,25,25,25,25,23,23,24,24,24,23,24,25,25,12,25,25,25,24,23,23,23,22,22,22,22,22,22,23,23,23,23,23,23,22,23,23,22,23,23,22,5,0,0,0,0
-82,114,14,27,27,25,26,27,26,26,25,21,18,16,13,10,9,13,17,22,27,31,33,32,32,29,27,29,7,0,0,0,0,0,0,0,0,0,8,32,33,33,31,25,19,13,9,11,15,21,25,26,24,25,26,24,20,14,8,2,6,10,16,21,23
-53,114,14,14,14,13,12,10,9,9,10,11,12,14,16,17,18,18,19,18,16,14,11,8,5,2,3,4,2,0,0,0,0,0,0,0,0,0,2,9,9,10,9,9,9,9,8,9,9,9,10,11,12,12,13,13,13,13,13,13,13,13,14,14,15
-69,114,14,37,31,26,21,16,13,14,17,20,23,24,25,25,23,21,19,17,16,15,14,14,13,12,12,11,3,0,0,0,0,0,0,0,0,0,2,9,7,6,8,12,17,23,28,31,32,33,34,32,29,27,24,20,15,14,17,23,29,32,36,41,43
-85,114,14,22,21,25,25,22,24,24,23,22,22,21,19,20,19,17,19,19,15,15,11,7,7,7,6,7,1,0,0,0,0,0,0,0,0,0,4,17,20,23,25,25,22,21,21,18,14,14,12,11,12,13,13,15,14,13,14,16,19,18,17,21,22
-57,118,8,0,0,0,6,27,27,29,29,27,27,26,26,27,27,27,28,27,26,26,27,26,25,25,24,24,24,24,24,25,26,12,25,26,25,24,24,24,23,23,22,23,23,22,21,23,23,24,24,23,23,22,22,23,23,23,23,23,6,0,0,0,0
-60,43,1,0,0,0,6,25,26,27,27,26,25,24,24,24,25,26,26,26,24,24,25,25,24,24,24,25,25,24,25,26,26,13,27,27,27,26,25,25,25,24,24,24,25,25,25,26,26,27,27,27,27,27,27,28,28,29,29,28,7,0,0,0,0
-61,163,8,27,27,26,26,25,25,24,23,23,23,22,21,23,24,25,25,25,25,24,23,22,23,23,22,21,5,0,0,0,0,0,0,0,0,0,4,16,17,18,18,18,18,19,20,18,20,21,22,22,21,22,23,22,20,19,21,25,27,27,26,26,26
-83,114,14,17,17,18,18,18,17,16,17,15,14,10,8,6,2,3,8,12,17,22,23,24,25,25,25,26,6,0,0,0,0,0,0,0,0,0,7,30,33,35,32,29,24,18,13,9,10,14,18,21,23,24,26,26,24,21,20,19,11,16,15,21,22
-51,114,14,30,30,29,26,24,20,17,13,13,13,17,21,25,28,30,32,32,31,29,24,20,15,9,4,0,1,0,0,0,0,0,0,0,0,0,5,18,17,17,15,14,13,14,16,18,19,21,24,26,27,27,26,26,24,22,21,19,18,18,20,24,26
-88,114,14,5,8,12,16,16,15,17,16,15,18,20,21,21,19,18,16,14,12,10,9,10,9,7,8,10,2,0,0,0,0,0,0,0,0,0,4,14,15,14,15,13,11,10,10,9,9,10,12,15,16,14,11,9,8,9,12,14,11,7,8,11,12
-71,114,14,38,36,34,29,25,20,17,17,18,22,25,27,28,26,24,21,17,13,10,8,9,10,12,14,15,4,0,0,0,0,0,0,0,0,0,4,14,12,8,6,7,11,15,19,22,24,26,27,26,25,23,21,18,15,15,16,19,21,26,30,35,37
-60,118,8,0,0,0,6,24,24,25,25,24,23,23,23,23,23,24,25,24,23,23,24,24,23,23,23,23,24,23,24,26,27,13,27,27,26,26,25,26,26,25,25,25,25,25,26,27,28,28,28,27,29,28,29,29,29,30,30,30,7,0,0,0,0
-59,43,1,0,0,0,6,24,25,26,26,25,24,24,24,24,24,25,25,25,24,24,24,24,23,23,23,23,23,23,23,25,25,12,25,25,25,24,23,23,23,23,22,22,23,22,22,23,24,24,25,24,24,23,24,24,24,25,25,24,6,0,0,0,0
-91,114,14,9,7,7,7,10,10,9,11,10,7,9,9,10,11,9,7,5,5,5,5,5,7,9,9,9,2,0,0,0,0,0,0,0,0,0,1,6,7,8,8,8,8,9,8,8,8,9,10,10,10,8,8,7,6,7,10,12,12,12,12,12,13
-53,114,14,18,18,17,15,14,12,10,8,9,10,12,14,16,17,19,19,19,18,17,14,11,8,5,3,1,1,0,0,0,0,0,0,0,0,0,1,8,8,7,8,7,7,8,9,10,11,12,13,14,14,14,14,14,13,12,12,11,12,12,13,15,15
-52,114,14,32,32,31,28,25,22,18,16,16,17,19,23,26,29,31,33,33,32,29,25,21,16,10,5,2,0,0,0,0,0,0,0,0,0,0,4,17,17,16,16,15,15,17,18,20,21,23,25,27,27,27,28,26,24,23,22,21,21,21,23,27,29
-70,114,14,46,41,36,29,22,15,8,7,14,21,27,31,34,34,31,28,24,19,12,6,2,3,8,11,13,3,0,0,0,0,0,0,0,0,0,3,9,7,5,7,10,14,19,23,27,28,30,31,31,29,26,22,17,11,7,9,16,23,29,35,41,45
-59,118,8,0,0,0,6,24,25,26,25,24,23,23,23,23,23,24,25,25,23,23,24,24,23,23,23,23,24,23,24,25,25,12,25,26,25,25,24,24,24,24,23,24,24,24,25,25,26,26,26,26,26,27,28,27,27,28,28,28,7,0,0,0,0
-59,43,1,0,0,0,6,26,27,28,29,28,27,27,26,26,27,28,29,28,27,27,28,27,26,26,26,26,26,25,26,28,29,14,28,28,28,27,26,26,25,25,24,24,25,24,25,26,26,27,28,27,27,27,28,28,29,29,29,29,7,0,0,0,0
-89,114,14,5,4,6,6,6,6,7,6,5,6,9,8,9,10,7,5,4,1,2,4,5,7,9,10,10,2,0,0,0,0,0,0,0,0,0,1,5,5,3,3,4,7,10,9,7,9,10,8,9,8,6,4,3,8,10,11,10,12,12,13,13,14
-83,114,14,21,26,24,23,25,25,23,21,17,13,12,7,4,6,9,14,19,24,27,28,32,34,34,31,28,5,0,0,0,0,0,0,0,0,0,7,29,29,30,29,26,24,21,17,17,16,17,18,17,17,18,17,20,19,18,20,17,10,10,10,11,16
-52,114,14,18,17,16,15,13,11,10,9,8,10,12,14,16,17,18,18,18,17,16,14,11,7,5,1,1,0,0,0,0,0,0,0,0,0,0,2,9,9,10,9,9,9,10,11,12,12,13,14,15,15,15,15,15,14,13,12,13,13,13,14,16,17
-70,114,14,43,42,39,35,31,26,21,16,12,9,9,10,11,12,13,13,13,13,14,15,14,14,13,11,9,2,0,0,0,0,0,0,0,0,0,5,15,12,8,8,11,16,22,28,32,35,38,38,37,35,32,29,24,19,15,12,13,18,23,27,31,36
-87,114,14,14,17,20,24,25,24,22,25,25,25,26,26,26,23,20,18,14,11,8,6,4,3,4,6,6,1,0,0,0,0,0,0,0,0,0,8,30,24,25,24,19,17,18,15,13,12,11,13,13,11,14,19,20,17,14,13,12,12,13,13,12,10
-60,118,8,0,0,0,6,25,25,26,26,25,25,25,24,24,25,26,26,26,25,24,25,25,24,24,24,25,25,25,26,27,27,14,27,27,27,26,26,26,26,25,25,26,26,25,25,26,27,29,29,28,28,28,28,29,29,31,30,30,8,0,0,0,0
-60,163,8,0,0,0,7,25,26,27,27,26,26,25,25,24,24,25,26,25,24,24,25,25,24,24,25,25,25,24,26,27,28,14,27,28,28,27,27,27,27,26,25,26,27,27,27,28,29,29,29,30,30,29,30,30,30,31,31,31,8,0,0,0,0
-60,43,1,0,0,0,6,24,24,25,25,24,23,23,23,23,24,25,25,25,24,24,25,24,23,23,24,24,25,24,25,27,27,14,27,28,27,26,26,26,26,26,25,25,26,26,26,27,28,29,29,29,29,29,30,30,31,31,31,31,8,0,0,0,0
-61,163,8,30,30,29,28,28,28,27,26,26,28,27,27,29,30,31,31,29,29,28,28,28,28,29,28,28,7,0,0,0,0,0,0,0,0,0,5,17,18,19,20,19,19,20,20,21,22,23,23,24,23,23,24,24,24,24,25,25,26,26,27,29,29
-84,114,14,18,20,20,20,20,20,22,25,25,23,19,15,12,10,5,0,4,10,15,22,30,33,32,28,30,7,0,0,0,0,0,0,0,0,0,6,28,29,29,27,25,23,18,13,8,9,13,17,21,22,21,24,25,25,22,20,19,14,10,10,9,10
-82,114,14,17,20,19,20,22,24,26,25,23,23,18,14,16,13,6,1,6,12,18,23,29,31,29,28,32,8,0,0,0,0,0,0,0,0,0,6,27,30,30,27,25,21,17,14,8,7,10,16,20,22,22,23,25,25,23,19,15,12,9,9,8,5
-52,114,14,17,16,14,13,12,9,7,7,8,9,11,13,15,17,18,18,18,18,16,13,10,7,4,2,1,1,0,0,0,0,0,0,0,0,0,1,7,7,7,7,7,7,8,9,10,10,11,12,12,12,12,13,12,11,10,10,10,11,12,13,14,15
-71,114,14,37,30,25,19,13,9,9,13,17,22,24,26,27,26,24,21,17,12,7,2,4,7,10,11,13,3,0,0,0,0,0,0,0,0,0,5,19,18,18,18,18,21,24,28,30,31,31,30,29,27,24,20,18,17,20,26,31,35,39,42,45,46
-88,114,14,11,14,16,17,21,24,24,19,17,17,19,19,17,13,8,7,11,11,6,7,6,3,1,3,2,1,0,0,0,0,0,0,0,0,0,4,16,17,18,14,10,8,7,5,4,6,7,10,15,19,21,21,17,17,17,12,8,11,11,8,4,6
-59,118,8,0,0,0,6,23,23,24,24,23,22,22,22,22,22,23,23,23,22,21,22,22,21,21,21,21,21,20,22,23,23,11,23,23,23,22,22,22,22,22,21,20,21,20,21,22,22,23,23,23,22,22,23,23,24,25,24,24,7,0,0,0,0
-57,43,1,0,0,0,5,22,24,25,25,24,24,24,24,24,25,26,27,27,26,26,27,26,25,25,25,26,26,25,26,28,28,14,28,28,28,27,26,27,27,26,25,25,26,26,26,27,27,28,28,28,27,27,27,27,27,28,28,28,6,0,0,0,0
-52,114,14,25,24,22,20,17,15,14,13,15,18,20,23,26,27,28,29,28,26,23,20,15,10,5,3,4,1,0,0,0,0,0,0,0,0,0,4,13,14,15,15,15,15,16,17,17,17,18,19,19,20,20,20,20,19,19,20,20,21,21,22,24,26
-86,114,14,17,18,22,26,25,26,29,29,26,23,20,19,18,17,17,16,14,11,12,15,16,16,16,16,16,5,0,0,0,0,0,0,0,0,0,4,18,24,24,24,23,19,18,17,15,12,7,8,11,12,13,16,17,15,15,14,13,15,16,13,13,13
-71,114,14,35,28,22,16,13,13,16,19,23,26,28,27,26,23,21,18,14,13,12,11,12,14,15,16,16,4,0,0,0,0,0,0,0,0,0,0,3,2,6,10,15,19,25,28,31,31,32,31,29,25,20,15,10,10,16,23,29,35,40,43,45,45
-58,118,8,0,0,0,3,13,13,14,14,14,14,14,13,14,14,15,15,15,14,14,15,15,14,14,14,14,14,14,15,15,15,7,16,16,16,15,15,15,15,14,14,15,15,14,15,15,16,16,16,15,15,15,15,15,16,16,16,15,4,0,0,0,0
-57,43,1,0,0,0,5,24,24,26,27,25,25,25,25,25,27,28,28,27,27,26,28,27,25,26,26,26,26,26,27,28,28,13,27,29,29,28,26,27,27,26,26,26,26,26,26,27,27,28,29,28,28,27,27,28,29,29,29,28,7,0,0,0,0
-82,114,14,24,25,26,26,26,24,22,22,20,16,12,7,3,2,2,7,12,17,20,22,24,26,25,27,31,7,0,0,0,0,0,0,0,0,0,7,31,35,36,33,31,28,24,19,14,12,14,19,21,24,28,28,27,27,24,21,20,15,12,15,16,15
-50,114,14,18,18,17,16,14,13,12,11,11,12,13,16,18,18,19,20,20,20,18,16,13,10,7,4,3,1,0,0,0,0,0,0,0,0,0,3,10,10,9,10,9,9,9,10,10,11,12,13,14,15,16,16,16,15,14,14,13,13,14,14,15,16
-87,114,14,19,21,20,21,25,26,24,23,23,22,23,20,15,15,17,14,11,12,13,13,11,13,12,9,7,2,0,0,0,0,0,0,0,0,0,4,11,10,13,14,11,11,11,8,4,6,7,5,6,9,11,10,9,10,12,14,16,17,15,14,11,9
-71,114,14,37,32,27,21,19,15,15,17,20,23,25,27,28,26,24,20,15,9,5,4,8,11,15,17,19,5,0,0,0,0,0,0,0,0,0,4,20,17,13,10,10,13,17,22,27,30,32,33,31,29,25,21,15,9,8,13,19,26,32,36,40,42
-57,118,8,0,0,0,5,21,21,23,23,22,22,23,23,23,23,24,25,25,24,24,24,24,22,23,23,23,23,23,24,25,25,13,25,25,25,24,24,24,24,23,23,23,23,22,22,23,24,25,24,24,24,24,24,25,25,25,24,24,6,0,0,0,0
-57,163,8,0,0,0,4,18,19,20,20,19,19,20,19,19,20,21,21,21,21,21,21,21,19,19,20,20,20,20,21,21,21,10,21,22,21,20,20,21,21,20,19,19,20,20,19,21,21,22,22,22,21,21,21,22,22,22,22,22,5,0,0,0,0
-57,43,1,0,0,0,6,24,25,26,26,25,25,26,25,25,27,28,28,27,27,27,28,27,26,26,27,27,26,26,27,29,29,14,29,29,29,28,27,27,27,27,27,26,27,27,27,27,28,29,30,28,28,28,28,29,29,30,29,29,8,0,0,0,0
-78,114,14,20,21,21,21,21,22,23,21,17,15,19,8,16,8,2,7,11,14,18,20,21,22,23,21,21,4,0,0,0,0,0,0,0,0,0,5,22,23,23,22,19,18,14,9,8,8,13,16,17,17,18,18,16,15,12,10,7,4,5,8,11,12
-51,114,14,31,30,29,26,24,22,19,17,17,19,21,24,26,29,30,31,29,28,26,22,17,14,9,6,5,2,0,0,0,0,0,0,0,0,0,4,15,14,14,14,13,14,14,16,18,20,23,25,26,26,26,26,25,24,23,22,21,21,21,22,25,27
-72,114,14,38,31,25,19,14,9,8,14,20,26,29,32,33,32,29,25,20,14,8,3,6,10,12,15,16,4,0,0,0,0,0,0,0,0,0,2,8,7,7,7,9,12,14,18,21,23,24,26,25,23,20,16,10,4,2,10,18,25,32,37,42,44
-86,114,14,12,14,17,18,18,22,25,26,26,26,27,26,21,17,15,15,16,14,12,12,13,11,9,10,12,2,0,0,0,0,0,0,0,0,0,7,25,24,23,20,17,14,11,10,10,9,9,9,10,13,14,14,15,15,14,13,13,12,11,8,5,5
-57,118,8,0,0,0,5,23,23,25,25,24,25,25,24,25,25,27,27,27,26,26,26,26,25,25,26,26,26,26,26,27,28,13,28,28,28,26,26,26,26,26,24,25,26,25,25,27,27,27,27,26,26,26,26,26,27,27,27,27,6,0,0,0,0
-58,43,1,0,0,0,5,20,21,22,23,22,22,21,21,21,22,23,23,23,22,22,23,22,22,22,22,22,23,23,23,24,24,11,25,25,25,23,23,24,24,24,23,23,23,23,23,24,25,25,26,25,25,25,25,26,26,26,26,26,6,0,0,0,0
-59,163,8,28,28,27,27,27,26,25,25,25,26,25,25,26,27,28,28,27,26,25,25,24,24,24,24,23,6,0,0,0,0,0,0,0,0,0,3,14,15,16,17,17,17,18,18,19,20,21,22,22,22,22,23,23,22,23,23,23,24,24,26,27,28
-89,114,14,11,10,11,12,10,9,7,2,2,0,2,2,2,5,8,9,8,8,11,12,9,6,5,4,2,1,0,0,0,0,0,0,0,0,0,2,6,5,6,6,6,8,7,5,5,6,10,12,9,9,14,12,12,14,12,8,4,4,5,9,11,13
-83,114,14,24,25,25,24,23,24,23,23,22,20,16,11,9,7,4,8,15,20,22,22,24,26,25,21,18,4,0,0,0,0,0,0,0,0,0,8,33,35,34,30,25,20,16,9,7,12,18,23,26,29,29,27,25,21,14,7,3,7,13,18,21,23
-52,114,14,32,32,30,27,25,22,20,18,18,21,25,27,31,33,34,35,34,31,28,23,18,12,7,4,6,1,0,0,0,0,0,0,0,0,0,4,16,16,15,14,14,13,15,17,18,20,23,25,26,27,27,27,26,25,23,23,22,22,23,25,28,30
-69,114,14,39,34,30,24,19,13,10,9,10,14,16,18,17,17,16,14,13,12,10,11,11,10,10,10,9,2,0,0,0,0,0,0,0,0,0,3,13,9,4,5,9,15,21,26,30,32,35,37,36,33,30,25,19,12,7,10,17,23,29,34,38,42
-85,114,14,17,15,14,18,22,23,24,27,30,30,29,26,22,18,17,18,16,10,6,9,13,12,11,12,13,3,0,0,0,0,0,0,0,0,0,8,33,29,25,24,27,27,23,18,15,14,13,12,12,9,7,10,11,13,13,13,16,17,14,10,10,12
-69,114,14,40,37,33,28,23,17,12,10,10,13,15,17,16,16,16,16,15,14,14,13,12,11,11,10,9,2,0,0,0,0,0,0,0,0,0,3,13,10,5,5,10,15,20,26,30,32,35,36,36,33,29,25,19,14,9,10,16,22,27,33,37,40
-57,118,8,0,0,0,6,23,24,25,26,25,25,25,26,26,27,28,29,28,27,27,28,28,26,26,26,26,26,26,26,28,29,14,29,29,29,27,26,27,27,25,26,27,27,25,26,26,27,29,28,28,27,27,27,28,28,28,28,27,7,0,0,0,0
-57,43,1,0,0,0,6,25,26,27,27,26,26,26,26,26,26,27,28,27,27,26,27,27,26,25,25,26,26,25,26,28,28,14,28,28,28,27,26,27,27,26,26,27,27,26,27,28,28,29,29,28,28,28,28,28,28,29,29,29,8,0,0,0,0
-57,43,1,0,0,0,5,23,24,26,26,26,26,25,25,25,27,28,28,27,26,26,27,26,26,26,26,26,26,26,26,28,28,14,29,29,28,27,27,26,26,26,26,26,26,26,25,27,27,28,28,28,28,27,27,27,28,28,27,27,6,0,0,0,0
-83,114,14,26,22,21,21,20,18,17,18,18,15,13,13,12,8,4,1,7,10,13,17,17,18,19,17,16,4,0,0,0,0,0,0,0,0,0,8,34,36,34,31,28,22,18,13,12,15,19,26,29,30,30,31,28,23,18,14,11,10,12,15,20,25
-51,114,14,30,28,25,22,19,17,15,15,17,20,23,26,29,31,32,33,31,29,27,22,17,12,7,4,5,1,0,0,0,0,0,0,0,0,0,4,13,14,14,14,14,15,16,17,18,20,21,22,23,23,23,22,21,21,20,21,21,22,23,25,28,28
-70,114,14,24,20,16,12,10,10,12,15,18,22,24,24,23,22,21,18,15,12,8,5,4,5,7,9,10,2,0,0,0,0,0,0,0,0,0,3,13,11,14,16,18,21,24,26,27,26,27,25,23,19,16,12,11,13,17,22,27,31,34,35,36,36
-57,118,8,0,0,0,6,24,25,26,26,26,26,26,26,26,27,28,28,27,26,26,27,27,26,26,26,26,26,25,26,28,28,14,27,29,28,28,28,28,27,27,26,26,28,26,26,27,27,29,29,29,29,28,28,28,29,29,28,27,7,0,0,0,0
-57,163,8,0,0,0,6,23,23,25,25,24,24,24,24,24,25,26,27,26,26,24,26,26,24,24,24,24,25,24,24,26,26,14,26,26,26,25,25,25,25,25,24,24,24,24,24,25,25,25,25,25,25,24,25,25,25,25,24,25,6,0,0,0,0
-57,163,8,0,0,0,5,21,23,23,24,23,23,22,23,23,23,24,25,25,24,23,24,24,23,23,23,23,23,22,24,25,25,12,25,25,25,24,24,24,24,24,22,22,23,22,23,24,24,24,24,24,24,24,24,23,24,24,23,23,5,0,0,0,0
-57,163,8,0,0,0,5,22,23,25,25,25,25,24,24,24,25,26,26,26,25,25,26,25,24,24,24,24,25,24,25,26,27,13,27,27,26,26,25,25,25,24,24,25,25,24,24,25,25,26,26,25,25,25,25,25,25,26,25,25,5,0,0,0,0
-57,43,1,0,0,0,4,17,18,18,18,18,18,18,18,18,18,19,20,20,20,19,20,20,19,19,19,19,19,19,20,21,21,10,21,21,21,20,20,20,20,20,19,19,20,19,19,20,20,19,21,23,21,18,20,19,20,26,24,19,4,0,0,0,0
-90,114,14,16,13,12,13,12,8,6,8,9,6,5,6,8,7,8,9,9,10,9,10,10,9,7,5,7,2,0,0,0,0,0,0,0,0,0,2,6,5,5,3,3,5,7,7,10,12,12,10,12,13,12,12,11,10,10,6,0,6,7,10,14,14
-52,114,14,34,33,32,32,30,28,25,25,25,26,28,30,32,34,36,37,37,34,31,26,21,16,11,8,8,2,0,0,0,0,0,0,0,0,0,5,19,20,20,20,20,19,19,20,22,23,26,28,30,31,31,32,32,30,29,28,27,26,25,25,28,30
-72,114,14,34,27,20,14,12,13,17,21,25,29,29,30,30,28,25,21,18,16,12,10,10,12,13,14,14,3,0,0,0,0,0,0,0,0,0,1,4,5,9,11,14,17,20,23,25,26,26,25,23,19,14,9,3,4,12,20,27,33,38,41,45,46
-86,114,14,20,20,21,24,27,27,28,26,24,24,25,21,17,14,13,11,9,8,8,7,9,9,10,11,11,3,0,0,0,0,0,0,0,0,0,1,8,15,16,13,14,14,10,10,14,13,11,13,14,16,18,16,15,16,16,16,14,10,8,8,5,5
-72,114,14,32,24,17,9,5,9,15,21,25,29,32,32,30,27,24,21,16,10,6,6,8,11,14,16,18,4,0,0,0,0,0,0,0,0,0,1,7,9,11,14,16,19,21,25,28,27,27,27,24,20,15,10,4,6,14,22,29,36,39,42,45,46
-59,118,8,0,0,0,4,17,18,19,20,20,20,20,20,21,22,24,24,24,24,24,25,26,25,25,25,25,26,26,27,28,28,13,28,29,29,28,27,27,27,27,26,27,27,26,26,28,28,29,29,28,28,27,27,27,28,28,27,26,6,0,0,0,0
-56,43,1,0,0,0,4,18,19,20,20,20,19,19,19,19,20,21,22,21,20,20,21,21,20,20,20,21,21,20,20,22,22,10,23,23,23,22,21,22,22,21,21,22,22,21,21,21,22,22,22,22,21,21,21,21,22,22,21,21,5,0,0,0,0
-81,114,14,28,26,26,27,25,21,18,15,9,2,3,10,16,20,24,28,32,34,34,32,30,29,25,19,16,4,0,0,0,0,0,0,0,0,0,7,26,28,29,30,28,22,16,12,7,8,14,20,23,25,28,28,25,22,19,15,12,9,8,8,11,15
-58,114,14,13,12,11,14,18,22,25,29,31,33,33,33,31,29,26,23,19,15,13,11,10,12,14,16,19,5,0,0,0,0,0,0,0,0,0,1,9,12,16,18,20,21,23,23,21,19,16,12,8,4,6,10,14,18,22,27,29,31,30,29,28,27
-73,114,14,32,28,25,22,22,24,27,30,31,31,30,29,26,24,19,14,9,5,8,12,15,17,18,18,18,4,0,0,0,0,0,0,0,0,0,2,8,9,9,11,15,17,19,22,24,25,24,24,24,23,20,19,18,18,20,25,29,33,35,38,40,40
-87,114,14,15,16,14,15,20,22,23,22,22,26,26,25,24,20,16,15,14,15,13,8,6,8,9,9,10,3,0,0,0,0,0,0,0,0,0,4,16,13,11,12,11,12,10,8,8,9,12,15,14,11,12,14,15,13,10,10,12,13,10,6,5,6
-56,118,8,0,0,0,5,18,19,20,20,19,19,19,18,19,19,21,21,21,20,20,21,21,20,20,21,21,21,21,21,23,23,11,23,24,24,23,23,23,23,22,22,22,22,22,22,24,24,25,27,25,25,28,28,25,24,26,29,27,6,0,0,0,0
-56,43,1,0,0,0,5,18,18,20,19,19,19,19,19,20,20,21,22,22,21,21,22,22,21,21,21,22,22,22,22,23,24,12,24,24,24,23,23,23,23,23,23,23,23,22,22,24,24,25,26,24,22,22,21,22,26,27,25,25,7,0,0,0,0
-79,114,14,32,32,31,29,26,22,20,19,17,17,19,20,19,20,22,25,29,31,31,31,31,30,26,20,14,3,0,0,0,0,0,0,0,0,0,5,23,25,24,20,15,10,4,3,9,16,22,26,29,31,31,27,24,20,15,10,5,7,12,18,22,24
-56,114,14,11,4,7,15,22,29,34,39,42,44,44,42,39,35,29,25,19,13,8,7,10,14,19,23,25,6,0,0,0,0,0,0,0,0,0,3,14,17,22,24,27,28,29,29,27,23,18,13,6,1,7,14,20,26,32,37,40,42,41,39,37,35
-87,114,14,5,11,13,14,18,26,30,31,30,31,32,29,25,23,18,10,4,0,3,6,12,14,13,15,18,5,0,0,0,0,0,0,0,0,0,4,16,17,16,13,11,11,10,9,5,4,5,7,9,12,15,15,15,17,19,19,18,18,16,15,13,15
-71,114,14,14,9,7,9,15,19,24,28,31,32,32,32,29,25,21,18,14,13,14,16,19,21,22,22,23,5,0,0,0,0,0,0,0,0,0,3,12,13,14,16,17,17,17,18,17,14,12,9,6,4,5,8,12,16,20,25,29,30,31,30,30,29
-57,118,8,0,0,0,4,13,13,14,14,14,14,14,13,13,14,15,16,16,15,15,16,16,14,14,14,14,14,14,14,15,15,8,16,16,16,14,14,14,14,13,13,13,14,13,13,14,14,14,14,14,13,13,13,13,14,14,13,13,4,0,0,0,0
-57,163,8,0,0,0,6,24,25,26,28,26,26,25,25,26,26,27,29,28,27,27,27,26,25,26,26,26,26,25,26,27,27,13,27,27,26,26,26,26,25,25,25,25,25,24,23,24,25,26,26,25,24,24,24,24,23,24,24,24,6,0,0,0,0
-57,163,8,0,0,0,5,20,20,22,22,22,21,21,22,22,23,24,24,24,23,22,23,23,21,21,21,21,22,22,22,23,23,10,23,23,22,22,22,22,22,21,20,20,20,21,20,21,21,22,22,20,20,20,20,20,21,21,20,20,5,0,0,0,0
-57,43,1,0,0,0,5,23,24,25,26,25,24,24,25,25,26,27,27,27,26,25,27,26,25,25,25,25,25,25,26,27,28,13,27,28,28,26,26,26,26,25,25,26,26,25,25,26,25,26,27,26,25,25,25,25,25,25,25,25,5,0,0,0,0
-82,114,14,22,22,22,24,26,27,27,24,22,21,16,12,10,10,15,21,24,28,31,32,29,27,26,23,20,4,0,0,0,0,0,0,0,0,0,6,22,22,22,21,18,14,11,8,3,1,7,11,13,14,16,16,14,12,10,7,5,8,11,15,17,17
-57,114,14,3,2,5,9,13,15,18,19,21,21,20,19,17,14,12,9,5,2,2,5,8,10,12,13,13,4,0,0,0,0,0,0,0,0,0,1,6,7,9,12,13,14,14,14,12,11,8,5,3,1,5,9,11,15,17,19,21,21,20,19,17,15
-71,114,14,38,33,29,24,20,17,17,18,18,19,20,18,16,13,9,8,8,11,14,15,15,15,15,14,12,2,0,0,0,0,0,0,0,0,0,2,8,7,8,12,17,23,28,32,34,36,38,40,39,36,34,30,25,19,17,17,22,27,32,36,40,43
-87,114,14,9,12,13,14,18,22,25,25,24,25,27,24,21,18,15,12,9,7,3,3,5,3,3,6,11,3,0,0,0,0,0,0,0,0,0,5,19,21,25,22,16,12,12,12,10,7,5,6,8,9,12,14,16,18,18,18,18,21,20,19,16,11
-57,118,8,0,0,0,5,20,21,22,23,22,21,21,21,21,22,23,24,23,23,23,24,23,22,22,23,23,23,23,24,26,26,13,26,27,27,26,25,26,26,25,25,25,26,25,25,26,27,28,28,27,27,26,27,27,27,28,27,26,7,0,0,0,0
-58,43,1,0,0,0,6,21,21,23,23,22,22,22,22,23,23,24,24,24,23,23,24,24,23,23,23,23,23,23,24,25,25,13,25,25,25,24,24,24,24,23,23,24,24,23,23,24,24,25,25,24,24,24,24,24,24,24,24,23,6,0,0,0,0
-84,114,14,27,25,23,20,18,14,14,13,13,13,12,11,10,10,12,15,18,21,22,22,21,21,18,19,23,5,0,0,0,0,0,0,0,0,0,7,30,31,30,24,16,12,10,9,15,21,24,27,29,28,27,23,20,19,14,9,8,10,13,18,23,26
-52,114,14,25,24,23,21,20,19,18,20,21,23,26,28,30,31,32,32,30,27,24,20,15,10,5,6,8,3,0,0,0,0,0,0,0,0,0,3,16,17,17,17,16,16,15,15,14,14,16,17,19,20,22,23,24,24,24,24,25,24,24,24,24,25
-70,114,14,28,19,13,7,6,9,15,19,24,28,28,28,28,26,23,19,15,10,5,3,3,6,9,12,13,3,0,0,0,0,0,0,0,0,0,3,10,8,7,9,13,18,23,27,30,30,30,30,27,22,17,13,8,9,13,20,26,31,33,37,39,38
-87,114,14,13,14,16,16,17,17,18,20,20,21,21,19,18,19,21,18,12,6,4,4,7,8,9,11,12,3,0,0,0,0,0,0,0,0,0,4,14,13,16,11,5,8,10,10,9,11,17,20,15,13,11,8,7,8,8,8,9,9,9,9,9,9
-70,114,14,25,19,14,9,6,7,11,15,19,22,24,25,23,21,18,16,13,9,6,4,6,7,10,12,14,4,0,0,0,0,0,0,0,0,0,3,10,10,12,13,15,19,23,26,28,28,29,28,26,22,19,15,14,12,15,18,23,28,31,34,36,36
-58,118,8,0,0,0,5,23,23,25,25,25,25,25,25,26,26,28,28,28,27,27,28,28,27,27,27,26,26,26,27,29,29,14,29,29,29,28,27,27,27,26,26,26,26,26,25,26,27,27,27,26,26,26,26,26,26,27,26,26,5,0,0,0,0
-58,43,1,0,0,0,6,24,25,26,26,25,25,25,25,25,26,27,28,27,26,26,27,27,26,26,26,26,26,26,26,28,28,14,28,28,28,27,26,27,27,26,25,26,26,24,24,25,26,26,26,25,24,24,25,25,25,25,24,24,6,0,0,0,0
-58,43,1,0,0,0,5,24,25,25,26,25,25,24,24,25,26,26,27,27,26,25,26,26,25,25,25,25,25,25,26,27,27,13,26,28,27,26,26,26,26,25,24,25,25,24,23,25,25,25,25,25,24,24,24,24,24,24,24,23,5,0,0,0,0
-83,114,14,24,23,24,21,18,19,18,18,18,17,13,12,12,10,13,17,21,25,25,22,23,21,16,15,14,3,0,0,0,0,0,0,0,0,0,7,29,29,29,26,22,15,8,1,9,16,22,26,27,27,26,27,25,20,14,9,4,5,11,16,21,23
-87,114,14,8,12,13,16,19,23,27,27,28,29,27,25,20,16,15,15,14,10,9,9,9,10,11,12,11,2,0,0,0,0,0,0,0,0,0,4,16,16,16,16,14,13,13,14,13,12,12,15,16,17,15,13,13,16,14,13,14,14,12,11,9,5
-73,114,14,39,33,26,19,13,10,13,20,24,28,31,34,33,30,26,23,18,13,11,11,13,15,17,18,19,5,0,0,0,0,0,0,0,0,0,2,8,6,3,1,7,14,21,26,30,33,36,38,36,33,28,25,19,13,10,14,20,27,32,38,43,44
-58,118,8,0,0,0,5,20,21,23,23,22,22,22,21,22,22,24,25,24,23,23,24,24,23,23,23,23,23,24,24,25,25,13,25,25,25,24,24,24,23,23,23,23,23,22,21,22,23,24,23,23,23,23,23,23,23,23,22,22,6,0,0,0,0
-59,43,1,0,0,0,5,21,22,23,24,23,22,22,22,22,22,24,24,24,23,23,24,24,23,23,23,23,24,23,24,25,25,13,26,26,26,25,24,25,25,24,24,24,24,23,23,24,24,25,25,25,25,24,24,24,24,24,24,24,6,0,0,0,0
-51,114,14,26,25,23,21,21,20,20,21,23,25,28,30,32,32,32,32,31,28,24,19,14,9,7,7,10,3,0,0,0,0,0,0,0,0,0,3,15,16,17,17,17,17,17,17,16,15,17,18,19,20,21,22,24,24,24,26,26,26,25,25,27,27
-83,114,14,30,27,27,27,24,23,25,26,26,25,22,19,18,19,18,18,22,25,26,24,24,24,20,17,11,2,0,0,0,0,0,0,0,0,0,7,27,28,28,23,18,15,9,4,9,14,18,23,27,29,29,27,22,20,17,14,13,14,15,16,21,25
-52,114,14,26,24,23,21,21,20,21,21,24,28,30,31,34,34,34,33,32,29,24,19,14,9,6,7,10,2,0,0,0,0,0,0,0,0,0,4,16,17,19,19,19,19,19,19,18,17,16,17,18,20,22,23,25,25,25,27,27,27,28,28,28,27
-71,114,14,39,38,37,34,32,28,24,20,16,15,14,14,15,14,14,12,11,11,10,9,10,10,11,12,12,4,0,0,0,0,0,0,0,0,0,7,25,22,18,12,7,6,11,17,25,30,35,38,40,38,38,36,32,27,20,15,12,12,15,19,25,29
-87,114,14,10,12,14,14,17,22,23,22,22,23,25,24,20,16,13,10,9,9,6,5,8,8,7,8,9,2,0,0,0,0,0,0,0,0,0,2,12,13,13,13,10,8,6,6,5,3,4,6,9,8,6,8,12,15,15,14,15,13,10,7,5,8
-58,118,8,0,0,0,5,20,21,22,23,22,22,21,21,22,22,23,24,23,22,22,24,23,22,22,23,23,23,23,23,24,25,12,24,24,24,24,23,23,23,22,21,21,21,21,21,22,22,23,22,22,22,22,22,22,22,23,22,22,6,0,0,0,0
-58,43,1,0,0,0,6,23,24,24,25,25,25,25,24,24,25,26,27,26,26,25,26,26,25,25,25,25,25,25,26,26,27,14,26,28,27,26,26,25,25,25,24,24,25,24,24,25,25,26,26,25,25,24,25,25,24,25,24,24,7,0,0,0,0
-83,114,14,29,26,23,21,18,17,17,15,16,18,18,16,15,13,11,11,13,18,21,20,16,12,11,8,10,2,0,0,0,0,0,0,0,0,0,8,35,37,36,31,24,18,13,5,3,11,21,28,31,33,31,25,22,19,13,7,3,11,19,26,32,37
-52,114,14,25,24,21,19,18,15,16,17,20,23,26,28,30,31,31,31,29,26,21,17,12,7,4,6,9,2,0,0,0,0,0,0,0,0,0,3,13,14,15,15,14,15,16,17,17,18,19,20,20,20,20,21,20,20,20,21,22,22,23,24,26,27
-86,114,14,13,19,21,20,20,24,26,26,25,25,23,22,18,15,15,13,9,7,6,7,8,11,12,10,9,2,0,0,0,0,0,0,0,0,0,5,22,18,16,16,12,10,11,12,11,12,12,13,13,14,15,18,19,19,18,15,15,15,11,8,5,5
-72,114,14,33,26,20,12,5,3,10,17,23,29,33,36,36,34,31,28,23,18,13,8,5,7,11,14,16,5,0,0,0,0,0,0,0,0,0,2,11,12,13,17,21,25,26,28,28,26,24,22,19,14,9,5,6,12,17,22,28,31,35,38,39,39
-58,118,8,0,0,0,6,21,21,22,22,22,21,21,21,21,22,22,23,22,21,21,22,22,21,21,21,21,22,21,22,23,24,12,23,23,23,22,22,22,22,22,22,21,22,21,21,22,22,23,23,23,22,22,22,22,22,23,22,22,6,0,0,0,0
-58,163,8,0,0,0,5,19,19,20,20,19,19,19,20,20,20,21,21,21,20,20,21,21,20,20,20,20,20,20,21,21,21,11,21,22,22,21,21,21,21,20,20,20,21,21,22,22,23,23,18,16,17,19,24,26,22,17,18,25,8,0,0,0,0
-58,43,1,0,0,0,5,23,23,25,26,25,24,24,24,24,24,25,26,26,24,24,25,25,24,24,24,24,24,24,24,25,26,12,26,26,26,25,25,25,25,24,24,23,23,23,23,24,24,24,24,24,23,22,23,22,22,22,22,21,5,0,0,0,0
-52,114,14,32,31,29,27,24,21,19,20,22,24,28,31,34,35,36,37,35,32,27,23,17,11,6,5,9,2,0,0,0,0,0,0,0,0,0,5,18,18,18,19,19,20,20,21,21,22,23,25,26,26,26,27,26,26,25,25,26,26,27,28,31,32
-68,114,14,32,28,24,21,19,17,18,20,22,23,22,21,21,19,15,14,13,13,13,13,14,14,14,14,14,4,0,0,0,0,0,0,0,0,0,3,14,12,10,9,13,17,22,27,30,31,33,34,33,31,29,26,22,19,18,19,22,26,30,33,35,37
-86,114,14,17,19,20,22,25,27,27,29,31,31,29,26,21,18,17,12,9,7,2,6,9,10,12,14,13,3,0,0,0,0,0,0,0,0,0,4,17,19,21,20,18,17,16,14,18,28,32,23,14,10,12,16,19,18,16,16,17,18,16,11,10,13
-58,118,8,0,0,0,7,25,26,27,27,27,26,26,25,25,26,28,27,27,26,26,27,26,26,25,25,25,25,25,26,27,27,14,27,28,28,27,26,26,26,26,25,26,26,25,25,26,27,27,27,26,26,25,26,25,26,26,25,25,7,0,0,0,0
-58,163,8,0,0,0,5,21,21,23,23,22,21,21,21,21,22,23,24,22,21,21,22,22,21,21,21,22,22,21,21,23,23,11,23,23,23,22,22,22,22,21,21,21,21,21,20,21,21,22,22,21,21,21,21,21,22,22,21,20,5,0,0,0,0
-58,163,8,0,0,0,6,26,26,29,29,27,27,27,27,27,27,29,30,28,28,27,28,28,27,27,27,27,27,26,28,29,29,14,29,30,30,29,28,28,28,28,27,28,27,26,26,27,27,28,28,28,27,27,26,26,26,27,26,26,6,0,0,0,0
-58,163,8,0,0,0,7,25,25,26,27,26,26,25,25,25,26,27,28,28,27,27,28,28,26,26,27,27,27,26,27,28,29,15,29,29,29,28,27,27,27,27,26,26,27,26,26,28,28,29,29,28,28,27,27,28,28,28,28,28,7,0,0,0,0
-59,43,1,0,0,0,5,23,24,25,26,25,24,25,24,24,25,27,28,27,26,26,27,27,26,26,26,26,26,26,27,28,28,14,28,29,28,28,27,27,27,26,25,25,26,25,25,26,26,27,27,26,25,25,25,25,26,26,25,24,6,0,0,0,0
-51,114,14,25,23,22,20,18,17,17,18,20,24,26,28,30,31,31,30,29,25,21,16,11,6,3,5,9,2,0,0,0,0,0,0,0,0,0,3,15,16,17,17,17,16,17,17,16,17,18,19,20,20,21,22,22,22,23,23,24,24,24,25,26,27
-84,114,14,34,31,29,26,20,16,14,14,13,14,17,18,18,19,21,22,26,26,23,21,20,15,7,8,10,3,0,0,0,0,0,0,0,0,0,7,27,26,25,26,23,16,8,1,8,15,20,25,27,26,24,21,19,16,12,6,5,14,18,23,29,37
-51,114,14,26,24,22,20,18,17,18,19,21,24,27,30,31,32,31,31,29,26,21,17,12,7,3,6,9,2,0,0,0,0,0,0,0,0,0,4,16,17,17,18,18,17,17,18,18,18,19,20,20,21,22,23,23,23,23,24,25,25,25,25,27,28
-72,114,14,35,30,24,18,13,7,8,13,19,24,28,30,32,30,28,23,19,15,10,4,2,5,8,11,14,4,0,0,0,0,0,0,0,0,0,2,12,10,6,1,5,10,16,22,27,30,32,34,33,31,27,22,15,9,5,10,17,24,29,35,38,41
-87,114,14,17,23,21,20,18,20,21,24,25,24,22,18,15,12,10,10,8,9,6,4,5,7,8,9,9,2,0,0,0,0,0,0,0,0,0,1,8,12,12,12,12,12,13,14,15,14,17,20,19,17,16,14,14,14,13,13,11,7,4,3,1,1
-59,118,8,0,0,0,6,24,24,26,26,25,25,25,25,25,26,27,27,27,26,26,26,26,25,25,25,25,26,25,26,27,28,13,28,28,28,27,26,27,26,25,25,25,26,25,25,26,26,27,27,26,25,25,25,26,26,26,25,24,6,0,0,0,0
-59,163,8,0,0,0,6,24,25,26,27,26,25,25,25,25,26,28,28,28,27,26,28,27,26,26,26,27,27,26,27,29,29,15,29,29,29,28,27,28,28,27,26,26,26,26,26,27,27,27,27,26,26,26,26,26,26,26,26,25,7,0,0,0,0
-58,43,1,0,0,0,2,11,12,12,13,13,12,12,12,12,13,13,13,13,12,12,13,13,12,12,12,12,12,12,12,13,13,6,13,13,13,13,13,13,13,13,13,12,12,12,13,13,13,13,13,13,13,12,12,12,12,12,12,12,3,0,0,0,0
-83,114,14,33,29,24,23,20,18,16,17,16,16,16,17,17,16,18,20,21,23,22,21,23,21,16,15,14,3,0,0,0,0,0,0,0,0,0,8,35,35,34,32,25,19,12,5,9,18,23,27,31,31,30,28,25,19,14,9,6,13,18,26,34,37
-51,114,14,25,24,21,19,17,15,15,16,19,22,25,27,29,30,30,30,28,25,22,17,12,7,4,5,8,2,0,0,0,0,0,0,0,0,0,4,13,14,15,15,15,15,15,16,16,15,16,17,18,18,19,19,20,20,20,21,21,22,23,24,26,26
-86,114,14,12,13,17,20,21,22,20,19,20,21,20,16,14,14,13,11,11,8,4,3,6,8,9,10,11,2,0,0,0,0,0,0,0,0,0,2,13,18,16,13,14,15,17,17,15,14,16,15,14,16,16,12,9,8,9,9,6,3,5,3,6,11
-72,114,14,36,29,22,16,9,6,10,15,21,25,28,30,30,28,24,21,15,10,5,4,7,10,13,15,17,4,0,0,0,0,0,0,0,0,0,2,7,6,6,8,11,15,20,26,29,29,31,31,30,27,23,19,14,12,13,18,24,30,36,39,43,45
-58,118,8,0,0,0,5,20,21,22,23,22,22,22,22,22,23,24,25,24,23,23,24,24,23,23,23,23,23,23,24,25,25,13,24,25,25,24,23,23,23,23,22,22,23,22,22,23,23,23,23,23,22,22,22,22,22,22,21,20,5,0,0,0,0
-58,163,8,0,0,0,6,25,25,27,27,26,26,26,26,25,27,28,28,27,26,26,27,26,25,25,25,26,26,25,26,27,27,14,27,27,27,26,26,26,26,25,25,25,25,24,24,25,25,26,25,24,24,23,24,23,24,24,23,22,6,0,0,0,0
-58,163,8,0,0,0,5,22,23,24,24,23,23,23,23,23,24,25,26,25,25,24,25,25,24,24,24,24,24,24,25,26,26,13,26,26,26,26,25,25,25,24,23,24,24,23,22,23,24,24,24,24,23,23,23,23,22,22,21,22,5,0,0,0,0
-58,43,1,0,0,0,6,24,25,26,26,26,25,25,25,25,25,26,27,27,26,25,27,26,25,25,25,25,25,25,26,28,28,14,29,29,29,27,26,27,26,26,25,25,25,25,26,27,27,27,27,26,26,26,26,26,26,26,26,26,6,0,0,0,0
-59,163,8,30,29,29,28,28,28,26,25,25,26,25,25,26,26,27,27,26,25,24,23,23,22,22,21,21,5,0,0,0,0,0,0,0,0,0,5,17,17,18,19,19,20,20,20,21,22,25,24,25,24,24,25,25,25,25,25,25,26,27,28,29,30
-83,114,14,31,29,26,21,17,14,11,8,7,11,14,16,17,19,21,23,25,25,24,21,19,17,16,15,16,4,0,0,0,0,0,0,0,0,0,8,34,36,34,31,28,23,15,8,2,9,17,23,27,28,27,29,28,25,19,14,10,9,16,22,25,26
-51,114,14,25,23,21,18,15,14,13,15,17,20,23,26,29,30,31,30,29,26,23,17,12,7,3,5,8,3,0,0,0,0,0,0,0,0,0,2,12,13,13,13,13,13,13,14,14,14,16,17,18,18,19,19,19,19,19,19,19,20,21,22,23,24
-82,114,14,31,30,26,22,17,13,9,5,5,7,11,16,19,22,25,26,25,25,26,24,23,21,20,17,12,3,0,0,0,0,0,0,0,0,0,9,34,36,34,30,25,20,13,5,4,11,16,20,23,27,30,30,29,25,20,17,12,8,12,20,28,32
-71,114,14,36,35,32,30,28,23,19,15,14,12,12,11,12,11,11,10,10,10,10,9,9,8,8,7,7,1,0,0,0,0,0,0,0,0,0,5,19,17,13,10,9,12,16,22,26,30,33,34,33,31,29,27,22,18,14,10,12,17,20,24,27,29
-86,114,14,18,24,25,24,25,26,28,30,29,25,21,21,20,16,16,16,13,10,7,5,3,5,6,7,8,1,0,0,0,0,0,0,0,0,0,4,12,10,10,8,9,8,9,7,8,11,13,12,13,18,18,16,16,17,16,14,14,13,11,9,9,10
-59,118,8,0,0,0,5,24,25,27,27,26,25,25,25,25,26,28,29,28,27,27,28,28,27,27,27,27,27,27,28,30,30,15,29,30,30,29,28,29,29,27,27,27,27,26,26,27,28,29,29,28,27,27,28,28,28,28,27,27,6,0,0,0,0
-58,163,8,0,0,0,6,23,24,25,25,25,24,24,24,25,25,27,27,27,26,25,26,26,25,25,25,25,25,25,26,27,27,14,27,27,27,26,25,25,25,24,24,25,25,23,23,24,24,25,25,24,23,23,23,23,23,24,23,22,6,0,0,0,0
-58,43,1,0,0,0,5,23,23,24,25,24,23,23,22,23,24,25,26,25,24,23,24,24,23,23,23,23,23,23,23,25,25,12,25,25,25,24,23,23,23,23,23,23,23,22,21,23,23,24,24,23,22,22,22,22,22,23,22,22,5,0,0,0,0
-91,114,14,5,6,8,9,9,10,9,5,6,7,7,8,10,9,6,3,3,3,1,5,6,5,8,8,9,1,0,0,0,0,0,0,0,0,0,0,3,4,4,6,7,9,9,7,5,4,4,3,4,5,5,6,6,9,12,13,15,16,15,12,10,6
-51,114,14,25,24,20,18,17,15,15,17,20,24,28,30,33,34,34,34,32,29,25,20,14,8,4,5,10,3,0,0,0,0,0,0,0,0,0,3,14,15,15,15,15,15,15,15,15,15,16,17,17,18,18,19,20,20,21,21,22,23,24,25,26,26
-71,114,14,29,22,17,12,7,4,5,10,14,19,23,26,29,30,30,28,26,23,18,13,8,4,2,6,10,3,0,0,0,0,0,0,0,0,0,3,11,11,12,15,19,23,25,27,27,25,24,22,19,14,9,5,7,11,16,22,27,30,33,35,36,36
-58,118,8,0,0,0,6,23,23,25,25,24,24,24,24,24,25,26,27,26,26,25,26,26,25,25,25,25,26,25,26,27,27,14,27,27,27,26,26,26,25,25,25,25,25,24,24,25,25,26,26,24,24,24,25,24,24,24,24,23,6,0,0,0,0
-58,163,8,0,0,0,5,21,21,23,23,22,22,22,21,22,23,24,24,23,22,22,23,23,23,23,23,22,22,22,23,24,25,12,24,25,25,24,23,23,23,22,22,22,22,22,21,23,23,23,24,22,22,22,22,22,22,22,22,21,5,0,0,0,0
-58,163,8,0,0,0,6,23,24,25,25,24,24,24,24,24,24,25,26,25,24,24,24,24,23,23,23,23,23,23,24,25,25,13,25,25,25,24,24,24,24,23,22,22,23,23,23,23,24,24,24,24,23,23,23,23,23,23,22,22,6,0,0,0,0
-58,163,8,0,0,0,5,21,22,23,24,22,23,22,23,23,23,24,25,24,23,23,24,24,22,22,22,22,22,22,23,24,24,12,24,24,24,23,22,23,22,22,21,22,22,21,21,22,22,23,23,23,21,21,21,21,21,21,21,21,4,0,0,0,0
-57,43,1,0,0,0,6,23,23,24,25,24,23,24,23,24,24,25,26,25,25,25,25,25,23,24,24,24,24,24,24,26,26,13,25,26,26,25,24,24,24,24,24,23,23,23,23,23,24,25,23,23,23,23,22,22,22,22,22,21,6,0,0,0,0
-86,114,14,19,16,13,12,11,11,14,17,17,18,18,17,15,13,13,14,18,21,19,18,17,17,17,15,14,4,0,0,0,0,0,0,0,0,0,7,30,30,30,26,19,13,7,2,8,16,22,25,24,26,26,20,13,10,8,8,10,12,16,21,25,27
-51,114,14,29,28,26,24,22,19,17,17,19,22,26,29,31,32,33,33,32,29,25,20,14,9,5,6,10,3,0,0,0,0,0,0,0,0,0,3,16,17,17,16,15,14,14,15,15,16,18,21,22,23,24,24,24,23,23,23,23,23,24,25,27,29
-86,114,14,20,23,25,26,28,29,31,31,30,30,28,24,21,20,17,15,15,13,12,11,14,16,14,13,16,4,0,0,0,0,0,0,0,0,0,4,16,20,19,18,18,17,16,13,10,11,13,15,16,17,18,16,15,14,15,16,17,13,10,8,7,10
-68,114,14,31,28,25,21,19,17,17,16,17,19,18,20,19,19,17,17,17,17,17,16,14,14,12,11,10,2,0,0,0,0,0,0,0,0,0,3,15,13,8,5,8,13,20,26,30,33,36,36,35,31,29,26,21,18,16,18,21,25,28,31,35,36
-84,114,14,18,21,24,29,30,28,29,30,30,30,28,25,23,18,13,13,12,10,10,13,16,20,21,17,18,5,0,0,0,0,0,0,0,0,0,2,12,16,19,18,15,12,13,15,16,14,13,13,15,16,17,20,19,15,15,16,14,13,11,8,9,8
-57,118,8,0,0,0,5,25,25,27,27,26,26,26,26,26,26,27,28,27,26,26,27,26,25,26,26,25,25,24,25,27,28,13,27,27,27,25,25,25,25,25,24,23,24,24,24,24,24,25,25,25,24,24,23,24,23,24,23,23,5,0,0,0,0
-58,43,1,0,0,0,5,24,25,26,27,25,25,25,25,25,26,28,28,28,26,26,27,28,26,26,26,26,26,26,27,28,28,14,28,28,28,27,26,27,27,26,26,26,26,25,25,26,26,27,27,26,26,25,26,26,27,26,26,25,5,0,0,0,0
-91,114,14,4,2,4,7,10,10,9,12,15,12,10,9,10,9,7,7,5,3,3,4,5,5,5,5,5,2,0,0,0,0,0,0,0,0,0,1,3,4,6,6,5,6,6,7,6,6,7,5,2,3,4,5,6,7,8,11,13,14,14,10,5,7
-51,114,14,16,14,13,12,11,10,10,11,12,14,16,17,19,19,19,20,18,17,14,10,7,4,2,3,5,1,0,0,0,0,0,0,0,0,0,3,10,10,11,11,10,10,10,11,11,11,12,12,13,13,13,14,14,14,14,14,14,14,15,15,16,17
-50,114,14,29,27,24,22,20,19,19,20,23,27,30,32,35,35,35,35,33,30,26,20,14,9,5,8,11,3,0,0,0,0,0,0,0,0,0,4,17,17,18,18,18,18,18,19,19,19,20,21,22,23,24,25,25,25,25,25,26,27,28,29,30,31
-88,114,14,7,11,17,21,23,24,24,22,21,24,27,25,21,17,13,10,6,2,2,5,8,10,10,10,9,1,0,0,0,0,0,0,0,0,0,3,13,14,13,10,8,8,8,7,6,5,3,1,2,3,6,8,7,6,6,7,7,8,8,7,9,9
-58,118,8,0,0,0,6,24,25,26,28,27,26,26,26,26,26,28,29,29,28,27,28,28,27,27,27,26,26,26,27,29,29,14,29,29,29,28,27,27,27,26,25,25,25,26,25,25,26,26,26,26,26,25,25,25,25,25,24,24,6,0,0,0,0
-58,163,8,0,0,0,6,25,25,26,26,26,25,25,25,25,26,27,28,27,26,26,27,26,25,25,25,25,25,25,26,27,27,14,26,27,27,26,25,25,25,24,24,24,24,23,23,24,25,25,25,24,24,23,24,24,24,24,23,23,6,0,0,0,0
-58,163,8,0,0,0,5,21,21,23,23,22,22,22,22,22,23,23,24,24,23,23,23,23,22,22,22,21,22,22,22,23,24,12,23,24,23,23,22,22,22,21,21,21,21,20,20,21,22,22,22,21,21,21,21,21,21,21,21,20,5,0,0,0,0
-58,43,1,0,0,0,5,23,23,25,25,24,23,23,24,24,25,25,27,26,25,24,25,25,24,24,24,24,24,23,24,26,26,13,26,26,26,25,24,24,24,23,23,23,23,22,23,23,23,24,24,23,22,22,22,23,23,23,22,22,5,0,0,0,0
-59,163,8,30,29,28,27,27,26,25,24,25,25,25,24,24,24,24,24,23,22,21,21,20,20,20,20,19,4,0,0,0,0,0,0,0,0,0,3,16,16,18,18,18,19,20,20,21,22,24,25,25,24,24,25,25,24,25,25,25,26,26,28,29,29
-89,114,14,7,6,6,7,9,11,11,15,17,12,7,6,7,8,7,5,7,7,6,6,7,8,9,9,9,3,0,0,0,0,0,0,0,0,0,1,3,4,4,5,7,6,5,4,3,2,3,5,6,7,10,9,9,10,9,10,13,13,14,13,9,7
-83,114,14,31,27,27,24,19,13,10,10,9,9,11,13,10,10,12,13,15,15,13,14,16,16,12,9,8,2,0,0,0,0,0,0,0,0,0,11,42,43,40,35,28,21,14,8,5,13,22,26,31,34,34,31,27,22,18,14,7,5,15,23,28,31
-51,114,14,26,25,22,20,17,15,14,16,19,23,26,29,32,32,33,34,32,29,24,20,14,8,5,5,8,3,0,0,0,0,0,0,0,0,0,3,16,16,16,16,16,16,17,18,18,18,19,20,21,21,21,21,21,21,21,22,23,24,24,26,28,29
-72,114,14,32,25,18,14,11,12,14,17,21,24,25,26,26,25,22,19,15,11,7,6,7,10,13,14,17,4,0,0,0,0,0,0,0,0,0,2,8,5,3,6,12,18,23,29,33,34,35,36,34,29,25,19,12,10,13,20,29,34,37,41,43,45
-87,114,14,12,18,24,26,25,28,31,32,31,27,24,21,16,11,8,8,8,8,10,13,16,16,15,15,17,4,0,0,0,0,0,0,0,0,0,6,23,21,19,19,17,17,16,14,14,14,15,17,18,18,18,16,17,16,14,14,14,11,8,8,6,5
-58,118,8,0,0,0,5,21,22,23,23,22,22,22,21,21,22,24,24,23,22,22,23,22,21,21,21,21,21,22,22,23,23,11,23,24,24,22,22,22,21,21,20,20,20,20,20,21,21,22,22,22,21,21,21,21,21,21,21,20,5,0,0,0,0
-58,163,8,0,0,0,6,25,26,27,28,27,26,27,26,26,27,28,28,27,26,26,27,27,25,25,26,25,25,25,26,27,28,13,27,27,27,27,27,26,26,26,24,24,25,25,25,25,26,26,26,25,25,24,24,24,24,25,23,23,6,0,0,0,0
-58,163,8,0,0,0,6,26,26,28,28,26,26,27,26,26,27,28,29,28,27,26,27,26,25,25,26,26,26,25,26,26,27,13,27,28,28,27,26,26,26,25,25,24,25,24,24,25,26,26,26,25,24,24,24,24,24,24,24,23,5,0,0,0,0
-58,43,1,0,0,0,6,25,26,27,27,26,25,25,25,25,26,27,27,27,26,25,26,26,24,24,24,25,25,24,25,26,27,13,27,27,27,26,25,25,25,25,24,24,24,24,24,24,25,25,25,24,24,23,24,24,24,23,23,22,5,0,0,0,0
-83,114,14,32,32,30,22,18,18,15,13,13,12,11,10,11,11,12,13,16,19,21,21,22,22,15,11,12,4,0,0,0,0,0,0,0,0,0,9,37,38,37,33,27,21,14,6,3,14,20,26,30,31,30,29,26,22,17,12,5,5,12,18,26,31
-51,114,14,28,26,24,22,19,17,15,15,17,20,23,26,28,30,31,30,29,26,23,18,13,8,4,5,8,2,0,0,0,0,0,0,0,0,0,4,15,15,15,15,15,15,16,17,18,19,20,22,23,22,22,22,22,21,21,21,21,22,22,24,26,28
-83,114,14,30,30,25,20,18,17,14,10,7,9,13,12,11,12,14,17,17,18,21,21,18,18,18,19,19,5,0,0,0,0,0,0,0,0,0,8,36,37,36,33,29,24,16,8,4,12,20,26,29,31,30,28,24,21,17,12,5,4,14,22,26,31
-70,114,14,37,38,36,34,31,27,22,17,12,8,5,6,7,9,11,11,11,11,10,10,10,9,7,6,5,1,0,0,0,0,0,0,0,0,0,5,19,16,11,8,6,9,13,18,22,26,29,31,32,32,30,29,25,20,15,11,8,7,11,17,23,27
-85,114,14,20,28,28,26,27,27,26,27,28,26,23,19,17,15,13,10,9,12,15,14,12,13,15,13,11,3,0,0,0,0,0,0,0,0,0,5,18,17,17,17,16,12,11,13,16,15,15,15,15,13,11,15,17,16,15,14,13,12,7,4,5,5
-58,118,8,0,0,0,5,23,24,25,25,24,24,23,24,24,24,25,26,26,24,24,25,24,23,23,24,24,24,23,24,25,25,12,26,26,25,24,24,24,24,24,23,23,24,23,22,24,24,24,24,23,23,22,23,23,22,23,22,21,5,0,0,0,0
-58,118,8,0,0,0,6,24,25,26,26,25,24,24,24,25,24,25,26,26,25,25,26,25,24,24,24,24,24,24,25,26,27,13,26,26,26,25,25,25,26,24,22,23,24,24,24,25,25,25,24,24,24,24,23,23,23,23,23,23,6,0,0,0,0
-59,163,8,0,0,0,5,20,21,22,22,21,20,20,20,20,21,21,22,22,21,20,22,20,19,19,19,20,20,20,20,21,21,10,22,22,22,21,20,20,20,20,19,19,19,18,19,21,21,20,22,24,22,19,19,21,22,24,23,22,5,0,0,0,0
-59,163,8,0,0,0,6,24,25,26,27,25,25,25,24,24,26,27,28,27,26,26,27,26,26,26,26,26,26,26,27,29,29,14,29,29,29,28,27,28,27,27,26,26,27,26,26,26,27,29,29,27,26,26,27,27,26,27,26,26,7,0,0,0,0
-59,163,8,0,0,0,4,18,18,20,20,19,19,19,19,19,20,21,21,21,20,20,21,20,19,19,19,19,20,20,21,22,22,10,21,21,21,21,21,21,20,19,18,18,18,18,19,20,20,20,20,19,19,19,19,19,20,20,19,19,4,0,0,0,0
-58,43,1,0,0,0,5,22,22,24,24,24,23,24,24,25,25,27,27,27,26,26,28,27,26,26,26,27,27,27,28,29,30,14,29,30,29,28,27,28,27,27,26,27,27,26,26,27,28,29,29,28,28,27,28,28,28,28,28,28,6,0,0,0,0
-91,114,14,10,9,7,8,8,6,5,8,11,6,5,9,9,8,10,13,13,10,10,9,7,6,6,5,4,1,0,0,0,0,0,0,0,0,0,0,3,4,4,4,4,4,4,6,7,7,8,8,9,9,8,9,10,9,9,7,4,5,6,7,9,11
-80,114,14,36,31,26,21,16,11,8,11,15,18,21,22,22,23,24,24,22,21,21,19,17,15,13,9,5,2,0,0,0,0,0,0,0,0,0,7,30,29,26,23,18,12,7,7,12,19,26,30,31,32,31,27,21,16,11,5,3,10,16,24,33,36
-52,114,14,29,28,27,25,21,18,15,14,15,18,21,25,28,30,31,32,31,29,26,21,17,10,5,1,4,1,0,0,0,0,0,0,0,0,0,5,17,18,17,16,15,13,13,14,16,17,19,22,23,24,25,25,25,23,22,20,20,20,21,22,25,28
-72,114,14,29,26,21,16,12,10,9,10,13,17,20,23,26,26,24,24,21,18,14,10,7,4,3,5,7,2,0,0,0,0,0,0,0,0,0,3,12,12,13,15,16,18,19,21,21,20,19,17,16,13,12,12,13,14,18,22,26,30,32,33,35,36
-58,118,8,0,0,0,5,22,23,25,26,24,24,25,24,24,25,27,27,27,26,25,27,27,26,27,27,27,27,25,27,28,29,14,29,29,29,28,27,28,27,26,27,27,27,26,26,27,29,29,29,29,29,29,28,29,29,29,29,28,7,0,0,0,0
-58,43,1,0,0,0,5,22,22,24,24,24,23,23,23,23,24,25,26,26,25,25,26,26,25,25,25,25,25,25,25,27,28,13,27,28,28,27,25,25,25,25,25,26,26,25,25,26,26,27,28,27,26,26,27,27,27,27,27,26,6,0,0,0,0
-52,114,14,29,29,26,24,22,19,17,17,18,21,24,27,30,32,33,34,32,30,26,22,17,11,7,5,8,3,0,0,0,0,0,0,0,0,0,4,16,16,16,15,14,13,13,14,15,17,19,22,24,24,25,26,25,24,22,21,21,21,21,23,25,27
-69,114,14,33,31,28,26,23,21,20,19,18,19,19,20,20,20,19,17,17,16,16,13,12,11,10,9,8,2,0,0,0,0,0,0,0,0,0,3,10,9,7,8,12,15,20,25,29,30,31,32,32,30,28,25,22,21,21,22,25,28,30,31,34,36
-87,114,14,16,17,18,22,26,24,24,24,24,22,19,19,19,14,12,11,10,9,10,10,10,9,8,8,8,2,0,0,0,0,0,0,0,0,0,3,16,17,16,15,15,15,14,12,13,13,10,10,9,9,9,9,10,10,10,9,10,13,13,13,14,17
-58,118,8,0,0,0,5,22,23,24,25,24,23,23,24,24,24,26,26,26,24,24,26,26,25,25,25,25,25,25,25,27,26,13,26,27,27,26,25,26,25,24,24,24,24,23,24,25,26,26,26,25,25,25,24,25,25,25,25,24,6,0,0,0,0
-58,163,8,0,0,0,5,22,22,24,25,24,24,23,23,24,24,25,25,25,24,24,25,25,25,25,24,25,25,25,26,26,27,13,27,27,27,26,25,26,26,25,24,24,25,25,24,25,26,26,26,25,24,25,25,25,25,25,25,24,6,0,0,0,0
-58,163,8,0,0,0,5,23,24,26,26,25,24,25,25,25,25,27,28,27,26,26,27,27,26,26,26,27,27,26,28,29,29,14,28,29,29,28,27,27,27,27,26,26,27,25,26,27,27,28,28,27,27,27,26,26,27,27,27,26,6,0,0,0,0
-59,163,8,0,0,0,2,9,10,11,11,10,10,10,10,10,11,11,12,12,11,11,12,12,11,11,11,11,11,11,12,12,12,6,12,12,12,12,12,12,11,11,11,11,11,11,11,12,12,12,12,12,11,12,12,12,12,12,12,11,3,0,0,0,0
-58,163,8,0,0,0,5,21,21,23,24,23,22,23,23,23,24,25,26,25,25,25,27,26,25,25,25,26,25,25,26,27,28,14,27,27,27,27,27,27,26,26,27,29,28,26,25,26,27,28,27,27,27,27,27,26,26,27,26,25,6,0,0,0,0
-58,43,1,0,0,0,5,21,22,23,24,23,23,22,22,23,24,24,26,25,24,24,25,24,24,24,24,25,25,25,25,27,27,13,27,27,27,27,25,26,26,25,24,25,25,24,24,25,25,26,26,26,26,25,26,26,26,27,26,25,6,0,0,0,0
-81,114,14,37,36,30,23,17,13,10,10,11,12,14,16,18,16,17,17,17,17,18,18,17,16,13,9,7,1,0,0,0,0,0,0,0,0,0,8,35,34,33,30,24,18,10,5,11,19,27,33,37,38,39,37,32,26,20,14,7,4,12,18,26,34
-52,114,14,29,28,26,24,21,19,17,17,17,20,24,27,30,32,33,33,33,30,27,21,17,11,7,5,7,2,0,0,0,0,0,0,0,0,0,3,18,18,17,17,15,14,13,13,14,16,18,20,22,23,24,25,24,23,23,22,22,21,21,22,24,26
-71,114,14,38,38,36,32,29,24,20,18,16,14,14,16,18,19,19,18,17,14,12,9,7,7,5,5,6,1,0,0,0,0,0,0,0,0,0,5,17,16,12,8,3,3,8,14,20,24,27,29,30,30,29,28,25,21,18,17,16,17,21,25,30,32
-58,118,8,0,0,0,4,18,19,21,21,19,19,20,20,20,21,22,23,22,21,21,22,22,21,21,22,22,22,22,23,25,25,12,25,25,25,24,23,24,24,23,23,23,23,22,24,25,24,26,26,25,25,25,25,25,25,25,25,25,5,0,0,0,0
-58,163,8,0,0,0,6,22,22,23,24,24,23,22,23,23,24,25,26,26,25,24,26,26,25,24,24,25,25,25,26,27,27,14,27,27,27,26,25,26,26,25,26,26,27,25,26,26,27,28,28,27,27,27,28,27,28,28,27,27,7,0,0,0,0
-58,43,1,0,0,0,4,20,21,22,22,22,21,21,22,22,23,24,24,24,23,24,24,24,23,23,23,24,24,24,24,26,26,13,26,26,26,25,24,25,25,25,24,25,25,25,25,26,26,27,27,26,26,26,26,26,26,26,26,25,6,0,0,0,0
-52,114,14,29,29,26,24,22,20,17,16,18,21,25,28,32,34,35,36,35,34,30,26,20,14,8,5,6,2,0,0,0,0,0,0,0,0,0,3,17,17,17,17,15,13,13,12,12,12,14,17,19,21,22,24,24,24,24,24,23,22,22,22,25,26
-72,114,14,40,34,29,23,19,15,15,18,21,24,27,29,30,29,26,23,19,16,12,7,5,5,7,9,9,3,0,0,0,0,0,0,0,0,0,2,5,3,5,9,14,18,22,27,29,31,33,34,32,29,23,17,10,5,8,17,26,33,38,42,46,47
-85,114,14,15,20,25,29,32,31,31,33,35,34,28,25,22,17,13,12,12,14,14,16,16,15,15,15,13,3,0,0,0,0,0,0,0,0,0,3,14,15,16,14,13,13,11,12,13,14,14,14,15,16,15,15,16,15,16,17,15,11,10,7,3,4
-58,118,8,0,0,0,4,19,19,18,18,21,22,20,20,23,25,25,25,25,25,25,26,25,24,25,25,25,25,25,26,27,27,13,27,27,27,26,26,26,26,25,24,24,25,25,25,26,26,27,27,27,27,26,26,26,27,27,26,26,6,0,0,0,0
-56,43,1,0,0,0,5,24,24,26,26,25,26,25,25,25,25,26,27,27,26,25,26,26,25,25,25,25,25,24,25,26,27,13,26,26,27,25,25,26,25,24,23,23,24,23,24,25,25,26,26,26,25,26,26,25,25,26,25,26,6,0,0,0,0
-52,114,14,27,27,27,26,24,21,18,16,14,15,17,20,24,25,27,29,29,27,25,21,16,11,6,2,4,1,0,0,0,0,0,0,0,0,0,5,19,20,20,17,15,13,11,10,9,11,13,17,20,22,25,26,26,25,24,23,21,18,17,17,19,21
-80,114,14,26,24,21,18,18,17,16,18,21,23,24,25,22,20,19,18,17,19,21,20,21,22,19,17,17,5,0,0,0,0,0,0,0,0,0,7,31,33,33,29,24,15,10,11,13,16,20,25,28,29,29,31,29,25,20,13,5,1,7,14,19,22
-52,114,14,27,28,27,26,25,22,19,17,16,17,19,23,25,27,29,30,29,28,25,21,16,11,6,4,6,2,0,0,0,0,0,0,0,0,0,4,20,20,19,18,16,13,10,7,7,9,13,17,21,23,25,27,27,27,25,23,21,19,17,17,19,21
-70,114,14,35,32,31,29,27,23,19,15,11,7,5,6,7,9,12,14,15,15,15,15,13,13,12,9,8,2,0,0,0,0,0,0,0,0,0,3,12,9,7,8,13,18,23,28,31,33,35,35,34,32,30,26,23,18,15,13,13,16,19,23,26,28
-85,114,14,20,19,18,21,24,28,33,33,31,31,31,32,28,21,17,14,11,10,11,13,14,15,14,15,18,5,0,0,0,0,0,0,0,0,0,4,14,13,15,17,19,18,15,14,13,11,9,9,10,10,10,14,18,18,16,15,15,14,16,14,13,14
-57,118,8,0,0,0,7,26,27,28,28,28,27,27,27,28,29,30,30,30,29,28,29,29,28,27,27,28,28,27,28,29,29,15,29,29,29,28,27,27,27,27,26,26,26,26,26,27,27,28,28,27,27,26,27,27,27,27,26,26,7,0,0,0,0
-57,163,8,0,0,0,6,25,26,27,28,26,26,26,26,27,27,28,29,28,27,27,28,27,27,26,27,26,26,26,27,28,29,14,28,28,27,27,27,27,27,26,24,25,26,26,26,26,27,28,28,27,27,26,26,27,27,27,26,26,6,0,0,0,0
-58,163,8,0,0,0,6,21,22,23,24,23,23,22,22,23,23,24,25,25,24,23,24,24,22,22,23,23,23,22,23,25,24,12,24,24,24,22,22,22,22,22,22,22,22,22,21,23,23,23,24,22,22,22,22,23,23,23,23,22,6,0,0,0,0
-58,43,1,0,0,0,5,22,22,24,25,24,24,24,23,23,25,26,27,26,25,25,26,26,25,25,25,25,25,25,26,27,27,13,27,27,27,26,25,26,25,24,24,25,25,24,24,25,26,27,27,26,26,25,25,26,26,27,26,25,6,0,0,0,0
-57,163,8,0,0,0,6,23,24,26,26,26,25,26,25,26,26,27,28,28,27,27,28,28,27,27,26,26,26,26,27,28,28,14,28,28,28,27,26,26,26,26,26,26,27,26,26,27,27,28,28,28,28,28,28,28,28,28,28,28,7,0,0,0,0
-58,163,8,28,28,26,25,25,25,24,24,24,24,23,24,25,25,26,26,25,24,24,24,23,23,23,22,21,5,0,0,0,0,0,0,0,0,0,3,15,15,17,17,17,17,18,19,19,20,22,23,23,22,22,23,24,23,22,24,24,25,25,25,27,27
-50,114,14,31,31,30,28,25,23,21,19,19,22,24,28,31,32,34,36,35,32,30,25,20,14,8,5,7,2,0,0,0,0,0,0,0,0,0,5,20,20,20,19,18,16,14,13,14,15,18,21,23,26,27,29,28,27,26,26,25,24,24,24,26,28
-71,114,14,30,24,20,15,13,12,14,17,21,24,27,27,27,27,25,23,20,15,12,9,8,8,9,11,12,3,0,0,0,0,0,0,0,0,0,4,16,14,14,15,16,18,21,24,26,26,26,25,23,19,17,15,15,18,23,28,33,36,39,40,41,41
-86,114,14,15,17,21,25,27,30,30,32,31,28,25,22,21,18,14,12,9,10,9,10,11,11,13,12,10,2,0,0,0,0,0,0,0,0,0,5,19,14,12,12,10,8,10,8,8,10,15,16,14,15,19,23,24,24,22,19,16,15,16,15,11,9
-57,118,8,0,0,0,5,23,24,25,26,25,25,26,25,26,27,28,29,28,27,27,28,28,27,26,26,26,27,26,27,28,28,13,28,28,28,27,26,27,27,25,25,26,26,26,25,26,26,27,27,26,26,26,27,27,27,27,26,26,6,0,0,0,0
-57,163,8,0,0,0,5,21,23,24,25,23,23,23,23,24,24,26,26,26,24,24,26,25,24,24,23,24,24,24,24,26,26,13,26,26,26,25,24,24,24,24,23,23,24,24,24,25,25,26,25,25,24,24,25,25,25,26,25,24,5,0,0,0,0
-56,43,1,0,0,0,4,18,18,20,20,19,20,20,19,19,20,21,22,22,21,21,22,21,20,20,20,20,21,20,20,22,22,10,22,22,22,21,20,21,20,20,20,20,20,20,20,21,21,21,21,21,21,21,21,21,21,22,22,21,5,0,0,0,0
-51,114,14,15,15,15,14,13,11,10,8,9,10,11,13,15,16,17,17,17,16,15,13,10,6,3,1,2,0,0,0,0,0,0,0,0,0,0,3,11,12,11,11,10,8,7,7,7,7,9,11,13,14,15,15,15,15,14,13,13,12,12,12,13,14
-81,114,14,33,29,21,17,11,5,3,8,15,20,22,22,22,22,21,20,19,18,17,15,12,11,11,10,9,3,0,0,0,0,0,0,0,0,0,9,34,33,32,29,23,15,7,2,11,17,23,29,33,34,33,31,27,22,17,11,10,15,21,27,31,35
-71,114,14,32,29,26,23,20,19,19,20,20,20,20,20,20,19,18,18,18,18,19,18,17,15,13,12,10,3,0,0,0,0,0,0,0,0,0,1,6,5,1,4,9,13,18,23,26,28,31,31,30,27,24,21,17,15,16,20,24,28,31,34,37,38
-84,114,14,17,22,27,29,31,32,35,34,32,30,27,22,18,17,16,17,17,17,17,17,16,15,14,14,13,3,0,0,0,0,0,0,0,0,0,4,16,16,15,13,10,8,7,10,14,14,15,17,16,16,18,17,17,20,20,18,18,15,13,9,6,7
-56,118,8,0,0,0,5,20,20,22,23,22,21,21,21,21,22,23,24,23,23,23,23,23,22,22,22,23,23,22,23,24,24,13,24,25,25,24,23,23,23,22,23,24,24,23,23,24,24,25,25,24,24,24,24,24,24,25,24,24,7,0,0,0,0
-56,163,8,0,0,0,5,20,20,22,22,22,21,21,21,22,22,23,24,23,23,22,23,23,22,21,21,21,21,21,21,23,23,12,23,23,23,22,21,22,22,21,21,22,22,21,21,21,22,22,22,21,22,22,23,20,18,20,24,28,7,0,0,0,0
-56,163,8,0,0,0,6,26,26,28,28,27,27,27,27,28,28,30,30,29,28,28,29,29,27,27,27,27,27,26,27,28,29,14,28,29,29,27,27,27,27,26,26,26,26,26,25,26,26,27,28,27,26,26,27,26,26,27,26,26,7,0,0,0,0
-55,43,1,0,0,0,4,17,17,19,19,19,19,19,19,19,19,20,21,21,20,20,20,20,19,19,19,19,19,19,19,21,21,10,20,21,20,19,19,19,19,18,18,18,19,18,18,18,19,20,20,18,16,16,19,22,25,22,13,7,1,0,0,0,0
-57,163,8,27,26,24,24,24,24,22,22,23,23,22,21,23,23,23,23,23,22,21,21,21,21,21,20,18,4,0,0,0,0,0,0,0,0,0,3,14,15,17,18,17,17,18,18,19,21,21,22,22,22,22,23,23,22,22,22,23,23,23,25,26,26
-51,114,14,17,17,16,15,14,12,11,10,8,9,10,12,14,15,16,18,17,16,15,13,10,8,5,4,3,1,0,0,0,0,0,0,0,0,0,2,9,9,9,8,8,6,5,5,7,8,10,11,13,14,15,15,15,14,13,12,11,10,9,10,12,12
-86,114,14,13,17,18,21,27,30,31,30,27,23,21,20,19,13,6,4,8,11,12,12,12,14,15,15,13,3,0,0,0,0,0,0,0,0,0,3,15,19,18,16,14,13,14,14,15,17,18,15,13,13,12,12,14,14,12,10,9,9,6,3,6,9
-70,114,14,46,43,39,34,31,27,23,20,19,21,23,25,26,26,25,25,22,20,17,14,12,11,11,10,11,3,0,0,0,0,0,0,0,0,0,3,14,12,9,5,3,8,14,21,25,28,32,35,36,35,33,30,27,22,18,18,21,25,29,35,41,44
-58,118,8,0,0,0,5,19,20,21,22,21,21,21,21,21,22,23,23,23,22,21,22,22,21,21,21,21,21,21,22,22,22,11,23,23,22,22,21,21,21,20,20,21,21,20,20,21,21,22,22,21,21,21,21,21,21,21,21,20,6,0,0,0,0
-57,43,1,0,0,0,5,20,21,22,23,22,22,22,22,22,23,24,25,25,23,23,24,24,23,23,23,23,22,21,23,24,24,11,23,24,23,22,21,22,22,22,21,21,20,20,20,21,22,22,21,21,21,20,21,21,20,21,20,20,5,0,0,0,0
-79,114,14,41,38,34,28,20,12,6,2,5,11,17,21,22,22,23,24,24,24,22,20,17,17,15,11,9,3,0,0,0,0,0,0,0,0,0,7,29,31,30,25,19,13,6,7,13,21,28,34,38,38,38,36,30,25,19,13,14,19,24,30,37,42
-51,114,14,30,29,28,25,23,20,16,15,15,18,21,24,28,30,31,32,31,29,26,22,18,12,7,3,4,1,0,0,0,0,0,0,0,0,0,4,17,17,17,16,14,13,12,12,13,15,18,21,23,24,25,26,25,24,22,20,20,20,20,20,24,26
-85,114,14,16,23,25,28,34,36,36,36,35,34,31,25,16,8,9,12,12,11,13,16,18,17,17,17,17,4,0,0,0,0,0,0,0,0,0,5,17,14,14,17,17,14,13,15,14,13,14,14,12,14,15,16,16,16,18,18,17,15,12,10,10,10
-71,114,14,39,35,31,27,23,20,19,19,22,24,26,28,29,28,26,24,21,16,14,11,11,12,13,14,14,3,0,0,0,0,0,0,0,0,0,1,7,5,2,4,7,13,18,22,26,30,33,34,33,31,26,22,16,13,9,13,19,25,32,36,42,43
-84,114,14,17,20,25,33,37,37,40,43,42,36,27,20,15,12,11,9,10,12,15,18,19,19,19,19,19,5,0,0,0,0,0,0,0,0,0,3,13,17,17,14,12,11,10,9,9,12,16,17,17,18,18,20,21,19,18,23,24,18,11,9,8,7
-57,118,8,0,0,0,5,21,22,23,24,23,23,23,23,24,24,25,25,25,24,23,25,24,23,23,23,22,22,22,23,24,24,12,24,24,24,23,22,22,22,22,22,22,22,21,21,22,22,23,24,22,22,23,22,22,22,23,22,22,5,0,0,0,0
-57,43,1,0,0,0,5,20,21,23,23,22,22,22,21,22,23,24,24,24,24,24,24,24,22,22,23,23,22,21,23,24,24,13,24,24,24,22,22,24,23,22,22,22,22,21,22,23,23,24,23,24,24,23,24,24,23,23,24,24,6,0,0,0,0
-57,43,1,0,0,0,5,23,24,25,26,25,25,25,24,24,25,26,26,26,25,25,26,26,24,24,24,24,24,24,25,26,27,13,26,26,26,25,25,25,25,24,24,24,24,24,24,25,26,26,27,26,26,26,26,26,26,27,26,26,6,0,0,0,0
-81,114,14,31,29,25,19,13,11,10,13,12,15,18,19,21,24,26,25,24,25,26,25,24,23,19,14,12,3,0,0,0,0,0,0,0,0,0,8,33,34,33,26,21,16,7,2,10,16,25,32,35,37,38,36,31,26,20,14,8,8,17,24,29,34
-50,114,14,29,29,28,26,24,21,18,15,14,16,19,22,25,27,29,31,30,28,27,22,18,13,8,5,5,1,0,0,0,0,0,0,0,0,0,5,18,18,16,15,14,13,11,12,13,15,18,21,24,24,25,26,25,24,23,21,19,18,18,19,22,24
-84,114,14,11,18,23,27,31,33,33,33,34,34,31,30,30,23,15,10,9,11,13,15,14,14,17,18,20,5,0,0,0,0,0,0,0,0,0,2,10,13,13,12,12,13,11,9,10,10,10,11,11,12,13,15,15,17,20,18,17,17,15,10,6,5
-70,114,14,34,32,29,26,22,18,12,8,5,5,7,10,12,14,16,17,17,17,16,15,13,11,9,7,5,2,0,0,0,0,0,0,0,0,0,3,12,8,6,8,13,18,23,28,31,33,33,34,33,30,27,24,18,13,8,8,12,16,20,24,28,31
-56,118,8,0,0,0,5,21,22,23,24,23,23,24,23,23,24,25,26,25,24,24,25,25,24,24,24,23,23,23,24,25,25,12,24,24,24,24,24,24,24,23,22,23,23,21,22,23,23,24,24,24,23,23,23,23,23,24,23,22,5,0,0,0,0
-57,163,8,0,0,0,5,24,24,26,27,25,25,26,25,25,26,28,29,28,27,26,27,27,25,26,26,26,26,26,27,28,28,13,28,28,28,27,26,26,26,25,25,25,25,25,25,26,26,27,26,26,26,26,25,25,26,26,26,26,6,0,0,0,0
-59,43,1,0,0,0,5,24,25,26,26,25,25,25,25,25,26,27,27,27,26,25,26,26,25,24,24,25,25,24,25,27,27,13,27,27,27,26,25,26,26,25,24,24,25,24,25,25,26,27,27,26,25,25,26,26,26,26,25,26,6,0,0,0,0
-82,114,14,27,24,22,23,20,17,15,12,8,4,0,4,7,11,16,19,23,24,24,26,26,25,26,26,26,6,0,0,0,0,0,0,0,0,0,8,32,33,33,31,27,21,14,6,5,10,15,20,28,32,32,31,30,27,22,17,13,10,8,12,16,21
-52,114,14,31,32,32,31,29,26,23,19,17,18,19,23,26,29,31,33,33,32,30,25,20,15,10,6,6,1,0,0,0,0,0,0,0,0,0,6,21,21,20,19,17,14,12,11,12,14,18,22,25,27,30,31,30,28,27,25,23,21,18,19,22,25
-85,114,14,16,22,24,26,28,29,29,28,26,25,20,16,13,8,8,8,8,8,8,10,11,10,10,9,8,1,0,0,0,0,0,0,0,0,0,2,11,14,14,10,8,8,11,14,15,14,15,16,17,17,16,17,17,17,17,17,15,12,9,4,3,7
-72,114,14,27,23,21,20,19,18,18,19,19,20,19,18,19,18,17,17,16,14,14,13,11,9,7,5,5,2,0,0,0,0,0,0,0,0,0,6,23,21,16,14,17,20,25,30,33,35,35,35,33,29,27,24,23,24,27,31,34,37,36,36,37,37
-86,114,14,18,22,27,30,32,31,29,27,25,22,20,15,8,6,7,9,10,11,12,13,12,12,11,10,8,1,0,0,0,0,0,0,0,0,0,4,16,15,12,8,8,8,7,9,10,12,15,13,12,15,17,19,19,17,17,18,19,17,11,8,5,2
-58,118,8,0,0,0,6,24,25,26,26,26,25,25,25,25,26,27,28,28,27,27,28,28,26,26,27,27,27,26,27,28,29,14,28,28,28,27,26,26,26,26,25,25,25,25,25,25,26,27,27,26,26,26,26,26,26,26,26,25,6,0,0,0,0
-56,163,8,0,0,0,7,25,26,27,28,28,27,27,27,27,29,30,31,31,29,29,30,30,29,29,28,28,28,27,28,29,29,14,29,29,29,28,26,27,27,27,26,26,27,26,26,27,27,28,27,27,27,27,26,26,27,27,27,26,6,0,0,0,0
-56,163,8,0,0,0,4,21,22,23,24,23,24,23,24,24,24,26,26,26,25,25,26,25,24,24,24,24,23,24,24,25,25,12,25,25,25,24,23,24,23,22,22,22,22,22,22,23,24,24,24,23,23,22,23,22,23,23,23,23,5,0,0,0,0
-56,43,1,0,0,0,6,24,25,27,27,26,26,26,26,26,27,28,29,28,27,27,27,27,26,26,26,25,26,25,25,28,28,13,27,27,27,26,26,26,26,25,25,25,26,25,26,27,27,27,27,27,27,27,27,27,27,27,27,26,6,0,0,0,0
-83,114,14,35,35,29,21,16,13,10,9,13,16,17,17,18,18,19,17,17,17,16,15,14,13,10,8,8,2,0,0,0,0,0,0,0,0,0,8,35,38,36,32,27,21,11,3,6,15,25,33,36,38,39,36,31,28,24,18,12,10,15,22,29,33
-51,114,14,26,27,27,24,23,20,17,15,14,15,18,22,25,28,31,32,33,31,29,25,20,14,9,4,3,1,0,0,0,0,0,0,0,0,0,5,17,17,17,17,15,13,11,10,10,11,13,16,19,21,23,24,24,24,23,22,20,19,18,18,19,21
-82,114,14,35,31,25,19,14,7,4,10,14,17,19,21,21,19,17,14,14,12,11,13,13,12,10,9,7,1,0,0,0,0,0,0,0,0,0,8,34,35,33,31,25,17,9,1,6,13,21,29,33,34,34,34,31,25,20,14,12,12,17,28,34,34
-75,114,14,33,28,23,17,13,12,13,13,14,15,17,17,17,16,16,15,17,18,19,20,19,18,17,14,12,3,0,0,0,0,0,0,0,0,0,2,9,10,8,8,10,13,17,23,27,30,34,34,33,29,26,22,16,10,8,10,16,23,29,35,38,40
-85,114,14,22,27,27,25,26,29,30,30,27,24,22,20,17,14,11,12,14,14,14,17,17,15,15,17,15,3,0,0,0,0,0,0,0,0,0,2,13,15,14,9,7,10,14,14,14,15,16,16,14,14,15,13,12,13,14,14,12,7,5,6,4,5
-56,118,8,0,0,0,5,17,17,18,19,18,18,18,18,18,18,19,19,19,18,18,19,19,18,18,18,18,18,17,18,18,19,9,18,18,18,18,17,18,17,17,17,17,18,17,17,18,18,18,18,18,18,18,18,18,18,18,18,18,5,0,0,0,0
-57,163,8,0,0,0,5,20,20,22,22,21,21,21,21,21,22,23,23,22,22,21,22,22,21,21,21,21,20,20,21,22,23,11,22,22,22,22,21,21,21,21,21,21,21,21,21,21,22,22,22,22,22,22,22,22,22,22,21,21,6,0,0,0,0
-56,43,1,0,0,0,6,23,23,25,26,25,24,24,24,24,25,25,27,26,25,25,26,26,24,25,25,24,24,24,25,25,25,13,26,26,25,24,24,24,24,23,23,23,23,23,23,24,24,25,25,24,24,23,23,23,23,23,23,23,6,0,0,0,0
-82,114,14,30,28,24,20,15,12,11,12,14,17,18,19,20,20,20,20,20,23,23,21,20,18,15,14,13,4,0,0,0,0,0,0,0,0,0,7,28,28,27,22,17,12,5,4,13,20,23,28,32,33,33,32,27,21,13,7,7,12,19,25,29,31
-51,114,14,29,28,28,27,26,24,21,19,17,18,19,22,24,27,29,31,31,31,28,25,20,16,11,7,6,2,0,0,0,0,0,0,0,0,0,4,17,18,18,17,15,14,13,12,12,13,14,17,20,23,24,25,26,24,24,22,21,20,19,19,21,23
-86,114,14,23,27,26,26,27,26,25,23,20,17,14,13,14,14,13,12,12,10,9,8,7,8,10,12,12,3,0,0,0,0,0,0,0,0,0,3,11,10,9,10,11,15,17,18,19,20,21,19,16,13,11,13,15,13,13,11,9,6,2,1,4,7
-72,114,14,32,30,30,29,29,27,25,23,21,19,17,16,16,13,12,11,9,7,6,7,8,9,10,10,11,3,0,0,0,0,0,0,0,0,0,5,18,15,12,9,8,10,14,20,24,26,29,31,31,30,27,25,22,18,15,16,20,22,25,28,29,30
-57,118,8,0,0,0,6,24,24,26,27,27,26,27,26,26,27,29,30,29,28,28,29,28,27,28,27,27,27,26,27,29,29,14,28,28,29,28,27,26,26,25,25,26,26,25,25,26,26,27,28,27,26,26,26,26,26,26,26,25,6,0,0,0,0
-57,118,8,0,0,0,5,20,21,23,24,23,23,23,23,24,25,26,26,26,25,25,26,26,25,24,25,25,25,24,25,26,26,13,26,26,26,25,24,24,24,23,23,22,23,22,22,23,24,24,24,23,23,22,22,23,23,23,23,22,5,0,0,0,0
-58,163,8,0,0,0,2,10,11,11,12,11,11,11,11,11,11,12,12,12,11,11,11,11,11,11,11,11,10,10,10,11,12,5,11,11,11,11,10,10,10,10,10,10,10,10,10,10,10,11,11,10,10,10,10,10,10,10,10,10,2,0,0,0,0
-59,43,1,0,0,0,6,24,24,26,26,25,25,25,24,24,25,26,27,26,25,25,26,25,24,25,25,25,25,24,25,27,27,13,27,27,27,25,25,26,25,25,23,23,23,23,24,25,25,26,26,25,25,25,25,25,25,26,26,25,6,0,0,0,0
-53,114,14,29,30,31,31,29,27,25,22,21,20,20,22,25,27,29,30,31,30,28,25,20,15,11,8,8,2,0,0,0,0,0,0,0,0,0,4,20,19,19,18,17,14,11,9,8,11,14,17,22,24,27,29,30,29,28,27,25,22,20,18,19,21
-85,114,14,15,18,20,24,25,26,30,32,34,33,28,24,19,13,9,9,12,12,15,15,14,14,14,13,13,2,0,0,0,0,0,0,0,0,0,5,20,23,27,25,21,21,21,20,16,12,10,10,12,15,14,15,18,17,15,14,16,16,15,13,12,10
-73,114,14,19,14,13,15,19,23,26,29,30,30,29,27,24,20,16,13,12,13,16,18,21,24,25,25,24,5,0,0,0,0,0,0,0,0,0,0,2,3,9,14,18,22,25,29,29,28,27,26,23,19,16,12,9,10,16,22,27,32,34,34,34,33
-87,114,14,12,14,17,19,23,25,27,27,30,30,26,22,20,16,12,10,9,10,11,13,15,17,16,15,15,4,0,0,0,0,0,0,0,0,0,4,17,16,17,18,16,18,17,14,12,10,11,13,13,13,13,15,19,18,14,14,16,15,13,10,10,11
-58,118,8,0,0,0,4,15,15,15,16,15,15,15,15,15,16,16,17,16,15,15,16,15,15,15,15,15,15,14,15,15,15,7,15,15,15,14,14,14,14,13,13,13,13,13,13,13,13,14,14,13,13,12,13,13,13,13,12,12,4,0,0,0,0
-57,43,1,0,0,0,6,24,25,26,26,25,25,25,25,25,25,26,27,27,26,26,27,26,25,25,25,26,25,25,25,27,27,14,27,27,27,26,25,25,25,25,24,25,25,25,25,26,25,26,26,26,26,25,26,26,25,26,25,26,7,0,0,0,0
-51,114,14,23,24,24,24,23,21,19,17,15,14,15,16,19,21,23,24,25,24,22,20,16,13,8,5,5,1,0,0,0,0,0,0,0,0,0,5,18,18,18,17,15,13,11,9,8,9,12,14,17,20,22,24,25,23,23,21,20,18,16,15,16,17
-83,114,14,30,26,21,16,14,12,11,12,14,17,19,21,23,21,18,18,17,18,19,21,20,17,13,11,8,2,0,0,0,0,0,0,0,0,0,8,29,29,28,25,21,18,12,8,10,14,19,25,27,25,26,27,23,17,11,7,12,18,19,23,30,33
-51,114,14,25,26,26,25,25,22,19,18,17,17,17,18,21,23,25,26,26,26,24,21,17,14,10,6,5,1,0,0,0,0,0,0,0,0,0,5,18,18,18,17,15,13,12,10,9,11,13,16,19,22,24,25,26,26,24,23,22,19,17,17,18,19
-69,114,14,33,30,28,27,25,23,22,21,20,20,18,17,16,16,16,17,18,19,20,21,20,20,17,15,13,3,0,0,0,0,0,0,0,0,0,4,12,9,4,0,5,12,18,23,29,31,33,35,35,33,30,27,22,17,12,13,17,21,25,30,34,36
-84,114,14,21,24,23,23,27,27,27,28,27,25,24,24,19,17,19,18,16,16,16,13,11,10,11,14,14,4,0,0,0,0,0,0,0,0,0,6,24,22,19,18,19,20,18,18,18,17,17,16,16,16,14,13,16,18,16,16,16,14,14,14,16,18
-57,118,8,0,0,0,4,20,21,23,23,22,22,22,22,21,22,23,24,24,23,23,23,23,21,21,21,21,21,21,21,22,22,11,22,22,21,21,21,21,20,19,19,20,20,19,20,20,20,21,21,20,20,20,21,20,20,21,21,20,4,0,0,0,0
-57,163,8,0,0,0,5,21,21,23,23,23,22,22,22,22,23,24,24,24,23,23,25,23,22,22,23,23,22,22,23,24,23,11,24,24,23,22,22,22,21,21,20,20,21,21,21,22,22,22,22,22,21,21,21,22,22,22,22,21,5,0,0,0,0
-56,43,1,0,0,0,3,15,15,16,17,16,16,16,16,16,17,18,18,18,17,17,18,17,17,16,16,16,16,16,16,17,17,8,17,17,17,17,17,17,16,16,16,16,16,16,16,16,17,17,17,17,16,16,16,16,17,17,16,16,4,0,0,0,0
-80,114,14,25,26,26,25,25,23,22,18,14,11,7,6,8,10,14,18,21,24,27,28,27,26,24,21,17,4,0,0,0,0,0,0,0,0,0,7,30,31,32,30,27,21,15,9,2,6,14,20,23,25,27,29,30,27,23,18,11,5,2,7,11,14
-52,114,14,32,30,28,24,21,18,15,15,17,20,23,27,30,32,33,34,33,30,27,22,16,12,8,5,7,3,0,0,0,0,0,0,0,0,0,3,14,14,16,16,17,18,21,22,24,24,24,24,23,22,21,21,20,19,18,19,21,23,25,27,30,33
-88,114,14,14,16,19,23,23,18,15,15,17,16,16,17,18,18,17,14,13,14,13,12,10,7,7,9,9,3,0,0,0,0,0,0,0,0,0,3,14,12,8,6,3,4,7,9,10,11,11,10,13,13,12,11,7,5,4,5,5,3,5,4,1,5
-72,114,14,12,10,14,18,22,24,26,27,28,27,24,20,17,14,10,5,3,5,8,10,12,13,13,12,12,3,0,0,0,0,0,0,0,0,0,5,22,20,18,17,16,17,19,23,26,26,27,27,25,23,20,19,19,20,25,30,34,36,36,36,34,32
-55,118,8,0,0,0,5,23,24,25,25,25,24,24,24,24,25,26,27,27,26,25,26,26,25,25,25,25,25,24,25,27,27,13,27,27,28,27,26,27,27,26,25,26,26,26,26,27,28,28,28,28,28,27,27,27,27,28,28,27,6,0,0,0,0
-56,163,8,0,0,0,5,23,24,25,26,25,25,25,25,25,25,26,27,26,26,25,26,26,24,24,25,25,24,24,24,26,25,12,25,25,26,25,25,25,24,24,23,23,24,24,23,24,25,25,25,25,24,25,24,24,24,25,24,25,6,0,0,0,0
-56,163,8,0,0,0,5,24,24,26,26,25,25,25,25,25,27,27,28,28,26,26,27,26,25,25,25,24,25,24,25,26,26,13,25,26,25,24,24,24,24,24,23,24,24,23,24,24,24,26,26,25,24,24,25,25,25,25,25,24,5,0,0,0,0
-55,43,1,0,0,0,6,25,25,27,28,27,26,27,27,27,28,29,30,30,28,28,29,28,27,27,27,27,27,26,26,28,28,14,27,27,27,26,25,26,26,25,25,25,26,25,26,26,26,27,27,26,26,26,26,26,26,27,26,26,6,0,0,0,0
-79,114,14,33,35,33,30,28,24,21,17,14,9,9,11,16,20,23,27,30,31,31,29,27,22,16,12,8,2,0,0,0,0,0,0,0,0,0,6,27,30,30,26,21,17,12,5,1,8,14,20,24,27,29,30,29,26,23,18,10,2,4,11,19,24
-57,114,14,24,18,14,10,11,14,17,22,26,29,32,33,32,31,29,26,22,18,13,7,3,4,8,12,15,4,0,0,0,0,0,0,0,0,0,3,14,18,21,24,26,28,29,29,27,24,20,16,11,6,6,11,15,20,25,30,33,36,37,37,37,37
-72,114,14,22,15,11,14,21,27,33,36,38,39,39,38,35,29,25,20,14,12,12,14,18,19,21,23,24,5,0,0,0,0,0,0,0,0,0,2,10,10,8,8,8,8,8,8,7,7,7,5,3,2,3,7,11,15,20,26,31,35,35,36,37,36
-87,114,14,3,5,9,10,15,22,26,26,27,27,26,23,23,19,12,6,4,3,7,9,13,16,18,18,19,5,0,0,0,0,0,0,0,0,0,3,11,12,9,6,5,5,6,7,6,7,8,8,6,5,5,8,13,15,13,14,15,16,14,13,14,16
-56,118,8,0,0,0,5,24,24,26,26,26,25,26,26,25,26,27,28,27,26,26,26,26,24,25,24,24,24,23,24,26,25,13,25,25,26,24,24,24,24,24,24,24,25,24,24,25,25,26,26,26,26,25,25,25,25,26,25,25,5,0,0,0,0
-56,163,8,0,0,0,5,24,24,26,27,26,26,26,25,26,27,27,28,28,27,27,27,27,25,25,25,25,25,25,25,26,26,13,26,27,27,25,25,25,25,25,24,25,26,24,24,26,26,27,26,26,26,26,26,26,26,27,26,25,6,0,0,0,0
-56,163,8,0,0,0,5,23,24,25,26,25,25,25,25,25,26,27,28,28,27,26,27,27,26,26,26,26,26,24,26,27,27,13,27,28,28,27,26,27,27,26,25,25,26,26,26,27,28,28,29,29,28,28,27,28,28,28,28,27,6,0,0,0,0
-56,43,1,0,0,0,5,23,24,25,25,25,24,24,24,24,26,27,27,27,25,25,26,26,25,25,25,25,25,25,25,26,26,13,25,27,27,25,25,25,25,24,24,26,26,25,25,26,26,28,28,27,27,27,27,28,28,28,27,27,7,0,0,0,0
-81,114,14,29,27,24,21,18,15,11,8,9,13,17,20,22,24,26,30,32,31,30,29,24,21,19,12,4,0,0,0,0,0,0,0,0,0,0,6,25,26,27,26,21,17,11,4,5,12,18,24,27,29,29,29,29,26,20,17,11,2,9,18,23,27
-54,114,14,18,16,15,13,12,12,13,13,15,17,19,20,21,21,20,19,16,14,11,9,6,6,6,8,10,2,0,0,0,0,0,0,0,0,0,2,10,11,12,12,13,13,14,14,14,14,14,14,13,12,12,12,12,12,14,15,17,18,19,19,20,21
-74,114,14,36,35,36,36,35,34,30,26,23,20,15,11,7,5,4,5,7,9,10,11,12,12,11,10,9,3,0,0,0,0,0,0,0,0,0,4,14,10,10,11,16,19,22,25,28,29,30,31,31,29,28,27,25,21,18,14,12,14,15,19,23,26
-86,114,14,17,20,23,25,27,29,28,28,28,27,23,17,13,9,6,9,10,9,9,11,11,12,12,10,8,1,0,0,0,0,0,0,0,0,0,3,12,11,11,8,5,3,4,6,10,14,19,19,18,19,22,21,20,20,19,18,17,15,11,7,3,1
-56,118,8,0,0,0,6,24,25,26,27,26,26,26,26,27,28,29,30,29,28,28,28,28,27,27,27,27,26,26,27,28,28,13,28,28,28,27,27,27,27,26,26,26,27,27,27,28,29,30,30,29,29,29,29,29,29,29,29,28,7,0,0,0,0
-56,163,8,0,0,0,6,22,23,24,25,24,23,24,23,23,24,25,26,25,24,24,25,24,23,23,23,23,23,22,23,23,24,12,24,24,24,22,22,22,22,22,22,22,22,21,22,22,22,23,23,23,23,23,23,23,22,23,23,22,6,0,0,0,0
-58,163,8,0,0,0,6,26,26,29,29,29,28,28,28,28,29,31,32,31,30,30,31,31,29,29,29,28,28,28,28,30,31,15,29,29,29,28,27,28,28,27,26,27,27,26,27,28,28,28,28,28,28,27,27,27,27,27,27,26,6,0,0,0,0
-56,43,1,0,0,0,5,21,23,24,24,23,23,23,24,24,25,25,26,26,25,25,25,25,24,23,24,24,24,23,24,25,25,12,25,25,25,24,24,24,24,23,23,23,24,24,24,25,26,26,26,25,25,25,25,26,26,26,26,26,5,0,0,0,0
-89,114,14,6,9,12,12,12,12,12,14,13,10,7,4,4,6,6,6,9,10,9,11,10,10,11,12,11,3,0,0,0,0,0,0,0,0,0,1,7,7,8,8,5,6,7,4,5,6,8,7,6,8,9,10,12,13,13,12,15,16,13,11,10,9
-81,114,14,25,26,25,26,27,28,28,27,26,23,21,18,15,16,20,25,28,32,33,32,28,25,23,20,14,3,0,0,0,0,0,0,0,0,0,8,31,33,34,34,32,29,25,19,11,5,7,12,16,21,24,27,26,22,21,19,14,9,5,8,14,18
-56,114,14,15,13,11,10,10,11,12,14,16,18,20,21,21,21,20,18,16,14,11,8,5,2,3,6,8,3,0,0,0,0,0,0,0,0,0,1,7,7,8,9,10,12,13,14,16,15,15,15,13,12,12,12,12,12,13,15,17,18,18,19,19,19
-85,114,14,12,15,20,27,33,34,36,36,33,31,31,26,20,15,12,8,6,5,7,12,14,15,16,16,15,4,0,0,0,0,0,0,0,0,0,3,13,12,11,11,11,10,8,9,7,8,12,15,13,12,13,16,18,19,20,20,20,18,17,14,9,6
-72,114,14,18,11,5,1,6,12,17,22,28,30,31,32,30,28,25,22,17,12,8,3,3,7,10,13,16,4,0,0,0,0,0,0,0,0,0,5,18,20,24,26,28,28,28,27,23,19,14,10,6,5,9,15,19,24,29,33,36,38,38,38,37,35
-57,118,8,0,0,0,5,24,25,25,26,25,25,24,24,24,25,26,26,25,24,24,25,24,23,23,23,23,23,23,23,24,24,12,23,24,25,24,23,24,24,23,22,23,23,22,22,23,25,26,26,26,26,26,25,26,26,26,25,25,5,0,0,0,0
-56,163,8,0,0,0,4,21,21,22,23,22,22,22,22,22,23,23,24,23,22,22,23,22,21,21,21,21,21,21,21,22,22,11,21,22,21,21,20,20,20,20,20,19,20,20,20,21,21,22,22,21,22,22,22,22,22,22,21,22,5,0,0,0,0
-58,43,1,0,0,0,5,21,21,22,23,22,22,21,22,22,22,24,25,24,23,23,24,23,22,22,22,23,23,23,23,25,25,13,25,25,26,25,25,25,25,25,25,25,26,25,26,27,28,29,29,29,29,29,29,30,30,30,30,29,7,0,0,0,0
-58,163,8,27,26,26,26,25,25,24,20,19,22,25,26,27,27,28,28,27,27,26,26,26,26,26,25,24,7,0,0,0,0,0,0,0,0,0,4,14,14,17,17,17,17,18,18,18,18,21,21,21,21,21,21,22,21,21,22,22,23,22,24,25,26
-88,114,14,4,6,7,11,14,15,16,18,19,14,9,6,6,5,1,3,5,9,10,9,10,12,13,13,14,4,0,0,0,0,0,0,0,0,0,3,8,7,8,9,8,7,7,7,5,6,7,4,3,4,3,8,11,11,12,12,13,14,14,11,9,5
-53,114,14,21,18,15,11,9,9,12,15,19,22,25,28,29,30,30,30,28,25,21,17,12,7,2,3,7,2,0,0,0,0,0,0,0,0,0,2,10,12,13,14,15,17,18,19,19,18,17,16,14,12,12,12,13,15,17,20,22,24,25,25,27,26
-86,114,14,17,19,22,24,26,27,29,31,29,26,26,25,24,22,22,21,21,20,17,14,14,13,12,12,13,4,0,0,0,0,0,0,0,0,0,4,14,14,13,12,11,10,10,11,13,15,14,14,17,19,19,21,20,19,19,18,17,15,12,9,8,8
-57,118,8,0,0,0,6,23,23,25,25,24,24,24,24,24,25,26,27,27,26,26,26,26,25,25,25,25,25,25,26,27,27,14,27,27,27,26,26,26,26,25,25,25,26,25,25,26,27,28,28,27,27,27,27,27,27,27,27,26,7,0,0,0,0
-57,43,1,0,0,0,5,23,24,25,25,24,24,24,24,24,24,25,26,24,24,23,24,24,22,22,23,22,22,21,22,23,23,11,23,24,23,22,22,22,22,21,20,21,21,21,22,22,23,23,24,23,23,22,22,22,23,23,23,22,5,0,0,0,0
-79,114,14,31,30,25,21,18,13,9,7,9,13,17,18,20,23,26,26,26,24,23,20,16,13,9,8,8,2,0,0,0,0,0,0,0,0,0,6,27,28,26,23,17,14,11,8,8,12,18,23,28,29,28,27,25,24,23,21,20,20,20,21,26,31
-52,114,14,30,29,27,26,24,21,19,18,17,20,22,25,27,29,30,31,30,28,26,21,17,13,9,7,9,2,0,0,0,0,0,0,0,0,0,4,17,18,18,18,17,17,17,18,19,19,20,23,24,24,25,25,25,23,23,22,22,22,22,23,25,27
-73,114,14,33,30,28,26,26,24,23,22,23,22,22,22,21,21,21,22,20,19,18,16,13,11,8,6,3,1,0,0,0,0,0,0,0,0,0,5,16,14,13,14,17,20,23,26,28,29,30,31,30,27,25,23,22,22,24,28,33,36,39,40,42,42
-73,114,14,31,26,22,19,16,14,13,13,15,17,20,20,21,21,20,20,18,16,13,10,7,5,3,0,2,1,0,0,0,0,0,0,0,0,0,3,11,10,9,11,14,17,21,24,26,29,31,32,30,26,24,21,17,15,17,21,26,30,33,37,39,38
-58,118,8,0,0,0,5,24,25,25,25,25,25,25,24,24,25,26,26,26,25,25,25,25,24,23,23,24,24,23,24,25,25,12,24,25,25,24,24,24,23,23,22,22,22,23,22,24,24,25,25,25,25,24,24,24,24,25,25,23,6,0,0,0,0
-57,163,8,0,0,0,7,29,30,31,30,29,28,28,28,28,29,30,31,30,29,29,29,28,27,27,27,27,27,26,27,28,29,14,28,28,27,27,26,26,26,25,25,25,25,25,25,26,27,28,27,27,26,26,26,27,27,27,27,26,6,0,0,0,0
-57,43,1,0,0,0,5,21,22,22,22,21,21,21,21,21,21,22,23,22,21,21,22,22,21,21,21,21,21,20,21,22,22,11,22,22,22,21,20,21,21,20,20,20,21,20,20,21,22,22,23,22,22,23,23,23,23,23,23,22,6,0,0,0,0
-58,43,1,0,0,0,3,11,12,12,12,12,11,11,11,11,11,12,12,12,11,11,11,11,11,11,11,10,11,11,11,11,12,6,11,12,11,11,11,11,11,11,11,11,11,11,11,11,12,12,12,12,12,12,12,12,12,12,12,12,3,0,0,0,0
-57,43,1,0,0,0,6,23,24,25,25,25,23,23,23,23,23,24,25,25,24,24,25,24,23,23,23,23,23,23,23,25,24,12,25,25,25,24,23,24,24,23,22,23,23,23,24,25,26,26,26,25,25,25,25,25,25,25,25,26,7,0,0,0,0
-78,114,14,34,31,28,23,18,13,5,5,8,12,15,19,23,23,23,24,23,21,19,17,14,11,7,6,6,1,0,0,0,0,0,0,0,0,0,7,30,28,25,23,18,13,9,10,16,22,27,31,33,35,36,35,31,26,22,19,16,16,19,24,29,31
-51,114,14,27,25,24,22,20,18,17,16,17,19,21,24,26,27,29,30,29,27,25,21,17,12,8,5,5,2,0,0,0,0,0,0,0,0,0,3,13,14,14,14,14,14,14,15,15,16,17,18,19,20,21,22,22,21,21,20,20,21,21,23,24,26
-79,114,14,32,27,27,24,15,10,5,3,9,15,19,21,22,23,22,21,20,19,19,16,13,10,7,3,2,1,0,0,0,0,0,0,0,0,0,6,28,27,25,22,17,13,11,12,15,21,28,31,32,31,30,30,28,23,19,17,16,19,22,24,27,29
-75,114,14,25,16,11,10,14,20,25,28,30,33,33,30,28,26,23,19,14,11,9,8,9,11,14,15,16,4,0,0,0,0,0,0,0,0,0,0,4,3,1,5,8,12,16,21,24,24,25,25,24,19,15,11,7,8,14,21,28,34,38,41,43,44
-57,118,8,0,0,0,6,21,22,23,24,23,23,22,22,22,23,23,24,24,23,22,23,22,21,21,21,21,21,21,21,22,22,11,22,22,22,22,22,22,21,21,20,21,21,20,20,21,21,22,22,22,22,22,22,22,22,23,22,22,6,0,0,0,0
-58,43,1,0,0,0,7,25,26,28,28,27,27,27,26,27,27,28,29,29,27,27,28,27,26,26,26,26,26,25,26,28,28,14,28,28,28,27,26,26,26,25,25,25,25,25,25,26,26,27,27,27,27,26,26,26,26,27,26,27,7,0,0,0,0
-52,114,14,26,26,25,23,21,18,16,15,15,16,18,21,24,26,27,28,29,28,26,22,18,14,11,7,6,2,0,0,0,0,0,0,0,0,0,3,15,15,14,14,13,13,13,14,15,16,17,19,20,21,22,23,22,21,21,21,20,19,19,21,23,25
-79,114,14,27,26,24,20,18,14,7,3,5,12,13,13,16,19,19,19,17,17,16,15,14,12,9,7,5,1,0,0,0,0,0,0,0,0,0,6,27,27,25,22,17,12,10,11,13,17,20,25,27,29,29,30,28,24,21,20,18,19,21,23,27,25
-52,114,14,16,17,16,15,14,12,10,10,10,11,12,13,15,16,17,18,18,18,16,14,11,9,6,4,3,0,0,0,0,0,0,0,0,0,0,3,10,10,10,10,9,8,9,9,9,10,11,12,13,13,13,14,14,13,13,13,13,13,13,13,14,15
-70,114,14,29,30,30,31,32,32,31,29,26,23,18,13,8,2,2,7,10,13,15,16,16,15,13,10,8,2,0,0,0,0,0,0,0,0,0,2,9,5,1,5,10,16,20,25,27,30,32,33,32,30,28,27,24,22,21,22,24,26,27,28,29,29
-71,114,14,30,31,31,33,34,34,33,30,28,25,20,14,8,3,3,7,12,15,18,20,21,19,18,16,15,4,0,0,0,0,0,0,0,0,0,2,9,6,3,5,10,14,19,24,28,30,31,32,31,31,29,26,24,20,18,19,19,19,21,23,25,26
-58,118,8,0,0,0,7,26,26,28,28,27,26,26,26,26,26,27,28,27,26,26,26,26,25,25,25,25,25,24,25,26,26,13,26,26,26,25,25,25,25,25,24,25,25,24,24,25,26,27,27,26,26,26,26,26,26,27,26,26,7,0,0,0,0
-58,163,8,0,0,0,5,25,26,26,27,26,25,25,25,25,26,27,28,26,25,25,26,25,23,23,24,24,24,23,24,25,25,12,25,25,26,24,23,24,23,23,23,23,23,22,23,24,25,25,25,24,24,23,25,24,25,25,24,24,5,0,0,0,0
-58,43,1,0,0,0,6,24,24,25,26,24,24,24,23,23,24,25,25,25,24,24,25,24,22,22,23,23,23,22,23,24,24,11,24,24,24,23,22,22,22,22,21,21,22,21,22,23,23,24,24,23,23,23,23,23,24,24,24,23,6,0,0,0,0
-81,114,14,28,25,24,20,15,11,6,1,6,10,15,17,21,23,21,21,22,22,18,13,12,12,9,6,6,1,0,0,0,0,0,0,0,0,0,8,31,31,29,27,22,17,12,9,12,18,24,29,33,33,32,31,31,29,26,22,21,20,21,26,29,31
-52,114,14,28,26,24,21,19,17,15,15,16,20,23,26,28,30,30,31,30,27,24,19,14,9,5,4,6,2,0,0,0,0,0,0,0,0,0,3,15,15,15,15,15,16,16,17,18,19,20,21,20,20,21,21,21,20,20,21,22,22,23,24,26,27
-85,114,14,13,20,24,29,32,34,33,33,32,30,29,26,23,19,16,15,11,10,12,10,10,10,12,14,14,4,0,0,0,0,0,0,0,0,0,2,10,10,9,8,8,6,3,1,2,3,6,11,13,14,17,20,22,24,26,28,27,23,20,16,10,6
-72,114,14,24,19,16,12,7,8,12,17,21,25,28,30,31,31,29,27,23,19,15,11,6,3,3,5,6,1,0,0,0,0,0,0,0,0,0,4,17,19,21,23,24,24,24,25,23,19,16,13,9,7,8,12,16,21,25,30,33,35,37,38,38,38
-58,118,8,0,0,0,6,26,26,28,28,26,26,26,25,25,26,27,27,27,26,25,26,26,24,24,24,24,24,24,24,26,26,13,26,26,26,25,24,25,24,24,23,24,24,24,24,25,25,26,26,25,25,25,26,26,26,26,26,25,5,0,0,0,0
-58,163,8,0,0,0,6,24,24,26,25,25,25,24,24,24,25,26,26,26,25,25,25,25,25,24,24,24,24,24,24,26,26,13,25,25,25,25,24,25,25,24,23,23,25,24,25,26,26,27,26,26,26,26,27,26,27,27,27,27,7,0,0,0,0
-57,43,1,0,0,0,7,26,27,28,28,27,27,26,26,27,28,29,30,29,28,27,28,27,27,27,26,26,26,26,26,28,28,14,27,28,27,27,27,27,26,25,26,26,26,25,26,26,27,27,28,28,27,27,27,28,28,28,27,28,7,0,0,0,0
-81,114,14,36,30,23,19,14,6,3,6,10,12,16,21,25,24,22,21,20,19,20,19,15,12,11,12,12,3,0,0,0,0,0,0,0,0,0,7,27,27,24,21,18,14,11,9,12,19,25,29,32,32,33,36,33,26,23,23,21,22,23,25,28,29
-52,114,14,19,18,16,15,14,12,10,9,11,13,14,16,18,18,18,18,18,17,15,13,10,7,4,3,5,2,0,0,0,0,0,0,0,0,0,2,9,9,9,9,9,9,9,11,11,13,13,15,15,15,15,15,13,13,13,12,12,13,13,15,16,17
-80,114,14,30,27,23,20,15,8,2,2,7,12,17,20,21,21,20,20,19,19,16,15,15,11,7,4,5,1,0,0,0,0,0,0,0,0,0,8,29,29,27,23,19,14,10,10,13,18,24,27,30,31,32,32,31,28,25,21,21,19,21,27,31,31
-52,114,14,30,30,27,25,22,18,16,15,16,18,22,25,28,29,30,30,30,27,24,20,15,10,5,4,6,2,0,0,0,0,0,0,0,0,0,4,16,16,16,16,15,16,17,18,19,20,23,24,25,25,24,24,23,22,20,20,21,21,22,24,26,29
-69,114,14,25,26,26,28,29,29,29,27,25,23,20,17,14,12,13,15,17,19,20,20,20,18,15,12,11,2,0,0,0,0,0,0,0,0,0,4,15,11,9,11,15,19,24,29,31,31,31,30,27,24,22,22,21,22,25,29,32,33,33,33,33,32
-87,114,14,20,22,24,26,27,30,28,26,23,19,18,16,14,12,12,11,10,11,13,14,13,11,10,8,8,2,0,0,0,0,0,0,0,0,0,2,10,10,11,10,9,9,10,12,12,13,15,16,17,17,18,22,21,17,14,12,11,10,8,6,7,10
-57,118,8,0,0,0,5,26,26,27,28,26,26,26,26,26,26,27,28,27,26,26,27,26,25,25,25,25,25,24,25,26,25,12,26,26,25,25,25,25,25,24,24,24,24,24,24,25,26,26,26,26,26,26,26,27,27,27,27,27,6,0,0,0,0
-57,43,1,0,0,0,6,24,25,26,26,25,25,25,25,25,26,27,27,27,25,25,26,25,24,24,24,24,24,24,24,25,25,13,25,25,24,24,23,23,23,22,22,23,23,22,21,22,24,24,25,24,24,23,23,23,25,25,24,23,6,0,0,0,0
-90,114,14,11,12,12,9,6,3,2,1,1,3,7,8,8,8,10,12,10,8,8,6,6,6,6,8,8,1,0,0,0,0,0,0,0,0,0,1,7,7,6,5,5,4,5,6,6,8,11,12,12,13,12,12,11,9,6,5,2,1,3,6,9,13
-80,114,14,34,30,26,24,20,15,13,11,9,10,13,16,17,18,19,20,20,19,21,21,18,15,13,9,6,2,0,0,0,0,0,0,0,0,0,6,22,22,21,18,13,8,2,5,12,19,25,31,33,34,33,29,26,23,18,12,6,4,10,17,23,28
-51,114,14,29,27,26,24,22,19,18,17,18,21,23,26,28,29,29,30,28,27,23,19,15,10,6,5,7,2,0,0,0,0,0,0,0,0,0,3,16,16,16,15,15,14,15,17,18,19,20,22,23,24,24,24,24,22,21,21,21,22,22,23,25,27
-73,114,14,30,25,22,20,18,18,19,20,21,23,22,22,22,21,18,15,13,10,9,8,9,9,10,10,10,3,0,0,0,0,0,0,0,0,0,4,13,10,6,2,4,10,16,21,26,29,31,31,30,27,23,19,14,10,11,17,24,29,33,35,37,38
-57,118,8,0,0,0,5,22,23,23,24,23,21,22,22,23,23,24,24,24,23,22,23,22,21,21,21,21,21,21,21,22,23,10,22,22,22,21,21,21,20,20,20,21,21,20,19,20,21,21,21,21,21,20,20,21,21,22,21,21,5,0,0,0,0
-57,163,8,0,0,0,4,21,21,22,22,22,21,22,21,21,22,23,23,23,22,22,23,23,21,21,22,21,21,20,21,23,23,11,23,23,23,22,22,22,22,21,20,20,21,21,21,21,21,22,22,21,22,21,21,19,20,25,24,21,5,0,0,0,0
-57,43,1,0,0,0,5,22,23,24,25,24,23,23,23,23,24,25,25,25,24,24,25,24,24,23,23,24,24,23,24,26,25,13,26,26,26,25,24,25,25,23,23,24,25,24,25,25,26,26,26,25,25,25,25,26,26,26,26,25,6,0,0,0,0
-50,114,14,28,27,27,27,26,24,22,20,18,18,18,20,22,23,25,26,26,25,24,21,17,14,11,8,8,2,0,0,0,0,0,0,0,0,0,5,20,21,21,21,19,18,17,15,14,14,15,18,21,23,25,26,26,26,25,24,23,21,20,19,20,22
-71,114,14,29,22,18,16,18,22,26,30,33,35,35,34,32,27,23,18,13,8,5,7,10,10,12,13,14,3,0,0,0,0,0,0,0,0,0,1,4,5,10,14,18,21,24,26,28,27,25,24,20,16,12,9,9,14,20,27,34,39,42,45,47,47
-86,114,14,11,13,20,25,26,30,31,32,30,24,22,22,17,12,8,5,6,9,11,15,16,14,13,13,15,4,0,0,0,0,0,0,0,0,0,5,18,14,11,10,10,7,4,5,7,9,12,10,11,14,14,13,16,17,14,13,12,11,8,4,1,2
-57,118,8,0,0,0,6,24,25,27,27,26,25,25,25,25,26,27,28,28,26,26,27,27,26,26,26,27,27,26,27,28,29,15,29,29,29,28,28,28,28,27,27,28,28,27,27,29,29,30,30,30,29,29,30,30,30,30,29,29,8,0,0,0,0
-56,163,8,0,0,0,6,21,21,24,24,23,23,23,22,23,23,25,25,25,24,24,25,24,24,23,23,23,23,23,24,25,25,12,25,26,26,24,24,25,25,24,24,25,25,25,24,25,26,27,28,27,27,26,26,26,26,27,26,26,7,0,0,0,0
-58,43,1,0,0,0,6,22,23,24,24,23,23,22,22,22,22,23,24,23,23,22,22,22,21,21,21,21,21,21,21,23,23,12,23,24,24,24,24,24,24,23,24,24,24,23,24,25,26,26,27,26,26,26,26,26,27,27,27,26,7,0,0,0,0
-58,163,8,31,31,30,29,29,29,29,26,26,29,29,28,30,30,31,32,31,30,30,29,29,29,29,28,26,6,0,0,0,0,0,0,0,0,0,4,17,18,19,20,19,20,21,21,22,22,24,24,25,24,23,24,24,24,25,25,25,25,26,26,28,28
-50,114,14,27,28,26,26,25,21,18,17,15,16,18,21,24,26,27,29,29,28,26,22,18,13,8,3,1,0,0,0,0,0,0,0,0,0,0,5,18,19,20,20,18,17,15,14,12,13,15,18,21,24,26,27,27,27,26,24,23,21,19,19,20,21
-81,114,14,25,26,25,22,21,18,15,10,7,5,4,7,10,13,15,17,20,21,22,21,18,15,12,10,9,2,0,0,0,0,0,0,0,0,0,7,31,33,36,36,32,29,24,17,9,1,7,13,20,24,27,31,33,32,30,30,26,20,16,14,15,14
-50,114,14,30,32,31,30,28,25,22,20,18,18,20,22,25,27,29,31,31,29,27,23,18,14,8,4,5,2,0,0,0,0,0,0,0,0,0,5,20,21,21,21,20,18,17,15,12,13,15,18,21,24,27,29,30,29,28,27,25,23,21,19,21,22
-69,114,14,30,28,27,26,25,22,20,18,14,10,6,4,8,11,15,18,20,21,21,19,16,14,10,7,5,1,0,0,0,0,0,0,0,0,0,0,3,4,10,14,18,23,28,31,32,33,32,32,29,25,22,19,15,13,12,14,18,21,22,25,28,29
-85,114,14,12,19,19,18,21,23,24,25,26,25,24,21,16,13,11,9,7,9,11,12,13,14,14,13,13,2,0,0,0,0,0,0,0,0,0,3,13,14,15,16,17,17,16,15,15,15,14,14,13,10,12,15,15,16,15,14,12,10,8,9,10,10
-56,118,8,0,0,0,5,24,24,26,27,25,25,25,26,26,26,27,28,28,26,26,26,26,25,25,25,25,25,24,26,26,27,13,27,27,27,27,27,27,27,26,26,27,27,27,26,28,28,29,29,28,28,28,29,29,30,30,29,29,7,0,0,0,0
-56,43,1,0,0,0,7,27,28,29,30,29,28,28,27,27,28,29,29,29,27,27,27,27,26,26,25,25,25,24,26,26,26,13,27,27,27,26,25,25,25,25,25,25,25,26,25,26,26,28,28,26,26,26,27,26,27,28,26,26,6,0,0,0,0
-79,114,14,35,33,30,26,21,16,10,5,5,11,18,23,26,28,30,31,33,32,30,27,21,16,13,8,7,2,0,0,0,0,0,0,0,0,0,7,29,28,27,26,21,17,12,8,8,10,17,25,30,32,32,31,30,27,24,21,16,14,17,21,26,29
-51,114,14,29,29,27,25,23,20,17,16,17,19,22,25,28,30,32,33,32,31,27,24,18,13,8,2,3,1,0,0,0,0,0,0,0,0,0,4,16,17,18,18,18,17,17,17,16,16,17,19,21,23,25,26,26,26,25,25,24,23,22,22,24,26
-86,114,14,18,20,21,21,20,21,21,21,20,18,16,12,7,3,3,6,7,9,13,15,16,18,17,15,14,3,0,0,0,0,0,0,0,0,0,2,7,6,8,11,13,16,18,18,19,20,21,22,19,16,16,17,15,11,8,7,5,3,5,9,13,15
-72,114,14,22,21,19,19,18,17,14,12,10,10,10,12,15,18,20,22,22,22,20,18,15,11,8,3,1,1,0,0,0,0,0,0,0,0,0,3,13,16,19,22,24,26,28,28,27,25,22,18,15,12,10,12,14,17,21,24,27,28,28,29,29,29
-85,114,14,19,21,22,24,28,28,25,25,24,19,16,15,13,5,6,8,9,11,14,14,14,16,20,19,17,4,0,0,0,0,0,0,0,0,0,3,12,9,9,13,12,11,13,16,17,20,23,25,22,20,23,25,23,18,14,13,14,8,3,6,10,13
-57,118,8,0,0,0,5,23,24,25,26,25,24,25,24,24,25,25,26,26,25,25,25,25,24,23,23,24,24,23,24,25,25,12,25,25,26,25,24,25,25,24,24,24,24,24,24,25,25,26,26,26,26,25,25,25,25,25,25,25,6,0,0,0,0
-58,163,8,0,0,0,7,26,27,28,28,27,26,26,26,26,27,28,28,27,26,26,26,26,25,25,24,25,25,24,25,26,26,13,26,27,27,26,26,26,26,25,24,25,26,25,25,26,27,28,28,28,28,28,28,28,29,29,28,28,7,0,0,0,0
-58,43,1,0,0,0,6,25,25,26,26,25,26,25,24,24,25,27,27,27,25,25,26,25,24,24,24,24,24,24,25,25,26,13,27,27,27,26,25,26,26,25,24,25,26,25,26,26,27,28,28,28,28,27,28,28,28,29,29,28,7,0,0,0,0
-91,114,14,2,3,5,7,10,13,13,16,18,14,9,8,6,5,3,4,6,9,11,12,13,12,11,12,13,3,0,0,0,0,0,0,0,0,0,1,5,6,8,10,8,7,8,10,11,8,5,4,5,5,7,12,14,13,13,14,14,15,16,13,10,7
-52,114,14,27,27,26,25,23,22,20,20,20,21,25,27,29,31,31,33,31,29,26,22,17,11,6,6,8,3,0,0,0,0,0,0,0,0,0,4,20,21,21,21,20,19,17,16,14,14,15,18,21,23,24,26,27,26,27,26,25,24,23,23,24,25
-52,114,14,25,24,23,23,21,20,19,19,19,21,23,25,27,28,29,30,29,27,25,21,16,11,7,4,6,1,0,0,0,0,0,0,0,0,0,5,20,20,21,21,20,18,17,16,14,14,15,17,19,21,23,25,26,25,24,24,23,23,21,20,22,23
-69,114,14,28,28,28,28,29,29,29,27,24,22,19,16,14,12,13,14,16,18,19,19,19,18,16,14,12,3,0,0,0,0,0,0,0,0,0,3,8,8,9,11,14,18,21,23,25,26,27,27,26,25,25,25,25,24,26,29,30,31,31,31,31,30
-87,114,14,17,14,17,19,20,20,21,21,22,21,20,20,20,18,12,7,7,8,8,7,6,9,12,15,15,3,0,0,0,0,0,0,0,0,0,2,12,13,14,12,11,11,12,14,14,13,12,13,14,14,13,11,9,9,8,8,7,7,6,7,9,9
-57,118,8,0,0,0,4,19,19,21,21,20,20,20,20,20,21,22,22,21,21,20,21,21,19,20,19,19,19,19,19,21,21,10,21,22,21,20,20,20,20,20,19,19,20,20,21,22,21,22,22,22,20,21,23,24,27,28,23,15,3,0,0,0,0
-57,163,8,0,0,0,6,25,25,27,27,26,26,25,25,25,26,27,27,27,26,25,26,26,25,24,24,24,25,24,25,26,26,13,26,27,26,25,25,25,25,24,25,25,26,25,25,26,27,28,28,27,27,27,28,27,28,29,28,27,7,0,0,0,0
-57,43,1,0,0,0,6,24,25,26,26,25,26,25,25,25,26,27,28,27,26,25,26,26,25,25,25,24,24,24,25,26,26,13,26,27,26,25,25,25,25,24,24,24,25,25,25,26,27,28,28,28,26,26,27,27,27,28,27,27,6,0,0,0,0
-57,163,8,0,0,0,5,25,25,27,27,27,25,26,26,26,26,27,28,27,26,26,27,26,25,25,25,25,25,24,25,27,27,13,27,27,27,25,26,26,26,25,24,24,25,25,25,27,27,28,28,28,27,27,28,27,27,28,28,28,6,0,0,0,0
-57,163,8,0,0,0,6,22,24,25,25,24,24,25,24,24,25,25,26,26,25,25,25,25,23,23,24,24,23,23,24,24,25,13,25,25,25,24,24,24,24,24,24,24,24,23,23,24,25,26,26,26,26,25,26,26,26,26,26,25,7,0,0,0,0
-57,163,8,0,0,0,6,25,26,27,27,26,26,26,26,26,27,28,28,28,26,26,27,26,26,26,26,25,25,25,26,26,27,13,26,27,27,26,25,26,26,25,25,26,26,25,26,26,27,28,29,29,28,28,28,28,28,29,28,27,7,0,0,0,0
-79,114,14,36,31,24,19,14,8,8,11,17,22,24,26,28,28,28,28,27,25,23,21,17,15,12,7,5,1,0,0,0,0,0,0,0,0,0,6,29,27,25,20,14,7,3,9,17,24,30,32,35,35,34,31,26,18,14,12,12,17,24,30,36,40
-52,114,14,26,27,26,24,22,21,20,20,21,23,24,26,28,29,29,30,28,25,22,18,13,9,6,7,9,3,0,0,0,0,0,0,0,0,0,4,18,18,19,18,17,16,15,14,15,16,18,20,22,25,25,27,27,27,27,26,25,24,23,23,24,26
-80,114,14,29,26,21,17,19,18,15,11,12,15,17,20,21,22,22,23,23,22,22,20,17,15,13,9,5,1,0,0,0,0,0,0,0,0,0,5,24,23,22,17,13,8,1,5,12,19,25,28,30,28,25,23,20,18,14,9,7,10,17,24,27,29
-72,114,14,30,28,25,24,25,25,26,25,25,24,23,22,19,19,18,17,15,14,14,13,12,11,11,11,11,3,0,0,0,0,0,0,0,0,0,2,7,6,4,5,9,13,18,22,25,28,30,30,30,29,27,25,23,21,21,22,25,27,29,31,33,35
-57,118,8,0,0,0,5,21,22,23,24,23,22,22,22,22,22,23,23,23,22,21,22,21,20,20,20,20,20,19,20,21,21,10,21,21,21,20,20,20,20,20,20,20,21,20,21,21,22,22,23,22,22,22,22,23,23,23,23,23,5,0,0,0,0
-57,43,1,0,0,0,5,22,22,23,23,23,22,22,22,22,22,23,23,23,22,21,22,21,20,20,20,20,20,19,20,21,21,10,21,22,22,21,20,20,20,20,20,19,20,20,20,20,21,21,22,21,21,21,21,21,21,22,21,21,5,0,0,0,0
-52,114,14,25,24,22,20,19,17,15,14,15,16,18,21,24,25,26,27,26,24,22,18,13,9,5,2,5,2,0,0,0,0,0,0,0,0,0,4,16,17,18,18,17,16,15,14,14,13,14,16,18,19,21,22,22,22,22,22,21,21,20,20,22,23
-73,114,14,32,26,20,15,15,18,22,26,30,32,32,31,30,26,22,20,16,11,8,7,8,9,10,12,13,2,0,0,0,0,0,0,0,0,0,3,11,10,8,9,12,15,20,22,25,27,28,27,23,19,15,10,5,7,13,21,28,35,39,42,47,47
-57,118,8,0,0,0,7,28,28,30,30,29,28,28,27,27,28,29,30,29,28,27,28,28,26,26,27,26,26,26,26,28,27,13,28,28,28,26,26,26,26,25,25,25,25,25,26,27,27,28,28,28,28,27,27,28,28,29,28,28,7,0,0,0,0
-57,43,1,0,0,0,6,24,24,26,27,26,25,25,25,26,26,27,27,27,25,25,27,25,24,24,24,24,24,24,24,25,25,13,25,25,24,24,24,24,23,22,22,22,22,22,23,23,24,24,25,24,24,23,23,24,24,24,24,23,5,0,0,0,0
-54,114,14,14,13,13,13,12,12,12,12,12,12,13,13,15,16,16,15,16,15,13,11,8,6,4,4,4,1,0,0,0,0,0,0,0,0,0,2,10,11,12,12,11,11,11,9,7,5,5,6,7,9,10,13,14,14,15,15,15,14,13,12,13,13
-80,114,14,33,31,27,26,21,15,11,8,6,6,8,12,15,17,19,21,22,22,23,24,22,18,15,12,10,2,0,0,0,0,0,0,0,0,0,6,24,23,22,18,14,8,2,4,11,17,23,27,29,30,29,27,24,20,14,7,2,7,14,22,29,33
-54,114,14,22,22,21,21,20,18,18,17,17,18,20,21,24,25,25,26,25,24,21,17,13,10,5,4,5,2,0,0,0,0,0,0,0,0,0,4,18,20,22,22,21,20,20,17,14,12,10,11,13,16,18,21,23,24,25,26,26,25,23,22,22,23
-71,114,14,34,33,30,27,24,20,16,12,6,2,4,8,12,15,19,22,24,24,22,21,19,15,12,9,7,2,0,0,0,0,0,0,0,0,0,4,16,14,13,12,13,16,21,26,30,31,34,35,34,31,29,26,20,14,7,1,8,14,19,24,28,32
-87,114,14,12,15,18,20,21,23,23,20,19,21,22,19,13,10,11,12,9,5,4,4,5,6,8,8,10,3,0,0,0,0,0,0,0,0,0,2,7,5,5,4,3,1,5,9,8,9,10,9,9,12,12,11,11,11,9,10,8,6,4,2,6,8
-72,114,14,33,34,35,34,34,32,30,27,26,23,18,14,11,9,11,13,15,17,17,16,15,15,14,13,14,3,0,0,0,0,0,0,0,0,0,4,14,14,10,7,5,7,12,17,21,26,30,33,35,35,34,32,28,24,19,14,10,8,9,14,18,22
-57,118,8,0,0,0,5,21,23,23,24,23,23,22,23,23,24,25,25,24,24,24,24,24,23,22,21,21,22,21,22,23,24,12,23,24,23,22,21,21,22,22,21,22,22,21,22,22,23,24,24,23,23,23,23,23,24,24,24,24,6,0,0,0,0
-58,163,8,0,0,0,5,21,22,23,23,22,21,22,22,22,22,24,24,23,22,22,23,22,21,21,21,21,21,21,21,23,23,11,22,23,23,22,22,22,22,21,21,21,22,21,22,22,23,23,24,23,23,23,24,24,24,24,24,23,6,0,0,0,0
-58,163,8,0,0,0,5,20,21,22,22,22,21,21,20,20,21,22,23,23,22,22,22,22,21,21,20,21,21,20,21,22,22,10,22,22,22,21,20,21,21,20,20,21,21,21,21,22,22,23,23,23,23,23,23,23,23,24,23,23,5,0,0,0,0
-58,43,1,0,0,0,4,21,21,23,23,22,21,22,22,21,22,22,23,23,22,22,22,22,21,20,20,21,21,20,21,22,21,10,22,22,22,22,21,22,21,20,20,20,20,21,21,21,22,23,23,22,22,22,23,23,23,24,23,23,5,0,0,0,0
-80,114,14,31,30,26,22,17,13,9,6,9,12,16,17,18,19,20,21,21,22,21,21,19,14,10,8,8,2,0,0,0,0,0,0,0,0,0,7,30,29,26,22,17,11,5,2,9,17,24,31,34,35,35,33,28,23,17,14,12,12,13,18,25,33
-52,114,14,30,29,27,25,24,21,20,20,20,22,25,28,31,31,33,34,34,31,28,23,18,13,8,4,6,1,0,0,0,0,0,0,0,0,0,5,21,22,23,24,24,22,21,21,18,18,17,18,19,22,24,26,27,27,28,29,29,29,28,28,29,29
-73,114,14,8,1,5,12,18,22,26,27,27,27,25,22,18,15,11,6,3,4,5,7,9,9,9,9,8,1,0,0,0,0,0,0,0,0,0,6,23,21,21,22,21,24,24,24,23,20,16,13,9,7,10,16,21,26,32,37,39,41,41,40,38,35
-88,114,14,8,15,22,24,24,22,22,19,16,14,12,11,7,5,7,9,10,10,9,8,8,8,7,4,6,2,0,0,0,0,0,0,0,0,0,3,8,7,7,4,2,4,6,8,10,9,11,14,16,16,15,16,17,16,16,17,18,14,12,9,7,7
-58,118,8,0,0,0,2,11,11,12,13,12,12,11,11,11,11,12,13,12,12,11,12,12,11,11,11,11,11,11,11,11,12,6,11,12,11,11,11,11,11,10,10,10,10,10,11,11,11,12,12,11,11,11,11,11,11,12,11,11,2,0,0,0,0
-57,118,8,0,0,0,5,20,21,22,23,21,21,21,21,21,21,22,23,22,21,21,22,21,20,20,20,20,21,20,21,21,21,9,21,21,21,20,20,20,20,19,20,20,20,19,19,20,20,21,22,21,20,21,21,21,21,22,21,21,5,0,0,0,0
-57,43,1,0,0,0,6,25,25,26,27,25,25,24,24,24,24,25,25,25,25,25,25,23,22,22,21,21,21,21,22,23,23,11,23,23,23,22,22,22,22,21,22,22,22,22,22,23,24,24,25,24,24,24,24,25,25,25,25,25,6,0,0,0,0
-57,43,1,0,0,0,7,26,27,28,28,27,26,26,26,25,26,27,27,27,26,25,26,25,24,23,24,24,23,23,23,24,25,12,24,24,24,23,22,23,23,23,22,23,23,22,22,23,24,24,25,24,24,24,24,24,25,26,25,24,5,0,0,0,0
-80,114,14,31,29,25,19,14,8,2,5,9,12,13,15,16,17,19,18,15,16,17,15,13,12,9,8,9,3,0,0,0,0,0,0,0,0,0,8,32,32,29,26,20,15,10,3,9,16,23,27,30,30,31,30,29,25,20,14,10,15,22,22,26,32
-52,114,14,14,14,13,13,13,14,14,15,16,17,18,19,19,18,18,17,15,13,11,9,7,5,5,7,9,3,0,0,0,0,0,0,0,0,0,2,11,12,13,12,13,13,11,11,10,9,9,9,9,11,12,14,15,16,16,17,17,17,16,16,15,15
-72,114,14,26,23,22,24,27,28,29,30,31,29,26,24,19,16,13,12,12,13,14,15,15,15,14,12,12,2,0,0,0,0,0,0,0,0,0,2,7,6,6,8,13,17,21,25,27,27,27,26,24,22,19,18,18,21,25,30,35,39,41,42,43,41
-85,114,14,28,29,33,32,30,29,23,22,25,28,28,26,24,23,20,18,17,17,16,14,13,12,12,11,11,3,0,0,0,0,0,0,0,0,0,2,7,8,10,10,10,12,13,15,16,17,17,17,16,18,18,16,14,13,13,11,10,10,10,11,15,18
-71,114,14,26,24,24,25,26,28,28,26,25,23,21,19,16,14,13,12,13,15,15,15,16,14,13,12,11,2,0,0,0,0,0,0,0,0,0,1,5,3,3,7,12,16,20,24,27,27,28,28,25,23,19,17,17,18,22,28,34,36,37,39,39,38
-57,118,8,0,0,0,6,25,27,28,28,27,26,26,26,26,26,28,28,27,26,26,26,26,25,25,25,25,24,24,25,26,26,13,26,26,26,25,25,25,25,24,23,23,24,24,24,26,26,26,27,26,26,26,27,27,27,28,27,27,6,0,0,0,0
-57,43,1,0,0,0,6,21,21,22,23,22,22,22,21,21,21,22,24,23,22,21,22,21,21,21,20,20,20,20,21,21,21,11,21,21,21,21,21,21,21,19,19,20,20,19,19,20,21,21,22,21,21,21,21,20,21,21,21,21,6,0,0,0,0
-89,114,14,4,6,8,13,10,7,12,16,17,12,10,8,8,7,7,7,7,7,7,9,11,12,11,9,8,2,0,0,0,0,0,0,0,0,0,2,8,8,9,9,9,9,8,8,8,5,4,5,4,5,5,5,8,10,11,11,10,11,12,11,7,4
-80,114,14,33,32,27,22,16,12,5,2,9,13,15,17,17,17,18,20,22,22,20,18,16,15,13,11,10,3,0,0,0,0,0,0,0,0,0,8,32,33,32,28,23,16,9,3,10,18,25,30,32,34,34,33,31,25,20,17,14,14,16,22,29,32
-52,114,14,28,28,26,26,24,23,22,22,24,26,28,30,32,33,33,33,32,29,26,21,15,11,8,9,11,3,0,0,0,0,0,0,0,0,0,5,21,22,22,23,22,21,19,19,18,17,17,19,22,25,27,29,29,30,30,31,30,29,28,27,28,29
-87,114,14,12,18,23,26,27,28,28,25,23,23,26,23,17,12,10,8,4,5,8,10,14,14,13,13,15,4,0,0,0,0,0,0,0,0,0,3,13,13,12,10,6,5,5,5,9,11,11,12,13,14,13,12,11,10,8,9,9,7,7,5,3,7
-72,114,14,29,25,24,23,24,24,25,26,26,26,24,22,20,17,14,10,8,9,11,13,16,16,16,17,17,4,0,0,0,0,0,0,0,0,0,5,20,19,14,10,11,13,18,23,26,30,32,32,30,27,22,17,13,9,11,18,24,29,32,36,38,39
-86,114,14,12,18,21,23,25,26,27,27,29,27,22,20,19,18,15,10,6,8,9,10,12,13,14,15,14,3,0,0,0,0,0,0,0,0,0,2,7,10,11,8,10,11,7,7,8,11,13,13,8,6,8,7,7,12,11,11,9,7,7,7,3,2
-56,118,8,0,0,0,6,24,24,26,26,25,25,24,24,24,24,25,26,25,25,25,25,25,23,23,24,23,23,22,23,25,25,12,24,24,24,23,23,23,23,22,22,22,23,23,23,24,24,25,25,25,25,24,24,24,24,25,25,25,7,0,0,0,0
-57,163,8,0,0,0,5,21,22,23,23,22,22,21,21,21,22,22,23,22,21,21,21,21,20,20,20,20,20,19,20,21,21,10,21,22,22,21,21,20,20,20,20,21,21,21,21,22,23,23,23,23,23,22,23,23,23,23,23,23,5,0,0,0,0
-56,163,8,0,0,0,5,22,23,24,25,23,23,23,23,23,24,25,25,25,23,22,24,24,22,21,21,21,21,21,21,22,23,12,23,23,23,22,22,22,22,21,21,22,22,21,21,22,23,23,23,23,23,22,22,23,23,23,23,23,6,0,0,0,0
-56,43,1,0,0,0,6,24,24,26,26,25,25,24,24,24,25,26,27,26,25,24,25,25,24,24,24,24,24,23,24,25,25,13,25,25,25,24,23,24,24,23,23,24,24,23,24,25,24,25,25,25,25,25,25,25,25,25,24,24,6,0,0,0,0
-52,114,14,26,26,24,23,21,19,17,18,19,21,23,26,28,30,32,32,31,30,27,22,17,12,7,4,5,2,0,0,0,0,0,0,0,0,0,4,20,21,22,22,21,20,19,18,17,16,17,18,20,21,24,25,26,26,26,26,26,26,25,25,25,26
-81,114,14,32,29,25,20,15,9,6,6,6,9,13,18,19,20,22,25,26,27,26,22,19,17,15,13,10,2,0,0,0,0,0,0,0,0,0,5,24,25,24,21,16,13,8,7,10,15,21,25,29,29,27,25,22,20,18,16,17,19,21,25,31,35
-53,114,14,17,17,16,15,14,12,11,10,11,12,14,15,17,18,19,19,19,18,16,14,12,9,6,3,3,0,0,0,0,0,0,0,0,0,0,3,13,13,15,15,13,13,12,12,11,11,11,12,14,15,16,17,17,17,17,17,17,17,16,16,17,17
-75,114,14,25,21,19,18,20,22,24,25,26,27,27,26,25,21,16,11,8,8,11,15,19,21,21,22,23,5,0,0,0,0,0,0,0,0,0,3,13,12,13,13,13,15,18,20,25,26,27,29,27,24,21,16,9,6,8,15,22,29,33,36,37,38
-86,114,14,10,12,16,25,27,25,25,23,22,25,25,22,16,14,13,12,12,12,11,9,9,11,11,12,11,2,0,0,0,0,0,0,0,0,0,1,2,8,10,7,6,9,8,8,10,8,9,13,12,10,13,13,10,12,13,10,9,10,7,3,2,4
-75,114,14,23,18,13,10,11,13,16,18,20,23,24,23,22,20,17,12,7,5,6,10,14,16,17,18,19,4,0,0,0,0,0,0,0,0,0,4,16,17,17,18,19,20,23,28,30,32,34,34,32,29,25,20,12,3,5,12,19,25,29,33,36,38
-57,118,8,0,0,0,6,26,26,28,29,27,27,27,26,27,28,29,29,29,28,27,29,28,26,26,26,26,26,26,26,27,27,13,26,28,27,26,26,26,26,25,25,24,25,25,25,25,27,27,28,27,26,26,26,27,27,27,27,26,6,0,0,0,0
-58,43,1,0,0,0,5,24,25,25,26,24,24,23,24,24,24,24,25,24,23,22,23,23,21,20,19,20,19,19,20,21,21,10,20,21,20,19,19,19,19,18,19,20,20,19,20,21,21,21,22,22,21,22,22,23,22,23,23,22,5,0,0,0,0
-80,114,14,26,27,25,21,18,15,11,6,5,7,10,13,15,17,21,22,25,27,26,23,20,19,17,16,15,3,0,0,0,0,0,0,0,0,0,7,31,29,28,24,17,11,6,5,11,17,23,28,30,31,32,31,29,27,23,20,15,12,12,15,19,24
-53,114,14,30,30,28,26,22,20,17,16,17,20,23,27,30,33,34,35,35,32,28,23,17,11,5,2,6,1,0,0,0,0,0,0,0,0,0,4,16,16,17,17,15,14,15,15,16,18,21,24,26,28,29,30,29,28,27,25,24,23,22,23,25,28
-84,114,14,27,31,34,34,34,33,31,31,30,27,23,19,15,12,12,13,15,18,21,22,22,21,16,13,12,3,0,0,0,0,0,0,0,0,0,4,13,12,9,7,5,3,6,10,12,15,17,17,16,17,17,17,17,15,15,19,22,21,21,23,25,25
-67,114,14,36,35,33,31,29,25,22,18,16,12,10,10,11,11,13,14,16,16,15,15,14,14,14,13,12,3,0,0,0,0,0,0,0,0,0,1,6,2,5,10,17,23,28,32,36,39,41,43,42,40,38,34,29,25,21,18,17,19,21,25,29,32
-83,114,14,25,25,27,28,32,35,36,36,36,36,34,28,23,21,19,16,16,14,16,20,22,20,18,16,15,3,0,0,0,0,0,0,0,0,0,4,17,15,16,16,16,16,13,11,13,17,17,16,14,14,15,16,15,13,16,19,20,24,27,29,32,36
-57,118,8,0,0,0,5,24,24,26,27,25,25,25,25,25,25,27,27,27,26,26,27,26,25,24,24,25,25,25,25,26,26,13,26,27,26,25,25,25,25,24,23,24,25,24,24,25,25,26,26,26,25,25,25,25,26,25,25,25,6,0,0,0,0
-57,43,1,0,0,0,5,24,25,27,27,26,26,26,25,25,26,28,28,27,27,26,27,27,25,25,24,25,25,24,24,26,26,12,26,27,26,25,25,25,24,24,24,24,24,23,24,24,25,26,26,25,25,25,25,25,25,26,26,26,6,0,0,0,0
-53,114,14,23,23,23,22,21,20,19,17,17,19,21,24,25,27,29,29,29,27,25,21,16,11,7,5,6,2,0,0,0,0,0,0,0,0,0,5,21,23,23,23,22,20,17,14,11,10,10,13,18,21,25,27,29,30,29,30,28,26,23,21,22,23
-52,114,14,32,32,31,29,28,25,23,22,23,25,29,32,34,36,38,40,39,37,33,28,22,15,10,6,8,2,0,0,0,0,0,0,0,0,0,5,23,25,25,25,23,22,20,16,14,13,14,18,22,26,29,32,34,35,35,35,34,32,30,28,28,30
-72,114,14,13,5,7,12,18,22,26,28,29,28,27,23,19,14,9,5,2,2,4,7,10,11,12,13,13,2,0,0,0,0,0,0,0,0,0,4,18,19,18,19,21,25,28,29,30,28,26,23,20,16,14,14,20,26,31,36,39,41,42,41,39,36
-86,114,14,13,18,21,23,22,24,24,22,19,18,17,13,11,12,13,11,10,9,7,5,6,8,6,3,4,1,0,0,0,0,0,0,0,0,0,3,15,13,10,4,3,4,10,16,18,17,16,16,16,19,19,15,12,12,13,13,12,10,8,8,6,5
-56,118,8,0,0,0,5,22,22,23,24,23,22,23,23,23,23,24,24,24,23,22,24,23,22,22,21,21,21,21,21,22,23,11,23,23,23,22,21,22,21,20,20,20,20,20,21,21,22,22,22,22,21,21,22,21,22,22,22,22,5,0,0,0,0
-56,43,1,0,0,0,6,26,26,27,28,27,26,26,26,27,28,29,29,29,27,27,28,28,27,26,26,26,26,26,26,28,28,13,27,28,27,27,26,26,26,25,25,25,25,24,24,25,25,25,26,25,24,24,24,24,25,25,24,23,5,0,0,0,0
-57,163,8,29,29,28,26,26,26,26,25,25,25,25,25,25,26,26,26,25,24,24,24,23,22,22,22,20,5,0,0,0,0,0,0,0,0,0,5,17,18,19,20,20,20,21,21,22,23,25,26,25,25,25,25,26,24,24,25,25,26,26,26,28,29
-53,114,14,20,20,18,16,16,14,13,13,15,16,18,20,21,22,22,22,21,19,17,13,10,6,2,2,4,1,0,0,0,0,0,0,0,0,0,3,11,12,13,13,13,13,13,13,12,11,11,11,12,14,15,17,18,18,19,20,20,19,19,19,20,20
-70,114,14,41,34,28,23,18,12,11,11,11,13,14,13,15,16,18,19,21,23,24,23,22,19,16,13,10,2,0,0,0,0,0,0,0,0,0,3,14,13,13,17,20,25,29,33,36,37,40,41,38,35,31,26,19,11,6,10,18,26,31,38,43,45
-57,118,8,0,0,0,6,26,27,29,30,28,27,27,27,27,28,29,29,29,27,26,27,26,26,25,25,25,25,24,25,25,26,13,26,26,25,24,24,24,24,23,23,23,23,23,23,24,25,25,25,25,25,25,25,25,26,26,26,25,6,0,0,0,0
-57,43,1,0,0,0,7,25,26,28,28,27,27,27,26,27,27,29,29,29,27,27,28,27,26,26,26,25,25,24,25,26,27,13,26,26,26,26,25,25,25,24,24,25,25,24,24,24,25,26,26,26,25,25,25,25,25,25,25,24,6,0,0,0,0
-80,114,14,37,31,25,20,17,11,6,2,4,8,12,17,19,17,16,16,18,20,22,22,20,18,17,16,13,2,0,0,0,0,0,0,0,0,0,6,28,29,28,25,21,14,8,5,13,19,25,30,32,32,32,32,31,25,19,16,16,16,20,25,29,32
-53,114,14,30,29,28,26,23,21,18,17,17,19,22,24,27,28,29,30,29,27,24,20,15,10,6,6,8,2,0,0,0,0,0,0,0,0,0,4,16,16,17,17,16,15,14,13,14,14,16,19,21,23,25,26,26,25,25,24,23,23,22,22,25,27
-81,114,14,32,29,23,21,18,13,8,4,5,8,10,14,17,19,19,18,18,18,18,19,20,19,19,19,20,5,0,0,0,0,0,0,0,0,0,7,29,29,29,25,20,13,7,6,8,12,19,25,29,31,31,29,27,24,22,18,16,14,12,15,23,30
-72,114,14,26,24,24,24,26,27,25,25,25,24,23,20,17,14,10,8,10,13,16,16,17,18,16,15,14,3,0,0,0,0,0,0,0,0,0,2,7,4,3,7,12,17,21,25,26,26,27,26,24,22,19,17,15,17,20,23,28,32,33,34,35,36
-87,114,14,13,20,21,22,23,24,26,29,28,25,24,23,19,13,12,13,14,11,8,11,14,13,12,11,12,3,0,0,0,0,0,0,0,0,0,6,23,17,17,19,18,16,11,9,12,10,5,8,13,14,12,9,8,11,11,7,6,8,8,8,5,4
-57,118,8,0,0,0,6,24,25,25,26,26,25,26,25,25,26,27,28,27,25,25,26,25,25,25,24,24,24,23,24,25,26,13,25,25,25,25,24,25,24,23,23,23,23,23,22,23,24,25,26,25,25,24,24,24,25,25,24,24,6,0,0,0,0
-57,163,8,0,0,0,5,20,21,23,23,22,22,21,21,21,22,23,23,22,21,21,22,21,20,20,20,20,20,20,20,21,21,11,21,21,21,21,20,20,20,20,19,19,20,19,19,20,20,21,21,21,20,20,21,21,21,21,21,21,6,0,0,0,0
-57,163,8,0,0,0,6,25,26,27,28,26,26,26,26,26,26,28,29,27,26,26,26,26,25,25,25,25,25,24,25,26,26,13,26,26,26,25,25,25,25,24,23,24,24,24,24,25,25,26,26,26,25,26,26,26,25,26,26,25,6,0,0,0,0
-57,43,1,0,0,0,6,27,27,28,29,28,27,26,26,26,28,29,29,28,26,25,26,26,25,24,24,24,24,24,25,25,26,11,25,26,26,25,25,25,25,23,23,24,24,23,24,24,25,26,26,25,25,25,25,26,26,26,26,25,6,0,0,0,0
-90,114,14,13,13,13,9,7,7,5,1,4,1,6,10,12,11,11,12,10,10,9,9,10,9,6,3,3,1,0,0,0,0,0,0,0,0,0,2,7,5,3,3,5,6,8,9,9,10,11,11,11,12,12,11,12,10,8,7,4,3,4,6,10,14
-81,114,14,34,34,29,22,15,11,5,4,10,17,20,21,24,26,26,25,25,23,23,21,17,14,10,6,11,4,0,0,0,0,0,0,0,0,0,8,31,30,27,20,14,9,5,8,16,23,30,35,38,38,36,35,31,25,19,14,12,14,18,23,29,31
-52,114,14,27,28,27,26,24,22,20,18,18,19,21,24,26,27,28,29,29,27,24,21,15,10,7,6,8,2,0,0,0,0,0,0,0,0,0,4,17,18,18,16,15,13,11,10,10,10,14,17,21,23,26,27,27,27,26,25,23,21,19,19,20,22
-73,114,14,17,14,18,22,24,27,31,33,33,34,33,31,28,24,18,15,12,10,12,15,18,18,20,21,21,6,0,0,0,0,0,0,0,0,0,0,3,4,6,8,11,14,17,19,20,18,17,16,14,12,10,9,10,13,17,21,26,28,30,31,31,31
-85,114,14,15,18,17,20,22,26,29,28,28,27,24,20,16,15,15,12,14,14,11,12,16,16,14,14,15,4,0,0,0,0,0,0,0,0,0,3,13,13,11,9,12,15,19,22,22,18,17,17,14,13,12,12,13,13,12,12,13,11,8,4,2,3
-72,114,14,20,16,17,20,26,31,36,38,40,39,38,36,32,27,22,17,13,10,10,14,17,18,21,22,22,5,0,0,0,0,0,0,0,0,0,1,4,6,9,12,15,17,20,21,23,23,22,20,17,14,13,11,11,14,18,25,30,35,38,39,40,39
-57,118,8,0,0,0,4,15,16,16,17,16,16,16,15,15,15,16,17,16,15,14,16,16,14,13,13,13,13,13,13,14,15,7,14,14,14,14,13,14,14,13,13,13,13,12,12,12,13,13,13,13,13,13,13,13,13,13,13,13,4,0,0,0,0
-56,43,1,0,0,0,6,25,26,27,28,27,26,26,26,25,27,28,29,28,27,27,28,27,26,26,26,26,26,25,26,26,27,13,27,27,27,26,25,26,25,25,25,24,25,24,25,26,26,26,26,26,26,26,26,26,26,27,26,26,7,0,0,0,0
-52,114,14,27,27,25,24,22,20,19,17,17,18,21,24,25,27,29,30,29,27,24,20,15,11,7,5,7,2,0,0,0,0,0,0,0,0,0,5,20,21,21,20,19,16,15,13,12,13,15,18,21,23,25,26,27,27,27,26,25,23,21,21,23,24
-80,114,14,29,25,18,13,10,6,6,11,15,18,22,22,20,18,18,18,18,16,13,10,9,7,5,4,7,1,0,0,0,0,0,0,0,0,0,7,27,28,27,24,19,16,12,10,14,20,26,30,32,33,31,27,25,21,18,16,16,19,24,26,29,32
-52,114,14,15,14,14,13,13,11,10,9,9,10,11,12,13,14,16,16,16,14,13,11,9,6,4,2,3,1,0,0,0,0,0,0,0,0,0,3,11,11,11,11,10,9,8,8,7,7,8,10,11,12,14,14,14,14,15,14,13,12,12,11,12,13
-70,114,14,34,34,33,30,27,23,19,14,8,3,4,8,12,15,17,18,20,20,19,18,17,13,10,7,4,1,0,0,0,0,0,0,0,0,0,4,12,9,6,7,12,17,23,28,30,32,33,34,32,30,27,24,19,15,12,10,12,16,19,23,27,30
-86,114,14,19,22,24,25,26,25,25,25,23,20,17,17,17,15,15,16,15,14,16,15,16,15,15,14,15,3,0,0,0,0,0,0,0,0,0,4,13,15,14,13,13,14,15,17,17,19,21,22,22,20,17,16,13,10,8,6,6,4,5,7,13,16
-56,118,8,0,0,0,6,23,24,25,26,25,25,25,25,25,26,27,28,27,27,26,27,27,25,25,25,25,25,25,26,27,27,14,27,27,27,26,26,26,26,25,25,25,25,25,25,26,26,27,27,27,27,26,27,26,26,27,26,26,7,0,0,0,0
-56,163,8,0,0,0,3,14,14,15,15,15,15,15,14,14,15,16,16,16,15,15,15,15,14,14,14,13,14,13,14,15,15,7,15,15,15,14,14,14,14,14,14,14,14,14,14,14,14,15,15,15,14,14,14,15,15,15,15,14,3,0,0,0,0
-56,43,1,0,0,0,6,24,25,26,27,26,26,25,26,26,26,28,29,28,27,27,27,27,26,26,25,25,25,25,26,27,27,14,27,27,27,26,26,26,26,26,25,26,26,25,25,26,27,27,27,27,27,27,26,26,27,27,26,26,7,0,0,0,0
-56,43,1,0,0,0,5,23,24,26,26,25,25,25,25,25,26,27,28,27,26,26,26,26,25,25,25,25,25,24,25,26,27,13,26,27,26,25,25,25,25,24,25,25,25,24,24,25,26,27,27,26,26,26,26,26,26,26,26,26,6,0,0,0,0
-80,114,14,29,30,25,21,16,10,5,0,5,10,12,13,12,11,12,11,12,15,14,14,15,14,11,10,12,4,0,0,0,0,0,0,0,0,0,9,37,36,32,28,22,15,6,2,11,21,31,36,37,36,38,39,35,28,24,20,16,13,11,14,22,25
-52,114,14,34,33,32,29,27,23,21,20,22,25,28,32,36,38,40,41,40,37,33,27,21,14,7,3,7,3,0,0,0,0,0,0,0,0,0,5,22,24,24,22,21,19,17,15,14,15,18,21,25,28,31,33,34,33,33,32,30,29,28,27,29,29
-71,114,14,14,8,7,11,16,19,22,23,24,25,23,20,19,15,12,10,8,8,8,8,8,8,9,9,9,2,0,0,0,0,0,0,0,0,0,3,14,15,18,20,20,22,24,24,24,23,22,20,18,14,12,13,15,19,24,29,34,36,36,36,35,34
-87,114,14,26,28,26,25,25,25,22,19,19,20,19,19,18,19,20,20,18,15,13,9,4,2,5,6,4,0,0,0,0,0,0,0,0,0,0,1,3,5,4,4,6,8,10,14,14,14,15,14,13,13,15,19,19,18,16,13,11,9,7,3,4,7
-56,118,8,0,0,0,5,23,24,26,25,25,25,25,24,24,25,26,27,26,26,25,26,25,24,24,25,25,24,23,24,26,27,13,26,26,26,26,25,26,25,24,23,24,24,24,25,25,25,26,27,27,26,26,26,26,26,28,27,27,6,0,0,0,0
-55,163,8,0,0,0,5,22,23,25,25,24,24,23,23,23,24,25,25,25,24,23,24,24,23,23,23,22,22,22,23,23,24,12,24,24,24,23,22,23,23,22,22,22,23,22,22,23,24,25,24,24,24,24,24,24,24,24,24,25,5,0,0,0,0
-55,43,1,0,0,0,7,26,27,29,29,28,28,27,27,27,28,29,30,30,29,28,30,29,27,27,27,27,27,26,26,28,28,14,27,28,29,27,27,27,27,26,25,26,26,26,26,27,26,28,28,27,27,26,26,27,27,27,28,27,7,0,0,0,0
-52,114,14,29,29,29,29,27,25,23,22,21,21,23,25,27,29,31,31,31,30,27,23,19,14,10,8,8,2,0,0,0,0,0,0,0,0,0,5,19,19,20,20,19,18,16,15,14,13,15,17,20,23,26,27,28,29,28,27,27,25,23,22,23,25
-83,114,14,31,29,26,21,18,15,11,8,1,6,10,10,12,14,15,17,17,19,21,18,16,16,15,14,15,4,0,0,0,0,0,0,0,0,0,10,37,35,33,30,25,18,11,10,14,21,27,35,40,39,38,39,38,31,25,19,15,15,18,23,30,36
-53,114,14,28,28,28,27,26,24,23,21,22,23,24,26,28,30,31,32,32,30,27,23,18,14,10,8,8,2,0,0,0,0,0,0,0,0,0,4,18,19,19,19,18,17,15,14,12,12,14,17,20,22,25,27,28,28,28,27,26,24,22,22,22,23
-74,114,14,22,15,11,13,18,22,25,27,28,27,23,19,16,14,13,14,16,20,23,25,24,23,20,18,16,4,0,0,0,0,0,0,0,0,0,0,2,4,7,11,15,19,23,25,26,26,24,23,20,16,12,11,11,13,17,22,28,31,34,37,38,38
-86,114,14,23,23,24,26,26,26,26,26,28,29,30,28,23,19,20,21,18,13,10,10,12,12,10,10,15,4,0,0,0,0,0,0,0,0,0,5,17,15,13,11,9,8,10,16,19,17,17,21,23,25,22,18,18,14,9,10,12,8,2,4,9,13
-58,118,8,0,0,0,5,26,26,29,29,27,27,27,26,27,27,28,28,28,27,27,28,27,25,25,25,25,25,25,25,26,27,13,26,27,27,25,25,25,25,24,24,24,24,23,24,24,24,24,24,24,24,23,24,23,23,23,23,23,5,0,0,0,0
-57,163,8,0,0,0,6,24,25,26,26,25,25,24,24,24,24,25,26,25,24,24,24,23,22,22,22,22,22,21,21,23,24,12,23,23,23,22,22,22,22,21,21,20,21,21,22,23,23,24,24,23,23,22,23,23,22,24,23,23,5,0,0,0,0
-57,43,1,0,0,0,4,20,20,22,21,20,20,20,20,20,20,21,22,21,20,20,21,20,19,19,20,20,20,19,20,21,21,10,21,22,21,21,20,20,20,20,19,20,20,19,19,20,21,21,22,21,21,21,21,21,21,21,21,21,4,0,0,0,0
-91,114,14,10,9,9,9,8,5,3,3,8,6,5,8,7,8,9,9,9,9,10,9,5,3,4,5,8,3,0,0,0,0,0,0,0,0,0,1,5,5,6,7,8,8,8,9,8,8,8,8,7,9,11,12,11,9,8,6,5,7,8,10,12,13
-58,163,8,28,27,26,26,26,25,25,25,24,25,24,24,25,26,27,27,26,26,25,25,24,24,23,22,22,5,0,0,0,0,0,0,0,0,0,4,16,17,18,19,19,19,20,20,21,22,23,24,24,23,23,24,24,23,23,23,24,24,24,25,27,28
-81,114,14,37,35,32,24,18,14,11,8,5,8,12,14,17,19,21,22,23,24,25,24,20,16,12,10,9,2,0,0,0,0,0,0,0,0,0,8,30,29,28,24,17,9,2,7,17,24,30,36,39,38,36,34,29,22,16,9,3,9,15,23,32,35
-52,114,14,32,34,34,33,31,28,26,24,23,23,23,25,27,30,31,33,32,31,29,25,20,15,10,7,7,2,0,0,0,0,0,0,0,0,0,5,20,21,22,21,20,18,16,14,13,13,15,20,24,27,30,33,34,33,32,31,29,26,22,21,23,24
-87,114,14,17,18,15,13,17,19,21,23,21,19,20,21,22,21,19,17,16,12,10,8,4,3,5,7,8,2,0,0,0,0,0,0,0,0,0,2,10,13,12,13,13,11,10,13,15,17,19,20,20,22,22,21,17,15,15,13,11,7,4,5,9,13
-71,114,14,38,36,34,31,29,27,25,23,22,21,19,17,16,14,12,10,10,10,10,10,11,12,11,10,10,3,0,0,0,0,0,0,0,0,0,3,11,8,2,3,8,13,19,23,27,29,29,30,30,29,28,26,24,21,19,20,22,25,29,32,35,37
-57,118,8,0,0,0,7,27,28,30,30,28,28,28,28,28,29,30,31,30,29,29,30,29,28,28,28,28,28,26,28,30,30,15,29,30,30,29,28,28,28,27,27,27,27,27,27,28,29,29,29,28,28,28,29,28,28,29,29,28,7,0,0,0,0
-57,118,8,0,0,0,7,25,25,26,26,26,25,26,25,25,26,27,28,28,27,27,26,27,25,25,25,25,25,25,25,26,26,13,26,26,26,25,25,25,25,24,24,24,24,24,25,26,25,26,26,26,26,25,25,25,26,26,25,25,7,0,0,0,0
-57,43,1,0,0,0,5,24,25,27,26,26,25,25,25,25,26,26,27,26,25,25,26,25,23,23,24,24,24,23,24,25,25,13,25,25,25,25,24,25,24,24,22,22,23,23,23,23,23,24,25,24,24,23,24,23,24,24,24,23,6,0,0,0,0
-50,114,14,26,26,25,24,23,21,19,18,18,19,20,22,24,26,26,28,27,25,24,20,16,11,7,3,5,1,0,0,0,0,0,0,0,0,0,5,20,20,20,19,18,17,15,14,13,13,15,18,21,23,25,27,27,27,26,26,25,24,22,21,22,23
-81,114,14,36,34,28,23,19,13,6,2,4,7,11,16,19,18,17,20,20,19,19,16,12,8,6,4,6,2,0,0,0,0,0,0,0,0,0,7,29,29,26,22,18,12,6,1,7,16,24,28,28,30,33,31,25,21,17,13,8,6,13,21,26,25
-73,114,14,22,23,23,24,27,28,28,29,27,26,25,23,21,18,16,15,14,13,14,14,15,16,17,17,17,4,0,0,0,0,0,0,0,0,0,2,7,7,7,10,13,15,17,18,18,17,16,16,15,15,15,16,18,20,22,24,26,27,27,28,28,29
-87,114,14,18,16,18,23,25,26,28,28,26,24,19,15,14,13,12,11,9,7,8,8,6,6,9,13,13,4,0,0,0,0,0,0,0,0,0,4,16,10,6,5,8,10,10,13,15,16,18,19,18,19,18,15,12,12,12,11,10,8,7,5,6,9
-90,114,14,9,6,6,6,4,3,1,8,14,11,8,8,9,10,13,13,12,11,8,4,5,7,7,8,9,2,0,0,0,0,0,0,0,0,0,2,5,4,5,8,8,6,4,4,6,6,9,11,11,10,10,10,10,10,9,6,4,3,5,8,13,16
-56,118,8,0,0,0,5,20,20,21,21,21,20,20,20,20,20,21,21,20,20,19,20,19,18,18,18,18,18,18,18,19,18,9,18,19,18,18,17,18,18,17,17,17,17,17,17,17,18,18,18,18,18,18,18,18,17,19,18,18,4,0,0,0,0
-57,43,1,0,0,0,7,28,29,30,30,29,28,28,28,28,28,30,30,29,28,27,29,27,26,26,25,26,26,26,26,26,27,13,27,27,27,26,25,25,25,25,24,25,25,23,24,24,25,26,26,25,25,25,24,25,25,25,24,24,6,0,0,0,0
-90,114,14,12,10,8,7,5,4,3,6,10,10,10,10,11,12,13,14,15,14,9,5,4,5,5,4,5,2,0,0,0,0,0,0,0,0,0,1,5,5,6,7,6,5,5,6,5,6,8,9,9,10,10,10,10,11,7,3,1,4,6,8,9,13
-52,114,14,2,3,4,3,2,1,2,1,1,3,3,3,2,1,1,1,1,3,3,1,1,1,1,1,1,1,0,0,0,0,0,0,0,0,0,1,2,1,0,1,3,3,2,2,1,1,0,1,2,1,1,0,1,2,1,2,1,1,1,2,6,12,6,27,29,29,29,29,27,25,23,21,19,20,21,22,25,27,27,29,28,27,25,21,17,13,9,6,7,1,0,0,0,0,0,0,0,0,0,5,20,20,21,20,19,17,16,14,14,15,17,20,22,25,27,29,30,30,29,28,26,24,22,21,22,24
-80,114,14,31,32,31,29,25,21,16,10,5,2,4,8,11,13,16,18,19,19,19,19,16,13,12,12,12,3,0,0,0,0,0,0,0,0,0,8,32,34,31,28,25,19,11,4,3,11,19,25,28,29,31,33,30,25,23,18,11,6,3,12,23,31
-51,114,14,26,27,27,26,26,24,21,20,19,20,21,23,24,26,27,28,27,26,23,20,16,12,9,8,8,2,0,0,0,0,0,0,0,0,0,4,17,18,18,17,16,15,13,13,12,12,14,17,20,23,25,26,27,27,25,25,23,21,20,19,20,21
-69,114,14,42,41,38,33,29,24,18,13,9,6,8,11,14,16,19,21,22,21,21,20,18,16,13,9,7,1,0,0,0,0,0,0,0,0,0,2,9,5,1,6,12,19,26,31,35,36,38,39,38,35,33,30,26,22,17,13,14,18,21,27,33,36
-86,114,14,19,21,24,28,29,28,27,28,27,26,24,22,20,16,13,13,13,15,15,13,11,12,13,12,9,1,0,0,0,0,0,0,0,0,0,2,8,9,9,8,11,11,11,14,18,18,18,17,16,17,18,17,18,15,12,12,11,10,9,4,3,6
-69,114,14,42,40,37,33,28,23,17,11,6,6,9,14,17,19,20,21,21,21,20,18,17,14,11,8,6,2,0,0,0,0,0,0,0,0,0,3,10,6,1,5,11,16,22,29,33,35,36,37,37,34,31,28,23,19,15,12,13,17,22,27,32,35
-57,118,8,0,0,0,5,26,26,27,28,27,26,26,26,25,26,26,27,26,25,25,26,25,24,24,24,23,23,22,24,24,25,12,24,25,25,24,23,24,24,23,22,22,23,23,23,23,24,25,25,24,24,24,24,25,24,25,24,24,5,0,0,0,0
-57,43,1,0,0,0,5,25,25,26,27,25,25,25,25,25,25,27,27,26,26,26,26,26,24,24,24,24,24,23,24,25,25,12,24,26,25,24,23,24,24,23,22,23,23,23,23,24,24,25,25,24,24,24,24,25,25,25,25,25,5,0,0,0,0
-80,114,14,36,32,29,23,16,11,8,3,6,9,14,19,21,22,23,24,24,22,20,17,16,14,11,8,5,1,0,0,0,0,0,0,0,0,0,6,23,23,20,16,9,3,2,9,17,24,29,32,35,35,33,29,24,19,14,8,3,12,18,25,34,38
-52,114,14,30,30,30,28,26,24,22,21,21,22,24,26,28,29,31,32,30,28,25,21,17,12,8,5,6,2,0,0,0,0,0,0,0,0,0,5,20,22,22,22,21,20,18,17,17,18,20,22,24,26,29,31,31,31,30,29,28,27,25,25,26,28
-84,114,14,24,24,32,42,41,36,37,36,28,20,16,15,21,24,18,14,13,8,5,8,9,9,10,10,4,3,0,0,0,0,0,0,0,0,0,2,11,13,8,7,14,16,13,17,18,11,12,22,23,22,25,21,18,20,23,22,18,12,5,5,14,19
-73,114,14,21,17,15,16,18,20,20,20,21,22,21,19,17,16,14,14,13,13,14,12,12,11,11,10,8,2,0,0,0,0,0,0,0,0,0,5,18,16,17,17,17,18,19,22,24,25,26,27,25,24,23,20,18,18,20,24,28,30,33,33,33,32
-87,114,14,18,21,25,27,24,22,22,20,18,18,17,15,14,17,17,15,14,12,9,8,6,7,7,9,13,3,0,0,0,0,0,0,0,0,0,2,7,8,6,7,7,9,11,15,17,15,14,17,17,15,13,11,13,12,11,9,7,6,6,6,8,13
-57,118,8,0,0,0,7,26,27,28,29,28,26,27,26,27,27,28,29,29,27,27,28,27,26,25,25,25,25,25,25,26,26,13,26,26,25,24,23,24,24,23,23,23,23,22,22,23,24,24,24,24,24,24,25,25,25,25,25,24,6,0,0,0,0
-56,43,1,0,0,0,6,25,26,28,27,26,26,25,25,26,26,28,28,27,26,26,27,26,25,25,25,25,25,24,25,27,27,13,26,27,26,26,25,26,26,25,24,24,24,25,25,26,26,27,27,26,26,26,27,26,26,27,26,27,6,0,0,0,0
-57,163,8,23,23,22,22,22,21,21,19,21,21,20,20,20,21,21,21,19,18,19,22,22,21,19,17,14,2,0,0,0,0,0,0,0,0,0,3,13,15,16,16,16,16,17,17,18,19,20,20,21,20,20,21,20,20,20,20,20,21,20,22,24,24
-52,114,14,29,29,27,27,25,24,22,21,21,21,23,25,26,28,29,29,29,27,24,20,16,12,8,7,8,2,0,0,0,0,0,0,0,0,0,5,21,22,21,20,19,18,16,15,14,14,18,21,23,26,28,29,30,29,29,27,26,24,22,22,23,24
-81,114,14,34,34,30,25,21,15,9,7,5,6,9,11,14,14,13,15,17,17,16,16,15,13,10,12,14,3,0,0,0,0,0,0,0,0,0,9,33,31,28,23,16,9,3,10,18,26,34,40,42,41,38,34,28,26,21,12,6,1,10,17,23,29
-52,114,14,28,27,27,25,24,22,21,18,19,20,22,24,26,27,28,28,27,25,23,19,15,11,8,6,7,2,0,0,0,0,0,0,0,0,0,5,20,21,21,20,18,17,15,13,13,14,16,20,22,25,26,28,29,28,27,26,25,23,21,21,22,22
-75,114,14,27,19,15,14,18,22,26,29,31,32,30,27,23,19,15,12,12,16,19,22,24,25,24,22,20,5,0,0,0,0,0,0,0,0,0,2,11,13,15,14,14,17,19,22,23,23,24,23,20,15,11,6,0,5,13,20,27,32,38,42,44,44
-87,114,14,13,12,13,16,20,21,23,24,23,22,23,21,20,18,16,13,11,8,5,6,8,11,11,10,13,3,0,0,0,0,0,0,0,0,0,3,11,12,10,9,11,12,15,16,15,15,17,16,15,13,10,9,10,9,7,7,7,7,5,5,7,10
-76,114,14,21,16,13,13,15,18,22,24,25,27,25,22,17,13,10,10,13,18,23,25,25,25,24,22,20,5,0,0,0,0,0,0,0,0,0,3,15,17,18,17,19,19,19,20,23,24,23,20,17,13,10,6,1,5,14,19,24,28,32,36,38,35
-56,118,8,0,0,0,6,25,26,27,27,26,26,26,26,26,27,27,28,28,27,27,28,26,25,25,26,25,25,24,26,27,26,13,26,26,26,26,25,25,25,24,24,25,25,23,24,25,25,26,26,25,25,25,25,25,26,26,26,25,6,0,0,0,0
-57,43,1,0,0,0,5,21,21,23,23,22,22,22,21,22,23,24,24,23,22,22,23,23,22,22,22,21,22,22,22,23,22,11,23,23,24,23,23,23,23,21,20,22,21,21,21,22,22,23,24,23,23,23,23,23,24,24,23,22,5,0,0,0,0
-57,43,1,0,0,0,5,21,21,23,23,22,22,21,21,21,22,24,24,24,23,22,23,23,22,22,21,21,21,21,22,23,23,11,23,23,23,22,22,22,22,22,21,21,21,21,22,22,22,23,23,23,23,23,23,23,23,23,23,22,5,0,0,0,0
-51,114,14,25,26,26,26,26,24,24,23,22,22,23,24,25,26,26,27,27,25,23,19,15,12,8,8,8,2,0,0,0,0,0,0,0,0,0,6,23,24,23,22,21,18,17,14,13,13,15,18,23,25,28,30,31,31,31,30,28,26,24,22,22,21
-73,114,14,31,30,28,26,25,24,23,22,21,19,17,14,11,9,5,2,3,6,10,12,13,13,13,13,12,3,0,0,0,0,0,0,0,0,0,4,13,10,6,7,12,16,19,24,28,29,30,30,29,27,25,23,20,17,16,17,17,21,25,27,30,31
-87,114,14,23,25,22,20,18,19,21,22,23,21,18,17,16,16,16,17,17,13,9,8,7,5,4,4,4,1,0,0,0,0,0,0,0,0,0,4,13,9,7,7,9,13,14,14,16,17,16,17,16,15,14,10,7,8,9,5,3,3,6,12,14,13
-57,118,8,0,0,0,6,24,25,26,26,25,25,25,25,25,26,27,28,27,26,25,26,26,24,24,24,24,24,24,24,26,26,13,25,25,25,25,25,25,25,24,23,23,24,24,24,25,25,26,26,26,26,26,26,26,26,28,27,26,7,0,0,0,0
-57,43,1,0,0,0,5,22,21,23,23,22,22,22,22,23,23,25,25,25,24,24,24,24,22,22,22,22,22,22,23,23,23,11,23,23,23,22,22,22,21,21,20,20,21,20,20,21,22,22,22,22,22,21,22,22,23,23,23,22,5,0,0,0,0
-80,114,14,38,34,27,23,18,13,7,5,4,8,12,13,13,15,17,17,16,14,13,13,12,9,7,6,3,0,0,0,0,0,0,0,0,0,0,6,28,29,24,18,11,4,4,12,20,27,33,39,40,39,36,31,25,20,13,5,2,9,16,23,28,32
-51,114,14,22,22,21,21,21,21,20,19,20,21,22,24,25,25,25,25,24,23,20,18,14,10,7,7,8,2,0,0,0,0,0,0,0,0,0,5,18,19,19,18,17,16,14,13,12,11,12,15,17,19,22,25,26,26,25,26,25,24,21,21,21,21
-72,114,14,16,13,12,13,16,20,23,26,29,31,30,29,27,23,19,14,9,3,4,8,13,16,17,18,19,4,0,0,0,0,0,0,0,0,0,1,4,9,12,14,17,19,20,21,20,18,15,13,10,7,5,7,11,15,20,26,31,31,30,31,31,31
-86,114,14,26,28,26,23,24,24,21,19,19,20,18,16,14,16,18,17,15,15,13,9,5,4,6,8,11,3,0,0,0,0,0,0,0,0,0,2,12,10,7,5,7,10,12,14,15,17,18,19,18,16,16,16,14,13,10,8,7,4,2,5,10,12
-57,118,8,0,0,0,6,24,25,27,27,26,25,26,26,26,27,28,29,28,27,27,28,27,26,26,26,26,26,26,26,28,28,14,27,28,27,26,26,26,26,25,24,25,25,24,24,25,26,27,27,26,26,25,26,26,26,27,26,26,7,0,0,0,0
-56,163,8,0,0,0,5,25,26,27,28,27,27,27,26,26,28,29,30,28,26,26,28,27,26,26,25,25,26,26,26,27,28,13,27,28,27,27,26,26,26,25,24,25,26,25,25,25,27,28,28,27,27,27,27,27,27,27,27,26,5,0,0,0,0
-56,163,8,0,0,0,5,21,22,23,23,23,23,23,22,22,22,24,25,24,24,24,24,24,22,22,22,23,22,21,22,24,24,12,24,24,24,22,22,22,22,22,22,22,22,22,22,23,23,23,23,23,23,23,23,23,22,23,23,23,6,0,0,0,0
-56,43,1,0,0,0,6,25,26,28,28,27,26,27,27,26,28,29,29,28,27,27,28,27,26,26,26,26,26,25,26,27,27,13,27,27,27,26,25,26,26,25,24,25,25,25,24,25,26,26,26,26,26,25,25,25,26,25,25,25,7,0,0,0,0
-52,114,14,25,26,26,25,25,24,23,23,22,24,25,26,27,28,28,29,27,25,22,18,14,11,8,8,9,2,0,0,0,0,0,0,0,0,0,5,21,22,23,22,21,19,17,15,13,12,13,16,19,22,26,28,29,30,30,30,30,27,25,23,23,23
-79,114,14,35,36,32,27,22,16,9,5,3,7,11,13,16,18,20,21,21,21,21,17,14,13,10,7,6,2,0,0,0,0,0,0,0,0,0,6,27,26,23,18,13,5,2,11,19,26,31,36,39,39,38,34,28,23,18,11,4,5,11,19,27,32
-52,114,14,26,26,26,25,24,23,23,23,23,24,25,26,27,27,27,27,25,23,20,17,14,11,9,10,11,2,0,0,0,0,0,0,0,0,0,5,20,21,20,20,18,17,16,15,13,13,15,18,21,23,25,27,29,29,28,28,27,26,23,21,22,23
-70,114,14,38,34,29,24,23,21,20,18,17,16,15,14,12,10,11,13,15,17,17,19,18,16,14,11,9,2,0,0,0,0,0,0,0,0,0,4,13,8,5,8,14,22,29,35,39,41,42,42,41,38,34,30,23,18,16,17,22,27,31,35,38,40
-86,114,14,19,21,25,28,27,26,25,25,27,28,27,25,24,21,20,16,12,8,7,9,12,15,15,15,17,5,0,0,0,0,0,0,0,0,0,4,14,13,11,10,11,10,12,16,17,17,18,17,15,12,10,10,10,6,2,2,5,10,15,18,20,18
-70,114,14,35,32,27,23,20,17,15,14,15,15,14,13,13,13,12,12,14,15,15,15,15,14,12,9,8,1,0,0,0,0,0,0,0,0,0,2,11,5,2,7,13,21,26,31,35,39,40,40,38,34,30,27,21,17,12,14,18,24,27,31,35,38
-56,118,8,0,0,0,7,25,26,27,28,27,26,26,26,26,26,27,29,28,27,27,27,27,25,25,25,25,25,24,25,26,27,13,26,27,27,26,25,25,25,25,24,24,24,24,25,25,26,26,26,25,25,25,25,25,25,25,26,25,7,0,0,0,0
-56,43,1,0,0,0,6,21,22,23,24,23,22,22,22,22,22,23,24,24,23,23,23,23,21,21,22,22,21,21,22,23,23,12,23,23,23,22,22,22,22,21,22,22,22,22,22,23,23,24,24,23,23,23,24,24,23,24,24,23,6,0,0,0,0
-82,114,14,36,36,34,29,26,21,16,12,6,3,1,7,11,12,14,15,17,17,16,15,16,15,13,11,9,2,0,0,0,0,0,0,0,0,0,8,31,30,26,22,15,7,2,11,21,30,35,40,43,44,42,38,34,28,21,16,9,1,7,15,23,28
-53,114,14,20,21,21,22,22,23,23,23,23,25,25,26,26,27,27,26,25,23,20,16,13,11,10,11,12,4,0,0,0,0,0,0,0,0,0,4,20,21,22,22,20,18,17,14,12,10,10,13,17,21,24,26,29,29,29,29,28,27,24,22,21,21
-74,114,14,30,27,24,20,18,15,13,11,10,10,11,11,12,14,14,13,12,12,11,10,8,7,6,4,2,1,0,0,0,0,0,0,0,0,0,7,31,32,30,27,24,21,20,20,21,25,30,33,35,34,33,32,29,26,23,21,21,22,25,27,30,33
-90,114,14,15,14,15,11,5,1,5,13,18,21,20,20,20,21,22,19,12,9,7,6,7,7,9,11,15,4,0,0,0,0,0,0,0,0,0,1,5,6,6,5,8,11,11,11,13,13,11,10,10,9,7,5,4,5,8,8,7,7,8,9,11,12
-56,118,8,0,0,0,6,23,24,25,26,25,24,24,24,24,25,26,27,26,25,25,25,25,24,24,24,24,23,23,24,25,25,12,25,25,25,24,24,24,24,23,23,23,24,23,23,24,24,25,25,25,24,24,24,24,25,25,24,24,6,0,0,0,0
-56,43,1,0,0,0,6,25,25,27,28,26,26,26,26,26,26,28,28,27,27,26,27,26,25,25,25,25,24,23,25,25,25,12,24,25,25,24,24,24,24,24,23,24,24,23,23,24,24,25,24,24,24,24,24,24,25,25,24,24,6,0,0,0,0
-53,114,14,31,31,29,27,25,21,20,19,18,21,24,26,29,31,31,32,31,29,24,19,13,8,3,4,8,3,0,0,0,0,0,0,0,0,0,5,22,23,22,21,20,19,17,16,15,16,17,20,24,26,29,30,31,30,30,29,29,27,27,26,28,30
-72,114,14,36,30,23,17,12,6,8,12,17,19,22,23,22,22,19,17,15,14,12,11,11,9,8,7,8,2,0,0,0,0,0,0,0,0,0,2,8,7,9,14,17,24,31,34,38,38,38,38,34,30,26,20,13,6,4,11,18,25,30,35,39,41
-86,114,14,10,7,5,7,9,19,27,29,29,31,31,29,26,19,15,12,5,5,12,17,22,26,26,26,26,7,0,0,0,0,0,0,0,0,0,2,9,9,6,4,5,7,10,10,13,18,20,20,21,23,22,18,13,8,6,5,5,8,13,16,18,19
-57,118,8,0,0,0,5,24,24,25,26,25,24,24,24,24,25,26,27,26,26,26,27,26,25,24,25,25,25,25,25,27,27,13,27,28,28,26,25,25,26,25,25,25,26,25,26,27,27,28,28,27,27,27,28,28,28,28,28,28,7,0,0,0,0
-57,43,1,0,0,0,5,23,24,25,25,24,24,24,24,24,25,26,26,26,25,24,25,25,23,23,23,23,23,23,24,25,24,12,25,25,25,24,23,24,23,23,22,23,23,22,22,23,24,24,24,23,23,23,23,23,23,23,22,23,5,0,0,0,0
-57,163,8,28,28,28,27,27,26,26,26,27,26,25,25,25,26,26,26,25,25,25,24,23,23,23,23,21,5,0,0,0,0,0,0,0,0,0,4,17,17,19,20,20,19,20,21,22,23,25,25,25,24,24,25,24,23,24,25,25,26,26,27,28,28
-81,114,14,36,35,31,27,23,17,10,8,7,6,8,11,14,16,18,20,22,21,20,19,17,15,12,11,10,3,0,0,0,0,0,0,0,0,0,6,29,27,23,17,10,5,6,13,20,27,33,36,39,39,37,33,27,22,16,11,5,5,13,20,28,34
-53,114,14,24,25,26,26,25,24,23,23,22,23,23,24,25,25,25,25,24,22,19,16,13,10,9,10,12,3,0,0,0,0,0,0,0,0,0,5,21,21,20,20,18,16,14,12,11,12,15,18,21,23,25,28,28,28,27,27,25,23,21,19,19,21
-88,114,14,12,13,18,23,25,22,19,20,20,21,22,19,17,16,15,12,11,10,11,11,9,9,11,11,12,3,0,0,0,0,0,0,0,0,0,2,9,8,6,6,9,11,11,9,8,6,7,9,10,8,7,7,6,7,9,8,5,2,1,3,7,8
-74,114,14,34,32,32,32,33,32,31,30,29,26,23,18,14,9,5,1,5,9,13,15,17,17,16,14,12,4,0,0,0,0,0,0,0,0,0,4,12,9,10,11,14,18,24,29,31,32,33,33,31,28,25,24,22,21,21,22,24,25,27,29,32,34
-57,118,8,0,0,0,6,26,26,28,28,27,26,27,26,26,27,28,29,29,27,27,27,27,25,25,25,25,25,25,25,27,27,13,27,27,27,25,25,25,25,24,24,24,24,24,25,25,25,26,26,26,26,25,25,26,26,26,26,25,6,0,0,0,0
-55,43,1,0,0,0,6,23,24,25,26,25,25,24,24,25,26,27,28,27,26,26,26,26,24,24,25,25,25,25,25,26,26,13,25,27,26,25,25,25,25,24,24,24,25,24,24,26,26,27,27,26,26,26,27,26,27,27,25,26,7,0,0,0,0
-84,114,14,31,29,28,25,22,18,12,8,7,9,12,14,16,17,18,20,20,21,21,18,16,17,19,18,17,5,0,0,0,0,0,0,0,0,0,7,29,27,25,22,18,13,12,13,16,20,25,30,33,35,33,29,25,22,20,17,17,18,18,19,24,28
-53,114,14,17,17,17,16,15,15,13,12,11,11,12,13,15,16,17,18,19,19,17,15,13,10,7,5,5,1,0,0,0,0,0,0,0,0,0,2,9,9,10,9,8,7,6,5,5,5,7,9,12,12,15,15,16,15,15,14,13,12,10,11,11,13
-82,114,14,29,30,28,26,23,18,13,9,6,6,9,14,17,18,19,21,22,21,21,19,18,15,12,13,19,6,0,0,0,0,0,0,0,0,0,6,25,25,24,21,19,15,12,11,13,19,25,30,30,30,27,26,22,19,18,15,11,13,17,24,30,30
-88,114,14,16,18,22,24,24,27,29,28,26,24,23,21,16,13,13,13,11,9,10,7,4,4,6,8,8,1,0,0,0,0,0,0,0,0,0,3,11,9,6,4,2,1,2,6,9,11,13,15,14,14,14,15,15,15,15,14,10,8,5,7,4,3
-55,118,8,0,0,0,6,21,22,23,24,23,23,23,23,23,24,25,25,25,23,23,24,24,23,23,22,23,23,22,23,24,24,12,24,24,24,24,23,23,23,23,22,22,23,23,23,24,24,25,25,24,24,24,24,24,25,25,24,24,6,0,0,0,0
-55,118,8,0,0,0,6,24,24,26,26,25,24,25,25,25,27,27,28,27,26,26,27,27,26,25,25,25,25,25,26,26,27,13,27,27,27,27,25,26,26,26,25,26,26,24,25,26,26,27,28,27,26,26,26,26,27,27,26,26,7,0,0,0,0
-55,118,8,0,0,0,5,18,18,20,20,19,19,19,19,20,20,21,22,21,20,20,21,21,19,19,19,20,20,19,20,21,21,10,20,21,21,20,20,20,20,19,19,20,19,19,20,20,21,22,23,24,25,24,21,18,22,20,14,13,3,0,0,0,0
-56,163,8,0,0,0,5,20,21,22,23,21,21,21,21,21,22,23,24,24,23,22,23,23,22,21,22,22,21,21,22,22,23,11,23,23,23,22,21,21,21,21,21,21,21,21,21,22,22,23,22,22,21,22,22,23,23,23,22,22,5,0,0,0,0
-56,163,8,0,0,0,4,19,20,22,22,21,20,21,21,21,22,23,23,22,21,21,23,21,21,20,21,21,21,21,21,22,23,10,22,22,22,22,21,21,21,21,21,21,21,21,21,21,22,22,22,22,21,22,22,22,21,22,22,22,5,0,0,0,0
-56,43,1,0,0,0,6,26,26,28,29,28,27,26,26,27,27,29,29,29,28,28,29,28,26,26,27,27,27,26,27,29,29,15,28,29,28,27,27,27,27,27,26,26,27,26,27,27,28,29,29,28,29,29,29,29,29,29,29,29,7,0,0,0,0
-81,114,14,32,34,34,30,26,21,17,11,5,1,5,10,15,19,22,24,24,26,26,24,20,18,16,14,11,3,0,0,0,0,0,0,0,0,0,5,24,22,19,16,10,5,1,7,14,20,25,30,32,35,35,32,28,26,23,18,11,6,9,17,24,29
-52,114,14,26,28,29,29,29,27,25,22,20,18,18,18,20,21,23,25,26,26,24,22,18,15,11,8,7,1,0,0,0,0,0,0,0,0,0,5,19,20,19,19,17,15,13,10,8,9,12,17,20,23,26,29,29,30,29,27,25,22,19,17,18,19
-69,114,14,32,29,25,20,19,18,17,17,17,18,16,14,13,11,11,11,12,14,15,16,16,15,13,11,9,1,0,0,0,0,0,0,0,0,0,3,11,7,5,8,13,18,24,28,31,34,34,33,31,29,26,22,19,16,14,15,18,21,25,28,32,33
-86,114,14,23,25,26,27,26,25,27,26,25,24,22,19,18,17,15,15,16,17,17,16,15,13,13,12,13,3,0,0,0,0,0,0,0,0,0,5,17,15,12,11,12,12,13,14,16,18,19,20,21,19,17,17,15,14,13,10,8,5,5,8,13,13
-69,114,14,33,30,27,24,22,19,18,17,17,17,17,15,14,13,12,12,14,16,17,16,16,16,13,11,9,1,0,0,0,0,0,0,0,0,0,2,10,7,4,7,12,17,23,28,31,33,33,34,32,30,27,24,20,15,12,13,17,21,25,29,32,33
-55,118,8,0,0,0,5,23,24,25,25,24,24,24,24,24,24,26,26,26,25,25,26,25,24,25,24,24,24,23,25,26,26,13,26,26,26,25,24,25,25,24,24,23,24,24,24,26,26,26,26,26,26,26,25,25,25,25,25,25,6,0,0,0,0
-55,43,1,0,0,0,5,20,21,22,22,21,21,21,21,21,22,23,24,23,21,21,23,22,21,21,21,21,21,21,21,23,23,11,21,23,23,22,21,21,21,21,21,21,22,20,21,21,22,22,22,22,22,22,22,22,23,22,22,21,5,0,0,0,0
-92,114,14,12,12,12,9,7,5,2,4,10,9,7,10,12,12,11,10,8,5,4,5,5,4,3,4,5,1,0,0,0,0,0,0,0,0,0,1,3,4,7,7,7,8,9,8,7,6,6,8,11,13,12,12,9,9,9,8,5,1,4,7,9,9
-83,114,14,32,30,28,27,26,21,17,13,7,4,6,8,12,14,18,21,21,19,17,18,18,16,13,14,14,4,0,0,0,0,0,0,0,0,0,6,25,26,25,23,18,12,8,4,8,14,19,24,26,28,28,30,31,26,18,12,9,6,8,13,17,18
-52,114,14,21,22,22,22,21,19,18,16,15,14,15,16,18,19,21,22,22,21,19,17,13,10,8,6,6,2,0,0,0,0,0,0,0,0,0,3,14,15,15,14,13,11,9,7,7,8,11,14,17,18,20,22,22,22,20,19,18,16,14,14,15,16
-88,114,14,18,20,20,20,17,16,18,20,21,23,25,19,14,14,15,14,12,10,9,9,7,3,4,8,11,3,0,0,0,0,0,0,0,0,0,2,13,12,8,9,12,10,10,11,11,11,12,12,11,7,7,6,7,9,10,11,12,9,5,7,14,17
-72,114,14,25,21,19,17,17,18,18,19,20,20,19,19,17,16,14,12,12,11,11,12,11,11,9,8,7,2,0,0,0,0,0,0,0,0,0,6,24,27,28,28,28,28,28,29,29,29,30,31,31,30,29,28,26,25,26,28,31,33,34,36,37,36
-89,114,14,17,19,17,14,13,13,14,15,17,15,16,17,19,17,10,10,11,9,8,5,4,5,6,7,6,1,0,0,0,0,0,0,0,0,0,4,11,4,3,5,8,9,9,11,14,18,18,14,11,12,11,8,6,5,5,5,3,7,10,8,11,16
-57,118,8,0,0,0,6,26,27,28,28,27,26,25,26,26,27,28,28,27,26,26,27,26,25,24,24,25,25,24,25,26,26,13,26,26,26,25,25,25,25,24,24,23,24,24,23,25,25,25,25,25,25,24,24,25,25,25,25,25,6,0,0,0,0
-57,163,8,0,0,0,5,21,21,22,22,21,21,22,22,22,22,24,24,23,22,21,23,23,21,21,21,21,21,21,21,22,22,11,22,23,23,22,21,21,20,20,20,20,21,21,20,20,20,20,20,19,21,22,22,21,20,18,20,22,5,0,0,0,0
-56,43,1,0,0,0,6,22,23,24,25,24,23,23,23,23,24,25,25,25,24,23,24,24,23,23,22,22,22,22,23,24,24,12,24,24,24,23,22,22,22,22,21,22,22,21,22,22,23,23,23,23,22,22,22,22,23,23,23,22,6,0,0,0,0
-56,43,1,0,0,0,6,22,23,24,25,24,23,23,23,23,23,24,25,24,24,23,25,24,23,23,23,23,23,22,23,25,24,12,23,24,24,23,22,22,22,22,22,22,22,22,22,23,23,23,23,23,23,22,23,23,23,23,22,22,6,0,0,0,0
-51,114,14,26,27,28,28,28,27,26,25,25,25,26,27,28,28,29,29,29,27,25,21,18,14,11,9,10,2,0,0,0,0,0,0,0,0,0,5,22,23,24,23,22,20,18,16,14,12,14,16,20,24,27,30,32,32,31,33,32,29,26,24,23,24
-81,114,14,34,31,28,26,20,14,11,8,4,4,10,11,12,14,16,19,20,19,17,16,15,13,11,10,11,3,0,0,0,0,0,0,0,0,0,6,27,27,26,23,16,12,11,12,15,21,27,31,33,34,33,31,27,23,18,15,12,13,13,19,27,30
-51,114,14,27,28,28,29,29,28,27,27,26,27,27,28,28,28,28,29,28,26,24,20,17,13,11,11,12,3,0,0,0,0,0,0,0,0,0,6,23,24,24,23,22,20,18,16,15,14,16,19,23,26,29,31,33,33,33,32,31,29,26,25,24,24
-76,114,14,29,22,17,15,17,21,25,30,33,35,34,31,27,21,16,11,8,8,10,14,17,18,17,15,13,3,0,0,0,0,0,0,0,0,0,2,6,7,3,2,6,10,16,21,24,25,25,26,25,20,17,13,11,13,17,22,28,33,37,40,42,42
-87,114,14,21,24,22,21,23,21,17,17,17,15,14,14,16,19,21,19,17,14,15,14,12,10,9,7,6,1,0,0,0,0,0,0,0,0,0,1,6,4,3,4,6,9,13,17,20,22,23,21,21,20,19,18,15,13,15,11,4,2,3,5,10,15
-75,114,14,29,23,20,19,18,22,26,30,33,36,37,35,31,25,19,15,12,12,14,16,18,20,19,18,17,4,0,0,0,0,0,0,0,0,0,2,5,2,1,5,8,13,18,21,24,24,26,27,25,21,17,13,13,13,15,21,28,34,37,40,46,48
-57,118,8,0,0,0,6,26,26,28,29,28,28,28,27,28,29,30,30,30,29,28,29,29,28,27,27,27,27,27,28,29,29,14,28,29,29,28,27,27,27,26,25,25,26,26,25,26,27,28,28,28,27,27,27,27,27,28,27,27,6,0,0,0,0
-56,43,1,0,0,0,6,24,25,26,26,25,25,26,25,25,26,27,28,27,26,26,27,26,25,25,25,25,25,24,25,26,27,13,26,27,26,25,24,25,24,24,23,23,23,24,23,24,25,25,25,24,24,24,25,25,25,25,25,25,7,0,0,0,0
-56,43,1,0,0,0,5,21,21,23,24,23,22,22,22,23,23,24,25,24,24,22,23,24,22,22,21,22,22,21,22,23,23,11,23,24,24,22,22,22,22,21,21,21,21,20,21,21,21,22,22,22,22,21,21,21,22,22,21,21,5,0,0,0,0
-81,114,14,37,32,25,19,13,8,6,2,5,11,15,17,19,19,18,18,18,16,14,13,12,10,7,8,10,2,0,0,0,0,0,0,0,0,0,8,32,32,30,27,22,17,15,18,22,28,34,38,39,38,37,36,30,23,17,16,18,21,27,34,40,44
-51,114,14,28,27,26,26,27,28,30,31,32,32,31,29,26,23,20,18,18,19,21,24,26,28,29,29,29,8,0,0,0,0,0,0,0,0,0,2,11,12,13,16,19,22,26,28,29,30,29,29,26,24,22,20,19,20,22,26,29,31,32,33,34,34
-72,114,14,35,36,37,37,36,34,30,25,21,16,12,7,5,4,5,6,10,12,14,14,15,14,13,12,10,2,0,0,0,0,0,0,0,0,0,5,19,13,8,5,4,8,12,18,22,26,28,31,32,33,32,32,30,29,27,24,21,18,15,15,17,20
-89,114,14,23,24,23,22,21,24,24,20,21,23,22,21,17,16,17,14,11,9,6,6,7,8,10,11,11,3,0,0,0,0,0,0,0,0,0,4,15,16,13,12,13,14,14,16,21,24,23,19,19,19,18,17,15,13,11,12,12,9,10,12,12,13
-57,118,8,0,0,0,7,27,28,29,29,28,28,27,28,28,28,29,30,30,28,28,29,29,27,27,27,27,27,26,27,28,29,14,28,28,29,27,27,27,27,27,26,26,26,25,26,26,27,28,28,27,27,26,26,27,27,27,27,26,7,0,0,0,0
-57,163,8,0,0,0,6,25,26,27,27,26,25,26,26,26,26,27,28,27,27,26,26,26,24,24,25,25,25,25,25,26,26,13,26,26,26,25,24,24,24,23,23,23,23,23,24,25,25,26,26,25,25,25,25,26,26,26,26,26,6,0,0,0,0
-57,43,1,0,0,0,6,25,25,26,27,26,26,25,25,25,26,27,28,27,26,25,26,26,25,25,25,25,25,24,25,27,27,14,26,26,26,25,25,25,25,25,24,25,25,24,25,26,26,27,27,26,27,27,27,27,27,28,27,27,6,0,0,0,0
-51,114,14,27,25,23,23,24,24,25,25,25,26,24,23,21,19,18,17,18,20,21,23,24,25,25,24,24,6,0,0,0,0,0,0,0,0,0,3,9,9,10,12,15,18,21,24,26,27,27,26,25,22,20,19,17,16,17,19,22,24,25,26,28,29
-81,114,14,33,30,26,21,14,5,5,10,16,19,21,23,23,21,20,20,17,13,9,6,4,5,5,7,9,2,0,0,0,0,0,0,0,0,0,7,24,25,24,21,19,19,17,17,21,25,28,31,31,28,26,24,22,19,16,17,23,29,31,31,33,38
-51,114,14,26,25,24,23,23,24,24,24,25,25,24,23,21,19,18,17,18,19,21,22,24,24,24,24,24,6,0,0,0,0,0,0,0,0,0,2,9,8,10,12,14,18,21,24,26,26,26,25,25,22,20,18,17,17,17,19,21,23,24,26,28,28
-76,114,14,15,12,9,9,13,15,17,15,21,28,30,29,29,26,22,18,14,9,4,4,7,11,13,16,17,5,0,0,0,0,0,0,0,0,0,4,18,18,16,17,18,18,20,20,19,16,13,11,7,4,6,10,13,18,23,28,31,32,32,32,31,31
-86,114,14,16,17,20,23,24,24,20,17,16,16,16,15,13,12,11,13,13,10,8,6,5,3,2,2,6,2,0,0,0,0,0,0,0,0,0,4,12,8,5,5,9,12,15,19,22,24,26,24,24,24,25,24,21,19,16,14,10,5,2,2,4,5
-74,114,14,19,16,13,13,14,18,23,27,31,32,33,33,31,28,25,20,13,8,6,6,9,13,15,17,18,4,0,0,0,0,0,0,0,0,0,4,15,16,17,19,19,18,20,21,20,18,16,14,13,12,11,13,17,21,25,29,31,33,34,35,36,34
-57,118,8,0,0,0,5,23,24,25,26,25,25,25,25,25,25,26,26,26,26,25,26,26,24,24,24,24,24,23,24,25,25,13,25,26,26,24,24,24,24,23,22,23,23,23,23,23,24,25,24,24,25,24,24,24,24,25,24,24,5,0,0,0,0
-57,163,8,0,0,0,6,25,26,27,28,27,26,26,26,26,27,28,28,28,27,26,27,27,25,25,25,25,25,25,26,27,27,13,27,27,27,26,26,26,26,25,25,25,25,25,25,26,27,27,28,27,27,27,27,27,27,28,27,27,6,0,0,0,0
-57,163,8,0,0,0,6,26,27,28,29,28,28,27,27,27,28,29,30,29,28,27,28,28,26,26,26,26,26,26,27,28,28,13,27,27,27,26,26,26,26,25,24,24,25,25,25,25,26,27,27,26,26,26,26,26,26,27,26,25,6,0,0,0,0
-57,43,1,0,0,0,3,14,14,14,15,14,14,15,14,14,14,15,15,15,15,13,15,15,14,13,13,13,13,13,13,14,14,6,13,14,14,13,13,13,13,13,13,13,13,12,12,13,14,15,15,14,14,14,14,14,14,14,14,14,3,0,0,0,0
-92,114,14,12,9,9,9,7,4,1,8,11,10,8,7,8,9,12,11,8,7,7,7,5,5,5,5,7,2,0,0,0,0,0,0,0,0,0,2,5,3,4,8,9,9,10,11,12,12,11,13,14,13,11,9,9,8,6,5,3,5,8,8,10,15
-51,114,14,26,24,23,23,24,25,26,26,26,26,25,24,22,19,17,17,18,20,21,23,24,25,25,25,24,6,0,0,0,0,0,0,0,0,0,2,9,10,12,15,18,20,23,25,26,26,25,25,23,20,18,17,15,17,19,22,25,27,28,29,30,30
-85,114,14,24,28,29,27,28,31,30,25,23,23,22,19,16,14,12,11,8,6,8,9,10,11,12,12,12,3,0,0,0,0,0,0,0,0,0,2,7,5,4,7,9,14,19,22,25,28,29,30,29,26,25,24,23,20,18,16,11,5,1,2,6,11
-71,114,14,36,34,31,27,23,19,15,14,13,14,15,15,16,16,15,15,14,14,15,15,14,13,12,11,10,2,0,0,0,0,0,0,0,0,0,3,8,5,3,6,11,16,22,27,30,32,35,37,35,33,32,28,23,17,15,16,17,20,24,29,33,35
-85,114,14,27,29,28,26,26,27,25,23,24,25,22,18,16,14,13,11,10,9,8,9,10,10,10,11,11,2,0,0,0,0,0,0,0,0,0,3,9,7,5,6,11,15,18,24,27,27,27,27,27,28,27,25,24,22,16,10,9,8,5,6,8,12
-57,118,8,0,0,0,5,23,24,26,26,25,24,24,24,24,25,26,26,26,23,23,25,24,23,23,23,23,23,22,23,25,25,12,24,24,24,24,22,23,23,22,22,22,22,21,22,22,24,24,25,24,23,23,24,24,25,25,24,23,5,0,0,0,0
-57,163,8,0,0,0,7,29,29,30,31,30,29,29,29,29,30,31,31,30,30,29,30,30,28,28,28,28,28,27,28,29,30,15,30,29,28,28,28,28,28,27,26,25,26,26,26,27,27,28,28,27,26,26,26,26,26,26,27,27,7,0,0,0,0
-57,163,8,0,0,0,6,24,25,26,26,26,25,25,25,25,26,27,28,26,25,25,26,26,25,24,24,24,24,24,24,25,25,12,25,25,26,25,23,23,23,22,21,22,22,22,21,22,23,24,24,23,23,23,23,23,23,23,22,22,5,0,0,0,0
-56,163,8,0,0,0,6,24,24,25,25,25,24,23,23,24,24,26,26,25,25,23,25,24,23,22,22,23,23,22,22,23,24,12,23,24,24,23,22,22,22,21,21,21,22,21,21,21,22,22,22,22,22,22,21,21,22,22,21,21,5,0,0,0,0
-56,43,1,0,0,0,6,23,24,25,25,25,24,24,24,24,24,25,26,25,24,24,25,24,23,23,23,22,22,22,23,24,24,12,24,24,24,23,23,23,22,22,22,22,22,21,21,22,22,23,23,22,22,22,22,22,21,22,21,21,6,0,0,0,0
-90,114,14,15,13,11,7,3,1,2,5,7,5,8,12,13,11,11,12,12,10,8,7,5,5,4,5,5,2,0,0,0,0,0,0,0,0,0,1,4,4,6,7,7,6,6,8,10,13,14,13,13,13,11,11,9,8,5,4,3,3,7,9,10,13
-52,114,14,16,15,14,14,14,14,15,16,16,16,16,15,14,12,11,10,10,11,12,13,14,14,14,15,15,3,0,0,0,0,0,0,0,0,0,2,6,6,6,8,10,11,13,15,16,15,15,15,14,13,12,10,10,10,11,12,14,16,16,17,18,19
-81,114,14,38,36,30,24,19,17,12,6,6,11,16,19,21,22,23,24,25,25,23,20,17,13,11,9,10,3,0,0,0,0,0,0,0,0,0,6,26,28,26,23,20,15,13,15,17,19,25,29,30,30,29,27,24,19,15,12,11,16,22,26,31,34
-75,114,14,75,62,47,36,35,32,28,33,44,51,51,51,58,61,54,49,45,38,31,25,21,22,26,28,30,7,0,0,0,0,0,0,0,0,0,13,56,62,65,62,61,64,62,62,66,70,74,76,76,73,70,69,61,55,55,62,70,69,73,86,96,97
-56,118,8,0,0,0,7,27,28,30,30,29,29,28,28,28,29,29,30,29,28,28,29,28,26,26,27,27,27,26,27,28,28,13,28,28,28,27,26,26,26,25,25,26,26,25,24,25,26,26,26,26,26,26,27,27,27,27,27,26,7,0,0,0,0
-56,163,8,0,0,0,5,24,25,25,26,25,24,24,24,24,24,25,26,25,24,24,24,24,22,22,22,22,22,21,22,24,24,11,23,23,23,22,21,21,21,20,20,20,20,19,20,21,21,21,21,21,20,21,21,20,20,21,21,20,5,0,0,0,0
-56,163,8,0,0,0,7,25,26,27,27,26,25,25,25,25,25,26,26,26,25,25,25,25,24,24,23,23,23,23,23,24,24,12,24,24,23,23,22,22,22,22,21,21,21,21,21,22,22,23,22,22,22,22,22,22,22,22,21,21,6,0,0,0,0
-56,163,8,0,0,0,5,25,25,27,27,25,24,25,24,25,25,26,26,26,25,24,25,24,24,23,23,22,22,22,23,24,24,12,23,24,24,22,21,21,21,21,21,21,21,20,20,20,21,22,21,20,20,19,20,20,21,20,20,20,4,0,0,0,0
-56,163,8,0,0,0,6,23,23,25,25,24,24,24,24,24,24,25,25,24,24,23,24,24,22,22,22,22,22,22,22,22,23,11,22,23,23,22,21,21,21,20,19,20,20,19,19,20,20,20,20,20,18,18,19,19,19,20,19,18,5,0,0,0,0
-56,163,8,0,0,0,7,28,29,31,32,31,30,30,30,30,30,32,32,31,30,30,30,30,28,28,28,28,27,27,28,29,28,14,28,29,28,27,26,26,26,25,25,25,25,24,24,25,25,25,25,24,24,24,24,24,24,23,24,23,6,0,0,0,0
-55,43,1,0,0,0,7,28,29,30,31,29,29,28,28,28,28,30,30,30,28,28,28,28,26,26,26,26,26,25,26,27,27,14,26,26,26,25,25,25,24,24,23,23,24,23,23,23,24,24,24,23,23,23,23,23,23,23,22,22,6,0,0,0,0
-83,114,14,32,30,24,18,16,12,6,1,3,6,11,13,16,17,18,19,21,22,20,18,17,16,13,10,8,2,0,0,0,0,0,0,0,0,0,7,31,30,29,28,25,21,17,15,15,16,20,28,30,28,28,28,26,23,20,17,15,17,21,27,31,33
-51,114,14,20,19,19,20,22,23,25,25,25,25,23,20,17,15,12,12,12,15,17,20,23,24,24,24,25,6,0,0,0,0,0,0,0,0,0,2,9,9,10,12,13,16,18,20,21,21,21,19,18,17,16,16,15,16,18,20,22,23,23,24,25,24
-86,114,14,17,19,22,20,18,19,24,24,25,28,28,27,26,23,21,19,17,12,8,6,5,7,10,10,11,3,0,0,0,0,0,0,0,0,0,2,10,7,7,8,9,12,14,16,20,20,21,22,21,19,17,17,17,17,14,12,10,9,9,9,11,12
-75,114,14,29,27,26,26,26,24,23,25,28,30,30,32,32,29,26,22,18,14,12,12,15,18,20,21,22,5,0,0,0,0,0,0,0,0,0,1,7,7,9,11,12,14,16,17,16,14,11,10,10,9,10,14,18,22,26,31,33,34,33,33,34,35
-55,118,8,0,0,0,6,26,27,28,29,27,27,27,26,26,27,27,28,27,26,26,26,26,24,24,24,24,24,23,23,25,24,12,24,24,24,23,23,23,23,22,21,21,21,21,21,22,22,22,22,21,21,21,21,20,21,20,20,20,5,0,0,0,0
-55,43,1,0,0,0,7,27,27,28,30,28,27,26,26,26,27,28,29,28,26,26,26,26,25,24,24,24,24,24,23,25,25,12,25,25,24,23,22,22,22,22,22,23,23,21,21,22,22,23,23,22,22,22,22,22,22,22,22,21,6,0,0,0,0
-91,114,14,12,13,11,7,6,6,5,10,15,11,7,7,9,11,11,10,8,9,8,7,5,3,2,3,5,2,0,0,0,0,0,0,0,0,0,1,2,2,2,4,5,6,6,7,7,8,9,9,9,10,10,9,8,8,6,4,0,5,7,8,12,14
-52,114,14,20,18,17,18,21,23,26,28,30,30,29,27,23,19,15,11,10,11,14,18,21,25,27,28,29,7,0,0,0,0,0,0,0,0,0,2,8,8,10,12,15,17,19,21,23,23,22,21,20,17,16,14,14,16,19,22,25,27,28,28,28,28
-84,114,14,27,26,26,26,22,19,16,15,15,15,15,15,15,14,14,14,17,17,18,19,20,17,13,10,8,2,0,0,0,0,0,0,0,0,0,7,27,26,24,21,18,12,8,7,12,18,24,25,25,25,25,25,20,14,11,6,5,11,17,23,27,29
-73,114,14,31,33,34,35,36,36,33,29,26,23,20,16,12,9,6,6,6,8,11,13,16,17,18,18,19,5,0,0,0,0,0,0,0,0,0,3,12,10,7,4,5,8,12,15,17,18,21,23,24,25,27,29,28,27,27,26,26,24,21,19,19,20
-54,118,8,0,0,0,8,28,29,31,31,30,29,28,28,28,29,30,30,30,29,28,29,28,26,26,26,25,25,25,26,27,26,13,26,26,26,25,25,25,25,24,23,24,23,23,22,23,23,24,23,23,23,22,22,22,22,21,21,21,5,0,0,0,0
-55,43,1,0,0,0,6,28,28,30,30,28,28,28,27,28,28,29,29,28,27,27,27,27,25,25,25,25,25,24,25,26,25,12,25,25,25,24,24,23,22,22,22,22,22,21,22,22,23,23,23,22,22,22,21,21,21,22,21,21,5,0,0,0,0
-84,114,14,28,28,25,21,18,16,13,9,7,4,7,14,18,21,21,22,24,23,21,21,19,15,11,10,9,3,0,0,0,0,0,0,0,0,0,8,30,29,27,25,21,18,15,15,16,20,25,28,28,27,27,24,22,18,15,11,9,9,13,18,23,28
-52,114,14,21,18,17,17,19,22,24,26,27,28,28,26,24,19,16,13,10,11,14,18,21,23,25,26,27,6,0,0,0,0,0,0,0,0,0,2,8,8,10,13,16,19,22,24,26,25,24,24,21,18,16,15,13,15,18,22,25,27,28,28,29,29
-75,114,14,19,15,12,10,13,16,20,22,25,30,32,33,31,30,27,23,18,13,6,3,8,13,17,21,23,5,0,0,0,0,0,0,0,0,0,5,24,23,24,24,24,24,23,20,18,13,8,7,9,13,17,20,23,25,29,32,34,35,34,35,34,33
-55,118,8,0,0,0,6,27,27,29,29,28,27,27,27,27,27,28,29,28,27,27,27,27,25,25,25,25,25,24,25,26,26,13,26,26,25,24,23,24,24,23,22,22,22,21,22,22,23,23,24,23,23,23,23,23,22,23,22,22,5,0,0,0,0
-55,163,8,0,0,0,7,27,27,29,30,28,28,27,27,27,28,29,30,29,27,27,28,28,26,26,26,26,25,24,25,26,27,13,26,26,26,25,25,25,24,24,23,24,24,23,23,23,24,24,24,24,23,22,23,23,23,24,22,22,5,0,0,0,0
-55,43,1,0,0,0,6,27,28,29,30,29,28,28,27,28,28,29,30,29,28,27,29,27,26,25,25,25,25,24,25,26,26,12,26,26,26,25,25,25,24,23,23,23,23,23,22,24,24,25,25,23,23,23,23,23,23,23,23,23,5,0,0,0,0
-55,43,1,0,0,0,7,28,29,30,31,29,29,28,28,28,29,30,30,30,28,28,28,28,26,26,26,25,25,25,26,27,26,13,26,26,26,25,25,25,24,24,23,23,23,23,23,24,24,24,24,24,24,24,24,23,24,24,24,22,5,0,0,0,0
-55,43,1,0,0,0,8,29,29,30,31,30,28,29,29,29,29,31,31,30,29,29,29,29,27,26,26,27,27,26,26,27,27,14,27,27,27,26,25,25,25,25,25,24,23,23,23,24,24,25,25,25,24,24,24,24,24,25,24,23,6,0,0,0,0
-92,114,14,12,8,3,2,1,1,2,5,7,5,3,4,7,10,12,11,10,9,9,5,2,2,2,1,4,2,0,0,0,0,0,0,0,0,0,0,3,3,4,2,3,4,6,7,8,8,7,8,11,12,11,12,13,11,8,5,4,1,4,7,8,8
-83,114,14,31,32,29,25,20,17,11,5,1,3,7,11,13,14,20,23,22,19,18,16,14,13,8,7,7,1,0,0,0,0,0,0,0,0,0,7,33,33,31,30,27,23,15,10,10,14,20,26,30,32,33,33,31,26,24,21,16,13,13,15,20,24
-51,114,14,24,21,21,23,27,30,32,35,36,36,34,31,27,22,17,13,12,15,19,24,28,32,34,36,36,9,0,0,0,0,0,0,0,0,0,2,8,10,12,15,18,20,23,25,27,26,25,24,21,19,17,17,17,19,22,26,29,31,32,32,32,32
-82,114,14,24,21,20,21,25,31,34,29,27,26,28,32,32,23,17,16,14,11,12,11,14,14,15,17,18,4,0,0,0,0,0,0,0,0,0,3,13,10,10,7,8,11,13,17,15,15,19,24,25,26,26,23,20,14,9,9,10,13,11,11,8,5
-70,114,14,35,32,30,27,26,24,22,19,18,17,15,15,14,14,15,16,17,18,19,18,18,17,14,13,11,2,0,0,0,0,0,0,0,0,0,2,8,6,7,8,13,17,21,24,27,29,30,31,32,30,29,28,25,23,20,19,20,22,26,30,32,34
-85,114,14,25,27,26,26,27,28,28,29,26,27,33,31,25,23,20,15,11,8,7,9,12,12,16,19,18,4,0,0,0,0,0,0,0,0,0,4,17,14,8,4,9,11,13,18,22,23,24,26,28,28,25,22,20,20,17,12,12,11,10,14,18,19
-55,118,8,0,0,0,7,25,25,27,28,26,26,26,25,25,26,26,28,27,26,25,26,25,23,23,23,24,24,22,23,25,24,12,24,24,24,23,23,23,23,22,21,21,21,21,21,21,22,22,22,22,22,22,22,22,22,22,21,21,6,0,0,0,0
-55,163,8,0,0,0,7,28,28,30,31,30,29,29,28,28,29,29,30,30,28,28,29,28,27,26,26,26,26,25,26,27,27,14,27,27,27,26,25,26,26,25,24,24,25,24,24,25,25,26,25,25,25,24,24,25,25,25,24,23,6,0,0,0,0
-55,163,8,0,0,0,7,27,28,30,30,29,29,29,28,28,29,30,30,30,28,28,29,28,26,26,26,26,26,25,26,27,27,14,27,27,27,26,25,25,25,24,24,24,24,23,24,24,24,24,25,24,24,23,23,23,23,23,23,22,5,0,0,0,0
-55,43,1,0,0,0,7,25,26,28,28,27,26,26,26,26,27,28,28,28,26,26,26,26,24,24,24,24,24,23,24,25,25,12,24,24,24,23,23,23,23,22,22,22,22,21,21,22,22,23,23,22,21,21,21,21,22,22,21,20,5,0,0,0,0
-55,43,1,0,0,0,6,28,28,29,30,29,28,28,28,28,28,30,30,29,28,27,28,27,26,25,25,25,25,24,25,26,26,12,25,25,25,25,23,23,23,23,23,23,23,22,23,23,23,24,24,24,22,22,23,23,23,23,21,21,5,0,0,0,0
-93,114,14,8,9,7,4,2,2,2,1,4,7,9,10,9,8,9,10,10,11,9,5,4,5,5,4,3,1,0,0,0,0,0,0,0,0,0,1,1,3,6,5,6,7,5,7,8,8,8,9,8,9,10,12,10,8,7,5,3,3,3,3,5,6
-84,114,14,28,24,20,16,13,10,6,2,1,3,7,10,13,14,16,19,20,18,16,15,14,13,11,11,13,4,0,0,0,0,0,0,0,0,0,7,30,29,29,28,25,19,13,8,9,17,22,26,30,35,37,35,31,27,24,21,15,12,15,19,24,25
-52,114,14,20,17,15,15,18,20,23,26,28,29,29,28,25,21,17,14,11,10,13,17,21,24,26,27,28,7,0,0,0,0,0,0,0,0,0,1,4,6,9,12,15,18,20,22,23,24,22,21,18,15,12,10,8,12,15,20,23,27,28,29,30,30
-74,114,14,34,36,34,30,27,26,22,19,17,15,17,21,24,26,28,29,29,27,27,26,24,21,16,13,13,4,0,0,0,0,0,0,0,0,0,5,21,20,17,13,11,10,9,10,15,22,28,32,34,34,33,31,30,27,23,21,19,20,22,26,30,30
-86,114,14,15,12,15,19,19,16,15,15,17,19,20,23,23,20,18,17,15,12,10,9,7,7,9,10,8,2,0,0,0,0,0,0,0,0,0,2,11,11,10,11,11,11,13,14,14,14,14,17,17,15,15,16,14,10,7,5,5,7,7,8,14,19
-73,114,14,29,30,28,26,25,22,19,17,16,16,17,18,21,22,23,25,26,26,26,24,21,18,14,13,10,2,0,0,0,0,0,0,0,0,0,5,20,20,18,16,13,10,7,10,15,20,24,28,29,29,30,29,25,22,22,21,21,21,23,24,26,27
-56,118,8,0,0,0,6,27,28,30,31,29,29,29,28,28,29,30,31,30,29,28,29,28,27,27,27,26,26,25,26,28,28,14,27,27,27,26,26,26,26,25,24,24,24,24,24,24,24,25,25,24,24,23,23,23,23,23,22,21,5,0,0,0,0
-56,163,8,0,0,0,6,28,29,31,31,30,29,29,29,28,29,29,30,29,28,27,28,27,26,25,25,24,24,24,24,25,26,12,25,25,25,24,23,23,23,22,22,22,22,21,21,22,23,23,23,22,22,22,21,21,22,22,22,21,5,0,0,0,0
-56,43,1,0,0,0,6,26,27,28,29,28,27,27,26,27,27,28,29,28,27,25,26,26,24,24,23,23,23,23,23,25,25,12,24,24,24,23,22,22,22,21,21,21,21,20,20,21,21,22,22,21,21,21,21,21,21,21,21,21,5,0,0,0,0
-52,114,14,25,23,22,23,25,27,29,31,32,32,30,27,25,21,16,13,13,15,18,22,25,27,29,30,30,7,0,0,0,0,0,0,0,0,0,3,12,13,15,18,20,23,25,27,28,27,27,25,23,21,20,20,20,22,24,28,31,33,33,33,34,33
-75,114,14,29,23,20,19,20,23,28,33,35,38,38,37,34,30,24,18,12,9,9,12,16,19,20,21,21,5,0,0,0,0,0,0,0,0,0,2,7,7,7,7,6,7,10,13,14,14,16,16,15,13,13,14,14,16,21,25,30,35,37,39,42,43
-87,114,14,15,19,21,21,20,22,23,22,23,25,25,24,22,21,20,17,14,11,9,5,4,5,5,9,13,4,0,0,0,0,0,0,0,0,0,4,13,11,10,11,12,10,11,13,16,15,15,17,18,18,18,14,10,11,12,12,12,10,8,11,14,16
-55,118,8,0,0,0,7,28,29,30,31,30,29,28,28,28,29,31,31,30,28,28,29,28,26,26,26,26,25,25,26,27,26,13,26,26,26,25,25,25,25,24,24,24,24,23,23,24,25,26,26,25,24,24,24,24,24,24,23,23,6,0,0,0,0
-55,163,8,0,0,0,6,25,26,27,28,26,26,26,25,25,26,27,28,27,26,26,26,26,24,24,24,23,23,23,24,26,25,12,24,25,25,24,24,24,23,23,22,22,23,23,22,23,24,24,25,24,24,23,24,24,24,24,24,24,6,0,0,0,0
-56,43,1,0,0,0,6,25,25,27,27,26,25,25,25,25,26,27,27,26,25,24,25,25,24,23,23,23,23,23,23,24,24,12,24,24,24,24,23,23,23,23,22,23,23,22,22,23,24,24,24,24,23,23,23,23,24,24,23,22,5,0,0,0,0
-53,114,14,27,25,23,23,23,23,23,24,24,24,23,21,18,16,14,14,16,18,21,22,24,26,26,26,26,7,0,0,0,0,0,0,0,0,0,1,6,7,10,13,16,19,22,25,27,27,27,26,24,21,18,15,14,13,16,19,22,25,27,28,30,31
-86,114,14,22,19,14,12,9,7,5,6,10,14,15,14,15,16,13,14,17,16,12,10,9,8,4,7,10,3,0,0,0,0,0,0,0,0,0,8,32,34,30,24,19,14,8,6,10,15,22,26,28,29,29,25,21,20,16,11,7,9,14,17,18,21
-53,114,14,29,27,25,24,25,25,25,26,26,26,24,22,20,17,15,16,17,19,23,25,26,28,28,28,28,7,0,0,0,0,0,0,0,0,0,2,8,9,11,14,17,21,25,28,30,30,30,28,26,23,20,18,16,16,17,20,24,27,29,31,33,33
-72,114,14,33,34,34,34,34,32,30,28,25,22,19,16,12,9,7,8,10,13,16,17,18,18,17,16,17,4,0,0,0,0,0,0,0,0,0,4,13,10,9,9,12,16,21,25,28,30,30,31,31,29,28,26,24,22,21,22,23,24,26,25,28,30
-85,114,14,17,20,20,19,20,23,25,26,27,28,26,22,20,18,17,13,10,9,10,10,12,17,18,19,19,5,0,0,0,0,0,0,0,0,0,2,7,7,6,5,5,5,6,9,11,13,15,16,15,13,12,13,13,15,13,9,11,10,17,19,12,11
-72,114,14,31,31,30,30,31,31,28,26,24,22,20,17,14,12,9,9,9,12,15,16,18,18,19,18,16,4,0,0,0,0,0,0,0,0,0,3,11,9,9,10,12,16,20,23,26,27,28,29,28,26,24,22,19,18,18,20,22,24,24,25,26,28
-55,118,8,0,0,0,6,24,24,26,26,25,25,25,24,24,24,26,26,26,24,24,24,24,23,23,22,22,23,22,23,24,24,12,23,24,24,23,23,23,23,22,21,22,23,22,21,23,23,24,24,23,22,23,23,23,24,24,23,22,6,0,0,0,0
-55,163,8,0,0,0,6,23,25,26,26,25,25,25,25,24,25,26,26,26,24,24,24,23,22,22,22,22,22,22,22,24,23,12,23,23,23,22,22,22,22,21,21,20,20,21,21,21,22,22,21,21,21,21,21,21,21,21,21,21,5,0,0,0,0
-56,43,1,0,0,0,3,15,15,16,16,16,16,16,15,15,16,16,16,16,15,15,16,15,14,14,14,14,14,14,14,14,14,7,14,14,15,15,14,14,13,13,13,13,13,13,13,13,14,14,14,14,13,13,13,13,13,13,13,13,3,0,0,0,0
-56,163,8,27,27,25,25,25,24,24,25,26,25,23,23,23,24,24,24,23,23,22,21,21,21,21,20,20,5,0,0,0,0,0,0,0,0,0,5,17,17,19,20,20,20,21,21,21,22,23,24,24,24,24,25,24,23,23,24,24,23,23,25,27,27
-53,114,14,26,23,21,20,20,21,21,22,23,23,23,22,20,18,15,14,15,15,18,19,21,23,22,22,23,5,0,0,0,0,0,0,0,0,0,2,8,8,11,14,17,21,25,26,28,29,29,27,24,21,18,16,14,15,17,21,24,27,29,30,31,32
-74,114,14,12,10,11,14,19,24,27,30,34,37,36,34,31,27,23,18,12,7,5,8,13,17,19,21,22,5,0,0,0,0,0,0,0,0,0,4,19,20,20,20,21,20,20,18,15,13,12,12,13,16,17,18,21,25,27,30,31,32,34,33,32,31
-87,114,14,17,18,20,20,20,20,20,20,21,23,23,21,18,18,17,15,10,6,5,3,4,8,12,13,11,2,0,0,0,0,0,0,0,0,0,2,6,5,5,5,7,9,10,13,15,18,17,16,15,15,17,18,13,8,7,5,7,10,11,10,12,16
-93,114,14,4,6,8,7,6,7,8,5,5,7,5,2,1,2,4,6,6,7,10,9,9,10,9,7,6,1,0,0,0,0,0,0,0,0,0,2,5,6,8,9,9,9,10,10,10,8,5,4,3,3,6,7,4,7,10,10,12,13,12,10,7,5
-55,118,8,0,0,0,5,23,23,24,25,24,24,23,23,23,24,24,24,24,23,23,23,23,21,21,21,21,21,21,22,23,23,11,23,23,21,21,21,21,21,20,21,21,21,20,20,20,21,21,22,21,21,21,21,21,21,21,21,20,5,0,0,0,0
-56,163,8,0,0,0,6,26,26,28,28,27,26,26,26,26,28,28,28,27,27,26,27,27,25,25,25,25,25,25,25,27,26,12,26,26,27,25,25,25,25,24,24,24,25,25,24,25,26,26,27,25,25,25,26,26,26,26,26,25,6,0,0,0,0
-56,163,8,0,0,0,6,24,25,26,27,27,25,25,25,25,26,27,28,27,26,26,26,26,24,24,24,24,24,24,24,25,25,12,26,26,26,24,24,24,24,23,22,23,23,23,22,24,24,24,24,24,24,24,23,24,24,24,24,23,5,0,0,0,0
-56,163,8,0,0,0,6,27,28,29,29,29,29,28,28,28,29,30,31,30,29,29,29,29,27,27,26,27,27,26,26,28,29,14,29,29,28,27,26,26,26,26,25,26,26,25,25,26,27,27,27,27,26,26,26,26,26,26,27,26,6,0,0,0,0
-56,43,1,0,0,0,6,25,25,27,27,26,26,26,26,26,27,28,29,28,25,25,26,26,25,24,24,24,25,24,25,26,25,13,25,26,26,24,24,24,24,23,23,23,24,23,22,24,25,25,25,24,24,24,24,24,25,25,24,24,6,0,0,0,0
-53,114,14,26,25,24,23,23,23,23,24,24,24,24,22,20,18,16,15,16,18,19,21,22,24,25,25,26,6,0,0,0,0,0,0,0,0,0,2,8,8,10,12,16,19,22,25,27,27,28,27,25,23,20,17,15,14,17,19,23,25,27,29,31,33
-84,114,14,35,33,26,18,15,12,14,18,21,25,26,25,24,20,17,18,19,19,19,18,16,14,13,9,4,2,0,0,0,0,0,0,0,0,0,6,27,28,27,23,17,12,9,11,17,26,33,34,34,34,30,28,24,16,9,5,12,21,30,38,43,47
-53,114,14,27,25,24,23,23,23,24,24,25,25,24,22,20,18,16,15,15,17,19,22,23,24,26,25,25,6,0,0,0,0,0,0,0,0,0,2,8,8,10,13,16,19,23,26,27,28,28,27,25,22,20,17,15,14,16,19,23,26,28,29,31,31
-70,114,14,33,31,30,30,29,29,27,25,23,23,20,17,14,13,13,14,16,18,19,20,20,20,18,15,12,4,0,0,0,0,0,0,0,0,0,2,8,5,3,5,10,16,22,27,30,32,33,33,32,29,26,22,20,18,19,23,26,31,33,36,38,39
-71,114,14,32,30,29,27,26,25,24,23,21,18,16,14,12,12,12,13,15,17,19,19,19,18,15,12,11,2,0,0,0,0,0,0,0,0,0,3,10,7,2,4,10,16,21,25,27,29,31,31,30,27,24,21,18,16,17,20,24,27,30,33,36,38
-56,118,8,0,0,0,6,27,27,29,30,28,28,28,27,27,28,29,30,29,29,28,29,29,26,26,26,26,26,25,26,27,27,14,27,28,27,26,25,25,25,25,25,25,25,25,25,26,26,27,26,26,26,25,26,26,26,26,26,26,6,0,0,0,0
-56,163,8,0,0,0,5,21,22,23,23,22,21,21,21,21,22,23,23,23,22,21,22,21,20,20,20,20,20,20,20,21,22,10,21,21,22,21,20,21,20,20,19,19,19,19,20,21,21,21,22,21,21,21,21,21,21,21,21,21,5,0,0,0,0
-56,43,1,0,0,0,6,26,27,28,28,27,27,27,27,27,27,28,29,28,27,27,28,27,26,26,25,25,25,25,25,27,27,13,27,27,27,26,25,26,26,25,24,24,25,24,25,26,26,27,27,26,26,25,25,26,26,27,26,26,6,0,0,0,0
-83,114,14,33,30,28,27,25,20,16,14,12,14,17,18,20,22,23,24,23,22,21,21,20,17,14,11,7,1,0,0,0,0,0,0,0,0,0,8,29,30,30,26,21,14,8,2,10,17,21,25,28,29,29,27,23,19,15,9,2,9,14,20,27,29
-52,114,14,25,23,22,22,22,23,23,23,24,24,23,21,19,17,15,15,16,17,20,21,23,23,24,24,24,6,0,0,0,0,0,0,0,0,0,3,8,10,11,13,15,19,21,24,25,25,25,24,22,20,18,16,15,15,16,19,21,24,26,26,27,29
-86,114,14,21,22,21,20,18,19,21,23,21,22,23,19,16,17,15,14,13,12,8,9,10,10,11,12,13,3,0,0,0,0,0,0,0,0,0,3,13,10,9,10,9,6,11,14,13,13,15,16,18,19,17,14,12,14,16,11,8,6,7,9,11,11
-72,114,14,24,21,19,18,18,17,17,17,17,16,15,15,16,16,15,15,14,13,12,12,11,10,9,10,10,2,0,0,0,0,0,0,0,0,0,3,13,13,11,12,14,17,21,24,26,28,30,31,29,27,25,23,20,20,22,24,27,29,30,30,31,32
-55,118,8,0,0,0,7,26,27,29,29,27,27,27,26,26,27,28,29,28,27,27,27,27,25,25,25,25,25,25,25,26,26,13,26,26,26,25,25,25,25,24,23,23,24,24,23,24,24,24,25,25,24,23,24,24,24,24,24,23,7,0,0,0,0
-55,43,1,0,0,0,6,27,27,29,30,28,27,28,27,28,28,30,30,29,28,28,29,28,27,27,27,26,26,26,27,28,28,14,28,28,28,27,26,26,26,25,24,25,25,25,25,26,26,26,26,25,25,25,25,25,25,25,24,24,5,0,0,0,0
-54,114,14,27,23,21,19,19,21,23,25,26,27,27,25,23,21,18,17,15,16,17,20,22,24,25,26,26,7,0,0,0,0,0,0,0,0,0,1,5,6,7,11,14,18,21,25,26,27,27,26,24,21,18,15,13,13,15,20,24,27,29,32,33,34
-84,114,14,21,20,19,19,17,14,11,9,13,13,13,13,6,6,8,13,17,20,23,24,21,18,21,24,22,5,0,0,0,0,0,0,0,0,0,7,27,30,31,30,26,22,18,17,15,15,19,23,26,26,26,24,21,20,18,13,12,14,18,20,19,21
-70,114,14,30,23,15,8,5,10,16,21,26,29,31,32,31,30,26,22,18,13,8,4,6,10,13,17,20,5,0,0,0,0,0,0,0,0,0,1,5,8,12,16,20,24,27,30,31,31,30,28,25,21,16,10,5,8,14,21,28,33,38,41,43,44
-83,114,14,15,20,25,26,28,30,30,32,31,29,25,21,17,13,7,7,9,11,14,15,17,19,21,20,17,4,0,0,0,0,0,0,0,0,0,1,7,8,4,4,7,10,15,19,19,18,21,25,25,24,21,19,18,20,21,19,17,17,16,16,17,17
-55,118,8,0,0,0,6,25,26,28,29,28,27,27,26,26,27,28,28,28,26,26,27,26,24,24,25,25,25,23,24,26,26,13,26,26,26,25,25,25,25,25,23,24,24,24,24,25,26,26,27,26,26,26,26,26,26,27,25,25,7,0,0,0,0
-55,163,8,0,0,0,6,26,26,28,29,27,27,27,27,26,28,28,29,28,27,27,27,27,26,26,26,26,25,24,25,27,27,13,27,27,27,27,26,27,27,26,25,25,26,26,26,27,28,28,28,27,27,27,27,27,28,28,27,27,7,0,0,0,0
-55,43,1,0,0,0,7,26,26,29,29,27,26,27,27,27,27,29,29,28,26,26,27,26,25,25,25,25,25,24,25,26,26,12,26,26,26,26,24,26,26,25,24,25,25,25,25,26,27,27,28,27,27,26,26,26,27,27,26,26,7,0,0,0,0
-80,114,14,31,29,25,22,18,12,5,1,6,13,19,24,27,30,30,30,29,28,25,19,13,10,7,6,9,3,0,0,0,0,0,0,0,0,0,5,23,23,24,22,19,16,12,11,13,16,20,22,24,25,23,21,19,16,15,14,12,11,14,19,23,26
-52,114,14,31,31,30,30,30,30,29,28,27,25,21,17,13,9,8,10,15,20,24,27,30,32,32,32,32,7,0,0,0,0,0,0,0,0,0,2,8,7,5,7,10,15,19,24,26,28,29,30,29,26,25,23,20,18,17,17,20,22,24,25,27,29
-85,114,14,14,18,22,26,30,33,32,30,29,29,25,20,16,12,6,7,10,12,16,16,15,18,19,19,19,4,0,0,0,0,0,0,0,0,0,4,15,12,14,17,17,18,21,21,19,16,14,16,18,19,15,13,14,17,17,15,16,16,14,15,12,7
-73,114,14,36,32,29,26,22,18,15,13,10,9,10,10,12,14,15,16,17,17,16,14,13,11,9,6,5,1,0,0,0,0,0,0,0,0,0,3,10,13,18,23,26,30,34,37,38,37,36,36,33,29,25,21,15,10,5,8,14,20,25,30,32,34
-55,118,8,0,0,0,6,25,26,28,27,27,26,27,27,27,27,29,29,29,28,27,28,27,25,25,25,25,25,24,25,26,26,13,26,26,26,25,24,25,24,24,23,23,24,23,25,25,25,26,25,26,25,25,25,25,26,26,25,25,5,0,0,0,0
-56,163,8,0,0,0,5,22,23,25,25,24,24,24,24,24,24,26,26,26,25,25,25,25,24,23,23,23,23,23,23,25,25,12,25,25,25,24,23,24,24,23,23,23,24,23,24,24,25,25,25,25,24,24,24,24,24,24,24,24,5,0,0,0,0
-55,43,1,0,0,0,5,23,24,25,25,25,24,24,24,24,25,26,27,26,23,23,25,25,23,23,23,23,23,23,23,25,25,12,24,25,24,24,23,24,23,22,22,22,23,22,22,23,23,24,24,24,23,23,23,23,23,23,23,22,5,0,0,0,0
-91,114,14,13,12,10,10,6,6,8,9,12,7,8,9,9,10,11,12,10,7,5,3,2,2,2,3,5,2,0,0,0,0,0,0,0,0,0,2,5,4,4,3,3,5,6,8,10,11,12,11,10,10,11,10,10,8,6,5,4,5,6,8,9,11
-83,114,14,40,39,35,31,25,20,14,6,2,10,18,22,25,25,25,25,26,27,25,19,14,10,7,5,10,3,0,0,0,0,0,0,0,0,0,7,30,29,27,24,21,17,14,14,16,18,24,29,30,29,28,26,23,20,15,12,13,14,19,26,30,33
-53,114,14,29,26,25,25,25,26,26,28,28,28,26,24,22,19,16,14,15,17,19,21,23,25,26,25,25,7,0,0,0,0,0,0,0,0,0,1,3,5,9,13,17,21,25,29,30,31,31,29,27,23,21,18,15,15,16,21,24,27,29,31,33,34
-74,114,14,10,7,6,8,13,18,23,26,30,33,34,32,31,29,25,21,16,11,5,1,5,8,10,12,13,3,0,0,0,0,0,0,0,0,0,6,22,21,18,16,14,12,11,10,12,14,16,18,21,22,23,25,25,25,26,27,29,30,29,28,26,25
-89,114,14,19,17,18,14,7,8,8,7,7,7,13,16,15,13,13,12,8,5,3,3,2,4,4,5,8,2,0,0,0,0,0,0,0,0,0,2,8,6,7,7,9,11,15,19,19,20,20,16,13,12,13,10,6,7,8,5,4,5,8,13,15,15
-56,118,8,0,0,0,7,27,27,29,30,28,27,28,27,27,27,29,30,29,29,27,29,28,27,27,26,26,26,25,26,27,28,14,27,27,27,26,26,26,26,25,24,25,25,25,25,26,26,27,27,26,26,25,26,26,25,26,25,24,5,0,0,0,0
-56,163,8,0,0,0,7,28,29,31,31,30,29,30,29,29,30,31,32,31,29,29,30,29,28,28,27,28,28,27,28,29,29,14,28,28,28,27,27,27,27,26,26,26,26,26,25,26,27,28,28,27,27,26,26,27,27,27,27,26,7,0,0,0,0
-56,43,1,0,0,0,5,23,24,25,25,24,24,24,24,24,26,26,26,26,25,25,26,25,24,24,24,24,24,24,25,26,25,12,25,26,26,25,24,24,24,24,24,25,25,24,25,25,26,27,26,26,25,25,26,26,26,26,25,25,5,0,0,0,0
-57,43,1,0,0,0,3,14,14,15,15,15,15,14,14,14,14,15,16,16,14,14,15,14,14,14,14,14,14,14,14,14,15,7,14,14,14,14,14,14,14,14,14,14,14,14,13,15,15,15,15,15,14,15,15,15,15,15,15,14,3,0,0,0,0
-93,114,14,15,14,10,6,4,2,1,2,7,8,10,10,10,11,13,12,11,9,8,7,5,3,3,5,5,1,0,0,0,0,0,0,0,0,0,1,4,2,1,1,3,5,5,5,7,11,12,12,14,14,13,12,10,6,5,5,3,0,5,8,11,15
-52,114,14,25,26,28,28,28,28,27,26,24,21,18,14,11,11,12,15,18,22,25,27,28,27,27,26,24,7,0,0,0,0,0,0,0,0,0,3,12,11,12,13,14,15,17,19,20,21,21,22,22,22,22,22,21,20,20,19,19,19,19,20,21,21
-85,114,14,24,20,18,14,12,13,14,16,16,15,13,11,11,11,11,13,17,20,19,18,14,12,10,9,10,2,0,0,0,0,0,0,0,0,0,9,36,35,32,25,19,12,5,8,15,21,26,33,33,28,25,22,17,13,9,3,7,14,19,26,30,25
-52,114,14,26,27,29,29,29,29,27,26,24,21,18,14,12,11,12,14,18,21,24,26,26,27,26,25,24,6,0,0,0,0,0,0,0,0,0,4,17,17,18,19,19,20,22,24,25,24,25,25,25,23,23,23,23,22,22,22,23,21,22,21,23,25
-71,114,14,26,21,19,18,20,22,26,27,28,28,27,23,19,15,10,8,9,13,17,19,20,18,18,16,14,3,0,0,0,0,0,0,0,0,0,2,8,7,7,7,10,15,19,24,26,28,30,31,30,27,24,20,17,15,16,21,25,29,32,35,38,39
-88,114,14,20,18,15,12,15,20,21,20,21,22,23,22,18,15,13,11,11,10,5,5,6,8,9,9,7,1,0,0,0,0,0,0,0,0,0,2,5,4,5,8,11,14,16,17,19,19,18,20,18,14,12,10,10,9,10,11,12,14,17,18,20,23
-69,114,14,29,22,18,17,19,21,24,27,29,29,28,25,21,17,13,9,8,10,13,16,17,17,17,16,14,4,0,0,0,0,0,0,0,0,0,3,10,10,12,14,18,22,26,31,33,35,36,36,34,31,28,24,21,18,21,24,28,32,36,38,41,42
-55,118,8,0,0,0,6,23,24,25,25,26,25,25,25,25,26,28,28,28,26,26,27,27,25,25,25,25,25,24,25,27,26,13,26,26,26,25,25,25,25,25,24,25,25,24,23,25,25,26,26,25,25,24,24,24,25,24,24,24,6,0,0,0,0
-55,163,8,0,0,0,6,27,27,29,29,29,28,27,28,27,29,30,30,29,28,27,28,28,26,25,26,25,25,25,25,26,26,13,25,27,26,25,25,25,25,24,24,23,24,24,23,24,25,26,26,25,24,25,24,25,25,25,25,25,5,0,0,0,0
-55,43,1,0,0,0,7,28,28,30,30,28,27,27,28,28,29,29,30,29,27,27,28,27,26,25,25,26,26,25,25,26,26,13,27,27,27,25,25,25,25,25,25,25,25,25,25,26,26,27,27,26,26,26,26,26,26,26,26,25,7,0,0,0,0
-83,114,14,33,33,31,28,25,21,16,9,5,5,10,19,26,26,29,34,36,34,32,28,21,14,7,0,5,1,0,0,0,0,0,0,0,0,0,7,28,28,27,23,18,10,4,2,10,17,21,26,29,30,30,29,27,22,16,10,6,6,11,18,25,29
-57,114,14,30,31,32,31,30,28,25,22,18,13,10,7,7,10,14,18,21,23,25,26,25,25,23,22,21,4,0,0,0,0,0,0,0,0,0,4,14,14,12,11,11,11,13,17,20,22,25,27,28,28,28,28,26,23,20,17,14,11,11,13,17,21
-88,114,14,16,20,18,18,19,17,18,19,17,17,21,23,21,13,10,9,6,3,0,3,5,7,7,8,9,2,0,0,0,0,0,0,0,0,0,1,3,5,5,3,2,2,2,3,2,5,9,11,12,17,17,13,14,13,14,14,13,13,11,9,8,9
-75,114,14,15,6,6,10,17,24,28,31,34,34,31,29,24,19,15,8,1,6,12,16,20,23,24,24,24,6,0,0,0,0,0,0,0,0,0,5,16,14,13,15,17,21,25,28,29,31,31,31,28,25,21,17,15,15,18,25,32,34,29,28,33,31
-55,118,8,0,0,0,6,24,24,26,26,25,25,25,25,25,25,26,27,26,25,25,26,25,24,24,23,23,24,23,24,25,25,13,24,25,25,24,23,24,24,23,23,23,23,23,23,24,24,25,25,24,24,24,24,24,25,25,24,23,6,0,0,0,0
-56,163,8,0,0,0,6,23,24,25,25,24,24,24,23,23,24,25,25,25,23,23,24,23,21,22,21,21,21,19,21,22,22,10,21,21,21,20,20,20,20,19,19,19,20,19,19,20,20,21,20,20,20,19,20,20,20,20,19,19,5,0,0,0,0
-56,163,8,0,0,0,5,24,24,26,27,25,25,25,24,25,26,27,26,26,25,24,25,24,22,22,22,22,22,21,22,23,22,10,21,22,22,21,20,20,20,20,20,20,20,19,19,20,21,21,21,21,20,20,20,20,20,21,20,20,4,0,0,0,0
-55,43,1,0,0,0,6,28,29,30,31,30,29,29,29,28,29,29,30,30,28,28,29,28,26,26,25,25,25,25,25,25,26,12,25,25,25,24,24,24,24,23,22,22,23,21,22,22,23,24,23,23,22,22,22,21,21,21,21,21,4,0,0,0,0
-55,114,14,23,25,27,29,29,29,28,26,23,20,17,13,11,10,12,15,18,21,24,25,26,25,24,22,21,5,0,0,0,0,0,0,0,0,0,4,18,18,17,16,14,12,12,12,12,13,15,18,20,21,23,24,23,23,22,21,20,17,16,14,14,15
-82,114,14,27,28,27,24,22,21,18,14,9,9,15,22,28,31,34,37,38,37,34,30,24,18,9,2,2,2,0,0,0,0,0,0,0,0,0,6,24,24,24,22,18,13,11,7,3,5,8,13,16,18,17,17,18,16,12,7,4,6,10,15,18,20
-73,114,14,34,28,22,16,13,15,19,25,30,33,35,35,35,31,28,26,21,16,11,6,2,5,8,11,12,2,0,0,0,0,0,0,0,0,0,3,14,15,17,17,17,18,18,18,18,17,17,18,18,19,20,22,24,24,25,27,30,33,34,37,39,40
-56,118,8,0,0,0,5,25,25,27,27,26,25,26,26,25,25,27,28,27,26,25,26,25,24,23,23,23,23,22,22,24,24,11,24,23,23,22,21,21,22,21,21,20,21,20,21,22,22,22,22,22,21,21,21,21,21,21,21,21,5,0,0,0,0
-56,163,8,0,0,0,6,24,25,26,28,27,26,26,26,26,26,28,28,27,26,26,27,26,25,25,25,25,24,23,24,25,25,13,25,25,25,24,24,24,24,22,22,21,22,22,23,24,24,24,24,24,23,23,23,23,23,24,24,24,6,0,0,0,0
-56,43,1,0,0,0,6,22,23,24,25,23,23,23,23,23,24,25,26,25,25,24,25,25,24,23,23,23,24,23,24,25,26,13,25,25,25,24,23,24,23,23,22,23,23,23,22,23,23,25,25,24,23,24,23,23,24,24,24,24,6,0,0,0,0
-56,43,1,0,0,0,5,23,24,26,26,26,25,26,25,25,27,27,28,28,26,26,27,27,25,25,26,26,25,24,26,26,27,13,26,26,26,25,25,25,25,25,24,24,24,24,24,25,25,26,26,26,26,25,25,25,25,26,25,25,6,0,0,0,0
-90,114,14,13,10,8,7,4,1,2,3,4,3,9,12,13,12,11,9,8,9,10,8,4,2,2,5,7,2,0,0,0,0,0,0,0,0,0,2,5,4,2,1,1,2,4,7,9,10,10,9,13,13,10,9,9,8,7,3,2,4,5,9,14,15
-83,114,14,25,23,21,22,23,21,21,21,20,18,22,26,28,28,30,33,35,34,34,32,27,21,14,8,2,1,0,0,0,0,0,0,0,0,0,6,27,29,30,27,22,16,11,7,3,7,11,17,20,21,20,19,16,12,7,2,11,16,21,23,27,30
-56,114,14,30,33,34,35,35,32,29,24,19,13,7,5,10,16,21,27,31,34,35,35,34,32,28,24,22,5,0,0,0,0,0,0,0,0,0,4,15,16,15,13,12,9,7,4,5,8,12,15,18,20,21,22,22,20,18,16,13,8,3,3,9,13
-84,114,14,25,26,28,32,36,38,37,36,34,33,30,24,22,21,17,14,15,16,16,15,13,12,16,18,17,4,0,0,0,0,0,0,0,0,0,4,18,21,19,14,10,7,7,7,11,13,14,16,19,24,28,27,25,21,19,20,20,16,14,13,17,11
-73,114,14,39,38,37,36,33,31,29,25,22,20,16,12,9,6,4,3,7,11,13,12,14,20,20,16,15,3,0,0,0,0,0,0,0,0,0,1,7,6,5,5,8,11,16,22,26,30,35,38,39,39,38,36,31,27,24,21,21,22,23,26,31,34
-84,114,14,24,31,37,36,34,34,34,33,33,33,29,24,22,17,12,13,15,13,13,16,18,18,17,16,16,3,0,0,0,0,0,0,0,0,0,3,12,9,5,6,8,6,3,6,10,11,14,18,21,22,25,28,28,24,24,23,22,20,15,10,9,10
-57,118,8,0,0,0,5,25,26,28,28,27,27,26,26,26,27,29,29,29,27,26,27,26,24,24,24,24,23,22,23,24,25,12,24,24,24,22,21,22,21,21,20,19,20,20,20,20,20,21,21,21,20,19,20,20,19,20,19,19,4,0,0,0,0
-57,43,1,0,0,0,7,29,29,31,31,31,30,30,29,29,29,31,31,30,29,28,29,28,27,26,26,26,26,25,25,26,26,13,26,26,26,24,24,24,24,23,22,22,22,22,22,23,23,23,24,23,22,22,23,22,23,23,23,23,5,0,0,0,0
-53,114,14,9,12,14,17,19,20,20,20,19,18,16,12,9,5,2,4,7,10,13,16,17,19,18,18,18,5,0,0,0,0,0,0,0,0,0,2,8,8,8,9,9,10,10,9,8,8,7,7,8,9,9,10,12,12,13,13,13,12,11,9,7,5
-84,114,14,38,33,28,25,23,20,18,19,20,20,21,22,24,25,27,29,29,28,29,28,23,17,13,7,3,1,0,0,0,0,0,0,0,0,0,9,36,33,32,31,27,23,18,13,11,16,19,23,25,23,21,20,18,10,5,8,16,24,29,34,41,47
-52,114,14,13,18,22,27,30,32,33,32,31,29,25,20,15,8,2,5,11,17,22,25,28,29,28,28,27,6,0,0,0,0,0,0,0,0,0,3,12,13,13,14,14,13,13,14,14,12,12,13,14,16,17,20,22,23,24,24,24,23,20,16,13,11
-73,114,14,17,12,7,0,7,12,16,19,23,24,24,24,23,22,20,17,13,9,5,2,2,3,4,7,9,2,0,0,0,0,0,0,0,0,0,5,22,23,25,28,30,32,33,32,30,27,23,19,15,12,13,18,22,25,30,33,35,37,36,36,36,34
-74,114,14,19,14,10,5,4,8,10,14,17,20,22,21,21,19,17,14,13,10,6,5,10,4,4,6,6,1,0,0,0,0,0,0,0,0,0,6,22,22,23,24,26,28,29,29,28,25,22,20,17,17,17,18,20,24,27,30,32,34,33,33,33,32
-57,118,8,0,0,0,6,24,24,26,26,25,25,25,25,25,26,27,27,26,25,25,26,25,24,24,24,24,23,23,24,25,25,12,24,25,25,24,23,24,24,23,23,23,23,23,23,24,24,25,25,24,24,24,24,24,24,24,23,23,5,0,0,0,0
-57,163,8,0,0,0,4,19,20,21,22,21,20,20,20,21,21,22,23,22,21,21,22,21,20,20,20,20,20,20,20,21,21,10,21,21,21,20,20,20,20,19,19,20,20,19,19,20,21,22,21,21,21,21,22,23,22,21,19,22,5,0,0,0,0
-57,163,8,0,0,0,5,20,20,21,22,21,21,21,21,22,22,23,23,22,21,21,21,21,21,21,20,20,20,19,21,21,21,11,21,22,21,20,20,20,21,20,18,20,21,20,19,20,22,23,22,22,22,23,23,23,22,23,19,13,3,0,0,0,0
-57,163,8,0,0,0,5,22,23,25,26,26,25,25,25,26,26,27,28,28,26,26,27,27,26,26,26,26,26,25,26,27,27,13,27,27,27,26,25,26,26,25,25,25,26,25,25,26,27,28,28,28,27,27,27,28,28,29,28,27,6,0,0,0,0
-57,43,1,0,0,0,5,24,25,26,27,26,25,26,25,25,26,28,28,28,27,26,27,27,25,25,25,25,25,24,25,26,27,13,27,27,26,25,25,25,25,24,24,24,25,25,25,26,26,27,27,27,27,26,26,26,27,26,26,26,6,0,0,0,0
-90,114,14,12,11,10,8,7,7,6,6,11,10,9,10,9,9,9,9,9,8,7,6,6,6,5,5,5,1,0,0,0,0,0,0,0,0,0,1,3,7,7,7,7,6,6,7,7,8,8,9,12,12,10,10,11,8,8,8,8,8,9,10,13,17
-83,114,14,36,31,26,24,19,13,7,3,8,11,15,19,23,26,28,29,29,30,30,27,25,23,18,15,18,6,0,0,0,0,0,0,0,0,0,8,32,33,33,31,26,21,16,9,11,17,23,27,30,32,34,33,29,25,20,18,17,21,27,30,33,35
-52,114,14,14,19,23,26,29,31,32,31,30,27,24,18,12,6,1,8,14,19,24,28,30,30,30,29,28,7,0,0,0,0,0,0,0,0,0,2,9,10,11,13,14,16,17,17,18,18,17,18,17,17,18,20,22,22,23,23,23,21,19,15,12,10
-85,114,14,34,36,31,32,34,33,31,27,23,21,20,20,20,20,18,15,17,16,14,15,16,16,13,14,16,3,0,0,0,0,0,0,0,0,0,4,11,7,10,13,12,10,11,17,22,24,26,26,28,26,25,25,21,16,15,15,13,11,11,13,17,23
-70,114,14,28,29,30,30,32,31,30,27,24,20,16,12,8,8,10,14,17,19,21,21,20,19,16,12,10,3,0,0,0,0,0,0,0,0,0,4,13,13,14,16,18,21,23,26,27,27,27,27,27,26,28,29,31,31,31,32,32,31,29,28,26,27
-57,118,8,0,0,0,4,19,20,22,22,21,21,22,22,22,23,24,25,24,23,23,24,24,22,22,23,22,22,22,22,24,24,12,24,24,24,23,22,23,22,21,21,21,22,22,23,23,24,25,25,25,25,25,25,24,24,25,25,24,6,0,0,0,0
-57,43,1,0,0,0,5,23,25,25,26,26,26,25,25,25,26,28,29,29,27,26,28,28,26,26,26,26,26,25,26,27,28,13,28,28,28,26,26,26,26,25,26,26,27,26,26,28,29,30,30,29,28,29,29,30,30,30,30,29,7,0,0,0,0
-54,114,14,16,19,23,26,29,31,32,32,30,27,24,18,13,6,0,7,14,20,26,30,32,33,32,32,31,8,0,0,0,0,0,0,0,0,0,3,10,11,12,14,15,15,17,17,17,17,16,16,15,16,17,18,19,19,20,20,19,18,15,13,10,9
-83,114,14,30,26,21,17,11,7,5,4,8,13,15,18,22,24,25,28,31,31,27,22,19,19,17,14,12,3,0,0,0,0,0,0,0,0,0,7,28,27,28,27,24,19,12,9,9,14,19,24,26,25,24,24,21,17,14,15,18,19,21,23,27,32
-75,114,14,19,17,19,23,25,26,27,28,29,27,25,21,18,14,11,8,10,13,16,18,19,19,18,17,16,3,0,0,0,0,0,0,0,0,0,2,9,10,11,13,15,17,19,21,21,21,21,20,20,19,20,22,22,23,25,28,30,32,32,33,33,33
-85,114,14,24,29,28,24,24,24,23,22,20,18,16,16,16,16,16,16,16,17,15,11,9,10,9,8,9,2,0,0,0,0,0,0,0,0,0,3,9,7,5,2,2,6,9,12,13,14,16,18,19,19,18,19,21,19,12,7,5,6,8,8,13,18
-57,118,8,0,0,0,5,21,21,23,24,23,23,22,23,23,24,25,25,25,25,25,25,25,24,23,24,24,24,23,24,24,25,12,25,25,25,24,23,24,24,23,24,24,24,24,23,25,25,26,27,26,25,25,26,26,27,27,26,26,6,0,0,0,0
-57,43,1,0,0,0,3,13,13,14,15,15,15,14,14,14,15,15,16,16,16,15,16,15,15,15,14,14,14,14,14,15,15,7,15,15,15,15,15,15,15,14,14,14,14,14,13,15,15,15,15,15,15,14,15,15,15,15,15,15,3,0,0,0,0
-82,114,14,32,28,24,17,11,8,8,8,13,20,24,27,28,31,31,33,34,34,29,25,23,17,9,5,7,2,0,0,0,0,0,0,0,0,0,6,23,23,24,24,22,17,16,16,16,18,21,22,22,22,20,16,13,10,10,13,19,25,29,32,36,42
-54,114,14,16,20,24,28,31,34,34,34,32,30,25,19,13,6,1,8,14,21,26,30,32,33,33,31,30,7,0,0,0,0,0,0,0,0,0,3,10,11,11,13,14,15,15,16,15,13,12,12,12,13,15,17,19,20,21,22,22,21,18,15,12,10
-85,114,14,29,31,29,26,26,27,25,23,22,20,19,19,17,17,18,16,13,11,13,14,12,13,12,10,11,2,0,0,0,0,0,0,0,0,0,1,8,8,8,7,6,8,10,15,18,20,21,23,24,26,26,22,19,18,14,10,7,3,3,8,13,20
-71,114,14,16,13,13,15,18,22,25,28,28,27,25,23,19,15,10,4,3,7,11,15,17,18,18,17,17,3,0,0,0,0,0,0,0,0,0,2,5,8,12,15,17,19,20,22,20,18,15,12,10,9,11,14,18,21,26,30,32,34,33,34,33,31
-56,118,8,0,0,0,4,19,19,21,21,21,21,21,21,21,22,23,24,23,23,22,23,23,22,22,22,21,21,21,21,23,23,11,22,23,22,22,22,22,22,22,21,21,22,21,21,22,23,24,24,24,24,23,24,24,24,24,24,23,5,0,0,0,0
-57,163,8,0,0,0,6,24,24,26,27,26,26,26,26,26,27,28,29,28,27,27,28,28,27,27,26,26,26,26,27,28,28,14,28,28,28,28,27,27,27,27,27,27,28,27,27,28,29,30,31,30,29,29,30,30,30,31,30,29,8,0,0,0,0
-57,163,8,0,0,0,5,21,22,24,25,23,24,23,23,23,24,25,26,26,25,25,25,25,23,24,24,24,23,23,23,25,26,12,26,26,26,25,24,26,25,25,24,24,25,25,25,27,27,28,27,28,28,28,27,27,28,29,28,28,7,0,0,0,0
-57,43,1,0,0,0,5,20,20,21,22,21,21,21,21,21,22,24,24,24,23,22,23,23,22,22,22,22,22,22,22,24,24,12,23,24,24,23,23,24,23,23,23,24,24,23,23,25,25,26,27,25,25,25,25,26,26,27,26,26,7,0,0,0,0
-82,114,14,31,28,24,19,13,13,11,10,12,15,18,22,26,28,30,34,37,37,34,30,27,22,16,8,5,2,0,0,0,0,0,0,0,0,0,8,30,29,29,28,24,20,16,14,15,16,20,23,24,24,23,22,20,16,11,10,13,15,19,24,28,29
-53,114,14,13,17,21,24,28,30,31,31,29,26,22,17,11,5,1,8,14,20,25,28,30,31,30,28,27,7,0,0,0,0,0,0,0,0,0,3,10,12,14,15,16,17,18,18,18,16,15,15,15,15,17,18,20,21,21,23,23,21,19,16,12,10
-73,114,14,39,39,38,37,36,34,31,28,24,19,14,8,3,2,7,13,18,21,24,25,24,24,23,19,17,4,0,0,0,0,0,0,0,0,0,5,18,16,13,13,17,19,22,25,26,26,26,27,27,26,25,24,24,23,23,22,22,22,23,24,28,31
-87,114,14,23,25,24,25,28,26,21,20,22,24,24,24,22,22,22,22,18,17,18,14,13,14,11,9,10,2,0,0,0,0,0,0,0,0,0,2,11,12,11,9,9,11,10,10,11,13,15,17,19,22,22,20,21,21,18,16,14,12,12,12,16,19
-57,118,8,0,0,0,5,20,20,23,23,22,22,22,22,23,24,25,26,26,25,24,25,25,24,24,24,24,24,24,24,25,25,13,25,26,25,25,24,24,24,25,24,24,25,24,25,25,26,27,26,25,25,26,26,26,26,26,26,25,6,0,0,0,0
-57,163,8,0,0,0,5,21,23,24,24,24,24,24,24,24,25,27,27,27,26,26,27,27,25,25,25,25,25,25,25,27,27,13,28,28,28,26,26,26,26,26,26,26,26,26,27,28,28,28,29,29,28,28,29,28,28,29,29,28,7,0,0,0,0
-58,43,1,0,0,0,5,23,23,25,25,25,25,24,24,24,25,27,27,27,26,25,26,26,25,25,25,25,25,25,26,27,27,13,27,27,28,27,27,27,27,26,25,26,27,26,25,26,27,28,29,28,28,27,27,28,28,29,28,27,6,0,0,0,0
-58,163,8,29,29,28,27,27,27,26,26,27,28,26,26,26,28,29,28,28,27,26,26,26,25,24,24,23,6,0,0,0,0,0,0,0,0,0,4,16,16,17,19,19,19,20,20,21,23,23,24,24,23,23,24,25,24,24,24,25,25,25,26,28,29
-52,114,14,11,12,14,19,24,28,31,33,34,33,31,27,22,17,10,5,5,12,18,23,27,30,31,32,32,8,0,0,0,0,0,0,0,0,0,3,10,12,16,19,22,23,25,26,26,23,20,17,14,11,11,13,16,19,22,26,29,29,28,26,23,21
-72,114,14,7,2,4,10,16,20,24,27,27,26,26,25,22,18,13,8,4,1,5,7,12,15,16,16,16,4,0,0,0,0,0,0,0,0,0,6,24,25,27,28,29,29,28,26,23,17,12,7,5,8,13,19,24,28,31,36,38,36,34,33,31,28
-59,118,8,0,0,0,5,22,23,25,25,24,24,24,24,24,25,27,27,27,26,25,26,26,25,25,24,24,24,24,24,26,26,12,25,25,25,24,23,23,23,23,22,22,22,22,22,22,23,23,23,23,22,22,23,23,22,22,22,21,5,0,0,0,0
-59,43,1,0,0,0,5,22,22,24,24,23,23,23,22,22,23,24,25,25,24,23,24,24,21,21,22,22,22,21,22,23,23,11,22,23,22,22,21,21,21,21,20,20,21,21,21,22,23,24,24,23,23,23,23,24,24,24,24,24,6,0,0,0,0
-90,114,14,5,5,5,7,10,12,12,11,9,5,5,5,4,4,5,6,7,7,9,9,9,9,9,8,6,1,0,0,0,0,0,0,0,0,0,3,8,7,7,8,7,7,8,8,7,7,7,5,3,3,9,9,8,10,12,14,13,14,15,15,11,6
-83,114,14,29,28,25,22,18,15,11,9,6,3,5,9,11,16,20,20,21,21,22,20,17,15,12,12,16,4,0,0,0,0,0,0,0,0,0,7,28,29,29,27,25,24,22,20,19,20,25,27,26,25,25,24,20,18,15,12,12,15,21,27,31,32
-53,114,14,10,13,16,20,24,27,30,31,31,30,26,22,17,11,5,3,8,14,20,24,27,29,29,28,28,6,0,0,0,0,0,0,0,0,0,3,11,13,15,16,17,18,18,18,18,17,15,14,13,13,15,17,19,21,23,25,26,26,25,22,20,18
-85,114,14,29,31,30,30,32,30,28,25,22,21,21,18,17,18,18,18,19,18,16,12,9,7,7,7,9,3,0,0,0,0,0,0,0,0,0,1,5,3,6,8,12,14,16,19,20,20,23,24,22,19,19,23,21,16,14,12,9,12,15,18,21,23
-71,114,14,32,32,31,30,30,29,28,28,27,25,22,18,14,9,6,7,11,15,18,19,20,20,19,17,16,3,0,0,0,0,0,0,0,0,0,4,15,13,11,9,8,9,12,15,19,22,26,29,32,32,33,34,33,29,28,27,26,26,26,27,29,31
-59,118,8,0,0,0,6,22,22,23,24,23,23,24,24,24,24,25,26,25,24,24,25,25,23,23,23,23,23,22,24,24,24,12,24,25,25,23,23,23,23,21,22,22,22,21,22,22,23,24,24,22,22,22,22,22,23,23,23,22,6,0,0,0,0
-58,43,1,0,0,0,6,24,24,26,27,26,25,26,26,26,27,28,29,28,27,26,27,26,25,25,25,24,24,24,24,26,26,13,25,26,26,24,24,24,24,24,22,23,24,23,23,24,24,25,25,25,24,25,24,24,25,25,25,25,7,0,0,0,0
-83,114,14,24,23,21,22,23,23,18,15,14,12,11,15,19,21,26,30,30,29,30,29,24,18,15,14,12,3,0,0,0,0,0,0,0,0,0,6,28,31,33,31,28,26,22,16,11,11,17,21,23,23,25,27,26,26,24,22,19,15,12,9,11,15
-57,114,14,37,37,36,34,32,29,26,23,21,21,21,23,26,27,29,32,32,32,31,30,27,25,23,22,20,4,0,0,0,0,0,0,0,0,0,6,23,21,19,15,10,5,4,9,15,20,25,29,33,35,35,34,31,27,24,19,15,12,13,17,22,26
-83,114,14,20,23,25,24,23,22,19,17,14,10,8,9,10,12,17,21,24,26,27,25,24,22,19,15,13,3,0,0,0,0,0,0,0,0,0,7,27,28,29,27,23,18,17,13,5,7,10,14,18,20,21,20,20,20,19,17,16,11,5,2,5,7
-74,114,14,42,38,34,29,24,20,17,20,24,29,33,36,37,35,32,29,25,19,13,10,9,8,12,18,21,5,0,0,0,0,0,0,0,0,0,2,8,5,1,1,3,7,10,13,16,17,19,21,23,23,23,22,21,19,18,18,21,23,26,32,37,41
-87,114,14,19,22,23,23,24,27,28,25,22,21,19,16,13,12,12,11,8,5,6,7,8,7,7,8,8,2,0,0,0,0,0,0,0,0,0,4,17,18,18,14,10,6,5,5,8,10,12,15,15,18,21,21,18,18,18,16,14,11,9,5,4,11
