-78,114,14,25,25,22,21,22,23,23,17,11,10,7,7,9,11,14,17,19,23,25,25,24,22,19,16,13,4,0,0,0,0,0,0,0,0,0,7,28,29,31,30,28,25,21,16,11,10,13,18,21,25,27,28,27,23,21,19,14,9,7,9,12,16
-56,114,14,9,5,7,13,18,23,27,30,31,33,32,30,28,24,19,15,10,5,1,6,10,14,17,18,20,5,0,0,0,0,0,0,0,0,0,4,17,20,23,25,26,26,26,24,22,18,15,12,10,10,13,17,21,25,28,32,34,34,33,32,30,28
-60,46,2,0,0,0,7,24,25,27,27,25,25,25,25,26,26,27,28,28,27,26,28,28,26,26,26,25,26,25,26,26,27,13,26,26,26,25,24,24,24,24,23,22,23,22,22,23,22,23,23,22,22,22,21,21,21,21,20,20,5,0,0,0,0
-61,118,8,0,0,0,5,21,21,23,24,22,22,22,22,22,22,23,25,24,24,24,24,24,23,23,23,23,23,22,23,24,24,12,23,23,23,22,21,21,21,21,20,20,20,20,20,21,21,21,19,16,18,23,25,21,21,24,22,20,6,0,0,0,0
-60,163,8,0,0,0,7,28,28,30,29,28,27,27,26,25,26,27,27,26,25,25,25,24,24,23,23,23,22,22,23,23,23,12,23,23,23,22,21,22,21,20,19,20,20,19,19,20,20,20,19,19,19,18,18,18,18,17,17,17,5,0,0,0,0
-60,163,8,0,0,0,6,29,29,31,31,29,28,28,27,27,28,28,29,28,27,27,27,26,24,24,24,24,24,23,24,25,25,12,24,25,25,24,23,23,22,22,21,21,22,20,20,21,21,21,21,20,19,19,19,19,18,18,18,17,3,0,0,0,0
-60,43,1,0,0,0,7,26,27,28,28,26,25,25,25,25,26,27,27,26,25,25,25,25,23,23,23,23,23,22,23,24,24,12,23,24,24,23,22,22,22,21,21,22,22,21,21,21,22,22,21,21,20,20,19,19,18,19,19,18,5,0,0,0,0
-84,154,55,18,23,25,28,31,33,30,25,21,21,21,18,13,10,11,9,5,4,2,6,7,8,10,10,10,3,0,0,0,0,0,0,0,0,0,3,12,13,14,13,10,9,7,3,4,7,9,13,19,25,29,33,35,35,35,37,35,31,25,20,13,7
-54,114,14,25,27,28,29,28,26,24,22,20,18,18,19,20,23,25,27,28,28,27,25,21,17,13,9,6,1,0,0,0,0,0,0,0,0,0,5,23,23,22,20,17,13,9,5,5,10,16,22,27,31,34,36,36,36,33,31,27,23,17,14,13,14
-74,114,14,31,26,23,20,18,16,16,17,19,21,21,19,18,17,14,13,13,15,18,21,23,24,24,24,22,5,0,0,0,0,0,0,0,0,0,2,9,13,17,20,23,27,29,32,33,31,30,28,26,23,18,14,10,6,10,16,22,29,34,37,40,42
-61,118,8,0,0,0,8,31,32,34,34,33,32,31,30,30,30,31,32,31,30,29,30,30,27,27,27,26,26,26,26,28,29,14,28,28,27,27,27,26,26,25,24,24,24,24,24,24,24,24,23,23,21,21,21,21,21,21,20,20,5,0,0,0,0
-62,163,8,0,0,0,2,8,8,9,8,8,8,8,8,7,8,8,8,8,8,8,8,8,8,8,8,7,7,7,8,8,8,4,8,8,8,8,7,7,7,7,7,7,7,7,7,7,7,7,7,6,6,6,6,6,6,6,6,6,1,0,0,0,0
-61,43,1,0,0,0,7,28,28,29,29,28,27,27,27,27,27,28,29,29,27,27,29,28,27,27,27,26,26,26,26,28,29,14,28,28,28,28,27,26,26,25,25,25,24,25,24,25,25,25,24,23,23,22,21,22,21,21,21,20,5,0,0,0,0
-78,114,14,30,30,28,26,24,21,17,13,9,6,6,8,11,15,19,23,27,29,29,29,26,23,19,16,13,3,0,0,0,0,0,0,0,0,0,5,23,24,24,22,21,20,19,19,20,20,22,25,25,26,26,25,22,19,16,13,12,9,12,16,21,24
-51,114,14,18,23,27,30,32,33,33,32,30,27,23,19,17,15,16,18,20,22,23,24,23,21,19,16,14,3,0,0,0,0,0,0,0,0,0,5,20,22,23,22,21,19,17,13,8,4,4,8,13,18,21,25,28,29,29,30,28,24,20,14,10,6
-79,114,14,28,28,27,28,28,20,16,13,9,10,10,10,11,12,16,20,23,25,27,25,22,23,21,16,12,2,0,0,0,0,0,0,0,0,0,5,24,25,26,24,22,21,19,19,19,20,22,24,25,25,25,25,22,19,17,13,8,9,12,17,19,22
-72,114,14,33,25,19,13,7,5,10,16,21,27,32,33,32,31,27,23,18,11,5,3,8,13,17,20,22,6,0,0,0,0,0,0,0,0,0,1,6,3,5,10,14,19,23,26,29,30,29,28,25,20,15,10,4,5,13,19,27,33,37,40,42,42
-61,118,8,0,0,0,8,31,31,33,32,31,30,30,29,29,30,30,30,29,28,28,28,28,26,26,26,26,26,25,26,27,27,13,26,26,26,25,24,24,24,23,22,22,22,21,21,21,22,22,21,20,19,18,18,18,18,18,18,18,5,0,0,0,0
-60,163,8,0,0,0,7,32,32,34,34,32,32,31,30,30,30,31,31,31,29,29,30,29,28,28,28,27,27,26,27,29,28,13,28,28,28,28,26,26,26,25,23,23,23,23,23,24,24,25,24,24,22,21,22,21,22,22,21,21,5,0,0,0,0
-60,43,1,0,0,0,6,25,25,27,27,26,25,25,24,24,25,25,25,25,23,23,24,23,22,22,22,22,22,21,21,22,22,11,22,22,22,21,20,20,20,19,20,19,19,19,18,19,19,20,19,18,18,17,17,18,17,18,17,16,5,0,0,0,0
-54,114,14,17,21,25,28,30,30,30,29,26,23,20,17,15,13,13,16,18,20,21,21,21,19,18,17,16,3,0,0,0,0,0,0,0,0,0,4,18,19,21,20,19,18,15,12,8,3,2,7,12,16,20,24,26,28,28,28,27,24,19,14,11,8
-85,114,14,26,23,14,13,18,19,21,26,28,30,31,32,32,30,25,18,12,6,2,4,10,14,15,18,21,5,0,0,0,0,0,0,0,0,0,5,18,14,15,19,20,21,23,24,21,19,21,20,17,10,5,5,9,13,16,22,28,31,29,26,28,30
-74,114,14,32,25,19,13,7,1,5,11,18,25,30,35,37,38,37,35,32,28,21,14,7,3,6,11,14,3,0,0,0,0,0,0,0,0,0,3,12,13,13,12,10,6,5,5,7,10,13,15,17,19,20,20,19,18,17,18,19,22,27,31,35,35
-60,118,8,0,0,0,7,29,30,31,31,29,29,28,28,28,28,29,30,29,28,27,28,27,26,26,25,25,25,24,24,26,26,13,26,26,25,24,24,24,24,23,23,23,23,21,21,22,22,22,21,20,20,19,19,18,18,17,18,17,4,0,0,0,0
-60,118,8,0,0,0,7,27,27,27,27,26,25,26,25,25,26,26,27,26,25,25,25,24,23,23,22,22,22,22,22,23,24,11,22,23,22,21,21,20,20,20,22,24,21,19,19,19,19,20,19,18,18,18,18,18,18,17,16,16,4,0,0,0,0
-60,163,8,0,0,0,7,26,27,28,28,27,26,26,25,25,25,27,27,27,26,25,25,25,24,24,24,23,23,22,23,25,25,12,24,24,24,23,23,23,22,21,20,20,21,20,20,20,21,21,20,20,19,18,18,18,18,18,17,17,5,0,0,0,0
-60,43,1,0,0,0,7,28,29,31,31,30,29,28,28,28,28,30,30,29,28,28,29,28,27,27,26,26,26,25,26,27,27,14,27,28,27,26,25,25,25,25,24,24,24,23,23,23,23,23,23,22,22,21,21,21,20,20,19,19,5,0,0,0,0
-53,114,14,12,17,21,24,27,29,29,28,27,24,21,17,13,10,9,11,13,15,17,20,20,20,19,17,17,4,0,0,0,0,0,0,0,0,0,4,16,17,18,19,18,17,16,13,10,5,1,5,8,13,17,21,24,25,25,26,26,23,19,14,10,6
-84,114,14,23,18,13,13,18,21,25,30,32,33,35,33,30,24,20,19,15,10,4,6,11,13,17,20,20,4,0,0,0,0,0,0,0,0,0,5,20,18,19,21,20,19,22,21,20,19,16,12,10,12,11,11,13,15,20,25,28,27,26,26,26,26
-71,114,14,32,26,19,14,9,6,7,12,17,23,26,29,29,29,27,25,22,17,12,7,4,7,10,12,13,3,0,0,0,0,0,0,0,0,0,1,3,0,4,9,14,18,24,27,29,29,29,26,23,18,12,8,1,5,12,18,25,30,34,37,40,42
-85,114,14,23,22,21,23,24,27,28,29,32,35,34,34,31,26,22,19,13,10,10,11,16,20,22,23,24,6,0,0,0,0,0,0,0,0,0,4,18,19,20,21,22,22,23,22,21,20,17,14,13,11,8,10,12,14,18,23,25,25,24,25,28,28
-62,118,8,0,0,0,9,34,34,35,35,33,32,32,31,31,31,32,32,31,30,29,30,29,27,27,27,27,27,26,26,27,27,14,27,27,27,26,25,25,25,24,24,24,24,22,22,22,23,23,22,21,20,20,19,19,18,18,17,16,4,0,0,0,0
-60,163,8,0,0,0,5,20,21,22,22,21,20,20,20,20,21,21,21,21,20,19,20,20,18,18,18,18,18,18,18,19,19,8,18,18,18,17,17,17,17,17,16,15,15,14,14,14,14,15,15,14,13,13,13,13,13,12,12,11,2,0,0,0,0
-61,43,1,0,0,0,7,27,28,29,29,27,27,27,26,26,27,28,28,28,26,26,27,26,25,24,25,24,24,24,24,25,25,13,25,25,25,24,22,22,22,22,22,22,22,20,20,21,21,21,21,19,19,18,18,17,17,17,17,16,5,0,0,0,0
-54,114,14,14,19,23,27,30,31,32,31,29,27,23,19,16,13,13,14,16,18,21,22,22,21,21,19,19,5,0,0,0,0,0,0,0,0,0,4,16,18,19,19,18,16,14,11,7,3,1,6,11,15,19,22,24,25,26,26,25,23,19,13,9,5
-79,114,14,27,25,20,19,17,12,8,3,1,4,7,12,15,18,21,22,24,24,24,23,20,15,11,8,5,1,0,0,0,0,0,0,0,0,0,6,25,29,31,31,28,26,26,25,24,22,21,25,27,27,29,30,28,25,23,22,20,20,20,20,22,22
-83,114,14,21,21,21,23,25,29,36,37,38,39,36,33,31,26,19,13,8,8,12,17,21,24,26,29,30,7,0,0,0,0,0,0,0,0,0,4,17,17,17,15,13,14,17,18,18,17,13,10,12,12,11,12,12,11,15,21,24,24,23,23,24,24
-59,118,8,0,0,0,7,30,30,32,31,29,29,29,28,28,28,29,30,29,28,27,28,27,25,25,25,25,25,24,25,26,26,13,25,25,25,25,24,24,24,23,21,21,21,21,20,21,21,21,20,20,19,19,18,17,17,16,16,15,3,0,0,0,0
-59,163,8,0,0,0,7,30,31,32,32,30,29,29,28,28,28,29,30,29,28,27,28,27,26,26,25,25,25,24,25,26,27,13,26,27,26,25,25,25,24,23,22,22,22,22,22,22,22,23,22,21,20,20,19,19,19,18,17,16,4,0,0,0,0
-59,163,8,0,0,0,7,29,30,31,31,29,29,28,27,27,27,29,29,29,28,27,28,27,26,26,26,25,25,24,26,27,27,13,27,26,26,26,25,25,24,24,23,23,23,22,22,22,23,23,22,21,21,19,20,19,19,18,18,16,4,0,0,0,0
-60,163,8,0,0,0,2,9,9,9,9,8,8,8,8,8,8,8,8,8,8,8,8,8,7,7,7,7,8,6,6,8,8,3,7,7,7,7,7,7,6,6,6,6,6,5,6,6,6,6,6,6,6,5,5,5,6,6,5,5,1,0,0,0,0
-59,43,1,0,0,0,8,29,30,31,31,29,28,27,27,27,28,28,29,28,27,26,27,26,25,24,24,24,24,24,24,25,25,13,25,25,25,24,23,23,23,22,21,21,21,21,20,21,21,21,20,19,19,18,18,17,17,16,16,15,4,0,0,0,0
-86,154,55,15,18,19,20,21,21,20,13,9,11,13,11,8,5,4,3,4,3,3,6,7,8,8,8,7,2,0,0,0,0,0,0,0,0,0,4,14,15,13,11,8,6,2,1,4,5,8,15,20,22,23,25,28,27,27,26,22,17,14,11,5,2
-54,114,14,18,23,27,30,32,34,33,32,30,26,22,18,14,12,12,15,18,21,23,25,24,24,22,21,19,5,0,0,0,0,0,0,0,0,0,4,17,19,20,20,20,19,17,14,9,4,1,7,12,17,21,24,27,28,29,29,28,25,20,13,8,4
-85,114,14,24,23,22,21,21,23,29,33,33,33,36,36,33,32,29,23,19,13,7,3,9,15,18,21,22,5,0,0,0,0,0,0,0,0,0,6,23,22,21,17,15,16,17,15,15,16,16,15,14,12,9,7,5,4,6,9,13,15,16,19,24,27
-72,114,14,44,41,37,33,29,25,20,15,14,15,20,24,29,31,34,36,34,31,27,21,16,13,12,13,15,4,0,0,0,0,0,0,0,0,0,4,13,12,10,6,3,5,9,14,18,22,25,27,29,30,30,29,25,21,15,8,0,9,17,27,35,38
-59,118,8,0,0,0,4,16,17,17,17,16,15,15,15,14,15,15,15,15,14,14,14,14,13,13,13,13,12,12,12,12,12,6,13,13,13,12,11,12,12,11,11,11,11,11,11,11,11,10,10,10,10,9,9,9,9,9,8,8,2,0,0,0,0
-60,163,8,0,0,0,7,28,28,29,29,27,27,26,26,26,26,28,28,27,27,27,27,27,25,25,24,25,24,24,25,26,27,13,26,26,25,24,24,24,24,23,23,22,22,22,22,22,23,23,22,21,21,20,19,19,18,18,18,18,4,0,0,0,0
-59,163,8,0,0,0,7,26,27,28,28,26,26,26,25,25,25,26,27,26,25,25,25,25,24,23,23,23,23,22,23,24,25,12,23,24,23,23,23,22,22,21,20,20,21,20,19,20,20,20,19,18,18,18,17,16,16,16,15,15,4,0,0,0,0
-60,43,1,0,0,0,3,14,14,15,15,14,13,13,12,12,13,13,13,12,12,12,12,12,11,11,11,11,11,10,11,11,12,5,11,11,11,10,10,10,10,10,9,9,10,9,8,8,9,9,9,8,8,8,7,7,7,7,7,6,1,0,0,0,0
-60,163,8,26,25,25,25,24,24,23,24,24,22,21,22,22,21,21,20,19,19,18,17,16,15,14,14,13,4,0,0,0,0,0,0,0,0,0,6,21,21,22,23,22,22,22,23,24,23,26,26,26,25,25,26,25,24,24,24,24,25,25,25,27,26
-82,108,20,19,23,28,32,32,31,30,30,32,30,25,21,16,12,10,7,5,2,1,2,2,4,6,8,10,2,0,0,0,0,0,0,0,0,0,3,13,12,10,9,9,9,7,5,4,6,10,16,21,27,32,36,38,38,38,37,35,31,25,21,16,10
-78,114,14,31,29,24,18,14,10,5,1,4,8,11,14,16,18,20,22,23,23,21,19,17,14,11,7,3,0,0,0,0,0,0,0,0,0,0,6,27,27,29,29,28,25,25,25,24,23,25,27,28,29,30,32,27,22,20,21,19,19,21,24,29,32
-52,114,14,16,21,25,28,30,31,31,30,29,26,23,18,14,11,9,10,12,14,17,18,19,20,18,18,17,4,0,0,0,0,0,0,0,0,0,3,15,15,16,16,14,13,11,10,6,3,4,8,11,14,18,22,24,24,24,25,24,20,17,12,7,2
-83,114,14,21,22,21,19,20,25,30,32,35,38,40,39,36,31,27,23,15,8,8,12,17,21,23,24,25,7,0,0,0,0,0,0,0,0,0,2,10,8,9,12,15,17,19,20,19,19,18,17,16,13,9,8,10,13,12,13,18,25,27,28,30,31
-73,114,14,28,21,15,10,5,8,14,18,24,29,32,34,34,31,28,24,18,11,5,3,8,13,18,21,23,6,0,0,0,0,0,0,0,0,0,1,8,6,6,8,12,15,18,22,25,26,25,24,20,16,11,5,1,9,16,22,25,31,37,42,44,43
-82,114,14,27,22,17,17,20,24,26,28,31,33,32,30,30,26,22,17,10,5,4,9,14,18,19,22,25,6,0,0,0,0,0,0,0,0,0,1,6,9,10,12,15,15,16,18,18,18,16,15,13,11,9,7,6,8,13,16,18,23,25,24,26,31
-60,118,8,0,0,0,7,29,29,29,29,29,27,28,27,27,28,29,30,29,26,26,27,26,26,25,25,26,25,24,25,26,26,13,25,26,25,25,24,24,24,22,22,22,22,21,21,22,22,22,21,21,20,19,19,19,18,18,17,17,4,0,0,0,0
-60,163,8,0,0,0,7,28,29,30,30,29,28,28,27,27,27,28,29,28,28,27,28,27,25,25,25,25,25,24,24,26,26,13,26,26,25,24,24,24,24,23,22,22,22,21,21,22,22,22,21,20,20,19,18,18,18,18,17,17,4,0,0,0,0
-59,43,1,0,0,0,6,26,26,27,28,26,25,25,25,25,25,25,26,25,25,24,25,24,22,22,21,21,21,21,22,22,23,11,22,22,22,21,20,21,21,19,19,20,19,18,18,19,19,19,18,18,16,16,16,15,15,15,15,14,3,0,0,0,0
-82,108,20,24,30,33,33,32,29,28,31,31,26,20,16,10,7,5,5,4,2,2,4,4,5,6,7,7,1,0,0,0,0,0,0,0,0,0,4,15,14,13,12,11,8,5,2,4,10,16,22,25,29,33,35,37,40,38,35,32,27,23,18,9,3
-53,114,14,18,23,27,30,33,33,34,32,30,27,23,19,15,13,13,15,17,20,22,23,22,21,20,19,17,4,0,0,0,0,0,0,0,0,0,4,17,19,19,19,18,16,14,11,7,3,4,8,13,17,21,25,27,28,28,28,26,24,18,13,7,3
-76,114,14,25,25,19,11,6,3,2,9,14,13,14,18,19,21,23,21,20,21,18,16,13,9,5,2,1,1,0,0,0,0,0,0,0,0,0,5,22,25,26,25,25,24,24,24,24,22,22,24,24,23,24,24,24,24,23,21,20,24,26,26,26,27
-75,114,14,35,30,27,25,23,19,13,8,9,14,19,25,31,35,35,34,32,28,22,16,10,4,3,8,11,3,0,0,0,0,0,0,0,0,0,3,11,10,7,5,4,6,11,16,20,24,26,25,23,21,18,15,11,7,7,12,17,23,28,32,35,37
-82,114,14,26,24,20,19,22,27,30,32,33,37,39,38,35,30,26,22,17,13,11,13,12,11,15,17,18,4,0,0,0,0,0,0,0,0,0,3,13,13,12,10,12,15,18,20,19,19,19,21,19,14,11,11,9,7,9,12,16,19,19,20,24,28
-76,114,14,31,27,22,18,16,13,10,7,8,14,20,25,30,32,32,31,29,26,19,9,6,8,6,10,14,4,0,0,0,0,0,0,0,0,0,1,8,7,5,3,2,6,10,16,20,23,25,26,27,26,24,21,17,14,14,20,24,29,33,39,42,42
-60,118,8,0,0,0,8,31,32,33,33,32,31,30,30,30,30,32,32,32,30,30,30,30,28,28,28,29,29,28,28,30,30,15,29,29,29,28,27,28,27,26,25,25,25,24,24,25,25,25,24,23,22,21,21,20,20,21,20,18,5,0,0,0,0
-59,163,8,0,0,0,7,31,32,33,33,31,30,29,29,28,30,31,31,30,29,28,29,28,26,26,26,26,26,25,25,27,27,13,26,27,26,26,25,25,25,24,22,23,23,21,21,22,22,22,21,20,19,19,18,18,18,18,17,16,4,0,0,0,0
-59,163,8,0,0,0,7,28,27,29,29,27,26,26,26,26,27,27,27,26,25,25,26,25,23,24,23,23,23,22,22,23,25,12,24,24,24,22,21,21,21,21,20,19,19,19,20,20,20,19,19,18,18,18,17,17,17,16,15,14,4,0,0,0,0
-59,43,1,0,0,0,7,31,31,32,32,30,29,29,28,28,28,30,30,29,28,27,28,27,26,26,26,25,25,25,25,26,27,13,25,26,26,24,24,24,23,22,21,22,22,21,20,21,21,21,20,19,18,18,17,17,17,17,16,16,3,0,0,0,0
-78,114,14,22,23,21,17,14,14,11,5,4,3,4,10,17,19,18,19,20,21,21,17,14,12,8,3,2,0,0,0,0,0,0,0,0,0,0,6,27,27,27,27,28,26,24,23,21,19,19,21,23,22,25,27,26,26,26,24,21,19,21,21,21,24
-53,114,14,21,27,32,36,38,40,40,38,35,32,26,21,17,12,12,16,19,23,26,27,28,28,26,24,23,6,0,0,0,0,0,0,0,0,0,5,21,22,23,23,22,20,17,13,8,3,5,11,17,22,27,31,34,36,37,37,34,30,23,16,10,5
-83,114,14,22,20,15,17,24,27,30,32,34,34,37,38,33,27,23,18,13,8,7,10,13,17,19,20,20,5,0,0,0,0,0,0,0,0,0,3,13,15,18,20,24,28,28,26,26,24,21,18,15,12,9,7,8,10,14,19,21,23,25,27,27,25
-73,114,14,43,37,32,27,21,13,6,2,9,17,24,28,31,31,31,30,27,21,17,10,5,3,6,10,12,3,0,0,0,0,0,0,0,0,0,3,11,9,5,4,6,12,17,21,25,27,30,31,30,28,26,23,18,12,7,5,10,18,25,32,38,41
-61,118,8,0,0,0,6,29,29,31,31,30,29,28,27,27,27,29,29,29,28,27,29,28,27,26,26,26,26,25,26,28,28,13,27,27,27,26,26,26,25,25,24,25,24,23,23,23,24,24,23,22,21,20,20,19,19,19,18,18,4,0,0,0,0
-61,43,1,0,0,0,4,15,15,16,15,14,14,14,14,14,14,15,15,14,14,14,14,14,12,12,13,13,13,12,13,14,13,6,12,14,14,12,12,12,12,12,11,11,11,11,11,11,11,10,10,10,10,9,8,9,8,8,7,7,1,0,0,0,0
-54,114,14,13,18,22,26,28,29,29,28,26,24,21,16,14,11,10,12,14,17,18,19,20,20,19,18,17,4,0,0,0,0,0,0,0,0,0,4,18,19,20,20,19,17,14,11,8,5,6,9,14,19,23,26,29,30,30,30,29,25,21,16,10,6
-82,114,14,24,23,21,20,22,26,29,31,35,38,38,35,32,27,22,18,15,11,11,11,12,16,19,19,21,5,0,0,0,0,0,0,0,0,0,4,15,19,21,21,22,24,24,26,26,24,22,18,14,11,9,8,7,10,14,19,23,25,25,27,29,29
-61,118,8,0,0,0,5,22,23,24,24,23,22,22,21,21,21,22,22,22,21,21,21,21,20,19,19,19,19,18,18,19,20,9,19,19,19,18,18,18,18,17,17,17,17,16,16,15,16,14,13,15,17,12,12,14,13,10,7,3,1,0,0,0,0
-61,43,1,0,0,0,6,27,28,29,28,26,26,26,25,25,25,26,27,26,25,25,25,25,24,24,23,24,24,22,24,25,25,12,25,25,24,25,25,24,23,22,21,20,21,20,20,20,20,20,20,19,18,18,18,17,16,17,16,16,3,0,0,0,0
-55,114,14,13,18,23,26,29,30,30,30,29,26,23,19,16,13,12,12,15,17,18,19,20,20,19,18,16,4,0,0,0,0,0,0,0,0,0,5,17,18,20,20,19,18,16,13,9,6,6,9,13,16,20,24,26,28,28,28,28,25,21,16,11,6
-53,114,14,17,24,30,34,38,39,39,39,36,34,30,25,21,17,17,17,20,23,26,27,27,27,26,24,23,6,0,0,0,0,0,0,0,0,0,6,23,25,25,25,24,22,19,16,11,7,6,10,15,21,26,30,33,35,36,37,35,32,26,20,14,8
-85,114,14,24,23,20,17,18,18,19,21,28,32,34,35,32,27,27,25,17,12,8,7,10,13,16,17,18,5,0,0,0,0,0,0,0,0,0,3,16,17,18,18,18,17,20,25,23,19,19,21,21,17,14,11,9,9,10,12,14,17,20,21,25,29
-71,114,14,38,35,32,29,25,21,19,16,15,16,20,25,29,31,33,34,33,30,26,21,15,12,10,10,12,3,0,0,0,0,0,0,0,0,0,4,17,15,12,11,10,11,14,21,25,27,31,33,33,31,30,26,21,15,8,5,9,15,22,28,34,38
-61,118,8,0,0,0,6,24,25,25,25,24,23,23,22,22,23,24,24,24,23,22,23,22,21,21,21,20,20,19,20,21,22,11,21,21,21,20,20,20,19,18,18,19,19,18,17,18,18,18,18,17,16,16,16,15,14,14,14,13,4,0,0,0,0
-59,163,8,0,0,0,8,30,30,32,32,30,29,29,28,28,28,29,30,29,28,28,29,28,26,26,26,26,26,25,25,27,27,14,27,27,27,26,25,25,25,24,23,22,23,23,23,23,23,23,23,22,22,21,21,20,20,20,18,18,5,0,0,0,0
-59,163,8,0,0,0,8,29,29,31,31,30,30,29,28,27,28,30,31,30,28,28,29,27,26,26,26,26,26,25,26,27,27,13,26,26,27,25,25,25,25,25,23,25,24,22,22,23,23,23,23,22,21,21,21,20,20,20,19,19,5,0,0,0,0
-61,163,8,0,0,0,8,30,30,31,31,29,28,28,27,27,28,28,29,28,27,26,26,26,25,25,25,25,25,23,24,26,25,13,25,25,25,24,23,24,23,22,20,21,22,21,21,21,20,21,20,19,19,18,18,18,17,17,16,16,4,0,0,0,0
-61,163,8,0,0,0,6,25,25,26,26,25,24,23,23,23,24,25,25,24,23,22,23,23,22,22,21,21,21,21,22,22,22,11,22,22,22,21,21,21,20,19,19,20,20,19,18,18,18,19,18,17,17,16,16,15,15,14,13,13,3,0,0,0,0
-61,43,1,0,0,0,7,29,29,30,30,29,27,27,27,27,28,28,29,28,28,27,28,27,26,25,25,25,25,25,26,27,27,13,28,28,27,26,26,26,25,25,23,23,24,23,23,23,24,24,23,22,22,21,20,20,20,20,19,19,5,0,0,0,0
-78,114,14,21,21,18,13,11,9,8,2,6,11,12,15,19,21,21,21,22,22,20,18,16,13,12,9,5,1,0,0,0,0,0,0,0,0,0,7,27,28,30,30,29,28,27,24,24,21,21,24,25,23,23,24,23,21,19,18,18,23,24,26,26,26
-54,114,14,22,28,32,35,38,38,37,35,33,29,24,19,13,12,12,15,18,23,26,27,27,26,25,24,22,5,0,0,0,0,0,0,0,0,0,4,19,20,21,20,19,17,14,10,5,4,8,13,19,23,28,31,33,34,33,32,29,25,19,13,6,1
-83,114,14,28,24,21,19,21,24,27,31,37,39,39,37,35,31,26,24,19,12,9,7,12,17,20,23,26,7,0,0,0,0,0,0,0,0,0,4,17,18,20,21,23,25,29,29,29,26,25,22,17,11,7,6,7,11,14,17,22,26,26,28,34,37
-75,114,14,29,22,18,15,12,8,10,13,16,20,25,30,29,27,24,20,15,8,3,4,9,13,17,18,19,5,0,0,0,0,0,0,0,0,0,3,10,13,15,18,21,24,26,27,26,23,20,17,12,6,6,10,16,20,25,32,38,42,43,45,45,41
-61,118,8,0,0,0,7,29,30,31,31,30,28,28,28,27,27,28,29,28,27,27,28,27,25,25,25,25,25,24,25,26,26,13,26,26,26,25,25,24,24,23,22,23,23,22,22,22,22,22,21,21,21,20,19,19,18,18,18,17,4,0,0,0,0
-60,163,8,0,0,0,7,26,27,28,28,26,25,25,25,25,25,26,27,27,26,25,26,25,24,24,23,23,23,23,23,24,24,12,24,24,24,23,22,22,22,21,21,22,21,20,20,20,20,20,20,19,19,18,18,17,17,16,16,15,4,0,0,0,0
-60,43,1,0,0,0,7,25,25,26,26,25,24,23,23,23,24,24,25,25,24,22,23,22,21,21,21,21,21,21,21,22,22,10,21,21,21,20,20,19,19,19,19,19,19,18,17,18,18,18,18,17,16,16,16,15,15,15,14,13,4,0,0,0,0
-60,43,1,0,0,0,7,29,30,32,31,30,29,29,29,28,29,30,31,30,29,28,29,28,27,27,26,26,26,25,26,27,26,13,26,26,26,25,24,25,24,23,23,23,23,22,21,22,21,21,21,20,19,18,18,17,18,18,16,16,3,0,0,0,0
-54,114,14,8,11,15,17,18,20,20,21,20,18,17,14,12,10,8,8,9,10,12,13,13,13,13,12,12,2,0,0,0,0,0,0,0,0,0,3,13,13,13,13,12,11,9,7,5,4,6,8,11,13,15,18,18,19,19,20,20,18,15,12,9,6
-74,114,14,38,32,29,26,22,15,9,4,7,16,24,30,35,37,38,39,36,32,28,22,16,12,10,10,10,3,0,0,0,0,0,0,0,0,0,4,15,13,12,9,5,3,6,11,14,15,19,22,22,22,21,18,13,9,6,8,13,19,24,28,32,34
-82,114,14,31,27,21,20,19,20,23,27,30,32,33,34,33,32,29,24,18,15,13,11,14,15,17,18,21,6,0,0,0,0,0,0,0,0,0,3,15,16,14,14,14,15,18,18,19,19,20,19,19,17,17,13,9,10,11,14,19,23,26,26,29,32
-73,114,14,40,36,33,29,25,20,14,8,7,12,20,27,33,36,38,41,38,34,30,24,17,12,10,9,10,2,0,0,0,0,0,0,0,0,0,2,12,13,10,7,4,3,7,10,14,18,20,21,22,20,18,18,15,10,6,9,14,20,27,31,34,36
-60,118,8,0,0,0,8,30,30,31,31,30,29,28,28,28,29,30,31,30,29,29,28,28,26,26,26,26,26,26,26,28,28,14,27,27,27,27,26,26,26,25,25,25,25,23,23,23,24,24,23,22,22,21,21,21,20,20,19,18,5,0,0,0,0
-60,163,8,0,0,0,6,29,29,30,30,28,28,27,27,26,28,28,29,28,28,26,27,27,25,25,25,26,25,24,25,26,26,13,26,26,26,25,25,25,24,23,22,22,22,22,22,22,22,22,22,21,21,19,19,19,18,18,17,18,3,0,0,0,0
-61,163,8,0,0,0,7,29,30,32,31,31,29,29,29,29,29,31,31,31,29,29,29,29,27,27,27,27,27,27,28,29,29,14,28,28,29,27,26,26,26,25,24,24,24,24,23,24,24,24,24,22,22,22,21,20,20,20,18,17,4,0,0,0,0
-60,163,8,0,0,0,6,27,27,29,28,27,26,26,26,25,26,26,27,27,26,26,26,26,25,24,24,24,23,22,24,25,25,13,25,26,26,24,22,23,24,23,25,28,25,22,22,21,21,20,20,19,19,18,18,17,17,17,16,17,4,0,0,0,0
-60,43,1,0,0,0,7,31,32,33,34,31,30,29,29,29,29,30,31,30,29,28,29,28,26,26,26,26,26,25,25,27,27,13,27,27,26,25,24,25,24,23,23,23,23,23,22,23,22,23,22,21,20,19,19,19,18,18,17,17,4,0,0,0,0
-53,114,14,18,23,27,29,32,33,32,30,27,25,20,15,12,9,9,13,16,19,22,23,24,22,22,19,17,4,0,0,0,0,0,0,0,0,0,5,19,20,20,20,19,17,14,11,7,3,5,8,13,17,21,25,27,27,27,27,25,22,17,12,6,2
-71,114,14,39,32,26,20,14,7,2,8,14,21,25,29,30,30,29,27,23,18,13,8,6,7,9,11,13,3,0,0,0,0,0,0,0,0,0,3,15,13,10,5,3,7,13,19,24,27,30,32,31,29,27,25,19,13,10,13,19,26,30,36,42,45
-60,118,8,0,0,0,8,33,33,34,33,32,31,30,29,29,30,31,31,31,29,29,29,29,27,27,26,26,26,26,26,27,27,14,26,26,26,25,24,24,24,24,24,24,24,22,22,22,22,22,22,20,20,19,19,18,18,18,17,16,4,0,0,0,0
-60,43,1,0,0,0,8,34,34,36,35,33,32,31,30,30,30,31,31,31,30,28,28,27,26,25,25,25,25,24,24,25,25,13,25,24,24,23,22,22,22,22,20,20,20,20,19,19,19,20,20,19,18,17,17,18,17,17,16,16,4,0,0,0,0
-78,114,14,25,21,17,13,9,5,2,1,5,8,12,14,17,20,22,24,24,24,23,20,16,13,10,5,2,0,0,0,0,0,0,0,0,0,0,5,24,26,28,29,28,26,26,26,24,22,21,21,21,21,21,21,21,19,18,19,20,21,21,24,28,28
-54,114,14,16,21,26,29,32,33,33,32,29,27,22,18,13,10,8,11,14,17,20,22,22,21,20,20,19,5,0,0,0,0,0,0,0,0,0,5,20,21,22,21,21,19,17,13,9,7,7,12,16,21,25,28,30,31,31,32,30,27,22,16,10,5
-78,114,14,25,22,19,15,11,8,5,3,5,7,10,14,19,23,26,28,28,27,26,24,21,18,14,9,4,1,0,0,0,0,0,0,0,0,0,7,27,28,30,31,31,31,30,29,25,25,24,23,24,23,24,25,24,22,21,21,21,22,23,23,25,29
-82,114,14,22,20,18,18,22,25,27,31,35,37,36,35,35,31,27,21,14,8,4,6,12,16,19,20,21,5,0,0,0,0,0,0,0,0,0,3,14,14,16,19,21,23,25,27,26,26,25,21,16,12,10,8,8,12,16,20,22,24,25,26,28,27
-62,118,8,0,0,0,3,14,14,14,15,13,13,14,13,13,13,14,14,14,13,13,13,13,13,12,12,12,12,12,12,13,12,6,12,12,12,11,11,11,11,11,10,10,11,10,10,9,10,10,9,9,9,9,9,9,8,9,8,8,2,0,0,0,0
-61,43,1,0,0,0,8,32,32,33,33,31,30,30,29,29,29,30,32,31,29,29,29,28,26,26,26,25,25,25,26,27,27,13,27,27,26,25,25,25,24,24,24,24,23,22,22,23,23,23,22,21,21,20,20,19,19,19,18,17,5,0,0,0,0
-62,163,8,30,30,29,28,27,27,26,25,25,25,24,24,24,23,24,23,23,21,19,18,17,17,16,16,15,3,0,0,0,0,0,0,0,0,0,5,23,24,25,26,25,25,26,26,27,28,29,31,30,29,28,29,28,28,27,27,27,28,28,29,30,30
-55,114,14,11,14,17,19,21,21,21,21,19,17,14,11,8,7,7,8,10,12,15,15,15,15,14,13,12,3,0,0,0,0,0,0,0,0,0,3,12,12,12,12,11,10,8,7,4,3,4,7,9,11,13,16,17,17,17,17,17,14,11,8,5,1
-77,114,14,20,18,15,11,8,5,0,2,4,9,14,16,19,21,21,22,21,20,20,19,17,12,7,4,2,0,0,0,0,0,0,0,0,0,0,5,25,25,27,26,26,25,24,23,20,19,20,22,22,22,23,24,22,21,20,19,18,18,19,23,27,24
-73,114,14,36,35,35,33,32,29,24,18,11,4,5,12,18,22,26,29,29,27,26,22,16,11,7,4,4,1,0,0,0,0,0,0,0,0,0,3,9,8,6,5,4,4,9,14,18,22,26,29,31,30,30,29,26,22,18,13,9,10,13,17,22,25
-82,114,14,26,22,18,15,13,15,19,25,30,34,34,34,32,29,24,20,16,9,3,4,10,14,17,18,18,4,0,0,0,0,0,0,0,0,0,3,13,13,15,17,18,21,23,26,28,28,27,25,22,17,10,5,6,9,11,14,21,29,32,35,36,33
-72,114,14,37,37,35,35,33,29,25,18,11,3,5,13,20,26,29,32,33,32,29,25,19,14,10,7,4,1,0,0,0,0,0,0,0,0,0,2,11,11,10,8,6,6,8,13,18,22,26,30,32,32,32,31,29,25,20,16,11,7,9,14,20,23
-84,108,20,30,34,35,34,31,30,26,20,17,13,11,10,7,2,2,4,5,5,7,9,10,8,7,7,12,3,0,0,0,0,0,0,0,0,0,3,9,8,5,2,4,9,14,16,18,23,25,26,29,29,26,23,22,18,15,11,4,2,8,14,19,22
-61,118,8,0,0,0,6,26,25,28,27,26,25,25,25,25,25,26,26,25,24,24,25,25,23,23,23,23,22,22,23,25,25,12,24,24,23,22,22,22,22,21,21,21,21,20,20,19,20,20,19,19,18,17,17,17,16,16,15,14,4,0,0,0,0
-61,163,8,0,0,0,7,31,31,32,33,31,29,29,29,29,29,30,30,30,29,27,29,28,27,26,25,25,25,24,25,27,27,12,26,26,26,24,24,24,24,23,21,22,22,21,21,21,21,21,20,19,19,18,17,17,16,16,15,15,3,0,0,0,0
-61,43,1,0,0,0,7,29,30,31,31,30,28,27,27,27,27,29,29,28,27,26,26,26,25,24,24,23,22,22,23,24,24,12,23,24,23,23,21,22,21,20,20,20,20,19,19,19,19,19,18,17,17,17,16,15,14,14,14,14,3,0,0,0,0
-54,114,14,22,28,33,37,39,40,40,39,36,32,27,20,14,9,8,12,16,21,24,27,28,28,26,24,23,5,0,0,0,0,0,0,0,0,0,6,22,23,24,23,21,19,15,12,8,6,9,13,18,21,25,29,31,32,32,31,29,25,20,13,7,4
-81,114,14,24,19,15,14,17,22,26,31,34,37,38,35,33,30,25,19,12,6,8,12,17,21,21,22,24,6,0,0,0,0,0,0,0,0,0,2,11,16,20,23,25,26,28,30,29,25,24,22,17,12,7,5,7,11,15,20,26,30,31,31,31,31
-75,114,14,30,28,25,22,17,12,9,8,12,18,22,28,30,29,27,25,22,17,11,7,8,10,12,14,16,4,0,0,0,0,0,0,0,0,0,1,3,1,5,11,16,19,24,28,28,27,25,22,17,11,5,1,5,9,14,18,23,28,31,33,36,37
-61,118,8,0,0,0,7,27,27,28,28,27,26,26,25,25,26,27,27,27,26,25,25,25,24,23,23,24,23,23,24,25,24,12,24,24,24,23,23,23,23,22,22,22,22,21,21,21,21,21,21,20,20,19,19,19,18,18,17,17,5,0,0,0,0
-62,163,8,0,0,0,8,32,33,35,35,33,32,32,31,30,30,32,32,31,30,30,30,29,27,27,27,27,27,26,27,28,28,14,28,28,28,27,26,26,26,25,24,23,24,23,23,23,23,23,23,22,21,21,20,20,20,20,19,18,5,0,0,0,0
-62,43,1,0,0,0,6,25,25,27,27,24,24,24,24,24,24,25,26,25,24,24,24,24,22,23,22,22,22,21,22,24,24,12,23,23,22,22,21,21,21,21,19,19,20,20,19,20,19,20,19,18,18,16,16,17,16,16,16,15,3,0,0,0,0
-86,108,20,30,28,28,25,23,23,21,19,17,14,8,7,4,2,1,2,2,5,4,5,7,7,7,8,9,2,0,0,0,0,0,0,0,0,0,1,7,5,3,1,3,6,9,12,16,19,20,22,23,22,19,18,20,19,16,12,7,4,3,6,12,19
-78,114,14,22,19,19,19,14,8,7,6,5,4,8,12,13,17,21,23,21,21,24,23,20,16,11,6,3,1,0,0,0,0,0,0,0,0,0,6,23,25,26,25,25,25,25,25,24,22,20,20,22,19,19,17,19,19,17,17,19,20,20,24,27,26
-55,114,14,13,18,22,25,28,30,30,30,28,26,22,18,13,10,8,9,12,16,18,19,21,21,20,19,18,5,0,0,0,0,0,0,0,0,0,4,17,17,18,18,16,15,13,10,7,6,6,10,13,16,20,23,26,27,27,27,26,24,20,16,11,7
-78,114,14,23,21,18,15,10,8,7,5,6,7,8,11,15,17,20,23,23,22,21,19,17,14,10,6,4,0,0,0,0,0,0,0,0,0,0,4,19,22,24,25,26,26,24,22,22,21,20,20,20,18,15,14,14,17,17,14,17,20,21,21,21,21
-60,118,8,0,0,0,6,26,27,28,28,27,26,26,26,26,26,27,27,27,26,25,26,25,24,23,23,23,23,22,23,24,24,11,23,24,23,22,22,22,21,20,20,21,21,20,19,19,19,19,19,18,17,17,17,16,16,16,15,15,3,0,0,0,0
-60,163,8,0,0,0,4,12,13,14,14,13,13,12,12,12,13,13,13,13,12,12,12,11,11,11,11,11,11,11,11,11,11,5,11,10,10,10,10,10,10,10,10,10,10,9,9,9,10,10,8,8,8,8,7,8,7,7,7,7,2,0,0,0,0
-60,43,1,0,0,0,7,27,27,29,29,27,26,26,26,26,26,27,28,27,26,26,26,26,24,24,24,24,24,23,24,25,25,12,24,24,24,24,22,22,22,22,22,21,21,20,21,21,20,21,20,20,19,18,18,18,17,17,16,16,4,0,0,0,0
-60,43,1,0,0,0,7,27,28,29,29,28,27,27,26,26,27,27,28,27,27,26,27,26,25,24,24,24,24,24,24,25,25,13,25,25,25,24,23,23,23,22,22,22,22,21,20,21,21,21,20,19,19,18,18,17,17,18,17,16,4,0,0,0,0
-54,114,14,12,16,20,24,26,28,28,28,26,23,20,15,11,9,8,10,12,15,18,19,18,18,18,17,16,4,0,0,0,0,0,0,0,0,0,3,15,16,17,16,16,15,14,12,8,6,5,7,12,15,18,21,23,24,25,25,24,21,17,13,9,5
-77,114,14,24,26,20,14,13,13,7,3,8,13,14,14,15,18,20,21,22,22,21,18,16,13,10,5,2,1,0,0,0,0,0,0,0,0,0,5,23,26,28,27,27,27,26,25,24,22,21,20,20,20,20,22,23,23,23,22,21,25,25,21,20,23
-54,114,14,16,23,28,32,35,37,36,35,34,31,26,21,17,14,13,15,18,22,25,27,27,26,25,23,22,5,0,0,0,0,0,0,0,0,0,5,20,21,23,23,22,20,18,15,11,7,5,8,13,18,22,26,28,31,32,32,31,27,23,17,11,6
-84,114,14,22,19,16,15,19,24,27,29,34,36,36,36,34,30,24,18,12,7,5,7,10,15,19,21,20,5,0,0,0,0,0,0,0,0,0,4,17,20,24,25,25,26,27,24,24,24,22,21,16,10,6,4,5,8,12,17,21,24,27,30,32,33
-72,114,14,40,38,35,31,29,23,17,10,6,9,14,20,25,28,30,31,30,27,22,17,12,7,4,3,5,1,0,0,0,0,0,0,0,0,0,7,23,18,11,6,2,3,9,13,18,20,23,26,26,26,25,24,20,14,8,2,4,11,18,24,28,31
-61,118,8,0,0,0,5,25,25,26,26,26,24,23,23,23,23,24,25,24,23,22,23,22,21,20,20,20,20,20,20,21,20,10,21,21,21,19,19,19,18,18,18,18,18,17,16,16,17,17,16,15,15,13,13,13,13,13,12,12,3,0,0,0,0
-61,163,8,0,0,0,8,32,32,34,34,32,31,31,30,30,31,32,32,31,30,30,31,30,29,28,28,27,27,26,27,28,28,14,28,28,28,27,26,26,25,24,23,23,24,23,23,23,23,23,22,21,20,19,19,18,18,17,16,16,4,0,0,0,0
-62,163,8,0,0,0,6,24,24,25,25,22,22,22,22,22,22,23,24,23,21,21,22,21,19,19,20,20,20,19,19,20,20,10,19,19,19,19,18,18,17,16,15,15,16,16,16,16,15,15,14,14,14,13,13,13,12,12,12,12,3,0,0,0,0
-61,163,8,0,0,0,8,32,32,33,33,31,30,31,30,30,30,31,32,31,29,29,29,29,28,27,27,27,27,26,26,27,27,13,27,27,26,25,25,25,25,23,23,24,23,22,21,22,22,22,20,19,19,18,18,18,18,17,17,16,4,0,0,0,0
-62,43,1,0,0,0,8,33,33,34,35,33,31,31,30,30,31,32,33,32,31,30,31,31,30,29,29,28,28,28,29,29,29,15,30,30,30,28,27,27,27,26,26,27,26,25,25,25,26,25,24,23,22,22,22,22,22,22,21,20,5,0,0,0,0
-77,114,14,26,24,20,16,15,13,10,7,8,11,14,16,19,23,25,27,28,27,25,21,18,14,10,7,7,1,0,0,0,0,0,0,0,0,0,7,30,30,32,32,31,29,27,26,24,21,20,20,21,21,21,22,23,22,22,23,23,23,22,21,22,24
-54,114,14,19,26,30,33,36,36,36,34,31,28,23,17,14,12,12,15,19,22,25,25,26,25,24,22,21,4,0,0,0,0,0,0,0,0,0,4,18,19,20,19,18,16,14,10,7,4,7,11,16,20,24,27,29,30,30,29,28,24,19,13,7,3
-78,114,14,24,24,22,21,19,17,11,10,10,10,14,17,19,20,23,25,27,27,27,26,23,19,13,8,6,2,0,0,0,0,0,0,0,0,0,7,26,28,29,29,29,29,27,25,24,22,21,21,21,20,20,21,21,19,21,23,24,23,23,24,27,28
-74,114,14,38,39,37,35,32,28,22,17,12,9,10,14,17,20,21,24,23,21,18,15,11,6,1,2,5,1,0,0,0,0,0,0,0,0,0,6,28,26,25,23,22,23,24,26,27,28,29,29,28,25,22,19,14,9,7,10,14,18,21,25,28,29
-83,114,14,21,21,19,21,24,26,29,32,34,36,38,36,32,27,23,17,10,4,8,11,15,18,20,22,22,6,0,0,0,0,0,0,0,0,0,5,18,16,17,20,21,22,25,24,21,21,22,19,18,15,12,11,11,14,17,21,26,26,24,25,26,25
-62,118,8,0,0,0,9,33,34,35,35,33,32,32,31,31,31,32,33,32,31,30,31,30,28,28,27,27,27,26,27,28,28,14,27,27,27,26,25,25,25,24,23,22,23,22,22,22,22,22,21,20,20,19,19,18,18,18,17,17,4,0,0,0,0
-61,43,1,0,0,0,6,24,25,26,26,25,24,25,24,24,24,25,25,25,24,23,24,24,22,22,22,22,22,21,22,23,23,11,22,22,22,21,20,21,20,18,18,19,19,17,17,17,18,18,17,16,16,15,16,15,14,14,13,13,3,0,0,0,0
-54,114,14,19,25,30,34,38,39,39,38,35,32,27,21,16,12,11,13,18,21,24,25,26,25,25,23,21,5,0,0,0,0,0,0,0,0,0,6,23,23,24,24,23,21,19,16,11,7,7,10,14,19,23,27,31,32,33,34,33,29,24,18,12,7
-83,114,14,22,17,11,8,11,15,22,29,33,34,34,33,32,28,23,18,14,8,2,5,10,16,21,23,24,6,0,0,0,0,0,0,0,0,0,3,11,13,16,20,21,23,26,27,26,25,24,22,18,12,7,4,6,10,13,18,21,22,25,28,29,30
-73,114,14,36,35,33,32,29,25,21,15,11,10,14,20,26,31,36,38,38,36,32,27,21,16,12,9,9,3,0,0,0,0,0,0,0,0,0,3,11,11,10,11,12,15,17,21,25,27,30,32,33,32,31,29,24,19,16,13,13,17,22,28,31,32
-61,118,8,0,0,0,7,29,29,31,31,29,28,29,28,28,28,29,30,29,27,27,27,27,25,25,25,25,25,24,25,26,26,12,25,26,25,25,24,24,24,23,21,21,22,21,21,21,21,21,21,20,18,18,17,17,17,17,16,16,4,0,0,0,0
-62,118,8,0,0,0,3,11,11,11,11,10,10,10,10,10,10,10,10,10,10,10,10,10,9,9,9,9,9,8,9,9,9,5,8,8,8,8,8,8,8,8,8,9,7,7,7,7,7,7,7,7,7,7,7,7,6,6,6,6,2,0,0,0,0
-61,163,8,0,0,0,8,31,31,32,32,31,30,30,28,28,30,31,31,29,28,28,28,28,27,26,26,26,26,25,25,27,27,13,27,27,26,25,25,25,24,23,23,24,24,22,21,21,22,22,21,21,21,20,19,18,18,19,18,17,4,0,0,0,0
-61,43,1,0,0,0,8,33,33,34,34,33,32,32,31,30,30,32,33,32,31,31,31,30,28,28,28,27,27,26,27,29,29,14,28,28,28,26,25,25,25,24,24,22,22,23,23,23,22,22,22,21,20,20,19,19,18,18,17,17,5,0,0,0,0
-54,114,14,20,25,30,34,37,38,38,36,33,30,25,19,13,10,10,13,17,21,24,25,26,26,25,22,21,5,0,0,0,0,0,0,0,0,0,4,18,19,20,21,20,20,17,15,9,5,5,9,14,18,23,27,30,32,32,32,31,27,22,15,9,4
-82,114,14,28,26,23,22,25,28,30,32,35,37,36,33,32,29,27,23,18,14,13,14,17,18,22,24,25,7,0,0,0,0,0,0,0,0,0,3,13,16,20,21,22,21,23,26,25,22,20,18,16,12,10,6,5,9,15,20,24,26,27,27,29,30
-73,114,14,34,30,27,24,20,16,12,10,13,18,24,28,30,29,29,27,23,17,13,10,8,9,12,13,14,2,0,0,0,0,0,0,0,0,0,2,8,5,2,5,11,17,22,26,29,30,30,28,24,19,14,8,3,5,11,17,22,27,33,36,38,40
-83,114,14,25,21,17,16,18,23,27,28,29,32,33,32,31,27,21,18,15,11,9,10,12,15,19,22,21,5,0,0,0,0,0,0,0,0,0,4,15,15,17,20,22,23,24,25,24,22,22,21,19,13,8,5,5,7,10,15,22,27,28,28,30,32
-61,118,8,0,0,0,7,29,29,30,30,29,28,28,27,26,28,28,28,27,26,25,26,25,24,23,23,23,23,22,23,24,23,11,23,23,23,22,22,22,21,20,20,21,20,19,19,19,19,19,19,17,17,16,16,15,15,15,14,14,3,0,0,0,0
-61,163,8,0,0,0,8,31,31,32,32,30,30,29,29,29,29,30,31,30,29,28,29,28,27,27,27,26,26,25,26,27,28,14,26,27,26,25,24,24,24,23,22,22,22,21,21,21,21,21,22,21,20,19,19,18,18,17,17,16,5,0,0,0,0
-61,43,1,0,0,0,7,26,26,27,26,24,26,27,25,24,23,22,22,22,21,22,23,22,21,23,23,22,21,21,21,20,21,11,21,22,21,20,20,21,20,19,19,18,18,16,17,17,17,17,17,16,16,16,16,15,14,14,14,13,3,0,0,0,0
-54,114,14,15,21,25,28,31,32,32,31,29,26,21,16,12,9,8,10,13,17,20,22,22,21,21,19,19,5,0,0,0,0,0,0,0,0,0,3,17,17,18,18,17,15,14,12,8,5,5,9,13,17,21,24,26,28,29,28,27,25,20,14,9,5
-79,114,14,23,21,21,19,15,13,11,8,5,10,13,14,18,22,24,25,24,24,23,21,19,16,12,7,2,1,0,0,0,0,0,0,0,0,0,6,25,26,26,26,25,25,25,24,22,20,20,20,22,22,21,22,22,21,19,19,21,21,20,21,22,20
-83,114,14,17,18,21,25,27,28,32,35,36,36,37,36,34,29,23,17,10,5,9,13,18,22,27,29,27,6,0,0,0,0,0,0,0,0,0,2,9,11,14,16,17,20,25,26,24,23,20,18,16,14,10,6,3,2,9,13,17,19,19,20,23,20
-61,118,8,0,0,0,7,25,25,26,26,25,24,24,24,24,24,25,26,25,23,23,24,24,23,23,22,22,22,22,22,23,23,12,23,23,23,22,22,22,21,20,20,19,19,19,18,19,19,19,19,18,18,17,16,16,16,15,15,15,4,0,0,0,0
-61,163,8,0,0,0,5,20,21,21,22,21,19,19,19,19,19,19,20,20,19,18,19,18,17,17,17,17,17,17,17,18,18,9,17,17,17,16,16,16,16,15,15,15,15,14,15,14,14,14,15,14,13,13,13,12,13,12,12,11,3,0,0,0,0
-61,163,8,0,0,0,8,31,32,33,33,32,31,30,29,29,29,31,32,31,30,30,29,29,27,27,27,27,26,25,26,28,29,14,27,27,27,27,26,26,25,24,24,25,25,23,23,23,24,24,24,23,22,21,20,20,20,20,19,18,5,0,0,0,0
-61,163,8,0,0,0,7,28,29,30,30,29,27,27,27,27,27,28,29,28,27,26,27,26,25,25,25,25,25,24,24,26,26,13,25,25,25,24,23,23,23,22,21,21,22,21,21,21,21,21,20,20,20,19,19,18,18,17,17,17,4,0,0,0,0
-61,43,1,0,0,0,8,32,33,35,35,33,32,32,31,31,32,33,34,33,32,31,32,31,29,29,29,28,28,27,28,30,30,15,28,29,29,27,27,27,27,26,25,26,25,24,23,24,24,24,23,22,21,20,20,20,19,19,18,18,4,0,0,0,0
-60,43,1,0,0,0,3,15,15,16,16,15,14,14,13,13,14,14,14,14,13,13,13,13,12,12,12,12,12,12,12,12,13,6,12,12,12,12,11,11,11,11,10,10,10,10,10,10,10,10,10,10,9,9,9,8,8,8,8,7,1,0,0,0,0
-86,108,20,24,28,31,32,30,29,29,29,30,26,20,14,10,7,6,5,1,4,7,9,11,9,9,7,7,1,0,0,0,0,0,0,0,0,0,3,10,9,6,3,2,3,4,6,10,14,16,19,21,24,25,25,23,22,22,21,21,15,7,3,4,9
-89,114,14,4,7,10,12,12,10,10,7,6,4,4,3,2,2,2,3,5,6,7,10,13,12,8,9,13,4,0,0,0,0,0,0,0,0,0,2,7,8,6,6,6,6,6,6,4,2,4,5,7,9,10,12,13,14,15,14,14,12,10,8,5,4
-78,114,14,26,25,21,18,16,12,7,5,5,6,9,14,16,18,20,23,25,25,23,21,17,15,10,6,5,2,0,0,0,0,0,0,0,0,0,6,24,26,29,31,31,31,29,28,25,24,23,23,22,22,23,23,24,23,22,23,25,26,25,26,25,25
-54,114,14,18,24,30,34,37,39,38,37,35,31,26,20,14,11,10,14,19,23,26,28,28,28,26,24,23,6,0,0,0,0,0,0,0,0,0,4,20,20,21,20,19,17,15,13,9,8,9,14,17,21,25,29,32,33,34,34,33,29,24,18,11,5
-85,114,14,23,24,24,26,28,29,29,32,36,38,38,38,33,29,26,21,15,10,3,5,11,14,16,18,18,4,0,0,0,0,0,0,0,0,0,4,16,14,16,17,16,15,15,17,19,19,21,20,20,22,22,20,17,14,12,12,15,15,15,18,22,24
-74,114,14,35,35,32,29,27,23,19,15,12,14,18,23,26,29,29,30,27,22,17,11,6,6,8,11,13,3,0,0,0,0,0,0,0,0,0,3,12,10,7,4,3,8,13,19,23,25,27,27,26,24,21,19,15,12,9,10,15,21,25,29,33,34
-83,114,14,24,25,25,28,29,28,28,31,36,39,39,36,31,28,24,21,17,13,8,8,12,15,16,16,19,4,0,0,0,0,0,0,0,0,0,3,10,13,15,14,15,15,17,18,19,20,21,20,18,17,17,17,17,16,14,15,16,18,19,20,21,23
-61,118,8,0,0,0,7,26,26,27,26,25,25,25,24,24,25,26,26,26,25,24,25,24,23,23,23,23,23,22,23,24,24,12,23,23,23,22,22,22,21,21,20,20,20,19,19,19,19,20,19,18,18,18,17,17,16,16,15,14,4,0,0,0,0
-60,43,1,0,0,0,6,25,25,27,27,25,24,24,24,24,24,24,24,24,23,23,23,23,21,21,21,21,21,20,21,21,22,11,20,21,20,19,19,19,19,18,19,19,18,17,17,17,17,17,17,16,15,15,15,14,14,14,14,13,3,0,0,0,0
-55,114,14,22,28,33,36,39,40,40,38,35,32,27,22,19,17,18,21,24,27,30,30,30,28,27,24,24,6,0,0,0,0,0,0,0,0,0,4,19,19,20,20,19,17,14,11,7,3,5,10,15,21,24,28,30,32,32,32,30,26,20,14,8,3
-78,114,14,26,24,21,18,15,11,8,5,6,7,11,14,18,20,23,25,27,28,26,23,21,16,12,8,7,2,0,0,0,0,0,0,0,0,0,6,27,29,30,30,30,29,27,27,24,23,24,26,25,25,24,25,26,24,23,24,25,26,26,24,25,28
-82,114,14,20,18,17,17,19,23,28,32,34,36,36,33,31,28,24,19,12,7,5,8,13,18,20,22,24,6,0,0,0,0,0,0,0,0,0,2,11,12,15,19,22,22,24,25,25,24,20,18,15,12,9,10,8,9,13,17,20,24,25,26,27,27
-73,114,14,36,38,38,37,36,33,28,23,17,12,7,8,12,15,15,14,14,13,11,10,10,12,13,14,15,3,0,0,0,0,0,0,0,0,0,6,21,18,14,9,7,11,16,21,24,25,26,29,28,26,26,24,20,18,16,13,11,12,15,18,21,25
-61,118,8,0,0,0,7,27,28,29,29,27,26,26,26,26,26,27,28,27,26,26,27,26,24,24,24,25,25,24,24,25,25,12,25,25,25,23,23,23,23,22,21,21,22,21,21,21,21,21,21,21,21,20,19,19,18,18,18,17,4,0,0,0,0
-61,43,1,0,0,0,6,27,27,28,28,27,26,26,25,25,26,27,27,27,26,25,26,25,24,24,24,24,23,23,23,25,25,12,24,25,25,23,23,23,22,22,21,20,21,21,21,21,21,21,20,19,19,18,18,17,17,17,16,15,3,0,0,0,0
-86,108,20,5,6,11,18,20,20,20,22,25,26,27,27,29,25,17,14,12,11,8,2,1,1,2,3,4,1,0,0,0,0,0,0,0,0,0,2,14,15,16,13,10,8,6,4,4,7,10,14,18,20,23,25,26,26,29,33,32,31,31,30,26,19
-54,114,14,13,19,25,30,34,36,37,38,37,34,30,25,21,17,15,16,18,20,23,24,24,24,24,22,22,6,0,0,0,0,0,0,0,0,0,5,20,21,22,22,20,19,17,14,11,7,8,11,16,20,25,29,32,33,34,35,35,32,28,22,16,11
-54,114,14,12,19,25,30,34,36,37,37,36,34,31,26,21,17,15,16,18,20,23,24,25,25,24,22,22,6,0,0,0,0,0,0,0,0,0,5,21,21,22,22,21,18,16,13,10,7,9,13,17,21,25,30,32,34,35,35,35,32,27,22,16,11
-83,114,14,17,17,13,11,16,25,30,30,30,32,31,30,30,29,24,19,15,7,2,6,12,15,19,21,20,4,0,0,0,0,0,0,0,0,0,2,11,13,18,19,19,22,25,25,24,22,20,17,13,8,4,4,7,8,12,17,21,20,17,20,23,24
-75,114,14,29,25,23,20,19,18,15,14,14,15,16,19,20,22,24,23,22,18,13,9,6,8,11,13,15,4,0,0,0,0,0,0,0,0,0,2,9,12,15,17,19,22,25,27,28,26,27,26,24,21,18,16,13,12,12,16,19,24,29,31,33,36
-60,118,8,0,0,0,3,17,17,17,18,17,16,17,15,15,16,17,17,15,15,14,15,14,13,13,13,13,13,13,13,13,13,6,13,13,13,13,12,12,11,11,11,11,11,10,11,11,11,11,10,10,10,9,9,9,9,9,8,8,1,0,0,0,0
-61,43,1,0,0,0,7,29,30,31,31,30,29,29,26,27,28,29,29,28,27,26,27,26,25,24,24,24,23,23,24,25,25,12,24,25,25,23,23,23,22,21,20,20,21,20,19,20,20,21,20,19,18,18,18,17,17,18,17,16,4,0,0,0,0
-84,154,55,36,34,32,30,25,20,15,10,8,9,6,8,11,13,14,14,17,18,16,15,14,11,8,8,9,2,0,0,0,0,0,0,0,0,0,2,6,7,10,12,14,14,15,18,20,20,20,21,20,18,15,11,8,7,10,13,15,18,24,28,32,36
-54,114,14,16,21,25,29,31,32,32,31,30,26,23,19,15,12,12,14,17,19,21,21,22,21,19,17,16,3,0,0,0,0,0,0,0,0,0,5,23,24,25,25,24,21,19,15,10,7,7,10,14,19,23,27,29,30,31,32,30,26,21,15,10,5
-83,114,14,23,19,17,15,17,24,31,35,37,40,41,40,39,35,28,22,17,11,6,9,13,18,21,22,24,6,0,0,0,0,0,0,0,0,0,5,16,17,18,20,23,26,27,27,26,24,21,18,16,10,4,2,4,7,9,15,22,26,27,30,31,28
-73,114,14,36,27,19,14,10,8,12,16,21,27,31,32,32,29,26,21,16,9,4,4,9,12,14,17,18,5,0,0,0,0,0,0,0,0,0,1,5,3,3,7,12,16,21,25,28,28,28,27,23,19,15,10,4,5,12,19,27,33,38,41,45,46
-84,114,14,19,18,15,13,14,21,27,32,36,40,40,38,35,32,28,24,17,9,5,8,13,18,22,25,27,6,0,0,0,0,0,0,0,0,0,3,14,14,16,21,22,21,22,21,20,18,17,15,11,10,8,5,2,5,9,13,15,17,19,22,25,26
-60,118,8,0,0,0,3,12,12,12,12,12,11,11,10,10,10,11,11,10,10,10,10,9,9,9,9,9,9,9,9,9,10,4,9,8,8,7,7,7,7,7,7,7,7,6,7,7,7,7,7,7,7,6,6,6,6,6,6,6,2,0,0,0,0
-60,163,8,0,0,0,7,26,25,25,24,21,21,21,21,21,20,21,21,21,21,19,18,18,18,18,18,18,17,18,20,20,19,10,19,18,18,17,16,16,16,17,16,16,15,15,16,16,16,16,16,16,16,16,15,15,15,15,15,14,4,0,0,0,0
-60,163,8,0,0,0,6,27,27,28,28,27,26,26,25,25,26,27,27,26,25,24,25,25,23,23,22,23,23,21,23,23,23,11,22,23,22,22,21,21,21,20,20,19,20,19,19,20,20,20,20,19,19,18,18,18,19,18,17,17,4,0,0,0,0
-60,43,1,0,0,0,8,31,31,32,32,31,29,29,28,28,29,30,31,30,29,28,29,29,27,27,27,27,27,27,28,29,30,14,29,29,29,28,27,28,27,26,26,25,26,26,26,26,26,27,27,26,26,25,25,25,25,25,24,23,6,0,0,0,0
-84,108,20,17,20,20,18,18,21,22,24,29,31,29,25,21,19,17,14,12,9,5,3,2,2,2,3,4,1,0,0,0,0,0,0,0,0,0,5,17,14,14,14,12,9,8,4,2,6,10,13,18,22,22,26,30,31,31,32,31,29,26,24,20,16
-52,114,14,7,10,14,18,21,24,25,26,26,25,23,20,17,13,9,6,5,6,9,10,13,14,14,14,14,3,0,0,0,0,0,0,0,0,0,3,15,16,17,18,18,17,16,14,11,8,7,8,11,14,18,21,23,25,26,26,26,25,22,18,15,12
-76,114,14,31,29,25,21,16,10,5,3,8,12,16,22,25,27,29,29,28,28,26,22,17,12,6,2,2,0,0,0,0,0,0,0,0,0,0,6,26,26,27,27,25,24,25,26,27,28,30,31,31,29,26,24,22,20,17,14,15,20,22,25,30,32
-82,114,14,15,14,15,17,19,24,28,31,34,37,37,37,34,31,27,20,14,7,3,10,13,17,21,23,25,6,0,0,0,0,0,0,0,0,0,3,13,15,18,20,20,21,21,23,23,21,18,16,13,9,7,8,9,10,14,16,17,20,22,23,22,20
-73,114,14,36,32,29,24,19,12,6,1,9,18,22,25,28,28,29,27,23,20,16,13,10,9,9,10,11,3,0,0,0,0,0,0,0,0,0,5,24,23,18,13,9,11,16,22,26,28,31,31,29,26,22,16,10,3,4,12,19,25,29,34,38,40
-59,118,8,0,0,0,8,32,33,35,35,33,32,31,31,31,32,33,34,32,31,31,31,31,29,29,28,28,27,27,27,29,29,14,28,28,28,27,27,26,26,25,24,24,25,24,24,24,24,25,24,24,23,22,22,21,21,21,20,19,5,0,0,0,0
-57,163,8,0,0,0,7,30,30,32,32,31,30,29,29,29,31,32,32,31,29,29,30,30,28,28,27,27,27,27,27,28,28,14,27,28,27,26,26,26,26,25,24,25,24,24,23,23,24,24,24,24,23,22,22,23,22,22,21,21,5,0,0,0,0
-57,163,8,0,0,0,7,26,27,29,28,27,27,27,26,26,27,28,29,28,27,26,27,27,25,25,25,25,24,23,24,25,25,13,24,25,24,23,23,23,23,22,22,22,22,21,21,21,22,22,21,21,21,20,19,18,19,19,19,19,5,0,0,0,0
-58,43,1,0,0,0,6,27,27,29,29,27,26,26,26,26,28,28,28,27,27,25,27,26,25,25,24,24,23,23,24,24,25,12,24,25,24,23,23,23,23,21,21,20,21,21,20,21,21,21,21,20,20,19,19,19,19,19,18,18,4,0,0,0,0
-59,163,8,29,29,29,28,28,28,27,26,25,25,25,24,25,25,25,24,23,22,21,20,20,19,19,18,18,4,0,0,0,0,0,0,0,0,0,6,21,22,24,25,24,24,24,25,26,28,29,30,29,28,28,29,28,28,28,28,28,27,27,29,31,31
-87,108,20,9,13,16,16,17,19,21,23,25,20,15,14,13,12,13,13,9,3,3,5,2,1,0,2,5,2,0,0,0,0,0,0,0,0,0,4,12,8,7,9,8,7,5,2,1,3,5,8,13,13,11,13,17,20,21,22,25,26,23,21,18,16
-56,114,14,11,17,22,27,30,33,34,34,33,31,28,23,18,12,6,3,7,12,17,20,22,24,24,23,22,5,0,0,0,0,0,0,0,0,0,5,21,23,25,26,25,24,22,20,14,9,4,3,8,12,18,22,25,28,29,30,29,28,24,19,14,10
-85,114,14,4,3,2,6,14,21,26,30,33,36,36,34,33,30,28,23,17,13,12,12,14,19,23,22,21,5,0,0,0,0,0,0,0,0,0,4,17,17,19,21,21,22,21,18,14,12,11,7,4,6,8,10,13,16,19,20,20,20,20,17,15,15
-75,114,14,38,35,32,28,24,17,11,7,8,15,21,27,32,35,36,35,33,29,24,18,12,6,4,7,8,2,0,0,0,0,0,0,0,0,0,5,20,17,14,11,9,11,16,20,25,28,30,30,28,26,23,19,14,9,5,1,8,14,20,25,31,34
-59,118,8,0,0,0,7,29,30,32,32,30,29,29,29,28,29,30,30,29,29,29,29,28,26,26,26,26,25,25,25,26,26,13,26,26,26,25,24,24,24,23,22,22,22,22,21,22,22,22,22,21,21,20,20,20,20,20,20,19,4,0,0,0,0
-59,163,8,0,0,0,7,28,29,31,31,29,29,29,28,27,28,29,29,28,27,26,27,26,25,25,24,24,24,23,24,26,26,12,24,24,25,23,23,23,22,21,21,20,21,21,20,20,21,21,21,21,20,19,19,18,18,18,18,18,5,0,0,0,0
-58,43,1,0,0,0,7,28,28,29,29,28,27,27,26,26,26,28,28,28,27,26,26,26,25,24,24,24,24,23,24,25,25,13,24,24,24,23,23,23,22,22,21,20,21,21,21,21,21,21,21,20,20,19,19,18,18,18,17,17,4,0,0,0,0
-54,114,14,11,17,23,26,30,33,33,34,31,29,25,20,14,9,2,3,9,14,19,23,25,26,25,24,22,5,0,0,0,0,0,0,0,0,0,4,19,21,23,25,25,25,24,21,17,11,6,1,6,12,17,22,26,29,31,32,32,29,26,21,16,11
-77,114,14,33,32,31,29,27,23,16,9,2,5,10,15,18,19,20,20,20,18,14,10,5,5,6,9,12,3,0,0,0,0,0,0,0,0,0,3,16,16,19,24,28,32,34,36,36,32,25,18,14,11,9,12,16,18,21,23,24,26,25,23,24,26
-59,118,8,0,0,0,5,23,23,25,25,24,23,23,22,23,23,24,24,24,23,22,23,22,21,21,21,20,20,20,20,21,21,10,21,20,20,19,19,19,19,18,17,16,16,16,16,16,16,18,19,16,19,21,20,17,17,18,19,17,3,0,0,0,0
-60,163,8,0,0,0,6,27,28,28,28,27,25,25,25,25,25,25,25,25,23,23,24,23,21,20,20,21,21,20,20,21,21,10,21,22,21,20,19,20,19,18,18,19,19,18,18,18,19,19,18,17,17,17,17,16,16,16,16,16,3,0,0,0,0
-64,43,1,0,0,0,10,40,40,43,44,42,42,41,41,41,39,39,39,35,32,30,31,34,34,33,32,33,34,30,26,27,29,13,26,26,28,27,28,29,29,27,24,23,24,23,23,24,24,24,24,23,22,21,21,21,21,22,21,19,5,0,0,0,0
-52,114,14,13,17,22,24,26,28,27,26,25,22,19,15,12,10,9,11,13,16,18,19,18,18,17,15,14,3,0,0,0,0,0,0,0,0,0,5,20,20,21,21,20,18,15,12,8,4,4,7,12,16,19,23,24,25,26,26,25,23,18,13,8,4
-52,114,14,14,19,23,27,29,30,31,30,28,26,23,19,16,13,12,13,15,17,18,19,19,18,17,14,13,3,0,0,0,0,0,0,0,0,0,5,20,21,22,22,21,20,17,14,10,5,3,7,12,16,22,25,27,29,30,30,30,26,22,17,12,8
-82,114,14,26,26,26,26,26,28,32,33,31,31,33,30,25,22,19,12,8,6,6,9,12,15,19,19,20,5,0,0,0,0,0,0,0,0,0,4,18,19,20,22,23,23,25,29,28,24,20,18,17,16,14,12,12,13,15,19,24,25,24,24,25,26
-75,114,14,28,20,14,9,5,5,10,15,18,23,26,29,30,30,28,26,23,18,13,8,4,6,10,12,13,2,0,0,0,0,0,0,0,0,0,6,24,24,24,23,22,21,20,19,17,14,11,7,4,2,4,7,11,15,20,26,30,34,36,37,38,39
-84,154,55,26,28,31,33,33,32,31,31,29,22,15,10,7,5,2,3,7,9,9,10,13,13,12,12,10,2,0,0,0,0,0,0,0,0,0,2,8,8,7,3,2,3,6,10,13,17,21,24,25,26,25,26,26,24,21,17,15,11,7,4,8,12
-61,118,8,0,0,0,2,10,11,11,12,10,10,10,10,10,9,10,11,10,9,9,10,10,9,9,9,9,9,9,9,9,9,4,9,9,9,9,8,8,8,8,7,7,7,7,7,7,7,7,7,7,7,6,6,6,6,6,6,6,1,0,0,0,0
-60,163,8,0,0,0,6,24,24,26,26,24,24,25,24,23,25,25,26,25,25,24,25,25,23,23,23,23,23,22,23,24,24,11,23,23,23,22,22,22,21,20,21,21,21,20,19,21,21,21,20,20,19,19,19,19,19,20,19,19,5,0,0,0,0
-61,163,8,0,0,0,5,24,24,25,26,24,23,23,23,23,24,24,24,24,23,23,23,23,21,21,21,21,21,21,21,22,22,10,21,21,21,20,19,19,19,18,18,17,17,16,17,17,18,18,17,17,16,16,16,17,17,16,16,16,3,0,0,0,0
-61,163,8,0,0,0,8,31,32,32,33,31,31,30,29,29,29,30,31,30,30,29,30,29,27,27,26,26,26,25,26,27,27,14,27,27,27,26,25,25,24,23,23,22,22,22,22,23,23,23,22,23,22,21,22,21,21,21,21,21,5,0,0,0,0
-63,43,1,0,0,0,8,30,30,32,31,29,28,28,27,27,27,28,29,28,26,26,26,26,24,24,24,24,24,24,24,25,25,12,24,24,24,22,22,22,22,21,20,19,20,19,20,20,20,21,20,20,19,19,20,19,20,20,20,20,5,0,0,0,0
-76,114,14,33,30,29,29,26,23,17,11,6,5,6,10,18,22,23,25,26,25,24,23,21,18,15,11,9,2,0,0,0,0,0,0,0,0,0,7,27,28,28,26,25,24,24,22,21,21,24,26,28,27,27,27,25,21,20,19,16,15,18,21,18,17
-50,114,14,24,28,31,33,34,34,32,29,25,20,14,7,4,7,13,19,23,26,29,29,28,26,22,18,15,4,0,0,0,0,0,0,0,0,0,5,21,21,20,20,17,14,12,9,8,9,13,17,21,25,28,30,31,30,30,28,25,21,15,8,3,3
-75,114,14,32,33,29,26,25,20,14,12,7,5,11,13,17,20,23,25,26,26,25,24,22,17,12,8,5,1,0,0,0,0,0,0,0,0,0,5,24,24,25,26,24,22,22,22,22,23,24,25,27,27,27,25,23,22,21,18,15,17,19,21,24,26
-73,114,14,32,28,25,24,25,25,22,22,23,25,25,26,25,23,21,20,19,20,23,24,26,27,26,25,23,5,0,0,0,0,0,0,0,0,0,3,15,14,12,10,8,7,10,14,17,21,22,23,22,19,16,14,13,14,17,22,28,33,38,41,42,42
-81,114,14,15,13,14,16,19,24,29,32,35,37,37,33,29,25,22,16,10,6,4,7,10,12,13,16,17,4,0,0,0,0,0,0,0,0,0,4,17,19,22,22,22,24,24,24,24,21,17,13,10,7,9,10,12,15,18,22,24,25,23,24,25,24
-62,118,8,0,0,0,8,32,33,33,33,31,31,31,29,29,29,30,31,29,29,28,29,28,26,26,26,26,26,25,26,27,27,13,26,26,26,26,25,25,24,24,24,24,24,23,23,24,24,24,23,23,22,22,21,21,20,21,21,21,5,0,0,0,0
-62,43,1,0,0,0,6,29,29,31,30,28,27,27,26,26,26,27,27,26,25,24,25,24,23,23,24,24,23,22,23,24,24,12,23,24,23,22,22,21,21,20,19,18,20,20,19,19,20,21,20,19,18,17,17,18,18,17,17,17,4,0,0,0,0
-51,114,14,28,33,36,38,39,37,35,31,26,20,13,6,2,9,16,22,27,30,32,32,30,27,23,19,16,4,0,0,0,0,0,0,0,0,0,5,21,21,20,20,17,15,12,9,8,9,14,19,23,26,29,32,32,33,31,29,25,20,14,7,3,8
-77,114,14,29,23,22,19,16,16,11,7,5,6,9,12,13,15,21,22,21,21,20,18,16,12,8,6,4,0,0,0,0,0,0,0,0,0,0,6,24,25,25,25,24,22,21,18,18,18,19,22,24,24,25,25,24,23,20,18,14,12,14,16,18,20
-51,114,14,28,34,37,39,40,39,36,33,27,22,14,7,3,8,15,22,27,30,32,31,30,27,24,19,16,4,0,0,0,0,0,0,0,0,0,6,21,22,21,20,17,14,12,9,8,9,12,17,21,25,28,30,32,32,30,29,25,20,14,8,4,8
-82,114,14,20,19,17,18,20,25,31,32,33,36,34,31,27,24,21,14,8,7,7,11,16,19,21,21,21,6,0,0,0,0,0,0,0,0,0,3,14,16,18,20,22,25,27,28,27,26,24,19,17,14,11,11,15,18,19,21,26,29,27,25,25,25
-72,114,14,43,40,36,32,26,19,10,2,6,14,20,26,30,31,30,28,24,19,13,8,6,6,10,13,14,4,0,0,0,0,0,0,0,0,0,7,25,22,17,11,8,10,16,22,26,30,32,34,33,32,29,24,17,11,8,11,17,24,30,36,41,43
-62,118,8,0,0,0,7,31,31,32,32,30,28,28,27,27,27,28,29,28,27,26,28,26,25,25,25,25,25,24,25,26,27,13,26,26,26,25,25,25,24,24,23,24,23,22,23,23,23,23,22,22,21,21,21,21,21,21,20,20,5,0,0,0,0
-62,163,8,0,0,0,3,16,15,10,13,16,18,18,14,10,10,12,9,10,13,14,15,14,10,13,17,17,14,11,13,17,18,9,19,17,15,15,15,15,14,12,11,12,14,14,14,14,14,13,13,13,14,14,14,13,13,13,12,13,4,0,0,0,0
-63,43,1,0,0,0,6,24,24,24,24,23,21,20,20,20,20,21,21,20,20,19,20,20,18,19,20,20,20,21,21,22,22,12,23,23,23,23,23,23,24,23,24,25,25,24,25,26,26,27,27,26,26,26,26,26,26,26,25,24,6,0,0,0,0
-63,43,1,0,0,0,6,22,22,23,23,22,21,20,19,19,20,20,20,19,19,19,19,19,19,20,20,20,21,21,22,23,24,12,24,24,25,24,24,25,25,24,24,24,25,25,25,26,27,28,28,27,26,26,27,27,27,27,26,25,7,0,0,0,0
-50,114,14,20,23,25,26,26,26,23,20,18,15,13,13,15,18,21,24,26,27,27,25,23,19,16,11,7,2,0,0,0,0,0,0,0,0,0,6,22,23,24,23,22,21,18,15,11,6,2,6,11,16,20,24,26,26,28,27,25,22,17,12,10,9
-76,114,14,24,25,24,22,20,16,13,10,7,8,9,14,18,23,27,29,31,31,30,28,24,20,15,10,6,1,0,0,0,0,0,0,0,0,0,6,25,27,29,29,28,26,23,20,17,15,15,15,16,18,21,22,22,22,24,24,22,19,18,18,19,21
-75,114,14,43,41,37,33,30,26,21,18,17,19,23,28,32,34,35,33,28,22,17,8,2,7,13,17,20,5,0,0,0,0,0,0,0,0,0,4,17,19,19,19,16,11,7,6,9,14,19,23,27,28,28,28,26,21,16,10,12,17,22,28,35,39
-60,118,8,0,0,0,8,30,31,33,33,31,30,29,29,29,30,31,31,30,29,28,29,28,26,26,27,26,26,25,26,27,28,13,26,26,26,24,24,24,23,23,23,23,22,21,21,21,21,21,21,20,19,19,19,19,19,18,18,18,5,0,0,0,0
-59,163,8,0,0,0,6,27,28,29,29,28,27,26,25,26,26,28,27,26,25,25,25,25,23,23,24,23,23,22,23,25,25,12,24,25,24,23,22,23,22,21,21,21,21,20,20,20,20,20,20,20,18,18,18,18,18,18,18,18,4,0,0,0,0
-59,43,1,0,0,0,5,23,24,25,25,24,24,23,23,23,23,24,24,24,23,22,23,22,21,21,21,21,21,20,20,21,22,10,21,21,21,20,19,19,19,18,18,18,18,18,18,18,18,18,18,17,17,16,17,17,17,16,16,16,3,0,0,0,0
-59,43,1,0,0,0,5,26,27,29,29,27,26,26,25,25,26,26,26,27,26,25,26,26,24,24,23,23,23,22,24,24,24,12,24,24,24,23,21,22,22,21,19,19,21,20,20,20,21,21,20,20,20,19,19,19,19,19,19,18,4,0,0,0,0
-85,108,20,6,12,16,21,24,26,28,31,32,28,23,22,19,16,13,12,10,5,4,2,3,5,6,7,8,2,0,0,0,0,0,0,0,0,0,4,14,14,13,13,12,10,8,5,2,1,4,6,10,14,21,25,26,29,31,33,34,31,27,25,21,18
-77,114,14,31,32,28,26,23,21,17,13,8,2,2,6,11,17,21,23,24,25,25,25,23,20,18,17,13,2,0,0,0,0,0,0,0,0,0,6,24,25,25,25,24,22,20,19,19,21,23,24,26,26,26,27,26,24,21,17,14,12,12,13,15,18
-50,114,14,24,29,32,35,36,36,34,31,27,22,16,11,7,9,14,19,23,26,28,27,27,24,21,18,15,3,0,0,0,0,0,0,0,0,0,5,20,21,22,21,19,18,14,11,7,5,7,12,17,21,25,28,29,29,29,28,25,21,15,9,2,4
-77,114,14,29,27,24,20,19,20,18,12,5,3,7,12,15,19,22,23,23,22,24,23,20,19,17,13,10,2,0,0,0,0,0,0,0,0,0,5,21,21,23,22,21,19,18,17,17,18,19,21,22,22,23,24,25,24,20,19,20,17,15,16,17,18
-74,114,14,33,32,32,28,25,22,18,12,5,1,3,7,9,11,12,11,10,9,8,8,8,9,9,9,8,2,0,0,0,0,0,0,0,0,0,4,15,11,6,6,13,21,28,35,39,41,43,44,43,40,37,34,29,23,20,18,18,22,26,28,31,31
-81,114,14,29,24,20,18,22,26,28,31,35,38,39,37,34,29,25,22,16,9,7,10,14,17,19,21,24,5,0,0,0,0,0,0,0,0,0,4,14,14,14,15,17,19,21,24,24,23,22,22,20,17,14,10,8,12,16,20,24,29,32,34,34,33
-60,118,8,0,0,0,6,28,28,29,30,28,27,27,27,27,27,28,28,28,27,26,27,26,25,25,24,24,24,24,24,26,26,12,25,25,25,24,23,23,23,22,22,22,22,21,20,21,21,21,20,20,19,18,18,18,18,18,18,17,4,0,0,0,0
-60,43,1,0,0,0,6,25,26,27,27,26,25,25,24,25,25,26,27,26,26,26,26,26,24,24,24,24,24,23,24,24,25,12,24,24,24,23,23,23,23,22,21,21,21,21,21,21,21,21,21,21,20,20,20,20,20,20,19,19,5,0,0,0,0
-51,114,14,24,29,32,34,36,35,34,31,28,23,17,10,6,7,12,18,23,27,29,30,29,28,25,21,18,4,0,0,0,0,0,0,0,0,0,5,21,21,21,20,18,16,12,8,4,5,9,15,20,24,27,30,31,31,30,28,25,21,15,8,4,5
-83,114,14,27,25,24,24,25,26,27,29,30,29,29,30,29,25,23,21,17,14,12,11,14,19,21,20,17,4,0,0,0,0,0,0,0,0,0,3,9,9,11,14,22,27,25,22,20,21,23,23,21,19,20,19,16,13,13,16,21,24,23,23,25,28
-77,114,14,28,23,21,19,17,15,13,12,12,15,17,21,24,25,26,24,23,20,17,15,12,13,14,16,19,5,0,0,0,0,0,0,0,0,0,5,23,23,24,26,27,28,28,28,26,23,20,17,13,9,4,4,7,13,19,26,32,36,37,39,41,42
-61,118,8,0,0,0,5,21,22,23,23,22,21,21,21,21,21,22,24,23,22,21,23,22,21,21,21,21,21,21,21,23,23,10,21,21,23,23,21,21,20,20,19,20,20,19,20,20,21,21,21,19,19,19,19,18,18,18,18,18,4,0,0,0,0
-60,163,8,0,0,0,2,8,9,9,10,9,9,8,8,8,8,9,9,9,8,8,8,8,8,8,8,7,8,7,7,8,8,4,7,7,7,7,7,7,7,7,6,6,6,6,6,6,6,7,7,7,6,6,6,6,6,6,6,5,2,0,0,0,0
-62,43,1,0,0,0,6,26,27,29,29,27,26,26,25,25,25,26,26,26,25,25,25,25,23,22,22,22,22,20,22,22,22,11,22,22,22,21,20,18,18,18,18,18,18,18,18,18,18,18,18,17,16,16,17,16,16,16,15,15,3,0,0,0,0
-78,114,14,27,30,29,25,22,19,16,12,7,2,4,9,13,15,18,22,24,25,26,25,24,21,18,15,13,2,0,0,0,0,0,0,0,0,0,7,29,29,29,28,26,23,19,17,16,19,21,24,27,28,27,27,28,27,24,19,16,13,11,13,17,19
-52,114,14,12,16,20,24,27,28,29,29,28,27,24,21,18,17,16,17,18,19,21,21,21,20,19,17,16,4,0,0,0,0,0,0,0,0,0,3,17,18,20,21,20,20,19,16,12,7,2,4,9,14,18,22,24,25,27,27,27,25,20,17,13,9
-82,114,14,29,27,24,26,30,28,27,29,32,36,38,34,30,25,21,16,11,9,8,10,13,18,21,22,22,6,0,0,0,0,0,0,0,0,0,4,17,18,18,18,18,20,21,23,23,23,25,26,25,18,16,17,17,19,22,21,22,26,28,29,31,32
-75,114,14,35,29,21,13,6,7,13,20,26,31,34,34,33,31,25,20,12,5,7,13,19,25,29,31,32,8,0,0,0,0,0,0,0,0,0,3,11,9,7,6,9,14,19,23,26,26,25,23,21,19,15,11,7,5,8,15,20,27,32,36,40,43
-61,118,8,0,0,0,7,30,31,32,32,31,30,30,29,28,28,30,30,30,28,28,28,27,26,26,25,25,25,24,26,26,27,13,26,27,27,26,25,26,25,25,23,23,23,24,24,24,24,24,24,22,22,22,21,21,21,20,20,19,5,0,0,0,0
-60,43,1,0,0,0,6,27,28,29,29,28,27,27,26,26,26,27,28,27,25,25,26,25,24,24,24,24,24,23,24,26,26,13,26,26,26,25,24,25,25,24,23,23,23,23,24,24,24,25,25,24,23,22,22,21,20,20,19,18,4,0,0,0,0
-52,114,14,16,18,20,21,21,21,18,17,14,11,9,7,7,8,11,14,16,17,17,16,15,13,10,7,5,1,0,0,0,0,0,0,0,0,0,3,14,15,14,14,12,10,7,5,1,2,6,10,13,16,18,19,19,20,19,17,16,12,9,5,4,5
-77,114,14,30,31,29,27,23,17,13,10,4,2,7,12,16,20,24,27,28,29,28,25,23,20,16,12,8,2,0,0,0,0,0,0,0,0,0,5,24,25,25,25,23,21,20,18,17,17,19,22,24,25,26,26,25,21,19,18,17,15,15,17,21,23
-72,114,14,17,21,24,26,28,28,27,25,21,17,13,9,5,2,6,12,17,20,22,23,23,23,21,20,18,4,0,0,0,0,0,0,0,0,0,4,13,10,6,2,5,11,16,21,26,28,30,32,33,30,29,28,27,25,25,28,29,28,27,25,23,21
-61,118,8,0,0,0,3,12,12,12,12,12,12,12,11,11,11,12,12,12,11,11,10,10,9,9,9,9,9,9,9,9,10,5,9,9,9,9,9,9,9,9,9,9,9,9,9,9,8,8,8,8,7,7,7,7,7,7,6,5,2,0,0,0,0
-61,43,1,0,0,0,6,29,29,31,31,29,28,28,27,27,27,28,28,28,26,26,26,25,24,23,23,23,23,22,23,24,24,12,24,24,24,23,22,23,23,22,23,23,23,23,22,23,24,25,24,23,22,23,22,23,23,23,22,22,5,0,0,0,0
-54,114,14,15,19,23,26,28,28,27,26,24,21,19,17,16,18,21,24,26,26,27,24,21,18,14,10,8,2,0,0,0,0,0,0,0,0,0,5,20,21,23,23,23,21,20,17,13,8,5,6,11,17,21,26,29,31,31,32,30,27,23,17,13,9
-78,114,14,29,29,24,19,14,9,6,6,8,12,17,19,23,28,31,32,30,27,25,23,19,13,9,2,3,1,0,0,0,0,0,0,0,0,0,5,21,23,23,23,23,22,19,20,19,18,19,19,20,21,20,21,19,18,16,16,17,19,19,19,23,26
-53,114,14,15,19,23,26,28,29,28,27,25,23,21,19,19,19,20,23,24,25,24,23,20,17,13,9,8,2,0,0,0,0,0,0,0,0,0,5,20,21,22,23,23,22,20,16,13,8,5,7,11,16,20,25,27,29,30,30,29,26,22,17,12,8
-61,118,8,0,0,0,4,16,16,17,17,16,16,16,15,15,15,16,16,15,15,14,15,14,14,13,13,13,13,12,12,13,13,6,13,13,13,12,12,12,12,12,12,12,11,11,11,11,12,12,12,12,11,11,11,11,11,11,11,11,2,0,0,0,0
-61,43,1,0,0,0,8,30,31,31,32,31,29,29,27,27,27,28,29,29,27,26,27,26,24,23,23,23,23,22,23,24,24,11,23,23,23,22,22,22,21,20,19,19,20,20,20,21,21,21,21,20,20,19,20,20,20,19,19,19,5,0,0,0,0
-77,114,14,27,23,22,22,19,13,8,6,7,13,15,18,19,23,27,30,30,28,25,21,16,10,4,2,1,1,0,0,0,0,0,0,0,0,0,7,31,32,32,32,30,27,26,24,23,23,24,26,28,28,27,26,28,24,20,19,20,18,19,20,21,27
-52,114,14,17,23,27,30,32,33,33,31,29,26,22,18,15,14,15,18,21,23,25,25,24,22,21,18,17,4,0,0,0,0,0,0,0,0,0,5,20,21,23,22,22,20,18,15,10,4,2,8,13,18,23,26,29,30,31,30,29,25,20,14,9,6
-83,114,14,26,22,21,23,25,27,27,30,33,33,31,30,28,24,19,13,7,4,5,11,16,18,20,19,18,5,0,0,0,0,0,0,0,0,0,2,10,9,12,14,18,21,23,26,28,26,24,21,18,15,13,13,13,12,11,15,21,25,27,28,30,30
-60,118,8,0,0,0,8,33,34,35,34,33,32,31,31,31,31,32,33,31,31,30,31,30,28,28,27,26,26,26,27,28,28,13,26,27,26,26,25,25,25,24,23,24,24,23,23,24,24,24,24,24,24,23,24,23,23,23,23,23,5,0,0,0,0
-61,43,1,0,0,0,7,29,29,29,30,28,27,27,26,26,26,27,28,27,25,25,25,24,23,23,22,22,22,20,21,23,22,11,22,22,22,20,20,20,19,19,17,17,18,18,18,18,18,18,18,18,17,17,17,17,17,18,17,17,5,0,0,0,0
-76,114,14,22,25,28,28,24,18,12,8,7,10,12,16,19,19,22,26,28,26,25,21,18,13,10,9,8,2,0,0,0,0,0,0,0,0,0,6,28,29,30,29,27,25,21,19,18,18,20,23,24,25,28,28,26,23,24,26,24,22,19,17,13,12
-52,114,14,17,21,24,26,28,29,28,27,25,22,18,14,12,12,12,16,18,20,22,23,22,21,19,16,15,4,0,0,0,0,0,0,0,0,0,4,19,19,21,21,21,19,16,13,8,3,3,8,13,18,22,25,27,28,28,27,25,22,18,12,8,5
-77,114,14,22,21,21,20,17,17,13,10,10,8,8,10,14,18,19,20,22,22,21,19,16,12,8,6,7,2,0,0,0,0,0,0,0,0,0,6,24,25,25,24,23,21,19,17,16,16,18,19,21,23,24,24,24,23,20,20,20,19,17,17,16,18
-73,114,14,23,16,10,9,13,17,22,26,29,32,32,30,28,24,18,14,9,3,5,10,14,17,19,21,23,6,0,0,0,0,0,0,0,0,0,2,11,12,13,15,16,17,17,18,19,18,16,15,14,13,13,14,16,21,26,30,31,34,36,37,39,40
-85,114,14,27,26,24,23,22,22,22,25,28,29,29,31,30,28,25,19,14,11,11,12,14,17,18,18,18,5,0,0,0,0,0,0,0,0,0,1,7,8,10,10,12,15,19,24,24,25,25,22,19,18,18,18,14,12,10,8,9,15,19,22,26,28
-60,118,8,0,0,0,7,29,30,32,31,30,29,29,28,28,29,29,29,29,27,27,27,27,25,24,25,25,25,24,24,26,25,12,24,24,24,24,23,24,23,21,21,22,22,22,21,22,22,23,22,21,21,21,20,20,21,20,20,20,4,0,0,0,0
-64,43,1,0,0,0,7,30,31,33,34,31,31,31,31,29,30,31,32,31,30,29,30,29,27,27,27,27,26,25,26,27,28,13,26,26,26,25,25,25,25,23,23,24,23,21,21,21,21,21,21,20,20,18,17,17,17,17,17,16,4,0,0,0,0
-53,114,14,19,21,24,27,28,28,28,27,26,24,22,21,22,22,24,26,27,27,27,25,22,18,15,11,10,2,0,0,0,0,0,0,0,0,0,3,17,19,20,20,20,19,17,14,10,7,7,11,15,19,23,26,28,29,29,28,27,23,20,16,14,12
-76,114,14,33,32,29,26,22,17,12,8,8,13,16,20,24,27,28,28,28,27,24,20,15,10,6,3,3,1,0,0,0,0,0,0,0,0,0,5,21,22,22,23,21,19,19,19,18,18,20,21,22,22,23,25,25,23,21,20,19,19,18,20,24,27
-87,114,14,25,26,25,24,23,21,22,22,23,24,24,23,19,16,18,16,13,12,13,14,15,15,13,14,17,5,0,0,0,0,0,0,0,0,0,3,11,12,13,15,17,17,17,18,17,15,12,13,13,12,12,10,9,10,8,10,14,17,17,19,24,27
-71,114,14,11,4,6,13,19,24,28,31,30,29,25,19,13,7,7,12,18,25,29,32,32,32,32,29,26,6,0,0,0,0,0,0,0,0,0,2,5,3,5,9,12,17,20,23,25,25,23,21,18,13,10,10,13,18,24,30,35,36,37,37,37,35
-61,118,8,0,0,0,5,23,23,24,24,23,22,22,22,22,23,24,23,23,22,21,22,22,21,20,20,20,20,19,19,20,20,10,20,20,20,19,19,19,19,18,17,17,18,18,18,19,20,20,20,20,19,19,19,19,19,19,18,18,4,0,0,0,0
-61,118,8,0,0,0,7,29,29,31,32,31,29,29,28,29,29,30,31,30,28,28,29,28,27,26,26,26,26,25,25,27,26,13,26,26,26,25,24,24,24,24,23,24,24,24,24,25,25,27,26,25,25,25,25,24,24,24,23,24,6,0,0,0,0
-61,163,8,0,0,0,3,13,14,15,15,15,14,13,13,13,13,14,14,13,13,13,13,13,12,11,11,12,11,11,11,12,12,5,12,12,12,10,10,10,9,9,9,9,10,10,10,10,10,10,10,10,9,9,9,9,9,9,9,9,2,0,0,0,0
-61,163,8,0,0,0,8,31,32,33,34,33,31,31,31,31,31,32,32,31,30,30,30,29,27,27,27,27,27,26,26,27,27,14,26,26,26,26,25,26,26,25,24,23,24,24,24,25,24,26,25,25,24,23,23,23,22,23,22,21,6,0,0,0,0
-60,163,8,0,0,0,7,28,29,31,31,30,29,29,28,28,28,30,30,30,28,28,29,28,26,26,26,26,26,24,26,27,26,13,26,26,26,25,25,25,25,24,22,23,23,23,23,23,23,23,23,22,22,22,22,21,21,21,20,20,5,0,0,0,0
-60,43,1,0,0,0,8,33,33,34,34,33,31,31,30,30,32,32,32,31,30,30,30,29,28,28,27,26,26,25,27,27,27,13,26,27,27,25,25,25,25,24,23,25,23,23,22,22,23,23,23,22,22,21,20,20,20,20,20,19,5,0,0,0,0
-52,114,14,18,22,25,27,30,29,28,26,24,21,17,14,10,11,13,16,19,22,23,24,23,21,19,17,14,3,0,0,0,0,0,0,0,0,0,5,20,22,22,21,21,18,15,10,6,1,6,11,17,21,25,28,30,30,30,30,26,23,17,12,7,4
-85,114,14,25,23,22,23,25,27,31,32,34,37,38,34,27,22,19,15,9,5,8,12,13,14,17,19,20,5,0,0,0,0,0,0,0,0,0,3,11,12,15,18,24,27,26,27,29,30,27,23,19,15,12,9,9,9,12,17,20,22,21,21,24,28
-75,114,14,13,8,8,15,17,12,15,23,30,31,31,29,28,24,20,17,12,9,12,15,18,22,25,27,28,8,0,0,0,0,0,0,0,0,0,8,29,28,26,22,16,11,9,10,14,18,20,20,19,17,12,7,2,6,13,22,29,33,34,37,39,36
-60,118,8,0,0,0,7,29,30,32,31,30,29,29,29,29,29,30,30,29,27,27,28,27,26,26,25,25,24,24,24,25,26,12,24,24,24,23,22,22,22,22,22,22,22,21,21,21,21,21,21,20,20,18,18,18,18,18,17,17,5,0,0,0,0
-59,163,8,0,0,0,7,31,31,33,32,31,29,29,29,30,30,31,31,29,28,27,28,27,26,26,25,25,25,24,24,26,26,12,25,25,25,24,23,23,23,21,21,21,21,21,20,21,21,21,20,20,20,19,18,19,18,19,17,17,4,0,0,0,0
-60,163,8,0,0,0,7,28,29,31,31,29,29,28,27,27,27,29,29,28,27,26,27,27,25,25,25,24,24,23,24,25,25,12,24,24,24,23,22,22,22,21,20,20,20,19,19,20,20,20,20,19,18,18,18,17,17,17,16,16,4,0,0,0,0
-60,43,1,0,0,0,7,29,29,30,30,28,28,28,27,27,27,28,29,28,27,26,27,26,24,24,24,24,24,23,23,25,25,12,24,24,23,22,22,22,21,21,19,19,20,20,20,20,21,21,20,19,19,18,18,18,18,18,17,17,4,0,0,0,0
-60,43,1,0,0,0,6,28,29,30,30,29,28,27,27,26,26,28,29,28,27,26,27,26,24,24,24,24,23,22,23,24,25,12,24,24,23,22,21,22,21,20,20,20,20,20,20,20,20,21,20,19,19,18,19,18,17,18,17,17,4,0,0,0,0
-52,114,14,22,27,31,34,35,35,34,32,29,25,20,15,10,8,10,13,17,21,23,24,25,23,21,19,17,4,0,0,0,0,0,0,0,0,0,6,23,25,26,25,24,21,18,14,9,5,6,12,17,22,26,30,32,33,33,32,30,25,20,13,7,1
-79,114,14,22,22,20,18,16,15,13,14,15,15,15,18,22,23,23,26,26,25,23,20,17,13,10,8,7,2,0,0,0,0,0,0,0,0,0,7,26,28,30,31,30,30,29,28,26,24,23,23,22,21,22,24,24,24,26,27,26,25,24,22,24,26
-74,114,14,34,29,25,20,15,8,4,8,13,18,24,27,31,31,31,29,25,19,15,11,9,10,13,16,18,4,0,0,0,0,0,0,0,0,0,4,15,14,12,8,5,3,6,12,16,21,25,29,30,29,27,26,22,17,14,14,16,20,26,32,33,35
-60,118,8,0,0,0,7,31,30,31,32,31,29,29,28,28,28,30,30,29,27,27,28,27,26,25,25,25,25,24,24,26,26,12,25,25,25,24,24,24,23,23,22,23,23,21,21,21,22,22,22,21,21,20,20,19,20,19,19,18,4,0,0,0,0
-59,163,8,0,0,0,3,14,14,15,15,15,14,14,14,14,15,15,16,15,14,14,15,15,14,13,13,13,13,13,13,14,14,6,13,14,14,13,13,13,13,12,13,13,13,13,12,13,13,13,13,12,12,12,12,12,12,12,11,11,2,0,0,0,0
-60,43,1,0,0,0,3,15,16,17,18,16,16,16,14,14,16,16,17,15,14,14,15,15,14,14,14,14,14,13,13,14,14,7,13,14,14,14,14,14,13,13,12,13,13,12,13,13,13,14,12,12,13,12,12,12,12,12,12,12,2,0,0,0,0
-51,114,14,23,29,33,35,37,37,35,32,28,24,19,13,9,10,13,18,22,25,27,27,26,24,22,19,16,4,0,0,0,0,0,0,0,0,0,6,27,27,27,25,23,19,16,12,9,9,13,19,24,28,31,34,35,35,34,33,29,24,18,11,5,3
-77,114,14,31,29,23,18,14,13,12,12,12,13,14,15,18,19,21,25,25,23,22,20,17,15,12,7,7,3,0,0,0,0,0,0,0,0,0,5,26,26,26,27,26,24,23,23,23,23,25,27,29,30,29,29,28,26,25,25,25,25,25,25,23,25
-51,114,14,21,26,31,32,34,34,33,31,28,24,19,14,12,11,13,17,20,23,25,25,24,23,20,17,15,3,0,0,0,0,0,0,0,0,0,6,25,25,24,23,21,18,14,11,7,7,12,16,21,24,28,30,32,32,31,30,26,22,17,10,4,1
-83,114,14,21,19,20,21,21,26,31,34,35,37,38,36,32,23,18,16,13,9,6,11,13,16,19,21,22,5,0,0,0,0,0,0,0,0,0,3,14,15,17,20,21,23,27,28,26,25,24,21,18,16,13,11,9,10,17,22,24,25,25,27,30,33
-77,114,14,28,27,23,18,13,8,7,6,10,14,18,20,22,22,23,23,20,19,18,17,16,16,16,17,18,4,0,0,0,0,0,0,0,0,0,6,24,22,18,17,18,21,25,29,31,30,29,30,30,26,21,18,17,17,19,24,28,32,34,34,36,37
-60,118,8,0,0,0,7,27,28,29,30,27,26,26,26,26,26,27,27,26,25,25,26,25,24,23,23,24,23,22,23,24,24,12,23,23,23,22,22,22,22,21,20,20,21,21,21,22,22,22,22,21,21,20,20,21,20,20,19,20,5,0,0,0,0
-61,163,8,0,0,0,5,26,27,28,27,26,25,25,25,25,25,25,25,24,23,23,23,23,22,22,21,21,21,20,22,22,22,11,23,23,22,21,21,21,21,20,21,20,21,20,20,20,21,21,21,21,21,21,20,20,20,21,20,20,5,0,0,0,0
-60,43,1,0,0,0,7,30,31,31,32,30,29,28,28,28,28,29,29,28,27,26,27,26,25,24,24,24,23,22,23,24,24,12,23,24,23,22,21,21,21,20,19,19,21,20,21,21,21,21,21,21,21,20,20,19,20,20,20,20,4,0,0,0,0
-51,114,14,18,22,26,29,30,30,29,27,24,21,17,11,7,4,7,11,16,19,21,22,21,21,19,16,14,4,0,0,0,0,0,0,0,0,0,5,20,21,21,21,20,18,15,12,8,5,7,11,16,20,23,27,29,29,29,29,26,22,17,12,6,2
-79,114,14,34,30,24,22,23,23,25,29,31,36,41,39,34,33,31,26,19,12,2,11,18,25,29,31,32,8,0,0,0,0,0,0,0,0,0,7,27,30,30,27,26,26,23,19,11,4,13,25,35,44,55,64,67,69,77,82,77,69,63,60,56,49
-60,118,8,0,0,0,6,27,27,28,29,27,26,25,25,25,26,26,26,26,24,23,23,23,21,21,22,21,21,20,20,21,21,10,21,21,21,21,19,19,19,19,18,18,18,18,18,18,18,19,19,18,18,18,18,18,18,18,18,17,4,0,0,0,0
-60,163,8,0,0,0,6,23,23,24,24,23,22,22,21,21,22,22,22,21,20,20,20,20,19,19,18,18,18,17,18,19,19,9,18,19,19,18,18,18,17,17,17,17,17,16,16,17,17,18,18,17,17,16,16,16,16,16,16,15,4,0,0,0,0
-61,163,8,0,0,0,6,29,30,31,31,29,28,28,27,27,27,28,29,28,26,25,26,25,24,24,23,23,23,22,23,24,24,11,23,23,23,23,22,22,22,21,20,20,20,21,20,21,21,21,21,21,20,20,20,20,20,19,19,19,4,0,0,0,0
-61,43,1,0,0,0,7,30,31,32,32,30,29,29,28,28,28,29,29,29,27,27,27,26,26,26,25,25,25,24,25,26,26,13,26,26,26,25,25,25,25,25,24,24,25,24,24,25,25,25,25,25,24,24,24,23,23,23,23,23,5,0,0,0,0
-88,108,20,4,2,5,6,10,12,13,11,10,12,12,11,11,10,10,10,9,6,4,7,8,7,4,3,4,1,0,0,0,0,0,0,0,0,0,2,11,13,12,10,9,11,13,13,8,3,4,8,11,12,13,16,19,21,24,26,26,27,23,20,18,17
-52,114,14,23,28,32,35,36,36,34,32,29,24,18,13,7,5,9,15,19,23,25,26,25,24,21,18,15,4,0,0,0,0,0,0,0,0,0,6,24,24,25,24,23,20,18,14,11,8,10,15,20,24,28,32,34,34,33,32,30,25,19,13,6,4
-85,114,14,25,26,24,25,27,31,32,33,33,32,31,26,23,22,18,13,11,9,10,12,14,14,14,15,17,4,0,0,0,0,0,0,0,0,0,4,17,20,22,24,25,25,27,28,26,22,20,18,15,12,11,9,8,11,14,15,17,18,21,26,27,25
-74,114,14,39,31,24,16,8,5,8,13,20,26,30,31,32,32,31,28,24,19,15,12,9,8,8,10,11,2,0,0,0,0,0,0,0,0,0,1,6,6,3,2,2,6,10,13,15,18,18,19,18,15,13,8,5,5,13,19,27,35,41,45,50,53
-60,118,8,0,0,0,7,27,29,30,30,29,29,29,27,27,28,29,29,29,27,27,28,27,25,25,25,24,24,24,25,25,25,12,24,24,24,24,24,24,22,21,21,21,22,20,20,21,21,21,21,21,21,20,20,20,19,20,19,18,5,0,0,0,0
-60,43,1,0,0,0,5,22,19,17,17,18,18,17,18,19,20,18,17,18,18,17,16,14,13,14,14,14,14,13,13,17,19,8,15,15,14,13,14,14,13,13,13,12,13,14,13,13,13,13,13,12,12,12,13,12,12,12,12,12,2,0,0,0,0
-60,163,8,0,0,0,8,31,32,34,34,32,31,31,30,29,29,30,31,29,28,28,28,27,26,26,26,26,25,24,25,26,27,13,26,26,26,25,25,25,25,24,22,22,23,23,23,24,23,24,24,24,24,23,23,23,23,23,23,23,6,0,0,0,0
-77,114,14,30,27,21,17,14,10,8,10,15,19,22,25,27,26,25,25,23,21,17,11,8,4,1,4,6,1,0,0,0,0,0,0,0,0,0,6,23,23,23,24,25,26,27,29,28,27,28,27,25,23,22,20,18,18,18,19,21,24,25,26,29,31
-51,114,14,21,24,27,30,31,30,29,26,23,20,15,10,5,4,7,12,15,19,21,22,21,19,17,13,12,2,0,0,0,0,0,0,0,0,0,5,21,22,22,21,20,17,14,11,8,8,10,15,19,23,26,28,30,30,30,28,25,21,17,11,7,6
-76,114,14,26,20,17,16,17,19,22,26,29,30,34,35,37,37,36,34,29,25,20,14,7,2,6,11,15,4,0,0,0,0,0,0,0,0,0,6,22,21,19,16,13,12,12,14,17,18,21,22,21,20,18,13,9,5,8,14,20,26,30,34,34,33
-60,118,8,0,0,0,7,26,26,27,27,26,25,25,24,23,24,24,25,24,22,22,22,22,21,21,20,20,20,20,20,21,21,11,21,21,21,20,20,20,19,19,18,18,19,18,18,18,19,19,19,19,18,18,18,18,18,18,18,17,4,0,0,0,0
-60,118,8,0,0,0,7,29,28,29,29,28,27,27,27,26,26,27,27,27,26,25,25,24,23,22,22,22,22,22,22,23,23,11,23,23,23,22,21,21,21,21,22,23,23,21,20,20,21,21,20,20,20,19,19,19,19,19,19,19,5,0,0,0,0
-60,118,8,0,0,0,5,25,25,26,25,25,23,22,22,22,23,23,23,22,21,21,21,20,19,19,19,19,19,17,18,19,19,9,19,20,19,18,18,18,18,17,17,17,17,17,17,17,17,18,18,18,17,16,16,17,17,17,17,16,4,0,0,0,0
-60,43,1,0,0,0,8,31,32,34,34,32,31,31,29,29,29,30,30,30,28,27,28,27,25,25,25,25,25,24,25,27,26,13,26,26,25,25,24,24,24,23,22,23,24,23,22,23,23,24,24,23,23,21,21,21,22,21,21,21,6,0,0,0,0
-79,114,14,25,23,19,18,13,6,3,5,11,17,20,19,20,24,26,24,21,20,17,16,14,10,9,6,5,2,0,0,0,0,0,0,0,0,0,5,20,20,22,23,22,24,26,25,25,25,24,23,20,20,21,19,19,19,17,20,25,26,26,27,29,28
-52,114,14,24,28,32,33,35,33,32,28,25,20,14,9,6,8,12,18,22,24,26,27,26,24,21,17,14,3,0,0,0,0,0,0,0,0,0,5,21,21,23,22,21,18,15,11,5,3,7,13,18,22,26,29,31,31,31,29,26,22,15,9,2,3
-79,114,14,29,26,21,16,11,6,2,5,12,17,20,23,25,25,25,25,25,23,21,18,14,10,6,2,3,1,0,0,0,0,0,0,0,0,0,6,22,24,27,28,27,28,28,27,28,27,26,25,24,22,21,18,17,17,18,19,21,24,26,28,32,34
-74,114,14,44,38,34,26,18,11,11,18,25,33,37,41,42,41,39,35,31,24,18,13,13,14,18,21,22,5,0,0,0,0,0,0,0,0,0,4,15,14,13,11,8,6,3,7,9,12,14,17,20,22,21,20,17,14,12,12,17,24,31,37,43,45
-60,118,8,0,0,0,7,30,31,32,32,30,29,29,29,29,29,29,30,29,28,27,28,27,25,25,25,25,24,24,24,26,25,12,26,26,25,24,24,24,23,22,23,23,23,22,22,23,23,24,23,23,22,22,21,21,22,22,21,21,4,0,0,0,0
-61,163,8,0,0,0,6,26,26,28,29,27,26,26,26,25,25,26,27,27,26,25,26,26,24,24,24,24,24,24,24,26,27,13,26,26,26,26,26,26,26,26,25,24,25,25,25,26,26,27,26,26,26,26,25,25,25,25,26,26,5,0,0,0,0
-61,163,8,0,0,0,5,26,27,27,28,26,26,26,25,24,25,27,27,26,26,26,27,26,25,25,25,25,24,24,24,26,26,13,27,27,27,26,26,27,26,26,24,25,26,25,26,26,27,27,27,26,26,26,26,25,25,26,26,25,5,0,0,0,0
-61,43,1,0,0,0,6,23,23,24,24,23,23,23,22,22,22,23,23,23,22,21,22,21,20,20,20,20,20,19,20,21,21,11,21,21,21,20,20,20,20,20,19,20,20,19,19,19,19,20,20,19,19,18,18,17,17,17,16,16,4,0,0,0,0
-53,114,14,19,23,24,26,26,26,24,21,18,14,10,8,8,10,14,18,20,22,23,22,20,18,15,12,9,2,0,0,0,0,0,0,0,0,0,5,21,21,21,19,18,15,11,8,4,5,8,15,18,21,24,27,29,28,28,26,23,19,14,8,3,1
-78,114,14,33,29,24,20,16,13,13,14,18,22,24,29,29,28,29,31,29,26,20,16,12,7,3,3,8,2,0,0,0,0,0,0,0,0,0,5,19,20,21,23,23,25,25,25,27,26,25,24,23,23,21,21,21,21,21,20,22,24,25,28,30,30
-74,114,14,1,9,15,22,27,29,30,30,29,26,23,18,13,7,1,5,10,15,18,20,21,21,20,18,17,4,0,0,0,0,0,0,0,0,0,3,15,17,19,21,22,23,24,23,20,16,14,12,11,12,14,19,23,27,31,34,36,37,37,35,30,24
-60,118,8,0,0,0,6,25,26,26,26,25,25,25,24,23,24,24,24,24,23,22,23,23,21,21,21,20,20,20,21,22,22,11,22,22,22,22,22,22,22,21,21,21,22,20,20,21,22,22,22,21,20,20,20,20,20,20,19,19,5,0,0,0,0
-60,163,8,0,0,0,6,25,26,26,26,26,25,24,24,24,24,25,25,25,24,24,24,24,22,22,22,22,22,21,22,24,25,11,24,25,25,24,23,24,24,24,24,24,24,23,24,25,25,25,25,24,23,23,23,23,23,23,23,22,5,0,0,0,0
-60,43,1,0,0,0,7,25,25,27,26,25,24,24,23,23,24,24,24,24,22,21,22,21,21,19,19,20,20,20,20,21,21,10,21,21,21,20,20,20,20,20,19,19,20,20,20,21,21,21,21,21,21,21,20,20,21,21,19,19,5,0,0,0,0
-78,114,14,28,28,23,19,15,10,10,11,14,17,19,23,26,24,23,23,23,22,20,17,13,9,5,2,4,2,0,0,0,0,0,0,0,0,0,5,25,24,24,23,22,23,24,25,27,27,27,28,27,25,22,21,20,18,18,19,21,21,22,24,26,28
-52,114,14,25,30,33,35,35,34,31,27,21,15,9,5,9,15,21,26,31,34,35,33,31,27,23,18,14,3,0,0,0,0,0,0,0,0,0,5,21,22,24,24,22,21,19,15,10,5,3,9,15,20,25,29,32,32,33,31,29,23,18,10,4,4
-73,114,14,4,7,12,17,22,27,30,31,32,31,30,27,24,19,15,10,9,13,15,17,18,18,17,17,17,5,0,0,0,0,0,0,0,0,0,3,9,8,10,12,15,17,20,23,24,23,21,19,16,10,6,5,9,15,21,28,32,34,33,32,30,26
-60,118,8,0,0,0,8,28,28,30,31,28,28,28,27,27,28,29,29,28,27,26,27,26,25,25,24,24,24,23,24,25,25,12,25,26,25,25,24,24,24,24,23,24,24,23,23,23,23,24,24,23,22,21,21,21,21,21,20,19,5,0,0,0,0
-61,43,1,0,0,0,5,21,22,23,23,21,21,20,20,20,20,21,22,21,21,21,21,21,19,19,19,20,19,19,19,20,21,10,20,20,20,19,19,19,19,19,18,18,18,19,18,19,20,20,19,19,19,18,18,18,17,17,17,17,4,0,0,0,0
-79,114,14,28,27,23,17,12,10,10,13,16,19,21,24,25,26,25,23,21,19,17,13,9,7,6,6,7,2,0,0,0,0,0,0,0,0,0,5,21,22,23,23,24,25,28,30,29,27,26,26,24,23,21,19,17,18,17,16,18,22,24,25,28,30
-52,114,14,20,25,28,30,30,30,28,26,22,18,12,7,5,7,11,15,19,22,23,23,21,19,16,12,10,2,0,0,0,0,0,0,0,0,0,5,23,23,23,22,20,18,16,13,11,11,13,16,20,24,28,31,33,33,32,31,29,25,19,13,7,3
-77,114,14,26,22,16,13,10,10,11,14,19,23,24,26,28,26,24,22,19,16,12,10,6,5,6,8,10,3,0,0,0,0,0,0,0,0,0,4,21,23,24,24,26,27,30,31,31,29,29,31,29,25,21,19,18,15,16,20,24,25,24,27,28,29
-72,114,14,43,34,25,18,11,7,7,12,18,21,23,25,24,22,18,14,10,6,2,4,6,9,11,12,11,3,0,0,0,0,0,0,0,0,0,6,22,21,19,15,12,12,15,21,27,33,38,40,40,38,35,32,27,21,17,17,21,28,33,39,44,47
-87,114,14,26,26,25,23,26,26,25,25,22,15,9,6,4,3,4,5,5,6,6,7,7,5,4,4,7,1,0,0,0,0,0,0,0,0,0,2,8,8,6,10,14,15,18,21,24,25,24,24,25,27,26,24,21,16,11,6,3,5,8,14,20,25
-59,118,8,0,0,0,5,26,26,29,28,27,27,27,26,25,26,27,28,27,26,26,26,26,24,24,25,24,24,23,24,25,25,12,24,25,25,24,24,24,23,23,23,23,23,22,23,23,23,23,23,22,22,21,22,21,21,20,19,19,4,0,0,0,0
-60,163,8,0,0,0,7,30,31,32,32,30,30,30,28,28,29,30,31,30,28,28,29,27,26,26,26,26,24,24,25,26,26,13,25,25,25,25,24,24,24,22,22,23,23,22,21,22,23,24,22,22,22,21,21,21,21,21,21,21,5,0,0,0,0
-60,43,1,0,0,0,7,27,27,28,28,27,26,26,25,25,25,27,27,25,24,24,25,24,22,22,22,22,21,20,21,22,23,11,21,21,22,21,20,21,20,20,19,18,20,19,19,19,19,20,20,20,19,19,19,18,19,19,19,18,4,0,0,0,0
-60,43,1,0,0,0,6,25,26,26,26,25,25,24,23,23,23,23,24,24,23,22,23,22,21,20,20,20,20,19,19,20,20,10,19,20,19,19,18,18,18,18,18,18,18,17,17,18,18,18,18,17,17,17,17,17,17,17,17,17,4,0,0,0,0
-52,114,14,17,20,23,25,27,26,26,24,21,18,14,9,5,6,8,13,17,19,21,22,21,20,18,15,13,3,0,0,0,0,0,0,0,0,0,4,17,18,18,17,16,14,11,8,6,6,9,13,17,20,23,25,26,26,25,25,22,19,14,9,4,2
-79,114,14,31,27,22,19,14,8,1,5,10,15,17,21,24,24,22,22,22,21,21,18,15,12,7,4,2,0,0,0,0,0,0,0,0,0,0,5,23,23,25,24,23,21,22,24,24,23,23,23,23,22,20,17,16,15,15,15,18,21,21,22,27,30
-52,114,14,20,25,27,29,31,30,29,26,24,20,16,11,8,7,10,14,19,21,23,23,22,21,18,16,13,3,0,0,0,0,0,0,0,0,0,4,20,20,20,19,18,15,12,9,6,5,9,13,17,21,24,27,28,29,28,26,24,21,15,9,4,2
-83,114,14,14,12,9,8,9,15,20,21,21,21,21,23,23,19,14,11,11,10,9,10,11,14,15,13,11,3,0,0,0,0,0,0,0,0,0,3,13,14,13,18,23,26,24,21,18,19,20,18,16,11,7,8,8,5,9,12,14,18,21,22,22,22
-79,114,14,24,22,23,24,24,22,20,19,19,20,20,21,22,22,21,20,18,15,13,10,11,13,15,18,20,5,0,0,0,0,0,0,0,0,0,11,44,38,31,24,18,13,10,13,17,21,25,27,27,27,27,27,21,14,12,14,14,17,20,23,26,26
-60,118,8,0,0,0,7,30,31,32,32,31,30,30,28,28,29,30,30,28,27,27,28,27,26,26,26,25,24,24,25,26,26,13,25,26,26,25,24,25,24,24,22,22,23,22,22,22,23,23,23,22,22,22,22,22,22,22,21,21,5,0,0,0,0
-60,163,8,0,0,0,8,29,29,31,31,29,28,27,28,27,27,29,29,28,27,26,27,26,24,24,24,24,24,22,23,25,25,12,24,24,24,23,23,23,23,22,21,20,21,21,21,22,22,22,22,21,21,21,21,21,21,21,21,20,5,0,0,0,0
-60,163,8,0,0,0,7,30,30,31,32,30,29,29,28,28,28,29,30,29,28,26,27,26,25,25,25,24,24,22,24,25,25,12,24,24,24,23,22,22,22,22,21,20,20,20,20,21,21,21,21,21,20,19,20,19,19,19,18,18,4,0,0,0,0
-60,43,1,0,0,0,8,33,34,34,35,33,31,31,30,30,31,32,32,32,29,29,30,29,28,28,27,27,27,26,26,27,28,13,28,27,27,25,25,25,25,24,23,24,23,23,23,23,23,25,24,23,22,22,21,22,21,22,22,21,5,0,0,0,0
-60,43,1,0,0,0,8,32,33,34,34,32,31,31,30,30,30,31,32,31,31,30,30,29,27,27,26,27,25,24,26,27,28,13,26,26,26,25,25,25,25,24,23,23,24,23,23,24,24,24,24,23,23,22,22,21,21,21,21,20,5,0,0,0,0
-78,114,14,33,32,27,21,16,10,5,1,6,10,16,21,23,25,26,27,28,26,23,19,16,13,9,3,3,2,0,0,0,0,0,0,0,0,0,4,17,18,20,20,20,21,23,24,25,26,26,26,26,25,22,19,16,13,13,13,15,19,23,24,26,29
-51,114,14,23,28,31,33,35,35,33,31,28,24,18,12,9,9,12,17,20,24,26,26,26,24,21,18,15,3,0,0,0,0,0,0,0,0,0,6,21,22,22,22,20,17,14,11,7,6,9,13,18,21,25,29,31,31,31,30,28,24,18,11,5,3
-78,114,14,34,32,28,21,17,14,8,3,6,9,14,19,25,29,29,30,28,27,25,22,19,15,9,5,1,0,0,0,0,0,0,0,0,0,0,4,17,19,20,21,22,21,24,26,27,28,29,30,28,25,22,18,15,12,11,12,15,17,19,24,30,34
-74,114,14,41,38,35,30,26,21,15,10,8,12,18,23,28,32,34,34,32,28,22,14,6,1,4,9,13,4,0,0,0,0,0,0,0,0,0,3,9,8,6,4,3,5,7,12,16,19,22,24,24,24,23,20,17,14,9,3,3,11,18,26,33,38
-85,114,14,23,21,16,12,11,14,18,21,23,25,25,23,20,15,14,12,9,8,9,10,10,13,15,16,16,4,0,0,0,0,0,0,0,0,0,3,16,18,21,24,28,30,30,30,30,24,19,15,10,6,1,4,8,12,12,15,21,26,26,26,27,26
-60,118,8,0,0,0,6,26,26,27,28,26,26,25,24,24,24,26,27,26,24,23,24,23,22,22,22,22,22,21,21,22,23,11,22,22,21,20,20,21,19,19,18,18,19,19,18,19,19,19,19,19,19,18,18,18,18,17,17,17,4,0,0,0,0
-61,163,8,0,0,0,9,35,35,37,37,34,34,33,33,32,32,34,34,32,31,30,31,30,28,28,27,27,27,27,27,27,27,14,27,28,28,27,26,26,26,25,24,24,25,24,24,25,25,26,26,25,24,24,23,23,23,23,23,22,6,0,0,0,0
-60,163,8,0,0,0,4,17,17,17,17,17,16,16,15,15,15,16,16,15,14,14,14,14,13,13,13,12,12,12,12,13,13,6,13,13,13,12,12,12,12,12,11,11,11,11,10,12,12,12,12,12,11,11,12,11,11,11,11,11,2,0,0,0,0
-61,43,1,0,0,0,8,29,30,31,31,29,28,28,28,27,28,29,29,28,27,26,27,26,25,25,25,24,24,24,24,25,26,13,26,26,26,24,23,24,24,23,23,24,24,23,23,24,24,24,24,23,23,23,22,22,22,23,22,22,6,0,0,0,0
-52,114,14,19,22,26,28,30,29,28,26,24,19,15,10,7,7,11,15,18,21,24,25,24,22,20,18,15,4,0,0,0,0,0,0,0,0,0,4,17,18,19,18,17,15,13,11,8,6,9,13,17,21,24,27,29,29,30,29,26,22,17,11,6,2
-80,114,14,32,33,29,25,23,18,12,7,4,7,13,19,21,23,24,26,28,28,29,27,22,17,13,9,7,2,0,0,0,0,0,0,0,0,0,5,21,21,20,21,22,23,24,26,26,26,28,31,31,29,29,28,26,22,18,15,16,17,19,21,22,26
-52,114,14,22,27,31,33,36,35,34,32,29,24,19,13,10,9,12,16,21,24,27,27,26,25,22,18,15,3,0,0,0,0,0,0,0,0,0,5,21,21,22,22,20,19,16,13,10,8,10,14,18,23,27,31,34,34,33,33,31,26,20,13,8,5
-84,114,14,23,19,14,14,16,20,23,25,28,31,34,33,30,27,25,21,13,6,3,7,13,16,17,20,20,5,0,0,0,0,0,0,0,0,0,4,22,25,28,28,27,27,27,27,25,20,18,14,11,8,4,4,5,8,12,15,17,21,26,30,30,30
-75,114,14,31,23,15,9,3,2,8,15,20,25,29,32,33,32,30,26,22,18,15,13,14,17,18,21,23,6,0,0,0,0,0,0,0,0,0,3,9,9,9,11,13,16,18,20,21,19,17,15,16,14,13,12,13,13,17,23,29,34,36,37,41,43
-60,118,8,0,0,0,3,15,16,17,17,16,15,16,14,14,15,15,16,15,15,14,15,14,13,13,13,13,13,12,12,13,13,6,12,12,12,12,12,12,12,11,11,11,11,11,10,12,11,12,11,11,11,10,10,10,10,10,10,10,2,0,0,0,0
-60,163,8,0,0,0,7,30,30,30,31,29,27,27,27,27,27,28,29,28,26,26,26,26,24,23,23,23,23,22,22,23,23,12,23,23,23,22,22,22,22,21,20,20,20,20,20,21,21,22,21,20,21,20,20,20,20,20,20,19,5,0,0,0,0
-60,43,1,0,0,0,8,32,33,34,35,33,32,31,30,30,30,31,31,30,28,28,29,29,27,26,26,25,25,25,25,27,27,13,26,26,26,25,25,25,25,24,22,22,24,23,23,23,23,24,24,23,23,23,23,23,23,23,22,22,6,0,0,0,0
-79,114,14,34,32,26,22,20,14,8,4,3,7,11,13,16,21,24,27,28,29,27,23,20,16,12,5,4,1,0,0,0,0,0,0,0,0,0,6,21,21,19,17,16,17,19,22,25,29,32,33,31,29,28,25,19,15,12,9,8,11,17,23,27,30
-52,114,14,20,25,28,30,32,31,30,27,24,20,15,10,6,6,10,13,18,21,23,23,22,20,18,14,11,2,0,0,0,0,0,0,0,0,0,5,21,21,21,21,20,17,14,11,8,6,8,14,19,23,26,29,30,31,30,29,26,22,16,10,5,3
-85,114,14,17,16,16,16,18,23,27,32,34,33,30,28,27,24,18,13,8,2,5,10,12,13,14,16,17,3,0,0,0,0,0,0,0,0,0,5,24,24,23,23,23,24,24,22,19,16,13,8,7,6,5,7,11,15,18,20,21,22,25,26,23,21
-60,118,8,0,0,0,8,33,34,35,35,33,32,31,31,30,31,32,32,31,29,28,29,28,26,26,25,25,25,25,25,25,26,12,25,26,26,24,24,24,24,23,23,24,24,23,23,23,23,24,24,23,22,22,22,22,22,22,21,21,5,0,0,0,0
-60,43,1,0,0,0,7,25,24,26,26,22,22,26,26,24,24,22,20,19,19,19,22,24,22,21,20,20,19,18,18,19,21,10,18,17,17,18,18,18,18,17,16,16,17,17,17,17,16,17,16,16,16,15,15,15,15,15,14,15,4,0,0,0,0
-52,114,14,20,25,29,31,33,32,31,28,26,21,16,11,7,7,12,17,21,25,27,27,26,25,22,19,16,4,0,0,0,0,0,0,0,0,0,5,20,21,21,21,19,17,13,11,8,6,10,14,19,24,27,30,32,33,32,32,29,24,18,12,6,4
-77,114,14,33,31,27,25,22,17,11,5,4,9,15,18,21,23,25,26,27,26,23,20,16,12,10,8,8,2,0,0,0,0,0,0,0,0,0,5,21,22,24,23,21,21,22,24,25,25,27,28,27,24,23,22,20,18,17,15,16,19,23,23,24,25
-73,114,14,42,36,29,24,18,10,3,8,15,21,26,30,31,31,31,28,22,17,13,15,13,11,11,12,13,3,0,0,0,0,0,0,0,0,0,5,17,16,13,9,4,2,6,12,17,20,23,24,25,24,23,20,16,10,7,9,16,23,31,36,41,45
-86,114,14,20,21,19,16,17,18,18,19,19,21,22,22,21,17,14,11,8,8,7,7,10,12,13,12,11,3,0,0,0,0,0,0,0,0,0,4,18,21,25,27,27,27,27,26,26,23,18,13,10,10,8,5,8,10,9,12,21,26,25,23,23,22
-73,114,14,41,36,30,23,15,8,1,7,13,19,24,26,29,29,29,28,25,21,17,15,13,13,12,13,14,4,0,0,0,0,0,0,0,0,0,3,14,11,8,5,1,5,10,15,23,30,28,22,23,24,22,19,13,8,7,10,17,25,31,37,44,48
-60,118,8,0,0,0,8,30,30,31,31,30,29,28,27,27,27,29,29,29,26,26,27,26,24,24,24,24,24,23,24,24,25,12,25,25,24,23,22,23,23,22,21,21,21,20,21,21,21,22,22,21,21,20,20,20,20,19,19,19,5,0,0,0,0
-60,43,1,0,0,0,5,21,22,23,24,23,21,21,21,21,21,21,22,21,21,20,20,20,19,18,18,18,18,17,17,18,18,9,17,17,17,16,16,16,16,15,14,15,15,15,15,15,16,16,15,15,14,14,14,14,14,15,14,14,2,0,0,0,0
-52,114,14,20,25,29,32,34,33,33,31,28,24,19,13,8,6,8,13,18,21,24,25,25,23,20,18,15,4,0,0,0,0,0,0,0,0,0,5,21,22,22,23,21,20,17,14,11,8,8,12,16,21,25,28,30,31,31,31,28,24,19,13,8,3
-77,114,14,33,33,28,23,18,13,7,5,8,15,21,22,23,25,27,28,27,24,22,20,17,13,6,3,2,0,0,0,0,0,0,0,0,0,0,5,24,24,25,25,24,24,24,24,24,24,25,25,24,22,22,22,20,18,17,17,20,23,24,27,30,31
-53,114,14,19,23,28,30,32,32,32,30,27,23,18,13,9,8,10,15,19,22,25,25,25,24,21,18,15,3,0,0,0,0,0,0,0,0,0,4,20,21,22,21,20,19,16,13,9,6,8,12,17,21,25,28,31,32,31,31,30,25,20,14,8,5
-84,114,14,21,18,15,17,20,23,27,31,33,34,35,33,29,24,20,15,7,2,5,8,13,15,14,14,15,4,0,0,0,0,0,0,0,0,0,5,21,23,28,30,30,32,31,31,33,31,24,18,10,6,4,5,11,14,17,20,26,30,32,32,31,31
-60,118,8,0,0,0,5,19,19,19,20,19,18,17,17,17,17,18,18,18,16,16,16,15,15,15,14,14,14,13,14,15,14,7,14,14,14,14,14,14,13,12,13,13,13,12,12,12,12,13,13,13,13,13,13,12,13,13,13,13,3,0,0,0,0
-60,43,1,0,0,0,7,32,32,33,34,32,31,31,30,29,29,31,31,29,28,27,28,27,25,25,24,24,24,24,24,24,25,12,24,25,24,24,23,24,24,23,22,23,23,21,22,22,22,23,23,22,22,21,21,22,22,21,21,21,5,0,0,0,0
-60,43,1,0,0,0,8,32,33,34,34,33,31,32,31,30,31,32,32,30,29,28,29,29,26,26,26,25,25,24,25,26,26,13,25,25,25,24,24,24,24,23,23,23,24,22,23,24,24,24,24,24,22,22,22,22,22,22,22,21,5,0,0,0,0
-84,108,20,40,36,29,23,19,14,7,3,2,5,5,4,8,12,10,6,9,13,11,9,9,7,6,8,10,3,0,0,0,0,0,0,0,0,0,1,5,5,6,9,13,15,18,21,24,26,29,29,25,22,21,17,10,3,2,10,16,23,31,37,41,43
-53,114,14,20,25,29,32,34,34,33,31,27,23,17,13,9,10,14,19,23,27,29,29,29,26,23,19,17,3,0,0,0,0,0,0,0,0,0,5,22,23,24,24,23,21,18,15,10,6,7,13,17,22,26,30,32,34,34,34,31,26,21,14,7,3
-76,114,14,32,32,28,25,22,18,12,6,4,9,15,17,20,24,26,26,24,23,22,20,17,12,8,4,2,0,0,0,0,0,0,0,0,0,0,6,23,24,24,24,23,23,23,23,24,25,26,26,27,27,27,25,20,18,17,15,15,17,20,22,22,25
-84,114,14,21,20,15,13,14,18,22,23,25,27,26,23,21,20,18,13,11,7,5,5,7,9,8,9,11,2,0,0,0,0,0,0,0,0,0,5,21,24,27,29,29,28,28,28,25,20,14,9,6,5,2,1,5,9,10,14,19,20,18,17,20,22
-60,118,8,0,0,0,7,30,31,32,33,31,30,29,28,28,28,30,30,30,29,27,28,27,25,25,25,24,24,23,24,25,25,12,24,25,25,24,23,23,23,22,22,20,22,21,21,22,22,22,21,21,21,20,20,20,20,20,20,19,5,0,0,0,0
-59,118,8,0,0,0,5,18,19,19,20,19,18,18,17,18,18,18,18,18,18,16,16,16,15,14,14,14,14,14,14,14,14,6,14,15,14,14,13,13,13,13,13,13,14,13,12,12,13,13,13,12,12,12,12,12,12,12,12,11,3,0,0,0,0
-62,163,8,0,0,0,6,27,28,28,29,27,27,25,25,25,25,27,27,26,25,25,25,25,23,23,23,22,22,21,22,23,23,11,23,23,22,21,20,22,21,20,19,18,20,19,19,19,19,20,20,19,19,18,19,18,18,19,19,18,5,0,0,0,0
-62,43,1,0,0,0,7,31,32,33,33,30,30,30,29,28,29,30,30,29,28,27,28,27,25,25,24,24,24,24,25,26,26,12,24,25,25,24,23,24,23,23,22,22,23,23,23,23,24,24,24,23,23,22,22,22,22,22,21,21,5,0,0,0,0
-62,43,1,0,0,0,7,32,32,34,34,32,32,31,30,30,30,31,31,30,29,28,28,27,26,26,26,26,25,24,25,26,26,13,26,26,25,25,25,25,24,24,23,24,24,24,23,24,24,24,24,23,23,22,23,22,22,22,22,22,5,0,0,0,0
-78,114,14,31,30,30,28,24,19,16,14,11,9,6,6,11,15,19,23,24,23,22,22,19,17,14,10,6,1,0,0,0,0,0,0,0,0,0,7,28,28,27,26,25,23,21,20,21,21,23,27,28,27,26,26,24,23,24,22,17,14,13,16,19,21
-52,114,14,10,15,20,24,26,28,29,29,28,26,23,18,14,10,7,7,10,13,16,18,19,19,18,18,17,4,0,0,0,0,0,0,0,0,0,4,16,19,20,21,21,20,18,17,13,10,7,8,11,15,18,22,25,28,28,29,28,25,21,17,12,8
-76,114,14,15,5,4,12,19,25,29,32,32,33,31,29,25,21,17,13,11,10,13,17,20,21,22,22,20,4,0,0,0,0,0,0,0,0,0,3,11,12,13,15,17,20,23,25,25,24,21,17,13,10,9,11,16,21,28,36,42,46,46,44,44,44
-60,118,8,0,0,0,3,11,11,12,12,12,11,11,11,11,11,11,12,12,11,11,11,10,10,10,9,9,9,8,8,9,9,5,10,9,9,9,8,9,9,8,8,8,9,8,8,9,9,9,10,9,9,9,9,8,9,9,8,8,2,0,0,0,0
-59,163,8,0,0,0,6,26,26,27,27,26,25,25,25,25,25,26,26,26,25,24,25,24,22,22,21,21,21,21,21,21,22,11,21,22,22,20,20,20,20,19,19,20,20,19,19,20,20,21,20,20,20,19,19,20,20,19,18,18,5,0,0,0,0
-59,163,8,0,0,0,6,26,26,27,26,26,25,25,25,25,24,25,26,25,24,23,24,23,21,21,21,21,21,20,20,21,21,10,21,21,21,20,19,20,20,18,18,19,19,18,18,19,19,20,20,19,19,19,19,19,19,19,19,18,4,0,0,0,0
-60,163,8,0,0,0,7,29,29,30,30,29,28,28,27,26,27,28,29,28,26,25,26,25,23,24,24,23,23,21,23,24,24,11,22,23,23,22,22,23,22,21,20,20,21,21,21,22,22,22,22,22,21,21,20,20,20,21,20,19,4,0,0,0,0
-60,43,1,0,0,0,7,27,27,29,28,27,26,25,25,25,25,25,26,25,24,23,23,22,21,21,21,20,20,20,20,21,21,10,21,21,21,20,19,19,19,19,18,19,19,19,18,19,19,20,19,18,19,18,19,19,19,19,19,18,5,0,0,0,0
-60,163,8,24,23,23,23,22,21,20,16,14,18,20,20,21,21,22,21,21,20,19,19,18,18,18,17,17,3,0,0,0,0,0,0,0,0,0,4,18,20,21,21,21,21,21,22,22,24,24,25,24,23,23,23,23,22,22,22,22,22,22,22,24,24
-79,114,14,34,31,27,24,21,18,13,7,7,7,11,14,14,16,20,23,25,24,24,22,18,15,11,6,3,1,0,0,0,0,0,0,0,0,0,6,25,25,26,26,26,25,23,24,25,23,24,24,24,26,28,26,24,22,20,19,18,18,18,19,23,22
-52,114,14,17,21,24,26,27,28,27,25,22,19,15,10,6,5,8,13,16,19,21,22,21,19,18,15,12,3,0,0,0,0,0,0,0,0,0,5,18,18,19,19,18,16,14,11,8,5,8,11,15,19,23,25,27,27,27,26,24,20,15,9,5,1
-79,114,14,31,28,27,23,18,13,10,9,7,9,12,18,22,23,24,24,24,25,25,22,17,13,8,5,3,1,0,0,0,0,0,0,0,0,0,5,25,26,27,26,25,25,24,23,24,24,25,25,24,24,25,26,26,22,21,22,21,17,16,19,25,26
-75,114,14,28,26,25,23,20,18,17,17,18,22,24,26,26,26,25,23,19,14,8,4,3,6,9,12,13,4,0,0,0,0,0,0,0,0,0,5,24,26,27,28,28,29,29,29,28,25,23,21,19,17,18,20,22,22,23,24,25,26,26,29,32,35
-84,114,14,25,23,21,21,22,24,26,30,32,31,30,28,26,25,21,16,12,10,8,8,11,13,13,14,15,4,0,0,0,0,0,0,0,0,0,5,22,23,27,31,33,33,34,33,31,27,21,16,13,11,7,6,7,7,11,16,18,20,24,27,28,28
-59,118,8,0,0,0,8,30,31,33,32,31,30,30,29,28,28,30,30,29,27,27,27,26,26,25,25,24,24,23,24,25,26,13,25,25,25,24,23,24,23,22,22,23,23,22,23,23,23,24,24,22,22,22,22,22,22,22,22,22,6,0,0,0,0
-59,43,1,0,0,0,8,31,33,33,33,32,31,31,30,29,30,31,31,30,29,28,29,28,27,27,26,26,26,25,25,26,26,13,25,26,26,25,24,24,24,23,23,22,23,22,22,23,24,24,24,23,23,22,22,21,21,22,22,21,5,0,0,0,0
-52,114,14,23,27,32,34,35,34,33,30,26,21,15,10,5,7,12,17,23,26,29,29,29,27,25,21,18,5,0,0,0,0,0,0,0,0,0,4,20,21,21,21,19,16,13,9,6,5,10,15,20,23,27,31,33,33,32,31,28,24,17,10,4,2
-78,114,14,30,28,25,21,18,15,10,6,7,13,15,16,20,24,26,25,24,24,22,17,14,12,8,3,4,1,0,0,0,0,0,0,0,0,0,5,20,21,22,22,22,21,22,22,21,20,20,20,21,21,20,21,21,19,17,15,17,19,21,26,27,25
-52,114,14,21,25,28,30,31,31,29,27,23,19,15,9,4,5,10,15,19,23,25,26,26,24,22,19,17,4,0,0,0,0,0,0,0,0,0,4,18,19,19,18,16,14,12,8,5,5,8,13,17,21,25,28,29,30,29,28,25,21,16,10,4,1
-74,114,14,53,48,42,35,27,18,8,2,10,18,24,29,32,33,31,30,27,22,16,9,4,3,5,8,9,3,0,0,0,0,0,0,0,0,0,6,22,21,18,14,9,4,5,9,14,18,22,27,30,31,32,32,28,22,15,8,5,13,24,34,42,48
-59,118,8,0,0,0,7,26,27,29,29,27,27,27,26,26,26,27,27,26,25,25,26,25,23,23,23,23,23,22,22,23,23,12,22,22,22,21,21,21,21,20,20,21,21,20,20,21,21,21,21,20,20,19,20,20,20,20,19,19,4,0,0,0,0
-60,163,8,0,0,0,7,31,31,33,32,31,30,30,28,28,29,30,29,29,27,26,27,26,25,25,24,24,23,23,24,25,25,12,24,24,24,23,22,23,22,22,21,22,22,22,21,21,22,22,22,22,21,21,21,21,21,21,20,20,5,0,0,0,0
-60,43,1,0,0,0,8,31,32,34,33,32,31,31,30,30,30,31,32,31,29,29,29,29,27,27,27,26,26,25,26,27,27,14,27,27,26,26,25,25,25,25,25,25,26,25,26,26,26,27,27,26,26,26,25,25,25,26,25,26,7,0,0,0,0
-78,114,14,31,30,27,23,21,17,12,5,1,6,13,18,21,26,29,28,28,28,25,22,19,17,14,10,6,1,0,0,0,0,0,0,0,0,0,4,16,18,20,22,22,23,24,25,24,24,23,24,25,23,20,20,18,15,14,14,13,16,18,18,21,24
-52,114,14,25,29,33,35,37,36,34,31,26,21,15,9,5,7,12,19,23,27,30,31,30,28,24,20,18,5,0,0,0,0,0,0,0,0,0,5,22,23,23,23,21,18,15,11,7,6,11,16,21,26,30,34,36,36,35,33,30,24,18,11,3,2
-77,114,14,32,33,34,34,33,30,26,21,18,15,15,15,17,19,19,18,16,13,8,4,3,7,12,16,18,4,0,0,0,0,0,0,0,0,0,7,29,27,24,22,22,24,27,32,35,34,33,33,33,31,28,24,21,18,17,19,23,27,30,32,32,33
-86,114,14,26,24,20,19,18,17,20,21,22,25,27,28,28,24,19,21,21,17,13,9,7,8,9,9,9,2,0,0,0,0,0,0,0,0,0,6,23,26,25,26,28,27,25,22,18,16,13,13,11,7,9,7,8,13,16,20,22,22,22,23,27,28
-59,118,8,0,0,0,6,26,27,28,29,27,27,26,26,25,26,26,26,26,24,24,24,24,22,22,21,21,21,20,21,22,21,11,22,22,22,20,20,20,20,19,19,20,21,20,19,19,20,21,20,19,19,19,19,19,19,19,19,19,4,0,0,0,0
-60,43,1,0,0,0,7,27,28,29,29,27,26,26,26,25,26,26,26,26,23,22,23,22,21,20,20,19,20,19,20,20,20,9,19,19,19,19,18,18,18,18,18,18,18,17,17,17,17,18,18,17,17,16,16,16,17,17,15,15,4,0,0,0,0
-88,108,20,26,24,21,16,13,13,8,4,4,5,5,6,7,9,10,10,10,11,10,9,8,7,8,9,9,2,0,0,0,0,0,0,0,0,0,2,7,6,6,7,9,11,12,13,17,18,17,18,18,17,14,11,9,7,5,6,9,13,17,21,24,25
-52,114,14,19,25,29,33,35,36,36,34,32,29,24,19,16,13,13,16,20,22,24,24,25,23,21,18,17,4,0,0,0,0,0,0,0,0,0,5,23,24,26,25,24,21,19,14,9,4,5,11,17,22,27,31,33,34,34,33,30,26,21,15,8,3
-77,114,14,30,31,31,26,21,13,7,5,2,3,7,17,24,26,26,29,29,27,26,21,16,12,8,5,3,1,0,0,0,0,0,0,0,0,0,5,24,24,22,22,22,21,22,23,23,22,22,25,28,28,26,24,23,23,17,14,16,16,16,20,25,25
-77,114,14,30,25,20,16,13,13,12,13,16,19,20,23,24,25,25,23,20,17,14,13,13,16,18,19,19,5,0,0,0,0,0,0,0,0,0,1,5,7,10,13,16,19,23,26,29,30,29,29,28,25,22,19,15,10,9,11,17,21,25,30,35,36
-60,118,8,0,0,0,8,31,31,33,32,31,30,30,28,28,29,30,30,29,28,27,27,26,25,25,24,24,23,22,23,24,24,12,24,24,23,22,22,22,22,21,21,20,20,20,19,20,20,21,21,20,20,20,19,18,18,18,18,17,4,0,0,0,0
-60,163,8,0,0,0,7,31,32,33,33,31,30,30,30,30,31,32,32,31,29,29,30,29,27,27,26,26,26,25,26,28,27,13,26,26,26,26,25,25,24,24,23,23,23,23,23,24,24,24,23,22,22,21,21,21,21,21,20,18,4,0,0,0,0
-61,163,8,0,0,0,3,13,14,15,15,15,14,14,13,13,14,14,14,14,13,13,13,13,12,12,12,11,11,10,11,12,12,5,11,11,10,10,10,10,10,9,9,8,8,8,8,8,8,8,8,7,7,7,7,7,7,7,6,6,1,0,0,0,0
-62,163,8,0,0,0,7,25,25,27,27,26,25,24,24,23,23,24,25,24,23,22,23,22,21,21,20,20,20,19,19,20,20,10,20,20,19,19,18,18,18,17,17,17,16,15,15,15,15,15,15,14,14,13,13,12,12,11,11,11,3,0,0,0,0
-62,43,1,0,0,0,6,28,28,30,30,28,28,27,27,27,27,28,29,29,28,27,27,27,25,24,24,24,24,23,24,25,25,12,24,24,24,23,22,22,22,21,20,20,20,19,20,20,20,20,20,19,18,18,17,17,17,17,16,15,4,0,0,0,0
-52,114,14,19,24,29,31,33,33,32,30,27,24,19,14,12,11,13,17,19,22,24,25,23,21,18,16,14,4,0,0,0,0,0,0,0,0,0,5,20,21,22,22,21,19,16,12,8,4,5,11,17,22,26,30,32,33,34,32,31,26,20,13,8,3
-77,114,14,29,25,24,24,22,18,13,8,3,2,5,8,12,19,24,25,26,29,27,25,22,19,16,12,8,2,0,0,0,0,0,0,0,0,0,5,22,23,24,24,24,23,22,22,23,23,24,25,25,23,23,24,22,21,19,19,18,17,17,18,22,26
-52,114,14,18,23,27,29,31,32,31,30,27,24,20,16,13,11,12,14,16,18,21,20,19,17,15,14,12,3,0,0,0,0,0,0,0,0,0,4,17,19,20,21,20,19,17,13,9,6,4,8,13,18,22,26,28,30,30,30,28,25,19,13,8,2
-73,114,14,22,23,23,23,24,26,27,27,26,25,25,25,21,17,13,8,6,9,14,18,22,24,24,23,23,5,0,0,0,0,0,0,0,0,0,4,16,16,16,16,17,18,19,19,19,17,17,17,17,19,22,24,24,25,27,29,31,32,33,32,30,30
-62,118,8,0,0,0,7,29,29,31,31,30,29,29,28,27,28,29,29,29,28,27,28,27,26,26,26,25,25,24,25,26,26,13,25,25,26,25,24,24,24,23,22,22,22,21,21,21,21,21,21,20,19,19,18,17,17,17,16,16,4,0,0,0,0
-63,163,8,0,0,0,4,16,16,17,17,16,15,16,15,15,16,16,16,15,15,14,15,15,13,13,14,14,13,13,13,14,13,6,13,13,13,13,12,12,12,12,12,12,12,11,11,11,11,11,11,11,10,10,10,10,10,10,9,9,2,0,0,0,0
-59,43,1,0,0,0,5,20,23,25,24,23,23,21,19,19,20,21,21,21,22,23,21,20,19,19,18,18,19,19,19,20,18,9,18,18,18,17,18,20,19,18,17,18,18,17,17,17,17,17,17,17,16,16,16,16,16,16,15,14,4,0,0,0,0
-53,114,14,17,23,27,31,34,34,34,32,31,27,23,18,14,10,11,13,16,19,21,21,21,20,18,15,13,2,0,0,0,0,0,0,0,0,0,4,18,19,20,21,22,21,19,17,13,8,5,7,12,17,22,26,29,30,31,32,30,26,22,16,9,5
-73,114,14,29,27,26,24,21,18,14,13,16,22,26,29,32,32,30,27,21,16,11,6,5,8,12,15,17,5,0,0,0,0,0,0,0,0,0,5,23,21,17,9,6,10,17,23,27,30,33,32,28,22,18,14,12,12,15,19,24,30,33,33,33,34
-59,118,8,0,0,0,8,32,31,33,34,32,31,30,29,30,31,31,31,31,29,29,29,28,28,26,25,27,25,24,25,27,26,13,26,26,26,25,25,25,25,24,24,24,24,23,23,23,23,24,24,23,23,23,22,22,22,22,22,21,6,0,0,0,0
-60,163,8,0,0,0,7,29,30,31,31,30,29,29,28,28,29,30,30,29,28,28,29,28,26,26,26,26,26,26,26,27,27,13,27,27,26,26,26,26,25,25,24,24,24,24,23,24,25,25,25,24,23,23,23,23,23,23,22,22,6,0,0,0,0
-60,163,8,0,0,0,6,23,23,24,24,24,22,22,22,23,23,23,23,23,22,21,22,21,20,20,20,20,20,20,20,21,21,10,21,21,21,20,19,20,20,19,18,18,19,19,18,19,19,19,19,18,18,17,17,17,17,17,17,16,4,0,0,0,0
-60,43,1,0,0,0,7,30,31,32,32,30,29,29,28,29,29,30,31,29,28,28,28,28,25,25,25,25,25,24,25,26,26,13,26,25,26,25,24,24,24,23,23,23,23,22,23,23,24,24,24,23,22,22,22,22,22,21,21,21,4,0,0,0,0
-52,114,14,17,23,27,30,32,32,31,30,27,24,19,14,11,10,12,15,19,22,24,24,24,23,20,17,16,4,0,0,0,0,0,0,0,0,0,4,17,18,19,18,18,16,13,11,7,5,7,11,16,20,24,28,30,31,31,31,28,25,20,14,7,2
-77,114,14,30,29,27,24,20,16,12,7,2,4,7,11,15,18,21,23,25,25,24,23,21,17,14,10,7,1,0,0,0,0,0,0,0,0,0,6,24,26,27,27,27,26,26,26,26,26,26,25,25,24,24,23,22,21,20,20,20,20,22,24,27,28
-75,114,14,33,28,25,20,16,10,3,5,13,22,29,33,34,36,35,31,26,19,12,3,5,10,14,20,24,6,0,0,0,0,0,0,0,0,0,5,21,19,17,13,8,5,8,12,17,21,25,28,29,28,27,24,18,13,5,4,12,19,23,29,33,36
-75,114,14,31,28,24,20,13,8,4,8,15,22,28,32,35,35,34,31,26,19,12,5,3,9,14,18,20,5,0,0,0,0,0,0,0,0,0,6,23,21,17,14,10,7,8,11,16,21,25,27,28,28,26,23,18,11,5,7,12,21,28,32,35,37
-60,118,8,0,0,0,8,32,32,33,34,32,31,31,30,30,31,32,32,31,30,29,30,29,28,27,27,27,27,26,27,28,27,14,28,28,27,26,26,26,26,24,24,24,24,23,23,24,24,25,25,24,23,22,22,21,21,22,21,20,5,0,0,0,0
-60,43,1,0,0,0,7,29,30,32,31,29,28,28,28,28,28,29,30,29,28,28,28,27,26,26,26,25,26,25,26,27,27,13,26,26,26,25,24,24,24,24,23,24,23,23,22,23,24,24,24,23,22,21,20,20,20,20,19,19,4,0,0,0,0
-63,163,8,29,28,25,24,24,23,22,22,24,26,22,21,21,22,22,22,21,20,19,19,18,17,16,15,14,3,0,0,0,0,0,0,0,0,0,3,18,20,22,23,23,21,21,23,24,24,27,27,25,23,23,27,26,24,25,25,27,26,24,26,26,25
-53,114,14,18,24,27,30,33,34,33,33,30,26,23,18,15,13,13,16,18,20,22,22,21,21,18,15,14,3,0,0,0,0,0,0,0,0,0,5,20,20,21,21,21,20,17,14,10,7,6,10,15,20,24,27,29,29,30,30,28,25,19,13,8,4
-53,114,14,15,20,23,26,28,29,29,27,25,22,19,15,12,10,10,13,15,18,19,19,18,18,16,14,13,3,0,0,0,0,0,0,0,0,0,3,16,17,17,18,17,17,14,12,8,6,7,10,14,18,22,25,26,27,28,27,26,22,18,12,7,3
-85,114,14,30,28,23,17,15,17,20,24,29,32,31,30,30,30,27,21,17,12,7,5,3,5,10,14,15,3,0,0,0,0,0,0,0,0,0,4,16,18,21,23,26,28,31,34,33,28,25,23,19,15,9,5,6,10,16,21,25,28,29,29,31,34
-79,114,14,23,25,26,28,27,26,24,22,22,21,20,20,22,21,20,18,15,11,5,3,10,15,21,26,28,7,0,0,0,0,0,0,0,0,0,7,30,26,20,14,13,16,21,25,26,27,29,30,28,26,25,22,20,17,14,11,13,14,16,17,17,17
-61,118,8,0,0,0,6,27,28,29,29,27,27,27,26,26,26,27,28,27,26,26,26,26,24,24,24,24,24,23,24,25,26,13,25,25,25,24,24,24,24,23,23,23,23,22,22,23,23,23,23,22,21,21,21,20,20,20,19,19,4,0,0,0,0
-61,43,1,0,0,0,8,31,31,31,32,31,30,29,28,28,29,30,30,29,28,28,28,27,25,25,25,25,25,24,25,26,26,13,25,25,25,25,24,24,23,23,22,22,22,22,22,23,23,23,23,22,21,21,21,21,20,21,20,20,5,0,0,0,0
-60,43,1,0,0,0,7,25,26,27,27,26,25,25,24,24,24,25,25,24,23,23,23,23,21,21,21,21,21,20,21,22,22,11,22,22,21,21,20,20,20,20,19,19,19,19,18,19,19,20,20,19,18,18,18,18,18,18,17,16,4,0,0,0,0
-51,114,14,18,23,27,30,33,33,33,32,30,27,23,19,16,15,15,18,21,23,25,26,24,22,20,17,15,3,0,0,0,0,0,0,0,0,0,4,18,19,21,21,21,19,17,14,10,5,4,9,14,18,22,27,29,30,30,30,28,25,19,13,8,3
-73,114,14,31,26,22,19,18,17,18,20,24,27,28,30,31,30,28,25,20,13,10,10,15,20,23,27,30,8,0,0,0,0,0,0,0,0,0,4,16,18,18,23,31,31,28,27,27,26,25,23,20,15,10,6,3,9,15,22,29,34,39,43,46,47
-61,118,8,0,0,0,7,30,30,32,32,31,29,29,28,28,29,29,30,28,28,27,28,27,26,25,25,25,25,25,25,27,26,12,27,27,26,25,24,24,24,24,22,22,22,22,23,23,23,24,23,22,21,21,20,21,20,20,20,19,5,0,0,0,0
-60,43,1,0,0,0,8,29,30,31,31,30,29,29,28,28,28,29,30,29,28,27,28,27,25,25,25,25,24,23,24,25,25,13,24,25,25,24,23,23,22,22,22,22,22,21,21,21,21,22,21,20,20,19,19,19,19,19,18,17,4,0,0,0,0
-61,163,8,29,28,27,26,26,26,26,25,24,25,24,23,24,23,24,23,22,21,19,18,18,18,18,18,17,5,0,0,0,0,0,0,0,0,0,6,23,24,25,26,25,25,26,25,26,27,29,30,30,28,27,28,28,27,27,26,27,28,27,28,29,29
-50,114,14,18,22,26,29,31,33,32,31,28,25,21,17,14,12,12,15,18,20,23,23,23,21,20,17,16,3,0,0,0,0,0,0,0,0,0,5,20,21,22,22,21,19,16,12,7,4,5,10,15,20,24,27,29,30,30,30,27,24,19,13,7,2
-77,114,14,32,33,29,25,23,20,15,8,3,5,7,13,18,21,23,27,29,30,29,25,21,17,14,10,9,3,0,0,0,0,0,0,0,0,0,5,22,23,24,24,22,22,21,23,24,22,23,24,25,24,23,23,22,19,17,17,18,21,23,26,27,27
-72,114,14,28,21,19,19,20,19,21,23,26,27,29,29,28,26,24,21,18,16,14,17,19,20,21,22,24,6,0,0,0,0,0,0,0,0,0,2,8,4,1,5,10,15,21,25,28,29,29,29,26,21,15,9,3,7,15,23,30,36,40,42,45,44
-61,118,8,0,0,0,6,27,27,29,29,28,28,27,26,26,27,29,28,28,26,26,27,27,25,25,25,25,25,23,25,25,26,12,25,25,25,25,23,23,23,23,23,23,23,22,22,22,23,23,22,22,22,20,20,20,20,20,19,18,4,0,0,0,0
-61,163,8,0,0,0,7,27,29,30,29,28,27,27,26,26,26,27,28,27,25,25,25,25,24,23,24,23,22,21,22,23,23,11,23,23,23,22,21,21,21,20,20,20,20,19,19,21,20,20,19,19,19,19,18,18,17,17,17,17,5,0,0,0,0
-61,43,1,0,0,0,2,9,9,10,10,9,9,9,9,9,10,10,10,10,9,9,9,9,8,8,8,8,8,8,8,8,8,3,8,8,8,8,8,8,8,7,7,7,8,8,8,8,8,8,8,8,8,8,8,8,8,8,7,7,1,0,0,0,0
-60,43,1,0,0,0,6,22,23,24,24,22,22,22,21,21,21,23,23,22,21,20,21,21,19,19,19,19,19,18,19,20,19,9,19,19,19,19,19,19,19,18,14,12,16,18,18,18,19,20,20,18,18,17,18,18,18,19,18,18,4,0,0,0,0
-53,114,14,10,13,16,17,18,18,17,16,14,12,9,7,7,8,10,13,14,15,16,16,15,13,11,9,7,2,0,0,0,0,0,0,0,0,0,2,9,9,10,9,9,8,7,5,4,3,5,8,10,13,16,18,19,19,19,19,17,15,12,8,4,2
-60,118,8,0,0,0,8,32,32,34,35,34,33,33,31,31,32,33,33,32,31,31,31,30,28,28,28,27,27,26,27,28,28,14,28,28,28,27,26,26,26,25,25,25,25,24,24,25,25,25,24,23,23,21,22,21,20,21,20,19,5,0,0,0,0
-61,163,8,0,0,0,7,28,28,30,30,29,28,28,27,28,28,29,30,29,28,27,28,27,26,25,25,25,25,25,26,27,27,13,26,26,26,26,26,27,27,26,26,26,26,26,26,27,28,28,28,27,26,25,25,26,25,24,24,24,6,0,0,0,0
-61,163,8,0,0,0,7,28,28,30,30,29,28,28,28,28,28,29,30,29,28,27,28,27,26,26,26,26,25,25,25,26,27,13,26,27,27,26,26,27,27,26,25,26,26,26,25,27,27,28,28,27,26,25,25,25,25,25,24,23,6,0,0,0,0
-60,43,1,0,0,0,7,29,30,33,34,34,34,34,33,35,32,30,30,33,31,29,30,28,24,26,29,28,27,26,26,27,30,14,25,27,26,26,27,29,28,25,23,25,25,22,23,24,23,24,23,21,20,20,20,20,19,19,19,18,4,0,0,0,0
-50,114,14,11,17,21,26,29,32,32,32,30,28,25,21,18,16,14,16,17,19,20,20,19,18,17,15,13,3,0,0,0,0,0,0,0,0,0,5,19,21,23,25,25,24,23,21,17,13,8,7,10,14,20,25,29,31,33,34,33,31,26,22,17,13
-79,114,14,30,32,28,22,18,17,11,6,0,8,12,15,19,23,24,24,27,28,27,25,21,18,13,8,5,1,0,0,0,0,0,0,0,0,0,5,18,19,20,22,22,23,23,25,25,25,24,24,22,21,20,19,15,12,10,9,11,15,18,20,25,28
-75,114,14,32,32,32,31,30,28,27,27,29,29,28,27,25,23,18,14,12,15,20,25,28,30,31,32,32,8,0,0,0,0,0,0,0,0,0,4,19,18,15,11,7,3,4,9,12,14,17,20,21,22,21,19,16,13,12,13,15,19,23,26,29,30
-86,114,14,28,21,17,15,15,17,18,18,17,19,23,23,22,22,18,16,14,11,9,10,12,12,12,11,11,2,0,0,0,0,0,0,0,0,0,3,12,16,20,22,24,25,24,22,19,15,12,10,8,6,3,2,4,7,8,12,16,20,23,22,21,24
-75,114,14,24,24,25,26,28,28,30,31,31,33,33,30,27,21,14,10,10,13,19,24,28,31,31,32,32,8,0,0,0,0,0,0,0,0,0,5,20,16,13,9,5,5,8,13,17,19,22,25,24,22,20,19,16,14,16,19,22,26,29,30,32,33
-61,118,8,0,0,0,7,27,28,29,29,29,28,28,27,27,28,29,29,29,27,27,29,28,27,27,26,26,26,26,26,29,28,14,29,29,29,28,27,27,27,26,25,26,25,25,24,26,26,26,26,25,24,23,22,22,22,22,21,21,5,0,0,0,0
-62,43,1,0,0,0,7,29,29,31,30,29,28,27,26,26,26,27,28,27,25,24,25,23,21,21,22,22,21,20,21,22,22,10,21,22,22,21,20,20,20,20,20,20,20,18,19,19,19,19,19,18,16,16,17,16,17,16,16,15,4,0,0,0,0
-52,114,14,20,26,30,34,37,38,37,35,32,29,24,19,16,13,15,18,22,25,27,27,26,25,23,19,18,5,0,0,0,0,0,0,0,0,0,4,18,20,21,21,19,17,15,11,6,5,9,14,19,24,29,33,35,35,35,34,32,28,22,15,9,4
-79,114,14,31,31,29,23,17,14,11,6,1,6,8,12,16,18,21,22,23,24,23,20,19,15,10,5,3,0,0,0,0,0,0,0,0,0,0,7,26,26,25,25,24,24,24,24,24,25,25,26,27,27,26,24,24,22,19,18,18,21,22,24,28,31
-52,114,14,21,27,32,34,37,38,38,36,33,29,25,20,15,13,14,17,19,23,25,25,24,23,21,19,17,4,0,0,0,0,0,0,0,0,0,5,19,20,21,22,20,18,15,11,8,5,8,13,18,23,28,31,33,34,34,33,31,27,21,15,8,2
-75,114,14,22,24,26,27,27,25,23,21,20,18,17,16,17,15,13,10,6,4,3,7,12,16,20,22,25,6,0,0,0,0,0,0,0,0,0,3,10,8,6,8,12,16,19,22,23,23,24,26,28,28,29,30,30,28,27,26,24,23,22,20,19,18
-62,118,8,0,0,0,8,29,29,31,31,29,28,28,27,27,28,28,29,27,25,25,25,25,24,24,23,22,22,22,24,24,23,11,23,23,23,22,21,22,22,21,20,19,20,20,20,20,21,21,21,20,19,20,19,18,19,19,17,16,4,0,0,0,0
-61,43,1,0,0,0,4,15,15,15,15,15,15,14,14,14,14,14,15,14,13,13,14,13,12,12,12,12,12,12,12,13,13,6,12,12,12,11,11,11,11,10,10,10,10,10,10,10,10,10,11,10,10,10,9,9,9,9,9,10,2,0,0,0,0
-62,163,8,26,26,25,24,24,24,23,21,23,22,21,20,21,21,21,21,20,19,18,17,16,16,16,15,14,3,0,0,0,0,0,0,0,0,0,5,20,21,22,22,22,22,23,23,23,25,26,26,26,25,24,25,25,24,24,25,25,25,24,25,26,27
-90,114,14,10,10,10,9,11,11,12,15,17,10,4,3,1,4,5,6,7,7,8,12,13,13,14,15,12,3,0,0,0,0,0,0,0,0,0,1,6,7,8,8,6,4,2,4,5,5,4,4,4,4,6,9,8,10,14,14,12,9,9,10,5,4
-80,114,14,29,27,24,23,20,14,10,5,2,8,14,19,20,21,22,25,26,25,23,23,20,15,12,9,8,2,0,0,0,0,0,0,0,0,0,5,21,21,22,22,21,19,20,21,22,21,22,24,24,23,21,21,20,17,15,14,15,17,19,22,24,27
-52,114,14,18,23,27,30,32,33,33,31,29,26,22,17,14,13,13,16,18,21,23,23,21,20,17,15,13,2,0,0,0,0,0,0,0,0,0,4,17,17,18,18,18,17,15,12,8,4,5,10,14,17,22,25,28,29,29,28,26,23,18,12,7,3
-79,114,14,26,26,25,24,21,16,12,6,2,9,10,12,15,18,20,22,25,24,23,22,20,15,11,9,8,2,0,0,0,0,0,0,0,0,0,5,24,25,25,24,22,22,22,21,21,22,22,23,22,23,23,22,20,18,17,16,15,17,18,20,22,24
-61,118,8,0,0,0,8,30,30,32,32,30,29,28,28,28,29,29,30,29,28,27,28,27,25,25,25,25,25,24,25,26,26,13,25,25,25,24,24,23,23,23,23,22,22,22,22,22,22,22,22,21,21,20,19,19,20,19,18,19,5,0,0,0,0
-61,43,1,0,0,0,8,30,30,32,32,31,29,29,28,28,28,29,29,29,27,27,27,27,25,25,24,24,24,24,24,25,26,13,25,25,24,23,23,23,23,22,22,23,22,21,21,21,21,22,21,21,20,19,20,20,19,19,18,18,5,0,0,0,0
-85,108,20,26,25,22,21,17,11,8,5,6,9,11,12,12,11,13,14,13,9,7,8,8,8,7,5,3,0,0,0,0,0,0,0,0,0,0,2,8,10,13,13,15,15,11,10,12,13,13,11,7,5,5,11,15,17,17,21,24,29,31,30,29,29
-51,114,14,21,26,30,33,35,35,33,31,28,23,19,14,12,13,16,19,23,25,27,26,25,24,21,18,15,4,0,0,0,0,0,0,0,0,0,5,19,20,21,21,20,19,16,12,7,2,5,10,15,20,25,29,31,32,31,31,28,24,18,12,5,1
-77,114,14,26,25,20,16,13,8,3,2,4,11,13,13,14,15,17,18,20,22,22,19,16,13,11,9,7,1,0,0,0,0,0,0,0,0,0,4,18,19,19,19,19,19,21,21,22,22,23,22,21,19,17,17,15,12,13,13,13,15,19,22,22,20
-51,114,14,22,27,31,34,35,35,34,31,28,24,19,15,12,12,15,19,23,26,28,27,26,24,22,18,16,4,0,0,0,0,0,0,0,0,0,5,19,20,21,21,20,18,16,12,7,3,5,10,15,20,26,29,32,32,31,31,28,25,19,12,6,0
-71,114,14,30,27,25,24,23,23,23,25,28,31,33,34,34,32,29,26,22,18,16,19,21,25,27,27,27,6,0,0,0,0,0,0,0,0,0,2,6,5,2,0,3,7,10,13,15,16,17,16,15,12,10,7,7,11,16,23,28,33,37,40,42,41
-61,118,8,0,0,0,6,26,27,28,28,26,26,25,25,24,24,25,25,25,24,24,23,23,22,21,21,20,20,19,20,21,21,10,21,22,21,21,20,20,20,20,18,17,17,17,17,18,19,18,18,17,16,16,15,15,15,15,14,13,3,0,0,0,0
-61,43,1,0,0,0,7,26,26,27,27,26,26,25,24,24,24,25,25,25,24,23,24,23,21,21,21,21,21,21,21,22,22,12,22,22,22,22,20,21,21,19,19,20,19,19,19,19,18,19,18,18,18,17,17,17,17,17,16,16,4,0,0,0,0
-78,114,14,28,27,24,20,16,12,8,5,3,7,11,15,20,24,24,27,28,29,29,25,21,19,16,10,4,1,0,0,0,0,0,0,0,0,0,6,25,24,25,26,25,26,27,28,27,26,27,29,27,26,25,24,22,18,17,16,16,21,22,24,26,27
-52,114,14,21,25,29,32,34,34,34,32,29,25,21,17,15,14,16,18,21,23,25,25,24,22,19,16,14,3,0,0,0,0,0,0,0,0,0,4,18,20,21,22,20,19,16,13,9,3,4,9,14,19,24,27,29,30,29,29,26,22,17,11,6,3
-86,114,14,28,25,22,19,14,12,17,21,21,23,24,24,21,17,14,12,7,4,1,5,8,12,13,14,15,4,0,0,0,0,0,0,0,0,0,3,12,14,15,19,23,26,29,33,34,29,26,25,23,17,12,8,6,4,6,12,16,18,20,25,30,32
-74,114,14,24,22,19,18,17,17,19,21,23,27,30,32,31,28,24,22,17,13,10,12,15,19,22,24,25,7,0,0,0,0,0,0,0,0,0,5,19,15,10,5,2,7,12,16,19,21,23,24,22,22,21,19,19,19,21,25,29,31,33,32,33,34
-63,118,8,0,0,0,7,29,30,31,31,29,29,28,28,28,28,30,30,29,28,27,28,27,26,26,26,26,25,25,25,26,26,13,26,26,26,25,24,24,24,23,23,23,23,22,22,22,22,23,22,21,20,20,19,19,20,20,19,18,4,0,0,0,0
-63,163,8,0,0,0,8,32,32,33,33,32,31,30,29,29,29,30,31,30,28,27,28,27,25,25,25,25,25,24,25,26,26,13,24,25,25,25,24,24,23,22,22,23,23,21,21,21,21,23,22,21,21,21,21,20,20,20,20,19,5,0,0,0,0
-62,43,1,0,0,0,7,31,32,34,33,32,31,30,29,29,31,31,31,31,29,29,29,29,27,27,26,26,26,24,26,26,27,13,26,26,26,25,24,24,24,23,22,22,22,22,22,22,23,23,23,21,21,21,21,21,21,21,20,19,4,0,0,0,0
-52,114,14,18,22,27,30,32,31,31,29,26,22,18,14,12,12,14,17,21,23,24,25,24,22,19,17,14,4,0,0,0,0,0,0,0,0,0,4,18,20,21,21,20,18,16,13,8,2,4,10,15,20,24,27,29,30,29,29,26,23,18,12,6,3
-86,114,14,27,25,22,21,20,20,22,23,25,26,24,22,21,19,15,12,8,7,9,13,15,17,18,19,19,5,0,0,0,0,0,0,0,0,0,5,17,12,16,22,24,27,31,33,34,31,30,28,23,17,12,8,5,1,5,10,13,16,19,23,27,32
-74,114,14,20,10,5,9,15,22,27,31,34,37,38,38,37,32,27,21,15,9,5,10,18,24,30,34,35,8,0,0,0,0,0,0,0,0,0,2,6,6,4,3,3,6,9,13,16,17,18,17,16,13,11,8,8,11,17,25,30,33,38,40,41,40
-57,118,8,0,0,0,6,27,28,30,30,29,28,28,27,28,28,29,30,29,27,27,28,27,26,25,25,25,25,24,25,26,26,12,25,26,26,24,23,23,23,23,22,23,23,22,21,22,22,23,22,21,21,20,20,20,20,20,19,18,4,0,0,0,0
-58,163,8,0,0,0,5,27,28,28,29,27,27,26,26,26,26,27,28,27,26,26,26,26,25,24,25,25,24,24,24,26,26,12,25,26,26,24,24,24,24,23,23,24,24,23,23,24,23,25,24,23,23,22,22,21,22,22,21,21,5,0,0,0,0
-58,43,1,0,0,0,7,28,28,29,29,28,27,27,26,27,27,28,29,28,27,27,28,27,25,25,25,25,25,25,25,26,26,13,26,26,26,25,24,24,24,23,23,22,23,23,23,23,23,23,23,22,22,21,21,21,21,21,20,19,5,0,0,0,0
-52,114,14,17,22,25,28,31,31,31,29,27,24,19,14,9,4,3,8,13,17,20,22,23,22,21,19,17,4,0,0,0,0,0,0,0,0,0,6,25,28,30,31,29,27,25,21,16,9,4,6,12,17,23,27,30,31,32,32,31,26,21,15,9,4
-79,114,14,28,27,28,27,24,18,13,9,4,3,7,12,17,21,25,29,31,33,34,32,29,24,19,15,11,3,0,0,0,0,0,0,0,0,0,4,20,21,22,21,21,21,21,20,20,21,23,25,25,25,26,27,27,25,21,20,19,16,16,20,25,27
-52,114,14,21,26,31,34,37,38,37,34,32,27,23,16,10,3,3,10,15,21,25,27,28,27,25,23,21,5,0,0,0,0,0,0,0,0,0,7,31,33,36,36,35,34,30,25,20,12,6,7,14,20,26,32,35,37,38,38,35,31,24,17,10,5
-74,114,14,25,26,25,22,19,15,10,7,6,5,5,5,4,2,1,2,5,7,10,11,13,14,15,15,15,3,0,0,0,0,0,0,0,0,0,2,11,13,16,19,22,24,25,27,26,25,24,25,25,25,25,26,27,26,25,25,24,23,21,20,21,20
-58,118,8,0,0,0,8,29,30,31,32,30,29,29,28,28,29,30,31,30,29,29,29,29,27,27,27,26,26,25,26,27,27,14,27,27,27,26,26,26,25,25,24,23,24,24,24,24,24,25,25,24,23,23,23,22,22,22,22,21,6,0,0,0,0
-58,43,1,0,0,0,7,28,28,30,30,28,28,27,27,27,28,30,31,30,29,28,29,28,26,26,26,26,26,26,26,27,27,14,27,26,26,26,25,25,25,24,24,24,24,23,23,24,25,25,24,23,23,23,22,22,22,23,21,21,6,0,0,0,0
-81,114,14,20,21,23,27,29,27,25,23,21,19,15,6,5,13,18,22,26,30,34,35,33,30,26,22,20,5,0,0,0,0,0,0,0,0,0,4,19,21,21,22,23,22,19,15,11,10,12,15,20,23,24,27,28,27,24,18,12,9,6,7,6,8
-52,114,14,20,26,30,33,35,35,34,32,30,25,21,14,8,2,5,10,15,20,23,25,26,25,23,20,18,4,0,0,0,0,0,0,0,0,0,6,25,26,27,28,26,25,21,18,13,8,6,9,14,19,24,28,31,32,32,32,30,25,20,13,7,2
-80,114,14,19,23,23,25,26,25,22,19,18,14,10,8,8,10,14,18,23,27,30,31,29,26,24,19,16,3,0,0,0,0,0,0,0,0,0,3,16,18,20,19,19,19,18,14,10,8,10,15,20,21,22,22,23,22,22,19,14,10,8,5,8,12
-74,114,14,9,8,7,7,8,7,8,9,9,12,15,19,22,25,25,25,25,22,18,13,8,4,2,6,9,3,0,0,0,0,0,0,0,0,0,5,28,30,30,29,26,24,19,15,8,2,5,11,17,21,26,30,30,31,32,32,30,27,23,19,17,16
-59,118,8,0,0,0,6,26,27,28,28,27,27,27,26,26,27,28,28,28,27,27,27,27,25,25,24,24,24,23,24,25,25,12,24,24,24,23,22,22,22,21,21,21,21,20,20,21,21,21,21,21,20,19,19,18,19,19,18,19,5,0,0,0,0
-59,163,8,0,0,0,7,29,30,31,31,30,29,28,28,28,29,30,30,29,28,28,28,28,26,26,26,25,25,25,25,26,26,13,25,26,26,25,24,24,24,23,23,24,23,22,22,23,23,24,23,22,22,22,22,22,21,22,22,21,5,0,0,0,0
-59,163,8,0,0,0,8,30,31,32,33,31,31,31,30,30,30,31,32,31,30,29,30,30,29,28,28,27,26,26,27,28,28,14,28,28,28,27,26,26,25,24,24,25,25,24,24,24,24,25,24,24,23,23,23,23,23,23,23,23,6,0,0,0,0
-58,43,1,0,0,0,6,27,29,30,30,29,29,28,27,26,27,29,29,28,26,26,26,26,24,23,23,23,23,22,23,23,24,12,23,23,23,22,21,21,21,20,20,19,20,18,18,18,19,18,19,18,17,17,17,17,17,17,16,16,4,0,0,0,0
-52,114,14,14,19,24,27,30,30,30,30,30,27,24,20,17,15,12,13,13,14,15,16,16,16,15,14,14,3,0,0,0,0,0,0,0,0,0,4,18,19,22,23,22,21,19,16,12,7,1,5,11,16,21,25,28,30,31,30,29,26,22,15,10,6
-76,114,14,27,27,23,17,14,10,5,0,5,10,15,17,18,23,24,21,22,23,21,19,17,14,11,6,3,0,0,0,0,0,0,0,0,0,0,6,27,28,28,26,23,20,18,18,18,20,23,26,27,27,26,25,24,22,20,18,17,17,17,18,18,18
-86,114,14,26,23,19,21,22,19,16,15,14,14,13,13,13,13,14,13,9,8,6,4,2,2,6,8,8,2,0,0,0,0,0,0,0,0,0,4,16,15,13,11,13,17,21,28,31,28,24,23,22,19,16,13,11,6,3,3,6,10,13,19,24,26
-71,114,14,28,19,13,11,12,17,21,25,30,34,34,33,32,29,25,20,13,6,6,10,17,20,23,24,25,5,0,0,0,0,0,0,0,0,0,1,6,5,5,8,11,14,20,23,25,25,26,24,20,17,12,5,5,12,19,26,33,39,41,45,49,48
-58,118,8,0,0,0,7,30,31,31,32,31,30,30,28,28,29,30,30,30,28,28,29,28,26,25,25,25,25,24,25,26,26,13,25,25,25,24,24,24,23,23,22,23,23,22,22,23,22,24,23,22,21,21,21,21,21,20,20,20,5,0,0,0,0
-59,43,1,0,0,0,7,29,29,30,31,29,29,28,28,28,28,29,29,29,26,26,27,26,25,23,23,24,24,23,23,24,25,11,24,24,25,23,22,23,23,22,21,21,22,21,22,22,23,23,22,21,21,21,20,21,20,20,20,19,5,0,0,0,0
-77,114,14,36,31,26,23,19,13,7,1,7,11,13,17,22,25,26,28,26,25,25,21,18,14,10,7,4,1,0,0,0,0,0,0,0,0,0,6,24,25,27,26,25,22,23,25,25,24,26,29,31,30,30,29,25,19,17,17,17,18,18,22,28,30
-50,114,14,19,23,26,29,31,31,31,30,28,26,23,20,18,18,19,20,22,24,25,24,22,20,18,15,13,3,0,0,0,0,0,0,0,0,0,5,20,22,23,24,23,21,19,15,10,5,4,9,15,20,25,28,30,32,32,31,30,25,20,15,10,7
-72,114,14,25,25,27,30,33,33,33,32,32,31,32,32,33,32,30,26,20,14,8,1,6,13,17,23,25,6,0,0,0,0,0,0,0,0,0,7,31,27,23,17,11,4,5,11,16,20,23,26,25,24,22,21,20,20,22,26,31,33,34,34,34,33
-59,118,8,0,0,0,8,30,31,31,31,30,29,29,28,28,28,29,30,29,27,26,27,26,25,24,24,24,24,23,23,24,24,12,24,24,24,23,22,22,22,22,21,21,22,21,20,21,22,22,21,21,20,19,19,20,20,20,20,19,5,0,0,0,0
-59,163,8,0,0,0,8,32,32,34,34,32,31,31,30,30,30,31,32,31,30,29,29,29,27,27,27,26,26,25,26,28,28,14,27,27,27,26,26,26,26,25,24,24,25,24,24,25,25,26,25,25,24,24,24,23,23,23,22,23,6,0,0,0,0
-59,163,8,0,0,0,6,29,31,33,33,31,30,30,29,29,29,30,31,29,28,28,28,28,26,26,26,25,25,24,25,26,26,13,26,25,26,25,24,24,24,23,23,22,23,23,22,23,24,25,25,23,22,22,22,22,22,22,21,21,5,0,0,0,0
-59,163,8,0,0,0,3,12,12,12,12,12,12,12,11,11,11,12,12,11,11,11,11,10,10,10,10,9,9,9,9,10,10,4,9,10,10,9,9,9,9,9,8,8,8,8,8,8,8,9,9,8,8,8,8,7,7,7,7,8,1,0,0,0,0
-58,43,1,0,0,0,6,29,30,32,32,30,29,29,29,28,28,29,29,29,28,27,27,26,25,24,24,24,24,23,23,25,25,12,24,24,24,23,23,23,23,22,21,20,21,21,22,22,22,22,22,21,20,19,20,19,19,19,20,20,4,0,0,0,0
-58,43,1,0,0,0,7,25,26,27,27,26,25,25,24,24,24,25,25,25,24,23,23,22,21,21,21,21,20,20,20,21,21,11,20,20,20,19,19,19,19,18,18,18,18,17,17,18,18,18,18,17,17,17,17,17,17,16,17,16,4,0,0,0,0
-51,114,14,14,20,23,26,28,29,30,29,27,25,22,19,16,14,14,15,16,18,18,18,18,16,15,13,12,3,0,0,0,0,0,0,0,0,0,4,17,19,20,20,19,17,14,11,6,1,4,9,15,19,23,27,29,30,30,29,27,24,19,14,9,6
-78,114,14,31,29,25,22,17,12,7,4,4,9,12,12,14,18,20,24,25,25,23,20,18,14,12,8,5,1,0,0,0,0,0,0,0,0,0,6,24,25,25,23,20,17,18,20,21,24,29,31,31,30,29,26,21,17,16,12,10,15,21,24,24,29
-84,114,14,27,27,27,24,23,25,25,25,25,24,25,26,25,21,17,15,13,11,8,7,8,10,11,12,12,3,0,0,0,0,0,0,0,0,0,2,10,12,15,20,22,24,24,24,24,21,21,18,14,11,9,9,7,2,4,7,8,9,13,18,21,23
-59,118,8,0,0,0,8,29,29,30,30,28,27,27,26,25,26,27,28,27,25,24,25,24,22,22,21,21,21,20,21,22,22,11,22,22,21,21,21,21,21,20,20,20,20,20,20,20,20,21,21,20,20,19,19,19,19,19,18,18,5,0,0,0,0
-58,118,8,0,0,0,7,30,31,32,32,31,30,30,29,29,29,29,30,29,27,27,27,26,25,24,24,24,24,23,24,24,25,12,24,24,24,23,22,22,22,22,22,22,22,21,21,22,22,22,21,21,21,20,21,20,20,20,19,19,4,0,0,0,0
-58,163,8,0,0,0,8,32,33,35,35,33,32,31,30,30,30,31,31,30,29,28,29,28,26,26,25,25,25,24,25,26,26,13,26,26,25,24,24,24,24,23,23,23,23,22,22,23,23,24,23,22,22,21,21,21,21,21,20,20,5,0,0,0,0
-58,43,1,0,0,0,7,29,30,31,31,30,28,28,27,27,28,28,28,28,26,25,25,25,24,23,22,22,22,22,22,23,23,12,23,23,23,21,21,21,21,20,20,21,21,20,20,20,20,22,21,20,19,19,19,20,19,19,18,18,5,0,0,0,0
-83,108,20,42,43,38,37,37,34,32,29,24,16,13,13,10,7,7,8,9,8,9,10,8,8,9,9,10,2,0,0,0,0,0,0,0,0,0,3,11,9,8,7,5,5,7,9,12,17,23,29,34,35,35,33,33,31,28,23,17,12,10,12,17,21
-51,114,14,15,20,24,28,29,31,31,30,28,26,23,20,17,16,16,18,19,20,21,21,19,18,16,14,13,3,0,0,0,0,0,0,0,0,0,5,19,20,22,22,21,20,18,14,10,5,2,7,12,17,22,26,30,31,32,32,30,27,23,17,12,8
-73,114,14,31,27,22,17,13,10,9,12,17,22,25,28,30,28,25,22,18,12,6,5,10,15,18,22,24,6,0,0,0,0,0,0,0,0,0,3,8,5,4,10,17,21,27,33,34,34,33,30,26,20,15,12,12,16,23,29,35,39,41,41,43,44
-73,114,14,27,24,21,17,13,9,6,8,14,19,23,24,25,24,22,20,16,12,8,9,10,12,17,19,21,5,0,0,0,0,0,0,0,0,0,2,9,7,2,7,13,19,24,28,30,29,28,26,22,18,13,12,11,14,18,23,29,32,34,35,36,37
-58,118,8,0,0,0,9,33,33,34,34,32,32,31,30,30,30,31,31,31,29,27,28,28,26,26,25,25,25,24,25,25,26,12,25,25,25,24,24,24,23,23,22,23,23,22,21,22,22,23,23,22,21,21,21,21,20,20,19,18,5,0,0,0,0
-59,43,1,0,0,0,6,26,26,27,26,25,24,24,24,23,23,24,24,24,22,22,22,21,19,19,19,19,18,18,19,19,19,9,19,19,19,17,17,17,17,17,16,16,17,17,18,18,14,14,17,21,18,15,18,19,16,15,11,4,1,0,0,0,0
-89,154,55,19,20,21,20,21,23,20,13,10,13,13,9,5,2,3,3,2,5,5,7,8,7,7,8,9,3,0,0,0,0,0,0,0,0,0,2,7,7,6,4,1,0,2,2,2,4,7,10,12,14,15,15,17,21,23,23,20,15,13,11,9,8
-52,114,14,16,21,26,30,33,34,35,35,33,31,28,25,21,20,18,20,21,21,22,22,21,19,17,15,14,2,0,0,0,0,0,0,0,0,0,4,19,20,22,22,22,20,17,14,9,4,2,8,14,19,25,29,32,33,34,34,33,30,25,19,14,10
-79,114,14,32,30,27,24,23,18,11,4,2,9,14,18,21,24,26,28,28,27,25,23,17,11,5,2,0,1,0,0,0,0,0,0,0,0,0,5,22,22,24,24,23,22,23,22,22,24,26,27,26,26,26,24,19,15,14,13,12,17,21,25,29,30
-52,114,14,14,18,23,27,30,32,32,32,31,28,25,21,19,18,17,17,18,20,21,20,19,18,16,15,14,3,0,0,0,0,0,0,0,0,0,5,19,20,22,22,22,19,18,14,10,4,2,7,13,18,23,27,30,32,32,33,32,29,24,19,14,11
-75,114,14,21,13,8,5,1,2,5,10,14,18,23,27,31,32,32,30,27,22,16,9,5,7,12,17,21,5,0,0,0,0,0,0,0,0,0,4,18,19,19,19,19,17,18,17,15,15,16,17,19,21,22,23,25,28,30,33,35,36,36,36,36,35
-60,118,8,0,0,0,8,32,33,34,33,32,31,31,30,30,30,31,31,30,28,28,29,28,26,26,25,25,25,24,25,26,25,12,25,25,25,24,23,23,23,23,22,22,23,22,22,23,23,23,23,22,22,21,21,21,21,21,20,19,4,0,0,0,0
-60,118,8,0,0,0,6,26,26,27,27,25,24,24,24,24,24,24,24,23,22,21,21,21,20,20,19,19,19,19,19,19,20,9,19,19,18,18,17,18,18,18,20,23,19,15,16,17,17,17,17,17,16,15,15,15,15,15,15,15,3,0,0,0,0
-59,43,1,0,0,0,5,25,26,27,27,26,25,25,25,24,25,25,26,25,24,24,24,23,21,21,21,21,20,20,21,21,22,10,21,21,21,20,20,20,20,20,20,19,20,19,20,20,20,20,20,19,18,18,18,17,18,18,18,18,4,0,0,0,0
-85,108,20,29,28,25,22,16,10,8,5,6,8,10,13,15,13,12,12,11,10,11,11,10,10,8,5,3,0,0,0,0,0,0,0,0,0,0,2,7,7,10,13,14,13,12,14,17,14,13,14,12,9,8,9,13,14,17,21,24,26,28,31,33,35
-76,114,14,32,29,22,18,17,12,8,5,1,5,10,15,20,22,23,24,27,28,26,24,21,17,13,8,5,1,0,0,0,0,0,0,0,0,0,5,21,21,22,22,22,22,21,23,25,25,26,28,27,25,26,25,22,19,18,17,18,19,21,25,29,29
-53,114,14,19,25,29,33,35,36,36,34,32,29,24,20,16,14,14,17,19,22,24,24,23,23,21,18,17,4,0,0,0,0,0,0,0,0,0,5,18,20,21,21,20,18,16,13,8,3,3,9,15,20,25,28,31,31,31,31,30,26,21,14,8,3
-71,114,14,24,17,12,10,12,14,18,21,24,25,26,26,27,26,23,20,15,10,3,2,8,12,15,18,20,5,0,0,0,0,0,0,0,0,0,2,5,2,2,7,11,15,20,25,26,26,25,24,20,16,10,4,6,13,21,28,35,39,42,43,45,45
-58,118,8,0,0,0,7,26,26,27,28,26,26,25,24,25,25,25,26,25,24,24,24,24,22,22,22,21,21,21,22,22,22,11,22,22,22,21,21,22,21,21,20,20,20,19,20,20,21,21,20,20,19,19,19,19,19,19,19,19,5,0,0,0,0
-60,163,8,0,0,0,4,13,13,14,14,13,13,13,12,12,13,13,13,12,12,11,12,12,11,11,11,11,11,11,11,11,11,6,11,11,11,11,10,11,11,10,10,10,10,10,10,10,10,10,10,10,10,9,9,9,9,9,9,9,3,0,0,0,0
-59,43,1,0,0,0,7,31,32,33,33,32,31,30,29,29,29,30,30,29,27,27,28,27,25,25,25,24,24,23,24,25,25,12,24,24,24,23,22,22,22,22,20,20,21,20,21,20,21,21,21,21,20,19,19,18,19,19,18,18,4,0,0,0,0
-52,114,14,17,23,28,32,35,36,36,34,32,29,25,21,17,14,14,16,19,22,24,25,24,23,21,19,18,5,0,0,0,0,0,0,0,0,0,4,19,21,23,23,23,22,19,16,11,5,1,8,14,20,26,30,33,34,35,35,34,30,25,18,11,6
-75,114,14,34,31,27,21,18,13,8,3,6,9,12,17,19,20,25,28,29,29,28,25,21,17,13,8,5,1,0,0,0,0,0,0,0,0,0,6,22,24,24,24,24,25,25,24,25,25,25,27,27,27,25,25,23,19,17,18,18,18,21,25,25,24
-74,114,14,11,17,21,25,28,29,28,27,26,25,25,26,27,27,26,22,20,16,11,7,7,10,14,19,22,5,0,0,0,0,0,0,0,0,0,4,17,15,11,8,5,5,8,11,13,14,13,13,13,15,17,20,22,25,29,33,35,34,31,29,26,25
-60,118,8,0,0,0,5,22,22,22,21,19,18,19,19,19,18,18,19,19,18,18,19,19,16,15,16,17,16,15,15,15,13,7,17,17,16,15,15,15,14,13,12,13,13,13,12,12,11,12,12,11,12,12,12,12,11,11,11,10,2,0,0,0,0
-61,163,8,0,0,0,7,26,27,27,27,26,25,24,23,23,23,25,24,23,21,21,22,21,19,19,19,19,19,18,19,19,19,10,18,19,19,18,17,17,17,16,16,16,16,17,17,17,17,17,16,16,15,15,15,16,15,15,14,14,4,0,0,0,0
-60,163,8,0,0,0,9,33,33,34,34,33,31,30,30,29,30,30,30,29,27,27,27,26,24,24,24,23,23,23,23,24,24,12,24,24,24,23,22,22,22,21,21,21,21,20,20,21,21,21,21,20,20,19,19,19,18,18,18,18,5,0,0,0,0
-60,43,1,0,0,0,8,33,34,35,34,33,32,31,31,30,30,32,32,31,29,28,29,28,26,26,26,25,25,24,25,26,25,13,25,25,24,23,23,24,24,23,23,23,23,22,22,22,23,23,22,22,22,21,20,21,20,20,19,19,5,0,0,0,0
-76,114,14,28,24,21,21,19,13,9,5,3,7,12,17,20,22,25,29,31,33,32,30,25,21,15,10,7,2,0,0,0,0,0,0,0,0,0,5,22,25,26,26,25,24,25,24,23,23,23,22,23,25,25,24,23,22,20,20,21,22,19,18,22,24
-51,114,14,17,21,25,28,29,30,29,28,26,23,19,17,14,13,14,17,19,21,23,23,22,21,19,16,14,4,0,0,0,0,0,0,0,0,0,5,17,19,20,20,19,18,15,12,8,3,2,7,12,17,21,23,26,27,27,27,25,22,17,13,7,3
-86,114,14,30,31,28,26,24,22,19,21,21,20,19,20,19,17,15,14,12,9,7,7,8,8,8,8,8,2,0,0,0,0,0,0,0,0,0,4,15,17,18,16,18,19,21,24,24,21,17,15,15,13,10,9,8,9,10,11,12,18,22,20,19,23
-60,118,8,0,0,0,8,34,34,36,35,34,33,32,31,31,31,32,32,31,30,29,29,28,26,26,26,25,25,24,25,26,26,13,25,25,26,25,24,24,23,22,22,21,22,22,21,22,22,24,23,22,21,21,21,20,20,21,20,20,5,0,0,0,0
-60,43,1,0,0,0,8,31,32,33,33,31,31,30,29,29,29,30,30,29,28,27,28,27,26,25,25,25,25,25,25,26,26,13,26,26,26,25,25,25,25,24,23,23,23,23,23,23,23,24,23,23,22,21,21,21,20,20,19,20,5,0,0,0,0
-50,114,14,16,21,25,29,31,31,31,29,27,24,20,17,14,12,14,17,20,23,24,24,23,22,19,16,14,4,0,0,0,0,0,0,0,0,0,5,18,20,21,21,20,19,17,12,7,3,4,10,16,21,25,29,31,33,33,33,30,27,21,15,9,5
-78,114,14,27,30,28,23,18,13,8,6,4,6,12,14,14,15,19,23,26,29,30,26,21,19,17,13,10,2,0,0,0,0,0,0,0,0,0,5,23,24,24,24,25,25,24,23,21,21,21,22,21,22,22,23,21,19,20,20,18,19,20,20,21,25
-72,114,14,13,7,2,3,7,11,14,18,20,22,22,23,22,21,19,17,13,11,9,7,8,10,12,13,14,3,0,0,0,0,0,0,0,0,0,2,9,9,12,16,19,21,24,25,24,22,19,16,11,6,5,9,15,20,25,31,34,35,35,34,33,32
-72,114,14,17,8,3,3,6,11,15,18,21,23,24,23,23,22,21,18,14,12,10,9,10,12,14,16,17,3,0,0,0,0,0,0,0,0,0,3,9,10,13,16,20,25,28,30,29,27,25,21,16,10,6,8,13,20,26,31,36,39,39,38,37,37
-59,118,8,0,0,0,7,30,31,33,32,31,29,29,29,28,27,29,30,29,28,27,28,26,25,25,25,24,24,22,24,25,25,12,24,24,24,23,23,23,22,21,21,22,22,21,22,22,21,21,22,21,20,20,20,19,18,18,18,18,4,0,0,0,0
-59,163,8,0,0,0,7,31,32,32,33,31,30,29,28,28,29,30,30,29,28,27,28,27,26,26,25,25,24,23,24,25,25,13,25,25,25,24,24,24,23,22,22,22,22,21,21,21,22,22,22,21,20,19,19,19,19,19,18,18,4,0,0,0,0
-59,163,8,0,0,0,8,31,31,32,33,31,30,30,29,29,30,31,31,30,29,28,28,28,26,26,26,26,25,25,25,27,27,13,26,26,26,25,24,24,24,23,23,24,24,23,23,23,24,24,23,23,22,21,20,21,21,20,19,19,5,0,0,0,0
-59,163,8,0,0,0,7,30,30,32,31,31,29,28,28,28,29,30,30,29,28,27,27,27,26,25,25,25,25,24,25,26,26,12,26,26,25,25,24,24,23,23,22,23,23,21,22,22,22,22,22,21,21,20,20,19,19,19,19,18,4,0,0,0,0
-59,43,1,0,0,0,3,15,16,17,16,15,15,15,15,14,15,15,16,14,14,13,14,13,13,13,13,12,12,12,13,13,13,6,13,13,13,12,12,12,12,11,11,11,11,11,11,12,12,12,12,11,11,11,10,10,10,10,10,10,2,0,0,0,0
-77,114,14,26,25,21,18,18,15,11,8,9,10,11,15,19,22,23,24,26,28,27,25,20,17,12,9,7,2,0,0,0,0,0,0,0,0,0,5,22,24,26,28,27,25,25,24,21,20,20,21,22,21,22,24,22,21,21,21,23,24,24,23,22,24
-51,114,14,18,24,27,29,31,31,31,29,27,23,19,16,13,12,13,17,20,22,24,24,23,21,18,15,13,2,0,0,0,0,0,0,0,0,0,4,17,18,19,20,18,17,14,11,6,3,6,11,15,19,24,28,30,31,30,30,28,24,19,13,8,4
-87,114,14,26,25,23,21,19,17,16,18,19,19,20,19,17,15,14,13,13,11,10,6,4,2,5,7,7,1,0,0,0,0,0,0,0,0,0,3,13,17,20,17,16,19,21,23,25,27,25,22,18,15,13,11,6,2,8,12,14,17,19,21,25,31
-75,114,14,32,25,20,16,12,10,11,8,13,18,23,29,32,33,34,32,28,24,20,14,11,10,12,15,17,5,0,0,0,0,0,0,0,0,0,2,8,8,8,8,6,5,5,7,10,12,15,17,18,19,20,21,22,23,25,26,28,31,33,36,40,40
-60,118,8,0,0,0,5,25,26,27,27,26,25,24,24,24,24,24,25,24,23,22,22,22,21,21,21,21,21,20,21,22,21,10,21,21,21,20,20,20,20,20,19,19,19,19,19,20,20,20,21,19,19,19,19,18,19,18,17,17,3,0,0,0,0
-60,118,8,0,0,0,8,31,31,32,32,30,29,29,29,28,28,30,30,29,27,27,27,27,25,25,25,25,25,24,25,26,26,13,25,25,25,25,24,24,24,24,23,23,24,23,23,24,24,25,25,24,23,23,23,23,22,22,22,21,6,0,0,0,0
-58,43,1,0,0,0,2,10,10,11,11,10,10,10,10,10,10,10,10,10,10,8,9,9,9,8,8,8,8,8,8,8,8,3,8,8,8,8,7,7,7,7,7,7,7,7,7,7,7,7,7,7,7,7,7,7,6,6,6,6,1,0,0,0,0
-51,114,14,23,28,32,34,36,36,34,32,29,25,19,13,9,8,10,14,19,22,24,25,25,23,21,19,16,3,0,0,0,0,0,0,0,0,0,5,20,21,21,21,18,16,12,9,4,5,9,14,20,24,28,31,32,31,30,30,26,21,15,9,3,2
-76,114,14,27,25,23,21,19,18,12,9,9,8,11,16,19,21,22,24,24,25,25,21,17,13,9,6,5,2,0,0,0,0,0,0,0,0,0,6,25,27,29,28,27,27,25,24,21,20,21,22,23,23,25,26,26,25,25,24,23,22,21,21,22,23
-72,114,14,30,20,11,5,5,7,12,16,20,25,25,27,24,21,22,19,13,11,7,6,8,10,13,13,14,3,0,0,0,0,0,0,0,0,0,3,11,9,9,10,13,19,24,29,32,32,31,30,26,21,15,8,5,12,20,26,32,37,41,43,45,45
-85,114,14,31,34,32,27,21,19,17,16,16,18,19,18,21,19,17,15,12,10,10,8,2,2,2,2,2,0,0,0,0,0,0,0,0,0,0,3,10,11,8,7,14,18,19,22,25,29,30,28,23,19,17,16,14,11,9,6,3,8,11,16,23,27
-72,114,14,29,20,13,7,5,8,12,15,18,21,23,25,25,24,22,20,15,10,7,5,7,9,11,13,13,3,0,0,0,0,0,0,0,0,0,3,9,8,9,10,13,17,22,28,30,31,30,29,25,19,12,8,7,14,21,27,34,39,42,45,47,46
-59,118,8,0,0,0,6,25,25,27,27,26,24,23,24,24,24,25,25,25,23,23,23,22,22,21,20,21,21,20,21,21,21,11,21,22,21,20,20,20,20,20,19,19,19,19,19,19,20,22,19,14,12,16,19,13,12,21,21,14,3,0,0,0,0
-60,43,1,0,0,0,6,24,25,26,26,24,22,22,21,21,22,22,23,22,21,20,21,21,18,18,18,18,18,18,18,19,18,8,18,18,18,18,16,16,17,15,15,16,16,15,15,15,15,16,14,14,10,10,13,14,17,17,17,24,6,0,0,0,0
-61,163,8,30,29,28,26,26,26,24,23,24,23,22,22,22,22,22,22,21,20,19,18,17,17,17,16,15,4,0,0,0,0,0,0,0,0,0,6,24,24,26,26,25,25,26,26,27,28,30,30,29,28,27,28,28,26,26,26,27,27,27,28,29,28
-51,114,14,21,25,28,30,32,31,30,28,25,21,16,10,7,8,10,14,17,21,22,22,20,19,17,14,12,2,0,0,0,0,0,0,0,0,0,4,17,18,18,17,16,15,13,9,5,5,8,12,16,20,23,26,27,28,27,26,24,20,15,9,3,1
-78,114,14,30,28,23,19,16,13,7,5,6,6,10,15,16,17,21,25,27,27,28,27,24,20,15,10,7,2,0,0,0,0,0,0,0,0,0,5,23,23,25,25,24,22,20,19,17,15,17,20,22,23,24,24,24,22,19,19,18,16,17,19,22,24
-50,114,14,24,29,33,36,36,36,34,31,28,23,18,12,8,9,14,18,22,25,28,28,26,24,21,17,15,4,0,0,0,0,0,0,0,0,0,5,20,21,21,20,18,16,13,8,5,5,10,16,20,25,29,32,33,33,32,31,28,23,17,10,3,3
-73,114,14,17,24,27,30,31,30,28,27,25,24,23,22,21,18,16,13,8,7,8,11,13,18,22,23,25,6,0,0,0,0,0,0,0,0,0,4,18,13,7,1,8,13,17,20,21,21,19,17,17,19,23,26,29,31,34,35,36,35,31,26,21,17
-61,118,8,0,0,0,8,31,33,34,34,33,32,31,29,29,30,31,31,30,29,28,29,28,26,26,26,25,25,24,25,26,26,12,26,26,26,24,23,24,23,22,22,22,22,21,20,20,20,20,20,19,19,18,18,18,17,17,17,16,4,0,0,0,0
-62,43,1,0,0,0,7,31,32,32,33,30,29,29,28,28,27,28,28,28,26,25,25,25,23,23,22,22,22,21,21,22,23,11,22,22,22,20,20,20,19,19,19,20,19,17,18,18,18,18,17,17,16,16,16,16,15,15,15,14,3,0,0,0,0
-62,163,8,25,24,23,22,22,22,19,17,18,20,19,18,19,19,18,18,18,17,16,15,15,15,14,14,13,4,0,0,0,0,0,0,0,0,0,6,23,23,24,25,24,24,25,25,25,25,25,26,27,26,25,25,24,23,23,24,24,24,24,25,26,25
-77,114,14,28,28,26,21,18,13,9,7,5,7,10,13,17,22,24,23,24,25,25,24,21,15,11,7,3,0,0,0,0,0,0,0,0,0,0,6,24,25,26,26,26,26,26,24,22,21,22,23,24,24,24,25,23,21,18,17,18,20,22,22,21,22
-51,114,14,22,26,30,31,33,33,32,30,27,24,19,15,14,13,15,18,21,23,24,24,22,20,17,15,13,3,0,0,0,0,0,0,0,0,0,4,17,19,20,20,19,17,14,11,6,1,5,12,16,21,25,29,31,31,30,30,28,24,18,12,8,6
-77,114,14,27,27,26,23,21,16,9,4,6,10,13,14,18,20,21,23,24,25,25,23,18,14,9,5,3,0,0,0,0,0,0,0,0,0,0,5,23,26,28,26,25,24,23,22,21,20,22,23,23,23,23,23,22,21,20,19,19,19,19,22,26,28
-71,114,14,29,23,20,19,18,19,20,20,21,24,25,28,30,29,30,28,26,24,20,16,13,12,14,17,20,5,0,0,0,0,0,0,0,0,0,3,14,13,13,14,15,15,18,21,23,23,25,25,24,22,18,15,13,12,14,19,24,29,33,37,40,41
-61,118,8,0,0,0,6,26,26,27,27,26,25,26,25,25,25,26,26,26,25,25,25,25,23,23,23,22,22,22,23,23,24,11,23,23,23,21,21,21,20,19,19,20,19,18,19,19,19,19,19,18,18,18,17,17,17,17,17,16,4,0,0,0,0
-58,43,1,0,0,0,5,21,22,23,23,22,21,21,21,20,21,21,21,21,20,19,20,20,19,19,18,18,18,18,18,19,18,9,19,19,19,18,18,18,18,18,17,17,17,15,15,17,15,13,17,20,20,22,21,17,14,20,21,16,3,0,0,0,0
-87,108,20,14,12,11,12,14,15,16,17,18,22,21,18,17,17,18,15,13,12,8,5,1,1,0,2,6,3,0,0,0,0,0,0,0,0,0,4,13,12,11,10,8,6,5,3,2,3,3,6,10,15,17,18,19,21,23,26,28,27,26,26,26,26
-90,114,14,10,13,12,10,8,8,8,8,7,5,6,4,4,3,3,4,6,10,10,9,12,11,10,10,10,2,0,0,0,0,0,0,0,0,0,1,5,8,11,12,13,13,11,8,5,4,5,4,3,5,6,7,8,9,12,15,15,15,13,7,7,11
-53,114,14,24,28,31,34,35,34,33,30,26,23,18,13,10,10,13,17,19,22,23,23,22,21,18,15,13,4,0,0,0,0,0,0,0,0,0,4,18,19,19,19,18,15,13,8,3,2,7,13,18,23,28,30,32,32,32,30,26,22,16,9,4,4
-78,114,14,28,24,21,21,21,16,11,5,2,5,10,14,16,18,20,21,22,23,23,19,17,16,13,8,5,1,0,0,0,0,0,0,0,0,0,6,26,28,29,29,29,28,27,26,25,25,25,26,25,23,23,23,23,21,21,21,18,18,19,21,23,26
-53,114,14,25,29,33,35,36,35,34,31,27,23,18,13,10,10,12,16,20,22,24,24,22,20,18,15,13,3,0,0,0,0,0,0,0,0,0,4,18,19,20,19,18,15,12,8,3,2,8,13,19,24,27,31,33,33,32,31,28,23,17,10,3,4
-89,114,14,19,22,22,22,25,28,29,28,27,26,25,25,20,16,14,10,4,1,1,5,7,9,11,11,11,3,0,0,0,0,0,0,0,0,0,1,3,5,9,10,10,10,12,14,17,16,13,12,12,12,14,12,8,7,7,8,11,13,13,14,15,20
-73,114,14,7,1,8,15,21,24,26,27,27,27,28,26,23,19,16,12,8,6,5,10,13,15,17,18,20,5,0,0,0,0,0,0,0,0,0,2,5,7,11,16,19,23,26,29,28,24,21,16,10,3,7,16,22,29,36,41,44,45,44,42,41,37
-59,118,8,0,0,0,2,9,9,10,10,10,10,10,9,9,9,10,10,10,9,9,9,9,8,8,8,8,8,8,8,8,9,4,8,8,8,8,7,7,8,7,7,7,7,8,8,8,8,8,8,7,7,7,7,7,7,6,6,6,1,0,0,0,0
-59,43,1,0,0,0,7,32,33,33,34,32,31,31,30,31,32,33,33,33,31,30,30,30,29,28,28,28,28,27,27,28,28,13,28,28,28,27,26,26,26,26,25,26,26,24,24,24,25,25,25,24,23,22,22,22,23,23,21,20,5,0,0,0,0
-58,43,1,0,0,0,5,25,26,27,27,25,25,24,24,24,24,25,25,24,24,24,24,23,21,21,21,21,21,20,21,22,22,10,21,21,21,20,20,20,20,19,18,17,19,19,18,19,19,19,18,18,18,17,17,17,16,16,16,15,4,0,0,0,0
-89,114,14,10,11,11,12,12,13,13,11,9,5,3,1,0,1,2,5,7,10,13,13,13,12,12,12,10,2,0,0,0,0,0,0,0,0,0,3,10,8,9,12,11,8,8,8,9,8,6,5,5,5,5,8,12,13,12,11,12,13,12,8,6,4
-86,154,55,22,22,22,20,16,17,19,23,22,21,18,18,15,12,10,8,4,0,1,5,6,4,5,5,7,2,0,0,0,0,0,0,0,0,0,1,6,3,3,2,1,2,3,7,10,13,16,18,21,22,23,24,21,17,16,17,16,16,17,18,20,23
-52,114,14,24,30,33,36,37,36,35,33,30,25,20,15,11,10,12,16,19,22,24,24,23,21,19,16,13,3,0,0,0,0,0,0,0,0,0,4,18,19,21,20,20,18,15,11,5,1,6,12,17,22,27,32,34,35,34,33,30,26,20,13,6,3
-76,114,14,29,30,28,26,22,18,14,9,6,7,8,10,13,15,18,22,23,26,28,27,24,22,18,13,10,2,0,0,0,0,0,0,0,0,0,5,25,26,27,27,24,24,24,23,21,20,20,21,23,24,26,26,25,24,23,22,21,20,20,20,22,25
-74,114,14,25,18,13,11,10,10,14,18,22,26,31,33,32,32,31,28,22,17,10,2,4,9,13,17,20,5,0,0,0,0,0,0,0,0,0,3,14,13,13,14,14,15,16,19,21,21,21,21,18,14,10,7,5,7,14,21,27,31,35,38,38,37
-87,114,14,21,21,18,15,16,15,14,16,19,23,23,20,16,16,14,8,4,2,1,5,8,11,12,14,16,4,0,0,0,0,0,0,0,0,0,3,10,9,13,16,18,20,22,24,23,22,23,20,17,14,10,5,3,2,4,6,11,15,18,20,23,24
-74,114,14,26,16,11,7,7,10,15,19,22,27,31,34,34,34,33,29,23,17,9,0,6,12,17,20,23,6,0,0,0,0,0,0,0,0,0,3,12,10,9,10,9,13,17,20,23,24,24,23,20,17,13,8,1,5,13,20,27,32,38,43,45,43
-59,118,8,0,0,0,7,30,31,33,33,31,30,30,29,29,29,30,31,30,29,28,29,28,26,26,26,25,25,25,25,26,26,12,26,26,26,25,24,24,24,23,23,23,22,22,23,23,23,23,23,22,22,21,21,20,20,20,19,19,5,0,0,0,0
-60,43,1,0,0,0,6,24,24,26,26,25,24,24,23,23,24,25,26,25,24,23,24,23,22,22,22,22,21,21,21,22,22,11,22,22,22,21,21,21,21,20,20,20,20,20,20,20,21,21,21,20,20,20,21,21,19,19,18,18,5,0,0,0,0
-52,114,14,25,30,34,37,39,38,36,34,30,26,20,15,10,11,13,16,20,23,24,24,23,21,19,16,14,3,0,0,0,0,0,0,0,0,0,4,18,19,20,20,18,17,13,9,4,2,8,14,20,25,29,33,34,35,34,32,29,24,17,10,3,3
-85,114,14,31,29,27,26,24,18,14,13,16,17,17,21,21,19,16,16,17,13,6,3,3,3,5,6,7,1,0,0,0,0,0,0,0,0,0,3,11,15,18,18,20,23,25,26,24,22,22,22,19,16,15,17,17,12,11,11,8,11,17,22,26,28
-71,114,14,30,21,15,10,8,13,18,22,25,28,31,31,30,28,25,20,16,11,6,3,5,8,11,14,15,4,0,0,0,0,0,0,0,0,0,2,8,5,2,3,7,13,18,22,26,27,28,28,25,21,16,10,5,5,12,20,28,34,39,44,48,47
-59,118,8,0,0,0,5,19,20,22,22,20,19,19,18,19,19,19,19,19,18,18,18,18,18,18,17,17,17,15,16,16,17,8,17,17,17,17,16,16,16,15,15,16,16,15,15,16,16,16,16,15,15,15,15,15,15,15,15,15,4,0,0,0,0
-59,118,8,0,0,0,7,29,29,31,31,29,28,27,27,27,28,29,29,28,27,26,26,26,25,25,25,24,24,23,24,25,25,13,24,24,25,24,23,24,24,22,22,22,23,22,21,23,23,24,24,23,21,21,21,21,21,21,21,21,6,0,0,0,0
-59,43,1,0,0,0,7,28,29,30,30,28,27,27,26,26,27,28,28,27,26,26,26,25,24,24,24,24,24,23,24,25,25,13,25,25,25,24,24,24,24,23,23,23,23,23,23,23,23,24,24,23,22,22,22,22,21,21,21,20,5,0,0,0,0
-59,163,8,0,0,0,7,28,28,29,30,28,27,26,26,26,26,27,28,28,27,25,26,25,24,23,24,24,24,23,23,25,25,13,24,24,24,24,23,24,24,22,22,21,22,22,22,23,23,23,23,23,22,21,22,21,21,22,21,20,5,0,0,0,0
-59,163,8,0,0,0,6,30,31,31,32,30,30,29,29,29,29,30,30,29,29,29,29,28,26,26,26,26,26,25,26,26,26,13,27,27,27,26,26,25,25,24,24,25,25,23,23,25,25,26,25,25,23,23,23,22,23,23,22,22,5,0,0,0,0
-76,114,14,30,27,25,21,20,18,14,10,6,5,4,3,5,8,13,18,20,21,21,21,20,18,14,10,7,2,0,0,0,0,0,0,0,0,0,6,24,24,26,25,25,23,23,22,20,18,21,22,23,23,22,23,23,21,19,19,18,18,17,16,17,22
-51,114,14,22,26,29,30,31,32,30,27,25,21,17,13,12,12,14,17,20,21,22,22,20,18,16,13,11,2,0,0,0,0,0,0,0,0,0,3,15,15,16,16,15,14,11,8,4,2,7,11,16,20,25,26,29,29,28,27,25,20,15,10,5,5
-86,114,14,23,19,16,16,15,16,22,24,25,28,29,28,26,22,18,15,10,5,4,9,13,14,13,13,14,4,0,0,0,0,0,0,0,0,0,2,12,13,16,19,19,20,19,18,19,16,10,8,9,6,2,2,2,7,12,14,14,17,20,20,20,21
-74,114,14,18,24,29,32,33,32,30,29,26,23,20,18,16,14,13,12,10,9,9,9,10,11,13,15,17,4,0,0,0,0,0,0,0,0,0,5,17,14,8,2,3,8,12,17,20,20,20,21,21,21,21,24,25,26,27,29,31,31,26,20,15,13
-85,114,14,24,22,20,19,21,22,24,27,29,31,29,26,25,22,17,11,7,6,5,10,13,14,15,14,13,3,0,0,0,0,0,0,0,0,0,2,9,12,20,23,21,21,22,20,16,16,16,13,8,4,3,4,6,9,11,12,15,19,21,23,25,25
-58,118,8,0,0,0,6,24,25,26,26,22,20,21,22,22,22,23,23,24,22,20,21,21,20,21,21,18,18,18,20,21,19,9,20,20,19,17,18,18,17,17,18,18,17,16,17,18,18,18,18,17,16,16,16,16,16,15,14,14,3,0,0,0,0
-60,163,8,0,0,0,8,33,33,34,34,32,31,31,30,30,31,32,32,31,29,29,29,29,28,27,27,26,26,25,26,27,26,12,25,26,26,25,24,24,24,23,23,23,23,22,22,23,23,23,22,22,21,21,20,20,19,19,18,18,4,0,0,0,0
-60,163,8,0,0,0,5,24,23,25,25,24,22,22,21,21,22,22,23,22,21,20,21,20,19,19,18,18,18,18,18,18,19,9,19,18,18,17,17,17,17,16,15,15,15,15,16,17,16,16,19,17,13,13,16,14,11,12,13,15,5,0,0,0,0
-59,163,8,0,0,0,5,23,23,24,24,23,21,21,21,21,22,22,22,21,20,20,21,20,19,18,18,18,18,17,17,18,18,8,17,18,17,16,16,16,16,15,13,11,13,14,14,15,15,14,13,15,18,16,13,15,17,15,13,11,3,0,0,0,0
-59,43,1,0,0,0,9,33,34,35,35,33,32,32,31,31,31,32,33,31,31,30,30,29,28,28,27,26,26,25,26,28,28,14,27,27,27,25,24,25,24,23,23,24,23,22,22,23,23,24,22,22,22,21,20,20,20,19,19,19,5,0,0,0,0
-50,114,14,20,25,28,30,31,31,30,28,26,23,19,15,12,10,12,14,17,19,20,21,20,18,16,14,13,2,0,0,0,0,0,0,0,0,0,5,19,20,21,21,20,18,15,11,7,1,4,9,15,19,23,26,29,29,29,27,25,21,16,10,5,2
-76,114,14,22,22,19,18,17,15,13,10,8,9,11,12,16,20,20,21,21,21,21,17,13,12,10,7,5,2,0,0,0,0,0,0,0,0,0,5,26,27,29,29,29,27,26,24,22,21,20,20,20,21,23,25,25,24,23,23,22,20,18,19,19,20
-72,114,14,21,15,13,13,14,14,14,15,14,15,15,16,18,20,21,22,21,19,16,13,10,10,11,13,15,3,0,0,0,0,0,0,0,0,0,4,15,15,15,15,16,17,18,20,22,24,27,28,28,27,25,24,23,21,21,23,24,26,29,32,36,37
-86,114,14,25,21,17,15,14,14,10,9,11,14,17,18,17,14,12,9,5,4,3,5,6,8,9,10,9,2,0,0,0,0,0,0,0,0,0,4,15,13,14,18,23,25,25,25,22,20,20,20,15,11,8,7,6,5,9,14,16,15,18,21,23,22
-73,114,14,26,20,16,14,14,15,16,16,16,17,19,21,23,25,26,26,24,20,17,13,10,10,13,15,20,5,0,0,0,0,0,0,0,0,0,3,16,16,16,16,16,17,18,19,21,24,27,30,30,28,28,28,25,24,25,26,29,34,36,38,41,41
-61,118,8,0,0,0,8,31,31,32,33,30,30,30,29,28,29,29,29,28,27,27,27,27,25,24,24,24,24,23,24,25,25,12,24,25,24,23,22,23,22,22,21,21,21,21,21,21,21,21,21,21,20,20,19,18,18,19,19,18,5,0,0,0,0
-60,43,1,0,0,0,5,18,18,19,19,18,18,17,17,17,17,17,17,17,16,15,16,15,14,14,14,14,13,13,13,14,14,7,13,13,12,12,12,12,11,11,11,11,11,10,10,11,11,11,11,10,10,10,10,10,9,9,10,10,2,0,0,0,0
-52,114,14,20,25,28,31,33,34,33,31,29,26,22,17,14,12,13,15,18,20,22,23,22,20,18,15,15,3,0,0,0,0,0,0,0,0,0,5,20,21,23,22,21,19,17,13,8,2,5,11,17,22,26,29,31,32,31,31,28,24,18,12,6,2
-60,118,8,0,0,0,7,26,27,27,27,26,25,25,24,24,25,25,25,25,23,23,23,23,22,21,21,21,21,20,21,21,21,10,20,21,21,20,20,20,20,19,19,19,19,19,19,19,19,20,20,19,19,18,18,18,18,18,18,17,5,0,0,0,0
-60,43,1,0,0,0,8,30,31,32,31,30,29,29,28,27,29,29,30,29,28,26,28,27,25,25,24,24,24,24,24,25,25,12,24,24,24,23,22,23,22,22,20,20,21,20,21,21,21,22,21,21,19,19,19,20,19,19,19,18,5,0,0,0,0
-88,108,20,20,16,13,9,5,4,4,9,14,13,9,9,10,12,14,12,11,12,10,8,5,4,5,6,5,2,0,0,0,0,0,0,0,0,0,2,8,9,8,9,11,13,13,13,15,14,8,5,4,1,3,6,9,11,13,17,19,23,26,27,25,23
-54,114,14,18,23,27,31,33,34,34,33,30,29,24,20,17,14,13,13,14,16,17,17,17,16,14,13,11,2,0,0,0,0,0,0,0,0,0,5,20,22,23,23,22,20,17,13,9,3,4,10,16,21,26,30,32,32,33,33,30,26,21,15,8,4
-77,114,14,27,25,21,18,17,15,11,6,4,5,7,10,11,14,19,22,23,25,24,20,16,12,10,7,5,1,0,0,0,0,0,0,0,0,0,5,23,25,25,26,26,24,23,21,21,21,22,23,24,24,24,25,23,21,19,20,18,17,17,20,22,24
-72,114,14,30,26,25,25,26,27,27,26,26,28,30,32,32,32,29,27,24,19,14,9,7,8,12,14,15,4,0,0,0,0,0,0,0,0,0,5,18,17,15,13,12,14,18,22,25,26,26,25,22,19,16,14,14,16,21,27,32,37,40,42,43,43
-72,114,14,27,24,24,24,24,24,24,24,25,26,28,29,29,29,28,25,22,19,14,10,8,8,10,12,13,3,0,0,0,0,0,0,0,0,0,4,16,14,13,12,11,12,15,18,20,21,21,20,19,16,13,11,13,16,19,24,29,33,33,35,37,37
-60,118,8,0,0,0,8,32,33,34,34,32,31,30,29,29,30,32,32,31,29,28,30,29,27,26,25,25,25,25,25,26,27,12,26,26,26,25,24,24,24,23,22,22,23,22,22,23,23,23,23,22,21,20,20,20,20,20,19,18,4,0,0,0,0
-61,43,1,0,0,0,4,16,16,16,17,16,15,15,15,15,14,15,15,15,14,14,14,13,13,13,12,12,12,12,12,13,13,7,12,12,12,12,11,12,11,11,10,10,11,10,10,11,11,11,11,11,10,10,10,10,10,10,9,8,2,0,0,0,0
-77,114,14,31,31,28,24,19,14,11,7,5,5,6,10,15,17,20,23,27,29,27,23,19,15,11,8,7,2,0,0,0,0,0,0,0,0,0,8,31,32,32,32,32,29,29,28,27,26,28,31,31,31,31,31,30,28,25,23,22,21,20,22,25,28
-53,114,14,15,19,23,27,29,30,30,29,28,26,22,18,15,13,11,11,13,14,15,15,15,15,14,13,12,3,0,0,0,0,0,0,0,0,0,3,15,17,18,19,18,17,15,11,7,3,3,8,13,17,22,25,28,29,29,29,27,25,20,14,9,5
-86,114,14,19,17,14,13,13,15,19,20,21,24,27,29,26,18,13,10,9,8,5,5,8,12,15,16,16,5,0,0,0,0,0,0,0,0,0,4,16,17,19,23,23,26,30,31,28,26,24,22,20,16,9,4,2,4,7,12,18,22,23,23,25,28
-71,114,14,32,27,25,22,19,17,16,17,19,22,25,27,29,29,27,25,22,17,12,8,6,8,10,14,16,4,0,0,0,0,0,0,0,0,0,4,14,12,8,3,3,8,15,20,24,26,27,27,25,22,18,13,8,2,7,15,23,29,33,37,41,41
-61,118,8,0,0,0,8,33,33,35,35,33,31,31,30,31,31,32,32,31,30,30,31,30,28,28,27,27,26,26,26,28,27,13,27,26,26,26,25,25,25,24,23,22,24,23,23,23,23,23,23,23,22,22,22,21,21,21,20,20,5,0,0,0,0
-61,43,1,0,0,0,8,32,33,34,34,32,31,31,30,30,30,31,31,31,29,28,28,28,26,26,25,25,25,24,25,26,26,12,25,25,25,24,24,24,24,22,22,21,22,22,22,23,23,23,22,21,21,20,20,20,20,20,20,19,5,0,0,0,0
-54,114,14,13,18,22,26,28,29,30,29,28,25,22,20,17,14,13,14,14,15,16,16,15,14,13,11,11,2,0,0,0,0,0,0,0,0,0,4,16,18,19,20,19,18,16,13,8,3,2,8,13,18,22,26,29,30,31,30,29,26,22,16,11,7
-78,114,14,29,29,26,22,20,19,14,8,4,4,6,10,14,16,20,23,25,25,24,24,21,17,12,9,6,2,0,0,0,0,0,0,0,0,0,5,26,26,28,29,27,25,23,21,20,20,20,23,24,24,25,25,25,23,19,19,18,17,17,18,20,22
-89,114,14,21,16,14,16,17,16,18,20,22,25,24,22,21,18,16,16,9,3,0,5,8,8,10,13,14,3,0,0,0,0,0,0,0,0,0,3,8,8,11,14,18,21,23,26,27,26,24,19,17,15,12,8,4,4,7,8,11,15,17,18,21,23
-76,114,14,21,26,29,31,30,28,25,21,17,15,14,12,11,9,7,7,6,3,2,5,8,11,14,16,18,5,0,0,0,0,0,0,0,0,0,8,28,23,15,8,8,15,21,27,31,34,35,34,32,29,25,22,20,18,19,22,25,26,25,23,22,22
-59,118,8,0,0,0,7,27,29,29,29,27,27,26,26,25,26,26,26,25,25,23,24,23,21,21,21,21,21,20,21,21,22,10,21,21,21,20,19,19,19,19,18,18,18,18,19,19,19,20,19,19,18,18,18,18,18,18,17,17,5,0,0,0,0
-59,163,8,0,0,0,5,26,27,27,27,26,25,24,24,24,24,25,25,24,22,21,22,21,21,19,19,20,19,19,19,20,20,9,19,19,19,18,18,18,18,18,17,17,17,17,17,17,17,18,17,17,16,16,16,16,15,15,14,14,3,0,0,0,0
-59,163,8,0,0,0,7,31,31,32,33,31,29,29,28,28,29,29,29,29,27,27,27,26,24,24,24,24,24,22,24,24,24,12,24,24,24,22,22,22,22,22,20,20,20,20,21,21,21,22,21,20,20,19,19,19,19,18,18,17,4,0,0,0,0
-59,163,8,0,0,0,8,31,31,32,32,30,29,28,27,27,27,28,28,27,26,25,25,25,23,23,23,23,23,22,22,23,23,12,23,23,23,22,21,21,21,20,20,19,19,19,19,19,19,20,19,18,18,17,17,17,16,16,16,16,4,0,0,0,0
-59,43,1,0,0,0,6,29,29,30,31,28,27,27,26,26,26,27,27,26,25,24,25,24,23,22,22,22,21,20,20,21,21,10,22,21,21,20,20,20,19,19,18,18,18,19,18,18,18,19,18,18,18,17,17,17,16,16,15,16,3,0,0,0,0
-54,114,14,14,18,22,25,27,28,27,27,25,23,19,16,14,12,13,13,15,17,17,18,17,16,14,12,11,2,0,0,0,0,0,0,0,0,0,3,16,17,19,19,18,18,16,13,9,4,1,5,10,15,19,24,26,27,27,27,25,23,18,14,9,6
-78,114,14,29,27,24,22,20,17,12,7,7,7,11,13,16,18,21,23,25,25,24,21,18,15,11,8,7,2,0,0,0,0,0,0,0,0,0,6,25,26,28,28,28,28,27,26,26,26,26,26,25,26,27,26,24,22,20,20,19,19,18,19,21,22
-89,114,14,24,24,20,18,17,17,17,20,21,21,20,20,21,19,13,7,4,3,3,2,4,6,6,8,10,2,0,0,0,0,0,0,0,0,0,1,9,13,12,13,16,17,20,23,24,22,22,18,13,9,9,5,3,8,8,8,12,16,17,17,20,22
-75,114,14,37,31,26,22,18,13,10,9,10,13,17,21,24,25,26,26,24,21,17,13,10,10,10,12,14,3,0,0,0,0,0,0,0,0,0,3,9,11,12,12,13,16,20,24,26,29,30,32,31,29,27,24,21,17,16,19,24,29,33,39,44,48
-60,118,8,0,0,0,7,31,32,34,34,32,31,31,30,30,29,31,31,29,28,27,28,27,25,25,25,24,24,23,24,25,25,12,24,24,24,23,23,23,23,21,21,20,21,20,21,21,21,22,21,21,20,19,19,19,19,19,18,18,4,0,0,0,0
-61,163,8,0,0,0,8,33,34,35,36,34,32,31,31,31,31,32,32,31,29,28,29,28,26,25,25,25,24,24,24,25,25,12,24,24,24,23,22,22,22,22,23,23,23,21,21,21,21,22,21,21,20,20,20,20,20,19,18,17,4,0,0,0,0
-61,163,8,0,0,0,6,24,24,25,25,24,23,22,22,22,22,23,23,22,21,21,21,21,20,19,19,19,19,18,18,19,19,9,19,19,19,18,18,18,17,17,17,18,17,17,17,17,17,18,17,16,16,16,16,16,15,15,15,14,4,0,0,0,0
-59,43,1,0,0,0,6,24,25,25,26,25,24,23,23,23,24,24,25,25,24,22,23,23,21,22,21,21,21,20,21,22,21,10,21,21,21,20,19,19,19,19,19,19,19,18,18,19,18,19,19,18,18,17,18,17,17,17,16,15,4,0,0,0,0
-53,114,14,13,15,17,17,18,18,17,16,15,13,10,8,7,8,8,10,12,13,14,14,13,12,10,9,7,2,0,0,0,0,0,0,0,0,0,3,12,12,12,12,11,9,7,5,2,0,3,7,9,12,14,15,16,17,16,16,14,12,9,5,2,1
-77,114,14,26,26,26,23,20,15,12,9,8,8,10,13,16,18,19,22,24,25,22,20,17,15,11,9,9,2,0,0,0,0,0,0,0,0,0,5,23,24,24,25,25,25,24,25,26,25,24,25,25,24,23,22,21,19,18,18,18,18,18,20,24,28
-52,114,14,19,22,25,27,29,28,27,25,22,19,15,10,8,9,11,14,17,19,21,21,19,18,15,13,12,3,0,0,0,0,0,0,0,0,0,3,16,16,17,16,14,13,11,7,3,3,8,13,17,20,24,26,28,29,28,26,25,20,15,10,4,1
-86,114,14,21,24,24,22,22,21,22,24,24,20,17,17,15,13,13,9,7,7,5,5,7,9,10,10,10,2,0,0,0,0,0,0,0,0,0,3,13,16,17,19,21,23,23,23,21,20,19,17,15,13,11,8,7,6,4,6,12,14,15,14,17,20
-72,114,14,23,16,12,14,17,21,24,26,27,28,28,27,24,21,17,12,8,8,12,16,19,21,22,22,21,6,0,0,0,0,0,0,0,0,0,2,6,5,7,11,15,20,25,27,28,28,27,24,19,14,9,7,9,15,21,28,35,40,42,44,45,44
-60,118,8,0,0,0,7,29,29,31,31,29,28,28,27,27,27,28,29,28,26,26,26,25,24,24,23,23,23,22,22,24,23,12,23,23,23,22,22,22,21,20,20,20,21,21,20,20,21,22,20,20,20,19,19,19,19,19,19,18,5,0,0,0,0
-60,163,8,0,0,0,7,27,27,29,29,28,27,26,26,26,26,27,27,27,25,24,25,24,23,23,22,22,22,22,22,23,23,11,22,22,22,21,21,21,21,20,19,19,20,19,20,20,20,20,21,20,19,19,18,18,18,18,17,17,5,0,0,0,0
-61,163,8,0,0,0,7,27,28,28,28,27,27,26,26,26,25,26,27,26,25,24,25,24,23,23,22,22,21,20,21,23,24,12,23,23,23,21,21,21,21,19,18,20,21,21,19,19,20,20,20,19,18,18,17,17,17,17,17,16,4,0,0,0,0
-60,43,1,0,0,0,8,32,33,34,34,32,31,31,30,30,30,31,31,31,29,28,29,28,26,26,26,26,25,24,25,26,27,13,26,26,26,24,24,24,24,23,22,23,23,23,23,23,24,24,23,23,23,22,22,22,22,22,21,20,5,0,0,0,0
-60,43,1,0,0,0,8,33,33,35,35,34,32,32,31,31,31,32,32,31,30,29,30,29,27,26,26,26,26,25,25,26,27,13,26,26,26,26,25,25,25,25,25,25,25,24,24,24,25,25,24,24,24,23,23,23,22,22,22,22,6,0,0,0,0
-52,114,14,19,23,26,28,30,30,29,27,24,20,16,12,10,10,11,14,17,19,20,20,19,17,15,12,10,2,0,0,0,0,0,0,0,0,0,4,17,17,19,19,17,15,13,11,8,5,6,11,15,19,24,27,29,29,29,29,27,23,17,12,7,3
-76,114,14,27,29,24,19,16,13,10,9,6,7,7,10,14,19,22,22,21,21,21,20,16,13,11,7,5,1,0,0,0,0,0,0,0,0,0,5,21,22,22,22,22,22,23,24,24,23,24,25,25,25,25,25,23,20,17,16,17,16,16,16,19,23
-73,114,14,26,17,11,7,7,10,14,17,22,26,29,30,29,29,26,22,17,13,8,5,6,9,13,16,17,4,0,0,0,0,0,0,0,0,0,3,11,8,3,3,9,15,20,25,28,28,28,27,24,19,12,5,2,9,17,25,32,37,39,41,42,43
-86,114,14,19,16,17,16,15,19,23,22,22,24,22,21,23,19,13,10,6,8,8,7,9,12,17,18,16,3,0,0,0,0,0,0,0,0,0,1,5,8,10,12,17,21,23,26,27,27,25,23,21,16,13,10,7,5,8,13,17,22,23,26,29,32
-73,114,14,29,19,13,9,7,11,16,20,26,30,34,34,34,31,30,26,21,14,7,3,5,10,14,17,20,4,0,0,0,0,0,0,0,0,0,4,14,10,6,4,9,15,21,26,30,31,30,28,25,19,13,7,3,10,18,25,34,40,43,45,47,47
-59,118,8,0,0,0,5,20,20,21,21,20,19,18,18,18,18,19,19,19,18,18,18,17,16,16,16,16,16,16,16,16,16,8,16,16,15,15,15,14,14,14,14,14,14,14,14,14,14,14,14,14,13,13,13,13,13,12,12,11,3,0,0,0,0
-60,43,1,0,0,0,7,31,32,33,33,32,31,30,30,29,30,31,32,31,29,28,29,28,26,26,26,25,25,25,26,27,27,13,26,26,26,25,24,24,24,23,23,23,23,22,22,24,23,23,24,23,22,22,21,21,21,21,21,20,5,0,0,0,0
-90,114,14,10,6,4,4,3,3,6,4,1,5,9,10,11,10,10,12,13,9,6,5,3,1,3,5,5,2,0,0,0,0,0,0,0,0,0,1,3,2,2,1,1,3,6,8,9,7,7,8,10,10,7,5,2,2,3,7,10,10,10,11,13,14
-52,114,14,20,24,28,30,31,31,30,29,26,23,19,14,11,9,10,12,14,16,18,18,17,16,14,12,12,2,0,0,0,0,0,0,0,0,0,5,18,20,21,21,20,18,15,12,8,4,6,11,17,20,25,29,30,30,30,30,28,23,18,12,5,1
-77,114,14,25,25,24,20,18,16,14,12,10,8,8,11,14,14,17,19,21,21,20,20,18,15,12,8,7,2,0,0,0,0,0,0,0,0,0,5,22,23,24,24,25,25,25,25,23,23,25,26,26,25,24,23,22,21,19,15,14,15,17,19,22,22
-52,114,14,18,22,23,26,27,27,26,25,23,19,16,12,9,9,10,13,14,17,18,18,18,17,15,13,12,3,0,0,0,0,0,0,0,0,0,4,16,18,18,18,17,16,13,10,5,2,5,10,15,19,22,26,27,27,28,26,25,21,16,11,6,2
-85,114,14,18,16,17,21,21,20,19,18,21,24,24,21,15,10,7,5,3,2,4,7,6,8,10,10,9,2,0,0,0,0,0,0,0,0,0,3,14,15,17,23,28,30,31,31,27,22,21,22,18,14,9,4,1,7,15,19,20,21,20,20,18,23
-73,114,14,35,29,23,17,14,10,12,16,21,25,28,32,34,34,31,27,22,16,9,2,3,8,12,16,19,5,0,0,0,0,0,0,0,0,0,5,19,17,13,8,6,9,14,20,24,28,29,30,28,25,19,13,6,1,9,17,27,34,39,44,49,50
-59,118,8,0,0,0,6,28,28,29,30,29,28,27,26,26,27,28,28,28,26,26,26,26,25,25,24,24,23,22,23,24,24,11,24,24,24,23,22,22,22,22,22,21,22,22,21,23,23,23,23,21,21,21,21,20,20,21,20,20,5,0,0,0,0
-60,163,8,0,0,0,7,27,28,29,29,26,26,26,26,25,26,27,27,27,26,25,25,25,23,23,23,23,21,22,22,22,23,11,22,22,22,20,20,20,20,20,20,20,20,20,19,20,20,20,20,20,19,19,19,19,18,18,18,17,5,0,0,0,0
-60,43,1,0,0,0,7,31,32,33,33,32,30,29,29,29,29,30,30,29,28,27,28,27,25,25,25,24,24,23,24,25,25,12,24,25,25,24,23,23,23,22,22,22,22,21,21,22,22,22,22,21,21,20,20,19,19,19,18,18,4,0,0,0,0
-52,114,14,19,24,26,29,31,30,30,28,25,22,19,15,13,13,13,17,19,21,23,21,21,19,16,15,13,4,0,0,0,0,0,0,0,0,0,4,18,19,21,20,19,17,14,11,5,1,5,10,16,21,25,29,31,32,32,31,28,24,19,13,8,4
-76,114,14,26,26,22,19,16,13,10,7,7,12,14,15,17,20,22,23,24,24,23,22,18,13,8,4,5,1,0,0,0,0,0,0,0,0,0,7,27,26,27,27,26,27,26,27,27,27,28,29,28,26,25,25,24,23,21,21,22,22,21,21,22,24
-77,114,14,18,18,20,23,21,20,17,15,14,14,15,16,16,17,17,17,16,15,14,13,11,10,10,12,14,3,0,0,0,0,0,0,0,0,0,3,13,8,7,11,18,23,27,29,30,28,25,20,15,11,10,15,21,23,27,32,34,35,35,31,26,21
-61,118,8,0,0,0,9,34,35,37,37,35,34,33,32,32,32,33,33,33,31,30,30,30,28,27,27,27,26,26,26,27,27,14,27,27,27,26,25,26,25,25,25,25,25,24,24,24,24,25,24,23,23,22,22,22,21,21,20,20,5,0,0,0,0
-59,43,1,0,0,0,5,21,22,24,24,22,21,21,22,22,23,24,24,24,23,22,23,23,21,21,21,21,21,20,21,22,21,10,21,21,21,20,19,20,20,19,18,18,18,18,18,19,19,19,19,18,17,17,17,17,17,16,15,15,3,0,0,0,0
-58,163,8,28,27,27,26,25,24,24,24,23,22,23,23,24,24,24,23,22,22,20,20,19,18,18,18,18,4,0,0,0,0,0,0,0,0,0,4,18,19,20,22,22,22,23,23,24,25,26,27,27,26,26,28,27,26,26,26,26,26,26,26,29,29
-91,114,14,6,2,4,5,5,6,8,4,1,5,14,17,16,15,14,13,12,10,8,3,1,2,4,5,7,2,0,0,0,0,0,0,0,0,0,1,3,5,7,7,6,6,6,7,10,10,10,9,7,5,5,4,4,4,5,5,7,9,10,11,12,13
-53,114,14,13,15,19,21,24,26,28,28,28,27,25,24,21,18,16,15,15,14,15,15,15,16,16,16,16,3,0,0,0,0,0,0,0,0,0,4,16,17,19,20,20,19,18,16,12,9,7,8,11,14,18,22,25,26,27,29,28,27,25,22,20,17
-76,114,14,15,14,12,9,7,7,5,1,5,8,14,19,24,28,30,29,27,24,20,16,12,8,6,7,10,2,0,0,0,0,0,0,0,0,0,8,33,36,38,38,36,37,36,34,29,21,16,13,12,13,14,16,16,17,21,24,24,25,25,25,24,23
-91,114,14,6,5,4,6,8,10,13,14,15,14,13,14,14,11,10,7,6,7,7,7,9,12,10,10,12,4,0,0,0,0,0,0,0,0,0,2,8,8,12,12,12,16,15,13,13,11,8,6,4,3,3,6,8,11,12,11,11,10,9,9,8,9
-59,118,8,0,0,0,4,15,16,16,16,15,15,15,14,14,16,16,16,16,15,15,16,15,15,15,14,14,14,14,14,14,14,7,15,15,15,14,13,13,13,13,12,12,12,12,12,12,13,13,13,12,12,12,13,12,14,16,15,14,4,0,0,0,0
-60,163,8,0,0,0,5,20,20,22,21,20,20,19,19,19,19,20,21,20,19,19,19,19,19,19,18,18,18,17,18,19,19,9,17,18,19,17,17,17,17,16,16,16,15,15,15,15,16,17,17,15,15,15,15,14,14,15,15,15,4,0,0,0,0
-60,163,8,0,0,0,7,29,29,30,30,28,28,27,27,27,28,29,29,28,27,26,27,27,26,25,25,26,25,25,25,27,26,12,26,26,26,25,24,24,24,23,23,23,23,22,22,23,23,24,23,23,22,22,22,22,22,22,21,21,5,0,0,0,0
-60,43,1,0,0,0,5,22,22,23,23,22,21,21,21,21,21,22,23,23,21,21,22,21,21,21,20,20,20,19,20,21,22,10,21,21,21,19,19,19,19,19,18,17,16,15,17,18,18,16,13,15,15,10,10,15,17,16,19,18,3,0,0,0,0
-60,163,8,30,30,28,27,28,27,26,25,25,25,24,24,25,25,26,26,24,23,22,22,21,21,20,20,19,5,0,0,0,0,0,0,0,0,0,5,19,21,22,22,22,22,23,23,24,25,27,28,27,26,26,28,28,27,27,27,27,27,27,28,30,29
-55,114,14,8,11,13,16,18,19,20,20,20,19,17,15,11,8,4,2,5,8,11,13,15,15,15,15,14,3,0,0,0,0,0,0,0,0,0,2,8,9,10,10,11,11,11,11,10,8,7,7,7,7,8,10,12,14,14,15,15,15,14,12,10,8
-54,114,14,12,17,21,26,30,33,34,34,33,31,27,23,17,11,6,4,9,15,21,25,28,29,29,28,27,6,0,0,0,0,0,0,0,0,0,5,18,19,20,21,21,21,21,21,19,16,14,13,13,14,16,19,21,22,24,26,26,25,23,20,16,13
-90,114,14,13,9,7,9,9,7,7,7,9,12,12,9,8,9,10,7,5,5,5,6,7,5,4,5,7,1,0,0,0,0,0,0,0,0,0,2,5,3,2,2,5,8,13,16,17,15,13,13,10,9,9,7,6,5,6,7,8,9,10,8,9,12
-74,114,14,17,13,8,6,5,10,14,17,20,24,25,26,24,23,19,13,8,2,4,9,13,16,17,19,19,4,0,0,0,0,0,0,0,0,0,2,9,12,16,19,22,24,25,26,25,22,18,14,9,3,3,9,13,18,23,28,32,33,34,34,36,36
-60,118,8,0,0,0,7,28,28,30,30,29,28,27,27,28,29,30,31,30,29,29,29,29,28,27,28,28,27,26,28,29,29,14,29,29,29,28,26,27,27,26,25,24,25,25,26,26,26,27,27,25,25,24,24,24,24,24,23,23,5,0,0,0,0
-59,43,1,0,0,0,6,25,26,26,27,27,25,25,25,25,25,27,27,26,25,25,26,25,24,23,23,23,23,23,23,24,25,12,25,25,25,24,24,23,23,23,22,23,23,22,22,23,23,24,24,22,21,21,21,22,21,21,20,20,5,0,0,0,0
-86,108,20,30,29,30,31,28,26,22,18,19,17,15,15,14,13,14,14,14,13,12,11,12,13,12,10,10,2,0,0,0,0,0,0,0,0,0,1,6,4,2,1,1,2,4,6,7,10,11,13,14,18,19,19,21,20,16,16,15,12,10,12,17,23
-55,114,14,9,10,13,18,22,25,26,27,27,26,23,20,17,12,8,4,1,5,8,11,13,14,13,13,13,4,0,0,0,0,0,0,0,0,0,2,14,15,18,21,24,26,27,28,26,25,21,18,14,11,10,13,18,22,26,30,33,33,31,29,26,22
-76,114,14,8,14,18,23,28,29,30,31,29,26,21,16,10,5,6,10,15,21,25,27,26,26,23,20,17,4,0,0,0,0,0,0,0,0,0,3,11,11,14,17,20,24,26,30,32,32,31,28,25,22,16,12,13,17,20,22,26,28,28,25,23,20
-59,118,8,0,0,0,6,27,28,29,29,27,26,27,26,26,26,27,28,28,26,25,26,26,24,24,25,25,25,23,24,25,26,12,26,26,26,25,25,25,26,24,24,26,26,25,25,26,26,26,26,25,25,24,24,23,23,23,22,22,5,0,0,0,0
-57,163,8,0,0,0,7,26,26,27,27,26,25,25,25,25,25,26,26,25,24,24,24,24,23,22,22,22,22,20,21,23,23,11,22,22,22,22,21,22,21,21,21,21,21,21,21,21,21,22,21,21,20,20,20,19,19,19,18,18,5,0,0,0,0
-58,163,8,0,0,0,7,26,26,28,27,26,25,25,25,24,24,26,26,26,24,24,24,24,22,22,21,21,21,21,21,23,23,12,23,23,22,22,22,22,21,20,20,21,21,21,21,21,21,21,21,21,19,19,19,19,18,18,18,18,5,0,0,0,0
-62,163,8,0,0,0,16,67,69,75,76,72,72,75,72,69,72,79,82,80,74,72,73,67,61,65,68,67,65,64,68,73,75,36,73,75,77,73,71,73,74,70,63,57,62,62,63,65,67,68,67,64,63,64,64,61,59,58,53,50,12,0,0,0,0
-58,43,1,0,0,0,6,22,22,23,23,23,22,22,21,22,22,23,23,23,22,21,22,21,20,20,20,20,21,20,21,22,22,11,22,22,22,21,21,21,21,21,20,20,20,20,20,21,21,24,24,20,16,16,18,18,21,23,24,28,8,0,0,0,0
-89,114,14,11,10,10,8,7,7,5,1,2,4,9,9,11,13,12,8,8,10,8,4,4,4,3,5,6,2,0,0,0,0,0,0,0,0,0,1,6,5,3,1,1,3,6,8,11,12,12,12,12,12,12,11,10,9,9,8,5,2,5,7,6,3
-51,114,14,30,30,30,29,26,23,19,17,15,16,20,23,27,30,32,33,32,30,26,22,16,10,4,3,7,2,0,0,0,0,0,0,0,0,0,5,22,22,22,19,17,14,11,7,5,8,13,19,24,26,29,32,31,31,29,27,24,20,17,16,18,20
-75,114,14,26,28,25,22,20,17,14,12,10,14,18,20,22,24,25,27,27,26,26,22,19,14,11,8,8,2,0,0,0,0,0,0,0,0,0,4,20,23,25,26,26,26,24,23,23,21,19,20,20,21,22,22,22,22,22,21,20,20,21,23,25,25
-52,114,14,24,27,29,29,28,25,22,18,16,14,15,17,21,24,26,28,29,28,26,22,17,12,7,2,4,1,0,0,0,0,0,0,0,0,0,5,20,20,21,20,18,15,12,7,2,3,8,14,19,24,27,30,31,31,30,28,25,20,15,11,11,13
-58,118,8,0,0,0,7,29,30,31,31,30,30,29,28,28,28,29,30,29,28,28,28,28,26,26,26,26,26,25,26,27,28,14,27,27,27,26,26,26,26,25,25,25,25,26,26,26,27,28,27,26,25,25,24,24,24,24,22,23,5,0,0,0,0
-58,43,1,0,0,0,8,29,30,32,32,31,31,31,30,30,31,32,32,31,30,29,30,30,28,28,27,27,27,26,27,28,28,14,28,28,28,27,26,26,26,25,24,24,25,25,24,25,26,26,26,25,24,23,24,23,23,23,21,21,5,0,0,0,0
-58,43,1,0,0,0,6,25,26,28,28,27,26,26,25,25,27,27,28,27,26,25,26,25,23,23,23,23,23,22,22,24,24,11,24,24,23,22,22,22,22,22,22,25,23,22,21,22,22,23,22,20,20,21,20,19,19,19,19,18,4,0,0,0,0
-53,114,14,23,26,27,29,29,28,26,23,21,19,17,18,20,21,24,27,28,28,26,24,21,16,12,9,6,2,0,0,0,0,0,0,0,0,0,5,21,21,21,20,17,14,10,6,2,4,9,14,18,22,26,29,30,30,29,27,25,21,17,13,11,11
-78,114,14,28,28,26,25,21,16,12,10,9,9,9,12,16,19,22,23,24,24,22,19,17,14,9,5,4,1,0,0,0,0,0,0,0,0,0,6,24,26,28,28,28,27,27,27,26,25,25,24,24,23,24,24,22,21,21,18,16,17,19,20,21,25
-80,114,14,18,17,18,17,16,14,13,12,11,16,22,24,25,28,30,32,32,28,26,25,21,18,19,21,20,4,0,0,0,0,0,0,0,0,0,6,22,17,13,16,20,25,30,35,34,30,26,25,20,16,13,15,18,19,22,25,29,29,28,26,24,24
-57,118,8,0,0,0,7,26,27,28,28,26,26,25,25,25,25,26,27,26,25,24,25,24,23,23,22,22,22,21,22,23,22,12,22,22,22,21,21,21,21,20,20,20,20,20,19,20,21,21,20,20,19,19,19,19,19,19,18,18,5,0,0,0,0
-58,118,8,0,0,0,7,29,30,30,31,29,29,29,28,27,28,29,29,28,27,27,27,26,25,25,25,24,24,23,23,24,25,12,24,24,24,24,24,24,23,22,22,22,22,22,21,22,23,23,23,22,21,21,21,21,21,21,21,20,5,0,0,0,0
-57,163,8,0,0,0,6,27,28,30,29,29,28,27,27,27,27,29,29,28,27,26,27,26,24,24,24,24,24,23,24,25,25,12,24,25,25,23,22,23,23,22,22,22,22,21,22,22,23,24,22,22,22,21,21,21,20,20,20,20,5,0,0,0,0
-58,43,1,0,0,0,6,27,28,29,29,27,27,27,26,26,27,28,28,27,26,25,26,26,23,23,23,23,23,23,23,24,24,11,24,24,24,23,23,23,22,22,21,22,22,21,21,21,22,22,21,21,21,20,20,20,20,20,19,19,4,0,0,0,0
-58,43,1,0,0,0,7,29,29,31,31,30,28,28,28,28,29,30,30,28,27,27,27,27,26,25,25,25,25,24,25,26,25,12,25,26,25,25,25,24,24,23,23,24,24,23,22,23,23,24,24,23,22,22,22,21,22,22,20,20,5,0,0,0,0
-86,108,20,19,20,20,18,15,13,13,17,21,22,20,19,19,16,13,8,4,3,2,0,1,3,6,7,7,2,0,0,0,0,0,0,0,0,0,4,12,10,10,9,8,6,4,3,2,5,7,12,15,16,17,19,20,23,23,22,21,22,21,22,22,22
-53,114,14,16,20,23,26,28,30,30,30,29,28,26,24,22,20,20,19,19,19,19,18,17,16,15,14,14,3,0,0,0,0,0,0,0,0,0,4,17,18,20,20,20,20,18,15,12,8,5,5,9,14,18,22,26,28,30,32,32,31,26,23,20,18
-76,114,14,28,26,25,22,18,14,13,12,8,8,10,14,17,18,21,24,23,22,23,22,18,14,11,9,6,1,0,0,0,0,0,0,0,0,0,5,24,23,23,22,21,20,21,21,22,23,25,28,29,29,29,28,25,22,19,17,16,15,15,17,20,23
-54,114,14,11,13,15,18,19,20,20,20,20,18,17,15,14,12,12,11,12,13,13,12,12,11,10,10,10,2,0,0,0,0,0,0,0,0,0,3,12,13,14,14,14,14,13,11,8,6,4,4,7,10,13,16,18,19,20,21,20,20,17,15,12,10
-85,114,14,24,17,14,14,16,20,25,28,30,33,30,24,22,21,17,13,9,7,8,10,16,18,19,20,21,5,0,0,0,0,0,0,0,0,0,5,20,24,32,35,35,35,32,31,34,32,27,20,14,10,9,6,8,13,18,24,28,27,24,27,31,31
-74,114,14,20,16,11,7,4,2,3,6,9,13,15,16,16,16,18,17,15,12,7,2,2,5,7,10,13,3,0,0,0,0,0,0,0,0,0,5,22,24,27,29,29,29,29,26,24,21,19,18,18,20,22,25,26,28,30,31,32,32,32,33,33,32
-57,118,8,0,0,0,7,26,27,28,28,27,26,26,25,25,26,26,26,26,25,25,25,24,23,22,22,22,22,21,22,23,22,11,22,22,22,21,21,21,20,20,19,20,19,19,19,19,20,20,19,19,19,18,18,18,18,18,17,17,4,0,0,0,0
-58,163,8,0,0,0,7,29,28,29,29,28,26,27,27,27,27,28,29,28,27,26,26,26,25,24,24,23,23,23,24,25,25,12,24,25,24,23,22,22,22,22,22,22,22,21,20,21,21,21,21,20,19,20,19,19,20,19,18,18,5,0,0,0,0
-56,43,1,0,0,0,8,29,30,31,31,30,29,29,28,28,29,30,31,30,28,28,29,28,27,26,26,26,26,25,26,27,28,14,27,27,27,26,26,26,26,25,25,26,26,25,25,26,26,27,26,26,25,25,25,25,25,25,24,24,6,0,0,0,0
-77,114,14,38,36,35,31,26,21,17,13,11,12,17,23,26,27,27,30,34,31,29,27,25,20,17,12,9,3,0,0,0,0,0,0,0,0,0,7,27,30,31,31,29,28,27,27,26,25,27,30,32,31,31,30,29,25,22,21,22,23,25,28,32,32
-54,114,14,11,13,15,16,18,17,18,17,16,15,13,12,11,9,9,9,10,10,11,11,10,10,10,9,10,2,0,0,0,0,0,0,0,0,0,2,10,10,12,12,11,10,9,8,5,4,3,6,8,11,13,15,16,17,17,17,17,14,12,10,7,6
-77,114,14,30,28,25,22,20,18,15,13,10,7,8,13,17,19,22,23,23,22,21,20,17,13,11,8,5,1,0,0,0,0,0,0,0,0,0,6,26,26,26,25,24,24,22,21,20,21,23,24,25,24,23,24,24,23,21,19,18,19,18,19,22,23
-73,114,14,34,26,19,11,4,4,11,19,26,32,34,35,34,30,25,18,11,3,4,11,16,21,24,26,27,7,0,0,0,0,0,0,0,0,0,1,7,8,9,11,15,18,21,25,26,26,25,24,21,17,12,8,5,8,14,21,27,33,37,42,45,46
-88,114,14,20,17,13,12,11,9,8,8,12,15,17,16,14,14,15,12,9,8,6,7,7,7,9,11,11,3,0,0,0,0,0,0,0,0,0,3,12,14,18,22,25,27,26,26,26,23,20,17,14,11,7,7,7,7,9,11,14,14,13,15,16,16
-59,118,8,0,0,0,7,27,27,29,29,28,27,27,26,25,26,27,28,27,26,26,26,26,24,23,24,24,23,22,23,24,24,12,24,24,25,24,23,23,23,22,22,22,22,22,22,23,23,23,23,22,22,22,22,22,22,22,22,22,6,0,0,0,0
-59,163,8,0,0,0,3,13,13,13,13,13,12,12,12,12,12,12,13,13,12,12,12,12,10,10,11,11,11,11,11,11,11,5,11,12,12,10,10,10,10,10,10,10,10,10,10,10,10,10,10,10,9,9,9,9,9,9,9,9,3,0,0,0,0
-59,163,8,0,0,0,2,12,12,12,12,11,11,10,11,11,11,12,12,11,11,11,11,11,10,10,10,10,10,10,10,10,10,5,10,10,10,9,9,9,9,9,8,8,8,8,8,8,9,9,9,8,8,8,8,8,8,9,8,8,2,0,0,0,0
-59,43,1,0,0,0,8,31,32,32,33,32,31,30,30,30,30,31,32,31,29,29,29,29,27,27,27,26,26,26,26,28,28,13,27,27,27,26,26,26,26,25,24,25,25,24,25,25,25,26,26,25,25,25,25,25,25,25,25,24,7,0,0,0,0
-54,114,14,10,13,15,17,19,19,20,20,20,19,18,17,16,15,14,14,13,12,12,11,11,9,10,8,9,2,0,0,0,0,0,0,0,0,0,2,10,12,13,13,13,12,12,9,7,5,3,4,7,10,13,16,18,19,20,20,20,19,17,15,13,11
-76,114,14,25,24,22,21,19,17,13,7,5,7,8,10,12,14,16,18,19,21,22,20,18,15,12,10,7,1,0,0,0,0,0,0,0,0,0,5,21,22,23,22,20,19,18,19,19,19,21,23,24,24,25,26,24,21,18,18,17,16,15,17,19,21
-71,114,14,24,21,19,17,14,11,9,11,15,20,25,30,32,34,35,35,33,30,26,20,15,10,8,9,12,3,0,0,0,0,0,0,0,0,0,2,7,4,1,6,10,15,20,24,27,26,24,21,18,13,7,4,6,12,17,24,27,31,34,36,36,36
-61,118,8,0,0,0,7,28,29,30,29,28,27,26,25,25,26,26,27,26,25,24,25,24,23,23,23,23,23,23,23,24,24,12,24,24,24,23,23,23,22,22,22,23,23,22,22,23,23,24,23,22,22,21,21,21,21,21,21,20,5,0,0,0,0
-60,163,8,0,0,0,7,27,27,29,28,27,26,25,25,25,25,26,26,25,24,24,25,24,23,23,22,22,22,22,22,23,23,11,22,23,23,21,21,21,21,20,20,20,20,20,19,21,21,21,20,19,19,18,18,18,18,17,17,17,4,0,0,0,0
-60,43,1,0,0,0,8,28,29,30,30,28,27,27,26,26,26,27,27,27,26,25,26,25,24,24,23,23,24,23,24,25,25,13,25,25,24,23,23,23,23,22,21,21,22,22,22,23,23,23,22,21,21,20,21,20,20,20,19,19,5,0,0,0,0
-86,108,20,20,20,21,23,23,23,24,25,25,20,17,14,9,6,3,2,5,7,10,13,12,12,13,13,11,4,0,0,0,0,0,0,0,0,0,1,2,1,1,1,6,9,10,11,13,15,17,18,18,19,17,15,13,13,16,15,13,14,17,17,17,17
-54,114,14,10,13,15,16,18,18,18,17,16,14,13,10,8,6,7,8,8,10,10,11,10,10,9,8,7,1,0,0,0,0,0,0,0,0,0,3,12,12,13,13,13,12,10,9,7,4,3,4,7,9,11,14,16,17,17,17,16,14,12,8,5,3
-77,114,14,25,25,25,23,20,18,15,9,5,1,5,8,12,15,20,22,24,25,27,28,26,21,17,14,10,1,0,0,0,0,0,0,0,0,0,7,27,27,26,27,25,22,20,20,20,20,23,25,27,26,26,27,25,22,20,17,13,10,12,13,14,16
-54,114,14,9,12,14,17,18,19,18,17,16,14,11,8,6,5,5,7,8,10,12,11,12,11,11,10,9,3,0,0,0,0,0,0,0,0,0,2,11,12,12,12,13,11,10,8,6,4,4,6,9,12,14,17,18,19,19,19,19,16,13,10,7,5
-87,114,14,19,17,14,14,16,17,18,21,20,21,24,21,20,20,15,9,6,3,3,6,9,10,9,10,13,4,0,0,0,0,0,0,0,0,0,4,13,15,19,21,22,26,30,29,27,23,21,18,16,13,8,4,1,3,6,10,13,15,16,18,20,21
-76,114,14,33,27,24,19,14,10,9,13,20,26,31,36,40,41,39,34,27,19,9,6,16,24,32,38,42,11,0,0,0,0,0,0,0,0,0,4,18,17,16,15,13,10,9,9,12,15,19,22,25,25,24,23,20,15,9,5,8,16,24,30,35,36
-60,118,8,0,0,0,7,27,27,28,29,27,26,26,25,25,25,26,26,26,24,24,25,24,23,23,23,23,23,22,23,24,24,12,24,24,24,22,22,22,22,21,20,20,21,21,21,22,22,22,22,21,21,20,20,20,20,20,19,19,5,0,0,0,0
-61,43,1,0,0,0,7,27,28,29,29,27,27,26,25,25,25,26,26,26,25,25,25,25,23,23,23,23,23,22,23,24,25,12,24,24,24,23,23,22,22,22,22,22,23,21,21,22,22,22,23,21,21,21,21,20,20,20,20,20,5,0,0,0,0
-91,114,14,7,7,9,12,12,12,10,10,12,8,7,5,5,5,4,5,6,7,8,8,11,13,12,11,10,3,0,0,0,0,0,0,0,0,0,2,10,11,10,11,12,11,10,8,5,5,7,6,2,4,5,8,12,14,14,17,17,16,14,14,13,10
-77,114,14,51,54,53,47,41,39,33,22,15,15,19,24,35,45,51,55,57,59,61,59,51,41,31,22,19,5,0,0,0,0,0,0,0,0,0,13,55,55,56,55,50,46,45,45,44,44,48,55,60,59,60,58,53,49,44,38,31,28,31,35,42,49
-54,114,14,11,14,16,18,20,20,20,19,17,16,14,11,10,9,8,10,11,11,12,12,11,11,10,9,8,2,0,0,0,0,0,0,0,0,0,3,13,14,14,14,14,13,11,10,7,4,3,4,7,10,12,15,17,18,18,18,17,15,12,9,6,4
-77,114,14,25,25,22,19,18,16,13,8,7,5,7,12,15,20,23,24,25,26,28,25,21,18,13,9,7,1,0,0,0,0,0,0,0,0,0,6,27,28,29,28,26,24,23,21,20,20,22,25,26,26,26,25,23,21,20,18,16,14,14,14,15,16
-73,114,14,33,28,23,18,14,8,7,12,18,24,26,30,31,30,26,23,17,10,6,8,14,19,23,26,28,7,0,0,0,0,0,0,0,0,0,2,11,8,6,7,12,18,24,29,31,32,33,34,32,29,27,24,20,16,14,18,22,27,31,33,35,36
-86,114,14,18,14,13,14,14,18,22,24,24,28,30,30,27,23,17,12,9,5,1,3,7,9,11,12,14,3,0,0,0,0,0,0,0,0,0,2,13,16,19,24,30,33,34,34,31,26,24,19,11,4,0,2,7,10,14,16,21,24,25,25,28,30
-59,118,8,0,0,0,6,29,30,31,31,30,29,29,27,27,27,29,29,28,27,26,26,26,24,24,25,23,23,23,23,25,26,12,24,24,25,23,23,23,22,21,21,21,21,21,21,22,22,22,22,21,21,20,19,20,19,19,19,18,3,0,0,0,0
-60,163,8,0,0,0,7,31,32,32,32,31,30,29,28,28,29,29,29,29,27,27,27,27,25,25,25,25,24,23,24,25,25,12,24,25,25,23,23,23,23,21,22,23,23,21,21,21,22,22,22,21,21,21,21,20,20,20,20,19,4,0,0,0,0
-60,163,8,0,0,0,7,28,29,30,30,29,28,27,27,26,27,28,28,27,26,25,25,25,24,24,23,23,23,22,23,24,24,12,24,24,23,23,22,22,22,22,21,20,21,20,20,20,21,21,21,20,20,20,20,19,19,20,19,18,5,0,0,0,0
-60,163,8,0,0,0,9,33,33,34,34,32,31,31,30,30,30,31,31,30,29,29,29,28,27,26,26,26,26,25,26,27,27,14,27,27,27,26,25,26,25,25,24,24,24,23,23,24,24,25,24,24,23,22,22,22,21,21,21,21,5,0,0,0,0
-60,43,1,0,0,0,7,28,28,30,30,28,27,27,27,26,27,27,28,27,25,25,25,25,24,24,24,24,23,23,23,25,25,13,24,24,24,23,23,23,23,22,21,21,21,21,20,21,21,22,21,21,20,19,19,20,19,19,19,19,5,0,0,0,0
-60,43,1,0,0,0,6,25,25,26,27,25,24,24,23,23,23,24,24,23,22,22,22,21,20,20,20,20,20,20,20,21,21,10,21,21,21,20,19,19,19,19,18,19,19,18,19,19,18,19,19,17,17,17,17,17,17,17,16,16,4,0,0,0,0
-90,114,14,7,5,5,8,9,11,9,5,6,5,4,1,1,2,5,5,6,7,7,8,9,9,11,12,13,3,0,0,0,0,0,0,0,0,0,2,9,9,10,10,10,8,8,10,9,5,1,3,5,8,9,8,7,8,10,13,14,12,10,13,12,9
-54,114,14,11,14,17,19,20,20,20,20,18,16,14,12,11,9,9,9,10,11,12,11,10,10,10,9,9,2,0,0,0,0,0,0,0,0,0,3,12,13,13,13,13,12,10,9,6,4,4,5,9,11,14,17,18,19,19,19,18,16,13,10,7,4
-75,114,14,25,25,25,23,22,20,15,10,7,11,13,15,20,22,23,23,24,24,24,23,19,15,12,8,6,2,0,0,0,0,0,0,0,0,0,5,24,24,25,24,23,21,19,20,21,21,24,27,28,26,26,26,25,24,21,17,15,14,15,14,17,23
-72,114,14,30,22,13,6,5,9,15,20,25,31,34,36,38,38,36,32,27,22,15,8,8,14,19,24,27,7,0,0,0,0,0,0,0,0,0,2,10,12,13,15,17,20,22,24,24,24,24,24,20,15,12,12,13,17,23,29,35,40,44,46,48,47
-60,118,8,0,0,0,6,27,27,28,27,25,24,24,23,23,23,24,24,23,22,21,22,21,20,20,20,20,19,19,19,20,20,10,20,20,20,20,19,19,19,18,18,17,18,17,17,18,18,19,18,18,17,17,17,16,16,16,16,15,3,0,0,0,0
-60,163,8,0,0,0,8,31,31,32,32,30,30,28,27,27,28,29,29,28,27,26,27,26,25,24,24,24,24,23,24,25,24,12,24,24,24,23,22,22,22,22,21,21,21,21,20,21,21,21,21,20,20,19,19,19,19,18,18,17,5,0,0,0,0
-60,43,1,0,0,0,8,30,30,32,32,30,29,29,28,27,27,28,28,27,26,26,26,26,25,25,25,25,24,23,24,25,25,13,25,24,24,24,23,23,22,22,22,22,22,19,18,20,22,22,22,21,20,20,19,19,19,19,19,18,5,0,0,0,0
-54,114,14,10,13,15,16,17,17,16,15,13,11,10,9,8,8,9,10,10,12,11,12,11,10,10,8,8,2,0,0,0,0,0,0,0,0,0,3,12,13,13,13,12,11,10,8,5,2,2,5,8,11,13,15,16,17,17,17,16,14,10,8,4,3
-86,114,14,15,12,8,7,9,14,19,24,25,25,24,21,19,15,10,7,3,1,5,10,12,11,15,17,15,4,0,0,0,0,0,0,0,0,0,3,12,15,21,23,23,25,27,29,28,24,21,17,10,3,2,1,4,7,10,18,22,18,14,17,19,19
-72,114,14,32,24,18,12,9,12,17,24,29,33,35,37,36,33,27,20,13,6,5,11,17,22,25,27,29,7,0,0,0,0,0,0,0,0,0,0,3,3,4,5,8,12,16,18,19,21,21,21,20,18,15,12,8,8,13,20,27,32,37,41,44,44
-85,114,14,13,8,8,6,9,16,21,25,28,30,30,26,26,21,11,5,5,5,9,12,13,13,13,14,15,3,0,0,0,0,0,0,0,0,0,4,15,19,23,26,30,32,30,29,30,27,22,17,10,3,4,9,12,15,16,17,19,21,25,21,17,18
-60,118,8,0,0,0,8,32,32,33,33,32,31,30,30,30,30,31,31,30,29,29,29,28,26,26,26,26,26,25,26,27,27,14,26,26,26,25,24,25,25,24,24,24,24,23,22,23,23,23,23,22,21,21,21,20,20,21,20,20,5,0,0,0,0
-60,163,8,0,0,0,7,27,28,29,29,28,26,26,26,26,25,26,27,26,25,24,26,24,23,23,23,23,23,23,22,24,23,11,23,23,23,22,22,22,21,21,21,21,21,21,20,21,21,21,21,19,19,18,18,18,19,19,18,18,5,0,0,0,0
-60,43,1,0,0,0,8,31,32,34,34,33,32,31,30,29,30,32,32,31,29,29,29,29,27,27,27,27,27,27,27,28,29,14,27,27,27,26,26,25,25,24,23,24,24,23,23,23,24,25,24,23,23,22,22,22,22,21,21,20,5,0,0,0,0
-60,43,1,0,0,0,7,31,31,33,34,31,30,29,29,29,30,31,31,30,28,28,29,28,27,26,26,26,26,26,26,27,27,13,26,27,27,25,24,24,24,24,23,24,23,22,23,23,23,24,23,23,22,21,22,21,21,21,21,20,5,0,0,0,0
-55,114,14,10,12,14,16,17,18,18,17,16,14,13,11,9,9,8,9,9,10,11,11,10,9,8,9,9,2,0,0,0,0,0,0,0,0,0,3,12,12,13,12,12,11,10,8,5,2,1,4,8,11,13,16,17,18,18,18,17,15,13,10,8,6
-76,114,14,25,25,25,23,20,17,15,13,13,15,16,18,19,21,23,24,24,24,23,21,19,17,13,9,7,2,0,0,0,0,0,0,0,0,0,5,24,24,25,25,24,22,21,19,19,20,22,25,26,26,27,27,26,25,23,21,19,18,17,18,20,22
-59,118,8,0,0,0,7,31,32,32,32,31,30,30,29,29,29,31,31,30,29,28,29,28,26,26,26,25,25,25,25,26,27,13,25,26,26,24,23,24,23,22,22,22,22,22,22,22,23,23,23,22,21,21,21,21,20,21,20,20,5,0,0,0,0
-59,163,8,0,0,0,7,31,31,33,33,31,31,30,29,29,30,31,32,31,30,29,30,29,27,27,26,26,26,26,26,27,28,14,28,28,27,26,25,26,25,24,24,25,25,24,24,24,25,25,24,23,22,22,22,22,22,22,21,20,5,0,0,0,0
-59,163,8,0,0,0,6,24,25,26,25,24,24,24,23,23,23,24,25,24,23,22,23,22,21,21,21,21,21,20,21,21,21,10,22,21,21,20,19,20,20,19,19,19,19,18,18,19,19,19,19,18,18,17,18,18,17,17,17,17,4,0,0,0,0
-60,43,1,0,0,0,6,27,28,29,29,27,26,27,26,25,26,27,27,27,25,25,25,25,23,23,24,24,24,23,25,25,26,12,25,25,25,24,23,23,23,23,21,21,22,21,21,22,22,22,22,22,21,21,21,20,20,20,20,19,4,0,0,0,0
-77,114,14,26,27,25,26,25,18,16,15,12,11,11,14,19,22,24,27,29,29,26,22,20,17,13,10,9,3,0,0,0,0,0,0,0,0,0,6,25,27,28,28,25,23,22,20,19,18,19,21,23,24,26,25,24,23,22,20,17,15,16,17,16,17
-54,114,14,10,12,15,16,17,17,17,15,14,12,10,8,6,6,6,8,9,10,10,11,11,9,8,7,7,1,0,0,0,0,0,0,0,0,0,1,8,9,10,10,10,9,9,7,5,3,1,3,6,9,12,14,16,17,17,17,16,14,12,9,6,4
-71,114,14,36,30,24,17,11,6,10,17,24,31,35,37,37,36,33,29,23,16,9,5,10,14,19,24,26,6,0,0,0,0,0,0,0,0,0,3,14,13,11,11,10,11,13,16,18,19,21,22,21,20,18,16,14,13,16,19,23,28,33,37,42,43
-86,114,14,12,9,7,8,13,17,19,22,26,29,26,22,19,17,17,14,9,5,5,11,16,16,15,14,13,2,0,0,0,0,0,0,0,0,0,3,14,19,24,28,29,26,25,26,25,21,17,13,11,8,7,8,8,11,17,20,22,23,22,21,24,25
-58,118,8,0,0,0,6,26,26,27,28,27,26,25,25,25,26,27,27,27,25,25,26,25,24,23,24,24,23,23,23,24,24,12,24,24,24,23,22,22,22,22,21,21,22,21,20,21,21,22,21,21,20,20,20,20,20,19,19,19,5,0,0,0,0
-59,43,1,0,0,0,7,31,31,32,33,31,30,30,29,29,29,30,31,30,29,28,29,29,27,27,26,26,26,26,26,27,27,13,27,27,27,26,25,25,25,24,24,24,24,23,23,24,24,24,24,23,22,22,21,21,21,20,20,19,4,0,0,0,0
-53,114,14,24,26,28,29,29,28,27,25,23,21,19,18,17,18,20,21,22,22,21,19,17,15,13,11,10,2,0,0,0,0,0,0,0,0,0,5,20,21,22,21,20,18,15,11,8,5,8,12,16,21,25,27,29,29,28,28,25,22,18,14,12,13
-75,114,14,24,27,26,25,26,25,20,20,20,17,15,17,17,20,22,24,25,25,24,23,22,19,14,9,8,2,0,0,0,0,0,0,0,0,0,7,26,26,26,24,21,19,17,16,16,18,21,24,25,25,26,29,29,28,24,17,15,14,13,11,13,15
-74,114,14,18,12,9,7,7,11,17,23,25,26,28,29,28,24,19,16,10,8,10,15,18,24,27,27,28,8,0,0,0,0,0,0,0,0,0,2,7,5,7,12,17,21,24,28,28,27,27,25,23,21,19,17,13,15,20,24,31,35,36,36,36,34
-74,114,14,20,15,9,6,5,10,14,19,24,25,26,27,25,22,19,15,10,7,8,12,16,20,22,24,25,6,0,0,0,0,0,0,0,0,0,3,9,8,1,6,14,18,21,24,25,25,24,24,22,18,15,13,12,13,17,23,28,32,34,36,38,36
-60,118,8,0,0,0,7,27,28,29,30,28,27,27,27,27,27,28,29,29,27,26,27,26,26,25,25,25,25,24,25,27,27,13,27,27,27,26,25,26,25,25,24,25,25,25,24,25,26,26,26,25,25,24,24,25,24,24,24,23,6,0,0,0,0
-61,43,1,0,0,0,7,28,28,29,29,28,27,26,26,26,26,27,27,26,25,24,26,24,24,23,23,23,23,22,23,24,24,12,23,24,24,23,23,23,23,22,23,23,23,21,21,22,23,23,22,22,22,21,21,21,21,21,21,21,5,0,0,0,0
-61,43,1,0,0,0,6,28,27,29,29,27,26,26,26,25,25,27,27,26,25,24,24,24,22,22,22,23,22,22,22,24,24,12,24,24,24,23,22,22,22,21,21,20,21,21,21,21,22,23,22,21,21,21,21,21,21,21,21,20,5,0,0,0,0
-76,114,14,29,30,28,26,23,19,15,13,11,10,11,12,15,19,22,24,25,25,25,24,21,18,15,13,12,3,0,0,0,0,0,0,0,0,0,6,25,25,24,24,23,22,21,21,21,22,24,26,27,27,28,29,26,24,24,21,20,18,16,16,20,23
-54,114,14,6,10,13,14,16,17,18,17,16,14,13,10,8,6,5,6,7,8,9,9,10,9,9,8,7,1,0,0,0,0,0,0,0,0,0,3,12,13,14,14,14,13,12,11,8,5,3,4,7,10,13,15,17,18,19,20,20,17,15,11,8,5
-85,114,14,21,22,20,20,21,23,27,31,32,33,35,35,32,26,21,16,10,8,10,14,14,15,18,21,21,5,0,0,0,0,0,0,0,0,0,4,18,17,18,20,23,24,24,22,17,16,17,17,14,9,6,8,10,10,10,13,17,22,23,22,23,24
-73,114,14,23,16,11,6,5,9,15,20,24,29,33,37,38,37,35,32,27,23,16,9,4,7,13,18,22,5,0,0,0,0,0,0,0,0,0,3,12,12,12,13,14,14,14,14,12,9,6,4,3,7,11,15,18,22,25,29,33,35,36,37,37,37
-59,118,8,0,0,0,8,32,33,33,34,32,31,30,30,31,31,32,32,32,31,30,31,30,28,28,28,28,28,27,28,29,29,15,29,29,29,28,27,27,27,26,25,25,25,25,25,26,26,26,26,25,24,23,24,23,24,24,23,22,5,0,0,0,0
-59,163,8,0,0,0,4,14,14,15,15,14,13,13,13,13,13,14,14,13,13,13,13,13,12,12,12,11,11,11,12,12,12,6,12,12,12,11,11,11,11,11,10,10,11,10,10,11,11,11,11,10,10,10,10,10,10,10,9,9,3,0,0,0,0
-58,163,8,0,0,0,7,27,28,29,29,27,26,26,26,26,26,27,27,27,25,25,25,25,24,24,23,23,23,23,23,24,25,12,24,25,24,23,22,23,22,22,21,21,22,22,21,22,22,23,23,21,21,20,20,20,20,20,19,19,5,0,0,0,0
-58,163,8,0,0,0,7,29,30,32,32,31,30,29,28,28,28,30,30,30,28,27,29,28,26,26,26,26,26,24,26,26,27,13,27,27,27,26,25,25,25,24,23,24,25,24,24,24,24,25,24,24,23,23,22,22,21,21,21,20,5,0,0,0,0
-58,163,8,0,0,0,6,29,31,32,31,30,29,29,28,28,28,30,30,29,28,27,28,27,25,25,25,25,25,25,25,26,27,13,26,26,26,26,24,24,24,24,24,24,24,23,23,24,24,25,24,24,22,22,22,22,22,22,21,21,5,0,0,0,0
-58,163,8,0,0,0,5,23,24,24,24,24,22,23,22,23,23,24,23,23,22,21,22,22,20,20,20,20,20,19,20,20,20,10,21,20,21,20,19,19,19,19,19,19,19,19,18,19,19,19,19,19,17,17,18,17,17,18,16,16,4,0,0,0,0
-87,108,20,18,22,24,25,27,25,21,19,16,16,14,10,7,5,3,1,2,3,6,9,10,8,7,10,12,2,0,0,0,0,0,0,0,0,0,2,7,7,7,5,2,1,1,3,7,10,13,16,17,18,19,20,22,23,20,18,18,17,13,12,9,6
-77,114,14,27,28,25,21,20,17,10,7,9,12,14,15,18,22,25,25,26,28,28,24,21,19,14,9,6,1,0,0,0,0,0,0,0,0,0,5,21,22,23,24,24,24,24,23,23,22,22,23,23,22,21,20,17,16,16,16,15,17,20,19,21,24
-52,114,14,8,13,18,22,25,28,29,29,28,26,23,19,14,11,8,8,9,12,14,16,17,18,17,17,16,3,0,0,0,0,0,0,0,0,0,5,20,20,23,24,24,23,21,19,15,11,7,7,10,15,20,24,28,30,31,32,32,30,25,22,17,12
-88,114,14,10,12,12,14,18,20,20,21,23,24,23,21,18,15,13,10,7,2,5,7,13,14,13,12,11,2,0,0,0,0,0,0,0,0,0,4,15,17,18,20,22,22,23,25,21,19,16,15,12,8,7,7,10,12,14,15,15,15,15,16,18,19
-72,114,14,38,31,23,17,9,5,8,14,20,25,29,30,30,28,23,19,14,8,3,7,12,17,20,23,24,7,0,0,0,0,0,0,0,0,0,4,13,10,6,4,6,12,16,21,25,27,29,28,26,23,18,14,8,4,8,16,24,32,37,42,46,49
-87,154,55,15,17,17,20,23,22,21,20,19,21,21,17,15,13,12,9,4,1,3,6,8,9,9,9,7,1,0,0,0,0,0,0,0,0,0,2,9,8,7,7,6,3,2,3,3,6,10,11,12,14,14,16,21,24,26,26,26,28,27,23,22,21
-59,118,8,0,0,0,5,26,27,29,29,27,27,26,25,26,27,28,28,27,26,26,26,26,23,23,23,23,23,22,23,24,23,11,23,23,23,22,21,21,21,20,19,19,19,19,19,19,19,19,19,19,18,17,17,17,17,17,16,16,3,0,0,0,0
-60,43,1,0,0,0,5,23,23,24,25,24,23,23,24,24,24,25,26,25,24,24,25,25,24,24,23,23,23,23,24,25,26,12,26,26,26,26,25,25,25,25,25,25,25,24,24,25,26,27,27,26,25,25,24,24,24,24,24,22,5,0,0,0,0
-54,114,14,15,19,24,29,31,33,34,35,33,31,28,24,20,17,14,13,14,16,18,21,22,23,23,24,24,6,0,0,0,0,0,0,0,0,0,3,15,17,19,20,21,20,19,17,14,9,5,4,7,13,17,23,26,29,31,32,32,30,27,23,18,15
-76,114,14,25,27,27,25,23,19,17,13,10,9,11,15,18,22,27,29,30,30,28,27,24,21,17,11,9,2,0,0,0,0,0,0,0,0,0,5,20,21,21,20,18,18,18,18,19,21,24,25,26,27,27,26,25,22,20,17,15,12,11,13,16,19
-89,114,14,13,9,9,11,14,17,18,20,22,23,21,17,15,13,11,7,5,1,4,8,10,13,15,15,14,3,0,0,0,0,0,0,0,0,0,2,8,8,8,12,15,16,17,17,15,12,11,13,13,8,3,2,3,5,8,11,14,15,14,14,17,19
-76,114,14,21,22,21,19,18,17,16,15,16,17,21,25,28,29,31,34,34,34,31,26,20,16,14,17,21,6,0,0,0,0,0,0,0,0,0,9,34,28,26,23,22,25,29,31,34,37,38,38,36,32,29,26,23,20,19,19,19,21,21,20,19,19
-59,118,8,0,0,0,7,25,26,27,27,27,26,27,26,26,27,29,30,29,29,29,29,29,27,27,28,28,27,26,27,29,29,15,28,28,28,27,27,27,26,25,25,26,26,25,25,25,26,26,25,25,25,24,24,24,23,23,23,22,6,0,0,0,0
-60,163,8,0,0,0,6,26,26,27,28,27,26,27,26,26,27,28,29,29,28,28,29,28,27,27,26,26,26,25,26,28,28,14,28,28,27,26,25,26,26,25,25,25,25,25,25,25,25,26,26,25,25,24,24,24,24,24,23,23,5,0,0,0,0
-60,163,8,0,0,0,6,22,23,24,24,22,22,22,22,22,23,25,25,24,23,23,23,24,23,22,22,22,22,21,22,23,23,12,22,22,23,22,21,21,21,21,21,21,21,20,20,20,20,21,21,20,20,19,19,19,20,20,19,19,5,0,0,0,0
-60,163,8,0,0,0,5,24,24,25,26,24,24,24,24,24,25,27,27,27,25,25,26,26,25,25,25,24,24,23,24,26,25,13,25,25,25,24,23,24,24,23,23,24,23,22,22,22,23,23,22,22,21,21,21,22,21,22,20,20,5,0,0,0,0
-60,43,1,0,0,0,6,26,27,29,29,27,27,26,26,26,28,29,30,29,29,28,29,29,27,27,27,27,27,27,27,29,29,14,29,29,29,27,27,27,27,26,26,25,25,25,25,26,26,26,26,25,24,24,25,24,23,24,23,23,5,0,0,0,0
-77,114,14,21,24,22,20,19,17,14,12,12,14,16,19,24,27,30,32,33,33,30,26,23,18,14,10,8,2,0,0,0,0,0,0,0,0,0,5,17,20,20,20,20,20,20,20,20,20,21,22,23,21,22,22,21,18,17,17,16,17,18,18,18,20
-77,114,14,24,25,22,19,18,17,14,9,9,13,16,19,25,28,31,33,34,34,32,27,23,18,13,8,7,1,0,0,0,0,0,0,0,0,0,5,18,19,20,20,20,19,19,19,18,18,19,21,21,20,20,20,19,17,16,15,15,15,13,15,18,20
-90,114,14,2,3,7,10,14,18,20,21,21,19,18,17,15,10,5,1,4,5,9,15,19,18,17,15,11,3,0,0,0,0,0,0,0,0,0,3,10,7,9,11,11,13,14,11,8,9,8,7,6,8,9,9,10,11,9,11,12,10,8,8,8,6
-58,118,8,0,0,0,6,23,24,24,24,23,23,23,23,23,24,25,25,25,24,24,25,25,24,23,23,23,23,23,23,24,25,13,24,25,24,24,23,23,23,22,22,23,23,21,21,22,22,23,22,21,21,20,20,20,19,19,18,19,5,0,0,0,0
-57,163,8,0,0,0,7,26,28,29,29,28,28,28,28,28,29,30,31,30,29,29,30,29,28,28,27,27,27,27,27,29,29,14,28,29,28,27,26,27,25,25,25,25,25,24,24,24,24,25,25,24,23,22,22,22,22,22,21,21,5,0,0,0,0
-57,163,8,0,0,0,6,27,28,29,29,28,27,27,28,28,29,30,31,30,29,29,30,29,28,27,27,27,27,26,27,29,29,14,27,28,28,27,26,26,25,25,25,25,25,23,23,24,24,24,23,23,22,21,21,21,21,21,20,20,5,0,0,0,0
-58,43,1,0,0,0,5,21,21,21,21,20,20,20,20,20,21,22,22,22,21,21,21,21,20,20,20,20,20,19,19,20,21,10,20,20,19,19,18,18,18,17,17,17,17,16,16,16,16,16,16,16,15,16,15,15,15,15,15,14,3,0,0,0,0
-57,43,1,0,0,0,5,18,18,19,20,19,17,18,18,18,18,19,20,20,18,18,18,18,18,18,18,18,18,17,18,18,18,9,18,18,18,17,16,17,16,16,13,12,13,15,14,14,15,15,16,15,15,14,14,13,13,13,13,13,4,0,0,0,0
-90,114,14,7,8,10,9,8,9,10,13,16,12,5,3,3,3,2,5,8,8,9,10,9,10,9,8,9,2,0,0,0,0,0,0,0,0,0,1,7,7,9,9,8,7,6,6,5,4,5,3,3,4,5,5,7,8,9,8,7,8,8,6,8,9
-56,114,14,27,30,33,34,34,33,32,29,27,24,22,20,20,21,24,28,30,31,31,31,28,26,22,20,18,4,0,0,0,0,0,0,0,0,0,6,25,26,27,27,26,23,19,15,11,8,8,13,17,21,25,28,29,29,30,28,26,23,19,16,16,17
-76,114,14,26,26,23,23,23,20,15,13,14,16,19,22,25,28,32,34,33,33,31,26,21,15,11,9,6,2,0,0,0,0,0,0,0,0,0,4,19,19,19,19,19,19,18,18,17,17,18,20,19,19,20,22,22,20,19,18,17,15,14,16,18,18
-87,114,14,18,20,18,21,22,22,24,25,26,25,24,21,15,10,6,2,2,7,8,9,10,10,10,10,12,3,0,0,0,0,0,0,0,0,0,1,6,9,10,15,18,20,21,20,18,17,17,18,15,12,9,7,4,5,8,9,9,13,15,13,11,11
-76,114,14,19,19,20,19,19,18,16,18,19,22,24,24,25,25,22,18,12,7,4,7,12,17,21,24,27,7,0,0,0,0,0,0,0,0,0,5,20,21,22,22,22,22,21,20,17,14,11,11,13,17,20,24,27,29,32,34,32,30,27,26,26,25
-59,118,8,0,0,0,8,29,29,31,32,30,29,29,29,29,29,30,31,30,29,28,29,29,27,26,26,26,26,26,26,27,27,14,27,27,26,25,24,24,24,23,23,23,24,23,23,24,24,24,23,22,22,21,21,21,21,21,20,20,4,0,0,0,0
-60,163,8,0,0,0,7,28,29,30,29,28,27,27,26,26,27,28,28,27,26,26,26,25,24,24,25,25,25,24,25,27,27,13,26,26,27,26,25,25,25,24,23,23,24,24,23,24,24,25,25,24,23,24,23,23,23,23,22,21,5,0,0,0,0
-60,43,1,0,0,0,8,31,31,32,32,30,29,29,28,29,29,30,30,30,29,29,30,29,27,27,27,27,27,26,28,28,29,14,28,29,29,27,27,26,26,26,25,25,25,24,25,25,25,25,25,24,23,24,23,23,23,22,22,21,5,0,0,0,0
-52,114,14,16,17,18,18,18,17,16,14,12,11,11,12,12,14,15,17,17,17,17,15,13,11,8,7,6,2,0,0,0,0,0,0,0,0,0,2,12,12,12,11,10,8,6,4,3,4,8,10,13,15,17,17,17,17,16,14,13,10,7,7,7,9
-84,114,14,25,27,27,30,30,28,30,34,35,34,32,30,29,27,22,17,12,10,8,8,10,14,16,17,14,3,0,0,0,0,0,0,0,0,0,3,14,12,9,9,9,9,11,15,17,18,21,23,22,21,22,18,17,18,20,19,19,18,20,25,28,27
-74,114,14,24,18,14,9,8,11,18,24,29,35,39,40,39,36,33,28,21,13,7,10,14,18,23,26,28,7,0,0,0,0,0,0,0,0,0,3,11,10,10,10,11,13,15,17,16,14,12,9,8,9,12,16,18,21,24,26,29,31,33,34,36,36
-85,114,14,24,27,26,26,27,30,34,35,36,36,36,33,27,22,17,14,11,11,12,10,11,13,17,17,14,2,0,0,0,0,0,0,0,0,0,5,19,15,13,13,12,13,17,18,19,20,20,21,22,22,23,23,20,19,22,22,21,21,20,20,24,29
-61,118,8,0,0,0,8,32,33,33,33,31,30,29,28,28,28,28,29,28,26,26,26,26,24,24,24,24,24,24,24,25,25,12,24,24,25,24,23,24,24,23,23,24,23,22,22,23,23,23,23,22,22,22,22,21,21,21,21,20,5,0,0,0,0
-61,163,8,0,0,0,5,22,22,24,24,22,21,21,20,19,20,21,21,20,19,18,19,18,17,17,18,17,17,16,17,18,19,8,18,18,17,17,17,17,17,17,15,15,14,16,16,16,15,16,16,15,13,12,13,13,13,12,15,23,6,0,0,0,0
-61,43,1,0,0,0,6,27,28,28,28,27,27,26,25,25,25,26,26,25,24,24,24,24,23,23,23,23,23,22,23,24,25,12,24,24,24,24,23,23,22,22,21,21,22,21,21,21,21,22,21,20,20,19,19,19,19,19,18,18,4,0,0,0,0
-90,114,14,11,10,11,9,6,5,6,2,4,3,5,10,10,10,8,9,10,12,10,8,6,2,2,3,4,1,0,0,0,0,0,0,0,0,0,2,8,5,2,0,2,2,4,6,5,6,6,7,9,11,13,12,8,8,9,9,8,6,6,8,10,9
-51,114,14,26,28,28,28,27,24,22,19,17,15,16,18,20,23,25,28,28,28,26,23,19,14,10,5,5,1,0,0,0,0,0,0,0,0,0,5,20,21,20,19,17,14,10,6,4,7,11,17,21,25,27,29,29,28,27,25,21,18,14,11,12,14
-77,114,14,23,21,16,14,14,13,8,10,13,13,16,21,26,29,29,27,27,26,24,20,15,10,5,2,4,1,0,0,0,0,0,0,0,0,0,6,23,25,26,25,25,24,21,20,20,20,21,23,25,24,24,22,20,18,18,18,18,19,19,18,18,20
-85,114,14,20,17,15,20,24,26,28,32,33,29,28,28,26,23,22,20,15,10,8,10,12,13,13,12,12,3,0,0,0,0,0,0,0,0,0,3,13,15,12,10,13,15,16,18,21,21,22,22,21,19,18,17,14,12,10,13,16,16,15,17,19,21
-61,118,8,0,0,0,7,30,30,32,32,30,28,28,28,28,28,29,30,28,27,26,28,27,26,26,25,25,25,24,26,26,27,13,26,26,26,25,24,24,24,22,22,21,22,22,21,22,22,22,22,21,20,19,19,19,19,19,18,17,4,0,0,0,0
-61,163,8,0,0,0,8,33,33,34,34,33,31,31,29,29,30,31,31,30,29,28,29,28,26,26,27,27,26,25,25,27,28,14,27,27,27,26,25,25,25,24,23,23,24,23,23,23,23,23,23,22,21,20,19,20,19,19,18,18,4,0,0,0,0
-61,43,1,0,0,0,3,12,12,12,12,12,11,11,11,11,11,11,11,11,11,10,11,10,10,10,10,9,9,9,10,10,10,5,10,10,10,9,9,9,9,8,8,8,8,8,8,8,8,8,7,7,8,10,9,8,9,10,11,10,2,0,0,0,0
-61,43,1,0,0,0,3,13,14,14,14,13,12,12,12,12,12,13,13,11,11,12,12,12,11,11,10,10,10,10,10,11,11,6,11,11,11,11,11,11,10,10,9,9,10,10,10,10,10,10,10,11,12,11,11,12,11,8,6,6,3,0,0,0,0
-61,163,8,0,0,0,6,25,25,26,26,24,24,23,22,22,23,23,23,22,21,21,22,21,20,20,20,20,20,20,20,21,21,10,21,21,21,20,19,19,19,19,19,19,19,18,18,18,18,17,16,13,11,13,13,12,18,21,25,27,6,0,0,0,0
-78,114,14,23,22,20,18,15,11,10,13,14,15,18,22,25,26,27,29,31,29,27,24,20,15,10,6,7,2,0,0,0,0,0,0,0,0,0,5,22,22,23,22,20,19,18,17,14,14,17,20,21,21,22,23,21,19,19,19,19,18,19,20,22,23
-53,114,14,16,18,18,19,18,17,16,14,12,10,10,10,12,14,15,17,17,17,17,15,13,10,9,7,6,1,0,0,0,0,0,0,0,0,0,3,13,13,13,13,11,10,7,5,4,4,6,9,13,14,16,17,18,17,17,15,13,11,8,6,8,9
-87,114,14,15,16,17,19,25,26,26,26,29,32,30,25,21,20,16,11,8,5,2,2,6,8,8,10,14,4,0,0,0,0,0,0,0,0,0,2,11,8,4,5,12,13,15,19,21,20,20,20,17,15,13,11,10,11,12,15,17,14,13,14,15,17
-62,118,8,0,0,0,7,27,27,28,27,26,25,25,24,24,24,23,24,25,23,23,23,23,22,22,22,23,23,22,22,23,24,12,23,23,23,22,22,22,21,21,21,21,21,20,20,21,21,22,21,20,20,19,19,18,19,19,18,18,5,0,0,0,0
-61,163,8,0,0,0,6,26,27,28,27,26,26,26,24,24,24,25,25,25,23,23,23,23,22,22,22,22,21,21,21,22,22,11,21,21,21,22,22,22,20,19,19,18,20,19,18,19,20,20,20,20,19,18,18,18,18,18,18,17,5,0,0,0,0
-61,43,1,0,0,0,7,26,26,27,27,25,24,24,23,23,24,24,24,24,22,22,22,22,21,21,21,20,20,20,20,21,21,11,20,21,21,20,19,20,19,19,18,18,19,18,18,18,19,19,19,18,18,17,18,18,18,18,17,17,4,0,0,0,0
-52,114,14,25,27,29,29,28,27,24,21,18,15,14,15,18,21,25,28,29,29,27,25,20,16,12,8,7,2,0,0,0,0,0,0,0,0,0,5,22,22,22,20,17,15,10,5,2,7,13,18,23,26,29,32,31,31,29,26,23,18,13,9,8,10
-74,114,14,31,24,17,10,5,2,5,10,16,20,23,25,26,26,24,21,18,13,7,1,7,12,18,21,22,5,0,0,0,0,0,0,0,0,0,5,19,21,26,30,31,32,33,33,31,29,26,24,21,19,19,19,20,24,29,32,36,38,40,40,42,42
-74,114,14,28,20,14,8,3,3,8,13,17,21,26,27,27,28,28,25,21,15,8,2,6,11,17,21,24,6,0,0,0,0,0,0,0,0,0,4,18,21,23,24,26,27,28,29,28,26,23,22,21,20,21,21,23,25,29,32,34,36,38,38,39,38
-61,118,8,0,0,0,8,33,34,34,34,33,32,30,30,29,30,31,31,30,29,28,29,28,27,27,27,27,27,26,27,28,29,14,28,28,28,27,26,26,26,25,25,25,25,25,25,25,25,25,26,25,24,23,23,23,23,23,22,23,5,0,0,0,0
-61,163,8,0,0,0,7,30,30,32,31,30,29,29,28,28,28,29,28,27,26,25,26,25,23,23,23,22,23,23,23,24,24,12,24,24,24,23,23,23,23,22,21,23,24,22,23,23,23,23,23,22,22,22,20,20,20,20,20,19,4,0,0,0,0
-60,43,1,0,0,0,6,24,25,26,26,26,25,25,25,25,25,26,26,25,25,25,25,25,24,24,25,25,25,24,25,26,27,13,27,27,27,26,26,26,26,25,25,26,26,26,26,26,26,27,27,26,25,24,25,24,24,24,23,22,5,0,0,0,0
-60,43,1,0,0,0,6,23,24,24,25,24,24,23,22,22,23,24,25,24,24,24,24,23,22,23,23,22,22,22,23,24,24,12,24,25,24,24,24,25,24,24,25,25,24,22,22,23,24,25,25,25,24,23,22,23,23,22,21,21,5,0,0,0,0
-52,114,14,34,35,35,33,31,28,23,18,14,12,14,19,23,27,30,33,34,33,32,28,22,17,11,6,2,0,0,0,0,0,0,0,0,0,0,6,26,26,25,22,19,14,10,5,6,11,18,25,29,32,35,36,36,34,31,27,23,17,13,12,16,20
-51,114,14,25,27,28,28,27,25,21,17,13,9,9,11,15,19,22,24,26,26,25,22,19,14,10,4,1,1,0,0,0,0,0,0,0,0,0,5,22,22,22,21,18,15,11,6,1,5,11,18,22,27,30,32,32,31,29,27,22,18,12,8,8,11
-90,114,14,17,18,17,16,14,13,11,8,5,5,5,5,7,6,4,6,8,8,8,7,4,3,4,4,4,1,0,0,0,0,0,0,0,0,0,1,3,4,7,11,15,17,19,19,18,17,16,16,14,14,14,15,15,15,14,15,20,20,17,15,16,17
-73,114,14,20,11,5,3,10,18,23,27,31,32,31,28,23,17,9,2,7,15,21,27,30,30,30,29,28,7,0,0,0,0,0,0,0,0,0,3,14,16,17,17,18,17,18,20,20,19,19,18,15,10,7,5,9,15,21,28,32,36,38,40,41,40
-61,118,8,0,0,0,6,28,30,31,30,29,28,27,27,27,27,28,28,27,26,26,26,26,25,25,25,24,24,23,25,25,26,12,25,25,25,24,24,24,23,23,22,23,23,22,22,22,22,24,23,22,21,21,20,20,20,20,19,19,4,0,0,0,0
-61,163,8,0,0,0,6,24,24,25,25,23,22,22,22,21,22,23,23,22,21,21,22,22,21,21,20,21,21,20,21,22,22,11,22,22,22,22,21,21,21,20,20,21,21,20,20,20,21,21,20,19,19,18,18,18,18,18,17,17,5,0,0,0,0
-61,163,8,0,0,0,6,26,26,27,28,27,26,25,24,25,24,25,25,25,24,23,23,23,21,21,22,22,22,22,23,24,24,12,24,25,25,23,23,23,22,22,22,22,23,21,22,22,22,23,22,21,21,20,19,19,19,19,18,18,4,0,0,0,0
-61,163,8,0,0,0,7,27,28,29,29,27,26,26,25,25,25,26,27,26,25,24,25,25,23,23,23,23,23,23,24,25,25,13,25,25,25,24,24,24,24,23,22,22,23,22,23,23,23,23,24,22,21,22,21,21,20,20,20,19,5,0,0,0,0
-62,43,1,0,0,0,6,25,24,25,25,25,24,23,22,22,22,23,24,23,22,22,22,22,20,20,20,20,20,20,20,22,22,11,22,22,23,22,21,21,21,21,20,19,20,21,20,21,21,21,21,20,20,19,19,19,18,18,18,18,5,0,0,0,0
-86,108,20,22,25,23,22,26,28,28,28,26,21,16,11,6,3,3,2,2,5,5,6,8,8,10,7,6,1,0,0,0,0,0,0,0,0,0,1,4,6,7,6,3,2,5,7,10,13,14,17,21,21,19,18,20,21,21,21,19,15,11,5,6,7
-52,114,14,23,26,28,28,28,27,24,22,20,17,16,16,18,20,23,26,26,27,25,23,20,17,14,10,10,2,0,0,0,0,0,0,0,0,0,6,23,23,23,21,19,15,12,7,1,4,10,15,20,25,28,29,30,30,28,26,23,18,13,8,6,8
-76,114,14,27,26,23,19,15,10,5,5,8,11,15,20,24,26,26,27,29,28,27,25,21,15,10,6,3,1,0,0,0,0,0,0,0,0,0,4,19,20,20,21,21,20,19,18,19,19,20,21,20,20,21,20,20,18,17,17,17,16,15,16,20,25
-75,114,14,22,16,12,11,12,15,17,20,23,27,29,30,30,28,24,20,14,8,2,5,10,15,18,20,22,5,0,0,0,0,0,0,0,0,0,5,16,13,10,10,12,15,18,22,23,22,21,17,12,6,2,7,13,19,24,30,34,38,40,41,40,37
-84,114,14,32,31,29,28,30,26,22,23,24,24,24,24,23,18,15,14,14,11,9,11,14,12,13,15,14,3,0,0,0,0,0,0,0,0,0,5,17,17,18,20,21,24,27,30,30,31,32,31,27,23,20,16,13,12,12,13,15,17,18,22,26,27
-61,118,8,0,0,0,6,28,29,30,31,29,28,28,27,27,28,29,29,28,27,26,28,27,26,26,25,25,25,25,26,27,27,12,26,27,26,26,25,25,25,24,23,22,24,23,24,24,24,24,24,23,22,22,22,22,21,21,21,21,4,0,0,0,0
-59,43,1,0,0,0,7,28,29,30,30,28,28,27,26,26,27,28,28,28,26,25,27,26,24,24,25,25,25,23,24,25,26,13,25,25,25,24,24,24,23,23,23,23,23,23,23,23,23,24,24,23,22,22,22,22,22,22,21,21,6,0,0,0,0
-53,114,14,24,27,28,29,28,27,24,21,18,14,11,10,11,14,17,20,22,22,23,21,18,15,11,8,7,1,0,0,0,0,0,0,0,0,0,4,19,19,18,17,15,12,9,4,1,5,11,16,19,22,24,27,27,26,25,23,20,15,11,7,5,8
-79,114,14,28,28,24,22,20,17,15,12,10,11,14,19,23,25,29,29,28,29,27,23,16,13,10,6,7,2,0,0,0,0,0,0,0,0,0,6,25,25,27,26,24,23,22,23,23,22,24,26,25,25,26,26,24,21,18,17,16,14,13,13,18,22
-87,114,14,24,20,18,20,17,14,14,16,17,19,18,18,18,16,15,13,12,12,10,10,11,9,8,8,7,1,0,0,0,0,0,0,0,0,0,2,10,8,11,14,16,16,15,17,18,17,15,14,14,11,10,9,7,5,4,7,10,11,13,16,20,25
-75,114,14,32,29,25,21,17,12,7,5,9,14,19,23,27,28,27,25,21,17,13,9,6,7,10,12,13,3,0,0,0,0,0,0,0,0,0,5,20,18,15,10,7,9,14,21,26,31,34,35,34,31,27,22,16,11,8,7,11,17,22,27,30,31
-57,118,8,0,0,0,7,29,29,30,31,30,29,28,27,28,28,29,29,29,27,27,27,27,25,25,25,24,24,24,25,26,26,12,26,26,26,25,24,25,24,24,24,24,24,24,24,25,25,25,25,25,25,24,23,23,23,23,22,23,6,0,0,0,0
-57,163,8,0,0,0,6,28,28,29,30,29,28,27,27,28,28,29,30,30,27,27,28,27,26,25,25,25,25,25,25,26,26,12,26,26,25,24,24,24,24,24,23,24,24,23,22,23,24,25,24,24,23,22,22,23,22,22,22,22,5,0,0,0,0
-57,43,1,0,0,0,8,29,30,31,31,30,29,29,28,28,29,30,30,30,28,27,29,28,26,26,26,26,26,24,25,26,27,13,26,26,27,25,25,25,25,23,23,23,23,23,23,24,24,25,24,24,23,23,23,23,23,23,22,22,6,0,0,0,0
-79,114,14,58,51,46,38,26,15,7,18,25,32,40,48,59,62,60,61,61,57,50,42,34,23,11,5,8,2,0,0,0,0,0,0,0,0,0,10,41,44,48,49,48,46,45,45,42,39,37,34,33,32,34,36,34,34,34,34,37,42,45,51,60,65
-51,114,14,26,30,32,33,33,31,29,26,21,17,12,8,9,13,18,23,26,28,29,28,26,23,19,15,12,3,0,0,0,0,0,0,0,0,0,6,23,24,24,22,20,17,13,9,3,3,9,15,20,24,28,30,31,30,28,27,23,18,11,5,2,7
-85,114,14,24,25,28,29,27,26,26,27,28,26,23,22,22,18,14,11,10,10,10,8,7,8,8,9,9,2,0,0,0,0,0,0,0,0,0,3,11,11,13,16,17,19,22,23,23,25,27,25,21,20,21,18,14,13,10,7,10,11,12,16,19,22
-74,114,14,15,12,11,13,17,17,17,18,20,21,21,20,19,16,12,8,5,6,11,16,20,24,26,27,28,7,0,0,0,0,0,0,0,0,0,3,12,13,16,23,29,34,38,41,39,36,30,24,18,11,8,10,16,22,28,33,36,36,36,35,33,31
-58,118,8,0,0,0,4,16,16,16,16,16,15,15,15,15,15,16,16,16,15,15,15,15,14,14,14,14,13,13,13,14,14,7,14,14,14,13,13,13,13,13,13,13,13,13,13,13,13,13,13,13,13,13,13,13,12,12,12,13,4,0,0,0,0
-58,163,8,0,0,0,6,25,25,26,26,25,24,25,24,24,25,25,26,25,24,24,24,24,23,22,22,22,22,21,22,23,23,12,23,23,23,22,21,21,21,21,20,20,21,20,20,21,21,22,22,21,20,19,20,20,20,20,19,19,5,0,0,0,0
-58,163,8,0,0,0,6,26,26,27,28,27,26,26,26,26,27,28,28,27,26,25,26,26,24,24,23,24,24,23,24,25,24,12,24,25,24,24,23,24,24,23,22,23,23,22,22,23,24,24,24,23,22,23,22,22,23,23,21,21,5,0,0,0,0
-57,163,8,0,0,0,5,24,25,26,26,25,24,24,24,24,25,25,26,26,24,24,24,24,23,23,22,22,22,21,21,23,23,11,22,22,22,22,22,22,22,21,20,20,21,21,20,21,21,21,21,21,20,21,20,20,20,20,20,20,5,0,0,0,0
-57,43,1,0,0,0,6,27,27,29,29,27,26,27,26,26,28,29,29,29,28,27,28,27,26,25,25,24,24,24,25,26,27,12,26,26,26,25,24,24,24,24,23,23,24,23,23,24,25,25,24,23,23,23,23,22,22,22,21,21,5,0,0,0,0
-51,114,14,23,27,30,31,31,30,27,24,20,17,12,9,9,12,15,20,23,24,25,24,22,19,16,13,9,1,0,0,0,0,0,0,0,0,0,5,20,20,21,20,18,16,14,10,5,3,7,12,17,20,24,27,28,29,28,26,23,19,14,8,3,5
-78,114,14,24,22,17,14,9,5,6,10,15,22,25,27,28,28,27,26,26,22,18,17,12,7,1,7,12,4,0,0,0,0,0,0,0,0,0,4,21,22,22,23,24,22,21,21,19,19,19,18,18,18,18,18,18,18,18,19,20,21,21,22,25,27
-71,114,14,18,13,9,5,5,9,13,16,19,21,22,22,22,21,18,15,11,8,3,1,4,7,9,11,12,3,0,0,0,0,0,0,0,0,0,3,16,18,21,23,25,26,26,26,24,23,21,19,16,16,16,18,19,21,24,27,29,30,30,32,31,31
-87,114,14,26,26,23,20,18,17,15,12,14,16,14,14,15,13,13,11,11,11,8,6,7,9,7,5,5,1,0,0,0,0,0,0,0,0,0,3,12,15,18,19,19,21,24,25,25,24,23,22,17,13,10,8,5,3,6,9,12,15,17,18,20,25
-57,118,8,0,0,0,6,27,28,29,30,27,27,27,27,27,27,28,29,28,27,26,27,27,25,25,25,25,25,24,24,25,25,12,25,25,25,24,24,24,23,23,22,22,23,22,23,23,23,24,23,23,23,23,23,22,22,22,22,22,5,0,0,0,0
-57,163,8,0,0,0,6,27,27,29,29,28,27,27,27,27,27,28,29,28,27,26,27,26,25,25,25,24,24,23,24,25,25,12,25,25,25,24,24,24,24,23,22,22,23,22,22,23,24,24,24,23,23,22,22,22,22,22,21,21,5,0,0,0,0
-57,43,1,0,0,0,6,27,27,28,29,27,27,27,26,26,26,27,28,28,27,26,27,26,25,24,24,25,25,24,24,25,25,12,25,25,25,24,23,24,24,24,23,24,24,23,23,23,24,24,24,23,23,23,23,23,23,23,22,22,5,0,0,0,0
-52,114,14,26,30,32,33,33,31,29,25,21,15,10,8,9,13,18,22,25,27,28,26,24,21,17,13,10,2,0,0,0,0,0,0,0,0,0,4,20,21,21,21,20,17,13,9,4,2,8,14,19,23,26,29,31,31,29,27,24,19,14,8,6,10
-79,114,14,27,27,23,20,16,8,2,2,10,14,18,22,24,26,29,29,29,27,24,19,16,11,5,1,6,2,0,0,0,0,0,0,0,0,0,6,22,24,25,25,24,24,23,22,21,20,19,20,20,19,18,19,18,17,16,19,19,19,20,22,25,26
-51,114,14,28,32,34,35,34,33,30,26,21,17,12,9,11,14,20,24,28,29,30,29,26,23,19,14,11,2,0,0,0,0,0,0,0,0,0,4,19,20,21,20,18,17,13,9,3,2,7,12,18,21,26,28,29,30,29,27,24,18,13,7,6,9
-71,114,14,27,18,11,8,9,14,18,23,27,31,32,31,29,27,23,18,13,8,7,9,13,16,19,20,22,5,0,0,0,0,0,0,0,0,0,2,8,9,13,17,20,24,27,31,31,29,27,23,18,11,4,4,10,18,25,32,37,41,44,46,47,47
-60,118,8,0,0,0,6,25,25,26,26,25,25,26,25,25,26,27,27,28,26,25,27,27,25,25,25,25,25,25,25,26,26,13,26,26,26,26,25,25,25,24,24,23,24,24,24,24,25,26,25,24,23,23,23,23,22,22,22,22,5,0,0,0,0
-57,163,8,0,0,0,6,24,24,26,27,25,25,24,24,23,25,26,26,26,25,25,25,25,23,23,24,24,24,23,24,25,25,13,25,26,26,25,25,25,25,24,23,24,25,24,24,25,26,26,26,25,25,24,24,25,24,24,24,24,6,0,0,0,0
-57,163,8,0,0,0,6,24,25,26,27,25,24,24,24,25,25,26,26,26,26,25,26,26,24,24,24,24,24,24,24,26,26,13,26,26,26,25,25,25,25,25,25,26,26,25,25,25,26,27,26,25,25,25,25,25,25,25,24,24,6,0,0,0,0
-56,163,8,0,0,0,6,24,25,27,27,26,26,26,26,26,27,28,29,29,28,28,29,28,27,27,27,27,27,26,27,29,29,15,29,29,29,29,28,29,28,28,27,27,28,27,28,29,29,30,30,29,28,28,28,27,27,27,26,26,7,0,0,0,0
-56,43,1,0,0,0,5,21,22,23,23,23,21,22,22,22,23,24,24,24,24,23,24,24,22,22,23,23,23,22,23,24,25,12,24,25,24,23,23,23,23,23,22,23,23,23,23,23,24,25,24,23,23,24,23,23,23,23,23,22,6,0,0,0,0
-76,114,14,28,28,28,25,23,19,14,12,12,15,18,22,25,28,30,31,30,29,27,22,18,14,8,3,3,1,0,0,0,0,0,0,0,0,0,6,26,25,25,25,22,19,16,13,11,12,16,19,22,25,26,26,25,24,21,19,16,11,11,13,15,19
-58,114,14,11,14,17,17,19,20,19,17,16,13,10,7,4,2,5,8,12,15,16,17,18,18,16,14,13,3,0,0,0,0,0,0,0,0,0,4,14,15,14,14,14,12,10,8,7,6,7,9,11,13,14,15,15,15,14,15,14,12,10,7,3,1
-77,114,14,27,29,27,25,22,19,16,13,9,10,14,19,24,24,26,28,29,28,26,22,18,14,10,5,2,1,0,0,0,0,0,0,0,0,0,6,24,25,24,24,21,19,17,15,14,16,18,21,24,24,24,26,25,23,20,16,12,11,12,14,17,21
-58,118,8,0,0,0,5,22,21,23,23,22,22,22,21,21,22,23,24,23,22,22,23,22,21,21,21,21,21,20,20,22,22,11,21,22,21,21,20,20,20,20,20,20,21,19,19,20,21,21,21,21,21,20,20,20,21,21,20,20,5,0,0,0,0
-58,43,1,0,0,0,8,29,30,31,31,30,29,29,28,28,29,30,31,30,28,28,29,28,26,25,26,26,26,25,25,27,27,13,26,26,26,25,25,25,25,24,23,23,24,24,24,24,25,26,26,25,24,24,24,23,23,24,23,22,6,0,0,0,0
-56,114,14,19,21,22,22,22,21,19,17,14,12,10,10,10,12,13,15,17,18,18,18,17,15,14,12,11,3,0,0,0,0,0,0,0,0,0,2,10,10,9,8,7,5,2,2,4,6,10,12,14,15,17,17,17,16,14,13,11,8,6,5,8,10
-76,114,14,28,27,27,25,21,16,11,6,3,10,17,25,29,30,32,32,32,32,30,25,20,14,9,3,1,1,0,0,0,0,0,0,0,0,0,5,19,20,20,20,19,18,16,16,15,15,17,21,22,22,24,24,23,19,17,14,13,14,15,17,20,23
-87,114,14,19,17,16,17,19,21,20,22,21,19,17,15,14,13,7,7,5,6,9,12,15,18,18,16,14,2,0,0,0,0,0,0,0,0,0,3,9,4,6,12,13,14,17,20,20,21,22,23,22,17,14,10,5,1,3,5,8,10,11,10,14,17
-76,114,14,20,16,13,7,3,6,11,15,20,23,27,30,31,31,31,28,25,22,18,16,15,17,17,19,20,5,0,0,0,0,0,0,0,0,0,2,10,8,6,3,5,10,16,20,22,25,26,25,21,19,14,12,12,13,17,20,25,28,28,29,32,33
-58,118,8,0,0,0,6,23,24,25,25,24,23,23,23,23,23,24,24,23,22,22,23,22,21,20,20,20,19,19,20,20,21,10,21,21,20,20,20,20,19,18,18,18,19,17,18,21,21,24,25,22,16,12,13,14,13,16,17,15,5,0,0,0,0
-59,163,8,0,0,0,5,23,23,25,25,24,24,24,23,23,24,25,26,26,25,24,25,24,23,23,22,22,22,21,22,23,24,11,23,23,23,22,21,21,21,21,21,21,21,21,21,22,23,23,22,22,21,20,20,20,20,20,19,19,5,0,0,0,0
-61,43,1,0,0,0,6,22,22,24,24,24,23,23,23,24,25,26,26,26,25,24,25,25,23,23,23,23,23,23,23,24,24,12,24,25,25,23,21,22,23,22,22,22,22,22,22,22,22,22,22,21,21,20,20,20,20,19,18,19,5,0,0,0,0
-61,163,8,32,32,31,30,30,29,28,27,28,28,26,26,27,27,27,27,26,24,23,22,21,21,20,20,19,4,0,0,0,0,0,0,0,0,0,4,19,20,21,22,22,23,24,24,25,26,28,29,29,28,28,29,28,28,28,29,29,29,29,30,32,32
-84,108,20,36,36,35,32,28,23,18,21,22,18,14,13,11,11,12,10,10,10,9,8,8,8,8,7,9,2,0,0,0,0,0,0,0,0,0,2,7,8,6,3,2,3,6,8,12,17,20,24,26,26,25,25,24,21,18,16,16,17,22,27,30,33
-55,114,14,10,13,15,16,17,17,16,14,13,10,7,4,1,3,6,9,11,13,13,14,13,12,11,8,7,1,0,0,0,0,0,0,0,0,0,2,10,11,10,10,10,9,9,9,9,8,9,10,11,13,14,15,16,16,15,15,14,12,10,8,5,4
-75,114,14,33,33,32,34,31,25,21,17,10,3,6,13,17,21,27,33,36,38,36,32,29,24,18,13,7,2,0,0,0,0,0,0,0,0,0,7,25,25,25,23,20,16,12,8,6,8,12,17,21,22,25,25,25,21,16,14,11,7,4,7,8,12
-54,114,14,27,30,32,34,34,33,30,27,22,16,10,5,8,12,18,23,27,29,30,28,25,22,18,13,10,2,0,0,0,0,0,0,0,0,0,3,16,17,16,15,14,13,14,15,16,17,19,22,24,26,27,28,28,27,26,25,23,19,15,11,10,12
-78,114,14,23,24,25,26,27,26,24,23,20,18,13,7,4,8,15,21,26,29,30,30,30,28,22,17,13,3,0,0,0,0,0,0,0,0,0,2,10,8,9,13,15,19,22,24,25,22,21,20,20,22,23,25,27,27,26,25,25,23,20,19,18,18
-59,118,8,0,0,0,3,15,15,16,16,15,15,15,15,14,15,15,15,14,14,13,14,13,13,13,13,12,12,12,12,13,12,6,13,13,13,13,13,13,13,12,12,13,13,12,12,13,13,14,14,13,13,13,13,13,13,13,13,13,3,0,0,0,0
-58,163,8,0,0,0,5,25,27,28,29,27,26,27,27,27,27,29,29,28,27,27,28,27,26,26,26,25,25,24,25,27,27,13,26,26,27,26,25,26,25,24,25,25,25,25,25,26,26,27,26,25,24,25,24,24,24,23,23,24,5,0,0,0,0
-60,43,1,0,0,0,6,25,26,27,27,27,25,26,25,25,25,26,27,27,25,25,25,26,24,24,25,25,25,24,25,26,26,13,26,26,26,26,25,26,26,25,25,26,26,25,26,27,28,28,28,28,27,27,27,27,27,26,26,26,6,0,0,0,0
-88,154,55,18,19,22,21,16,13,11,5,5,4,4,1,1,3,2,5,8,7,6,8,9,11,9,7,7,2,0,0,0,0,0,0,0,0,0,1,5,2,1,2,2,3,5,8,11,12,12,10,12,13,14,14,14,13,14,14,13,9,9,13,14,12
-88,108,20,20,16,13,12,12,8,4,1,8,7,7,7,10,9,8,8,5,5,7,7,7,7,7,7,8,2,0,0,0,0,0,0,0,0,0,1,3,2,5,7,10,10,9,11,14,14,13,12,10,9,10,9,10,10,11,13,15,16,18,22,24,27
-55,114,14,13,16,19,21,23,23,22,21,18,16,13,10,8,7,8,11,12,13,13,14,13,12,10,9,9,2,0,0,0,0,0,0,0,0,0,3,13,13,13,13,12,11,10,10,9,8,8,10,11,13,15,16,17,18,18,18,17,15,12,9,5,2
-76,114,14,40,36,30,24,18,14,8,1,7,17,21,25,31,33,33,36,38,36,33,30,25,18,13,7,3,1,0,0,0,0,0,0,0,0,0,4,14,15,17,18,19,19,20,21,22,21,21,21,21,19,16,14,12,9,8,10,14,18,18,24,30,28
-72,114,14,28,25,24,24,24,22,21,21,20,20,21,22,22,19,18,17,17,15,13,10,7,5,5,7,9,2,0,0,0,0,0,0,0,0,0,5,18,18,21,23,25,26,27,28,28,28,28,28,27,28,29,29,29,29,29,29,28,27,28,29,29,28
-71,114,14,22,20,20,19,21,21,21,21,21,21,20,19,17,14,12,9,7,5,3,2,3,5,6,7,8,2,0,0,0,0,0,0,0,0,0,3,14,16,19,21,23,23,23,22,21,19,18,18,18,19,20,23,25,27,29,31,31,30,29,28,27,25
-58,118,8,0,0,0,5,20,21,22,22,21,21,21,21,21,21,22,23,23,22,21,22,22,21,21,21,21,21,21,21,23,23,11,23,24,23,22,22,22,23,22,22,22,22,22,22,23,23,24,23,23,22,21,21,21,21,21,20,20,5,0,0,0,0
-58,163,8,0,0,0,7,26,26,27,27,26,25,25,25,25,25,26,27,26,25,25,25,25,24,24,24,24,24,24,25,26,26,13,26,27,26,25,25,26,26,25,24,25,25,25,25,26,27,27,27,26,26,25,25,25,25,26,25,24,6,0,0,0,0
-60,163,8,0,0,0,5,22,22,23,23,21,21,21,21,21,21,22,22,22,21,21,22,21,20,20,20,20,20,20,21,21,22,11,22,23,23,22,21,22,22,21,21,22,22,21,21,21,22,23,23,22,21,21,21,21,21,21,21,20,5,0,0,0,0
-60,163,8,0,0,0,7,28,28,29,29,28,27,27,27,27,28,29,29,29,27,27,29,29,27,27,27,27,27,26,28,29,29,15,29,29,29,29,28,29,28,28,28,28,29,27,28,29,29,29,29,29,28,28,28,27,28,28,27,27,7,0,0,0,0
-60,43,1,0,0,0,3,12,12,13,13,12,12,12,12,12,12,12,12,12,12,12,12,11,11,11,11,11,11,10,11,11,11,6,11,12,12,11,11,11,11,10,10,10,10,10,10,10,11,11,11,10,10,10,10,9,9,9,9,9,3,0,0,0,0
-54,114,14,13,14,15,16,17,17,16,15,14,13,11,11,11,12,12,14,14,14,14,14,13,11,9,9,8,2,0,0,0,0,0,0,0,0,0,3,13,13,13,13,11,10,8,6,4,3,5,7,11,13,15,16,17,17,17,16,15,13,10,8,8,7
-87,114,14,15,14,15,13,12,12,12,14,17,17,15,13,13,9,5,2,1,3,5,7,10,12,13,12,10,2,0,0,0,0,0,0,0,0,0,2,7,10,15,15,15,21,28,28,23,21,21,21,19,15,8,3,1,3,5,9,13,15,16,17,17,18
-73,114,14,35,25,16,9,4,8,17,23,27,30,31,31,29,24,18,12,6,4,10,15,19,22,23,23,24,6,0,0,0,0,0,0,0,0,0,4,14,12,7,3,4,9,14,20,26,28,29,31,29,26,21,15,9,7,14,21,28,35,41,44,48,49
-59,118,8,0,0,0,7,28,29,30,31,29,29,28,28,28,28,29,30,29,28,28,28,28,26,26,27,27,27,25,26,28,28,15,28,28,28,27,26,26,26,26,25,25,25,25,25,27,26,26,26,25,25,24,24,24,24,24,24,24,6,0,0,0,0
-59,163,8,0,0,0,6,26,26,28,28,27,26,25,25,25,26,27,27,27,26,25,26,25,24,24,24,24,24,23,24,25,25,12,25,25,25,23,22,23,22,22,21,21,22,21,21,22,22,22,22,21,20,20,19,19,19,18,18,17,4,0,0,0,0
-59,43,1,0,0,0,6,25,25,26,26,24,24,23,23,23,23,24,25,24,23,22,23,23,22,22,22,23,22,20,22,24,24,12,22,24,24,23,22,22,22,22,22,22,23,21,22,23,23,23,22,21,21,21,21,21,21,20,20,20,5,0,0,0,0
-53,114,14,17,21,24,26,28,29,29,27,25,21,18,12,7,2,5,9,14,18,21,22,22,21,19,16,14,2,0,0,0,0,0,0,0,0,0,5,20,22,22,21,19,18,16,13,10,9,9,13,16,19,22,25,27,28,27,27,25,22,18,14,10,7
-85,114,14,7,5,5,9,17,24,28,31,32,32,31,31,28,23,17,12,7,4,3,9,14,16,17,17,18,4,0,0,0,0,0,0,0,0,0,3,11,14,17,21,23,27,26,25,25,25,22,18,12,7,2,2,5,7,13,17,18,17,18,20,16,12
-75,114,14,38,34,28,22,15,10,3,5,12,17,21,23,24,25,23,21,18,16,16,17,17,19,19,18,18,4,0,0,0,0,0,0,0,0,0,5,22,19,12,6,2,10,17,24,30,33,35,37,36,34,31,29,24,19,14,15,21,27,33,37,39,40
-85,114,14,8,5,10,17,20,23,27,31,32,32,33,31,28,23,18,12,6,2,6,10,12,14,18,20,19,5,0,0,0,0,0,0,0,0,0,2,8,14,17,21,27,29,28,27,28,24,21,19,17,13,8,5,5,9,12,14,18,19,20,22,23,21
-60,118,8,0,0,0,6,25,26,27,27,25,25,25,24,24,24,25,26,25,24,24,24,24,22,22,22,22,22,21,22,23,22,11,22,23,22,21,21,21,21,21,20,21,21,20,20,21,21,22,21,21,20,20,20,19,20,20,19,19,5,0,0,0,0
-61,163,8,0,0,0,5,21,21,22,22,21,20,20,19,20,20,20,21,20,19,19,20,19,18,18,17,18,17,17,18,19,18,9,18,18,18,17,17,17,17,16,16,15,15,16,17,18,18,19,18,17,15,15,17,21,21,20,19,18,4,0,0,0,0
-61,163,8,0,0,0,5,20,22,22,21,20,20,20,20,20,21,21,21,21,20,19,20,20,18,18,19,19,19,18,18,19,19,9,19,19,18,17,17,18,17,16,17,15,14,15,17,18,19,21,18,19,21,17,11,9,13,16,15,15,4,0,0,0,0
-61,43,1,0,0,0,7,29,30,30,31,30,29,29,28,28,29,31,31,30,29,29,30,29,27,27,27,27,27,26,27,28,28,13,28,28,28,26,25,25,25,25,25,25,25,24,24,25,25,26,26,25,24,24,24,24,24,24,23,23,6,0,0,0,0
-85,108,20,38,32,30,25,23,22,17,8,3,1,5,7,10,13,14,12,13,14,12,10,10,8,8,9,7,1,0,0,0,0,0,0,0,0,0,1,3,4,5,6,8,9,10,14,16,16,16,15,13,12,13,11,10,8,3,4,8,11,17,21,24,28
-51,114,14,22,26,31,35,36,37,35,33,29,24,18,10,5,5,11,18,24,29,31,32,31,30,26,22,19,5,0,0,0,0,0,0,0,0,0,5,25,25,25,24,22,20,17,12,9,9,12,17,21,25,29,33,34,33,33,32,28,24,18,12,6,5
-78,114,14,29,29,27,23,18,13,7,6,4,3,11,15,18,22,26,27,25,23,22,19,18,14,8,3,3,1,0,0,0,0,0,0,0,0,0,5,22,22,23,23,22,22,23,25,26,26,29,29,29,27,24,22,20,17,14,12,13,15,19,23,27,30
-74,114,14,23,17,14,16,19,23,28,33,38,40,39,38,36,32,27,21,14,6,6,11,17,22,26,26,27,6,0,0,0,0,0,0,0,0,0,1,6,4,4,5,6,8,10,12,13,14,14,14,14,12,11,10,9,11,18,19,11,18,34,40,41,39
-74,114,14,14,11,10,9,10,12,13,15,18,20,21,20,19,17,15,12,7,3,2,6,10,12,13,14,15,4,0,0,0,0,0,0,0,0,0,2,6,5,5,4,3,3,4,6,7,8,9,10,10,9,8,7,6,5,7,10,14,17,19,21,22,23
-61,118,8,0,0,0,5,22,24,24,24,23,23,23,21,22,22,23,23,23,21,21,22,21,21,21,20,20,20,19,20,21,21,10,21,21,21,20,20,20,20,19,19,20,20,19,19,20,20,20,21,20,20,19,20,19,19,19,19,19,5,0,0,0,0
-61,43,1,0,0,0,6,23,24,25,25,24,23,23,23,23,24,25,25,25,24,24,25,24,23,23,23,23,23,22,22,23,23,12,23,24,24,23,23,23,23,22,22,22,22,21,21,22,22,22,22,22,21,21,21,20,20,20,19,19,5,0,0,0,0
-51,114,14,21,26,30,32,35,35,34,32,29,25,19,12,6,4,8,14,20,24,27,27,26,25,23,20,17,4,0,0,0,0,0,0,0,0,0,6,24,25,26,25,23,20,17,13,9,8,11,16,20,23,27,30,32,32,31,30,28,23,18,13,9,7
-77,114,14,34,29,24,20,15,9,6,4,5,9,14,23,29,28,29,33,35,34,32,29,25,20,15,11,8,2,0,0,0,0,0,0,0,0,0,5,21,20,19,18,17,16,17,21,24,26,27,29,29,27,26,23,18,15,10,10,13,15,21,25,28,31
-51,114,14,19,23,27,29,32,32,31,29,26,22,17,11,6,3,7,13,17,20,23,24,24,23,20,17,15,3,0,0,0,0,0,0,0,0,0,5,22,22,22,22,20,18,16,13,9,8,10,14,18,21,24,27,29,29,29,27,25,22,17,13,8,7
-87,114,14,22,20,17,14,9,9,13,17,20,20,17,16,15,15,15,14,11,8,9,7,7,8,10,10,8,1,0,0,0,0,0,0,0,0,0,1,6,5,7,11,17,22,26,27,25,25,25,22,16,13,12,9,4,1,2,3,3,9,11,12,15,15
-75,114,14,21,18,16,14,13,13,12,13,14,14,14,14,13,11,12,13,13,11,12,12,12,11,11,10,11,3,0,0,0,0,0,0,0,0,0,3,9,8,9,13,19,25,32,37,38,37,38,37,34,30,24,19,18,18,21,25,28,32,33,34,32,30
-61,118,8,0,0,0,7,29,29,31,32,30,29,29,28,28,29,30,30,30,29,29,29,29,26,26,26,27,26,26,26,28,29,14,27,27,27,26,26,26,25,25,25,25,25,25,24,25,25,25,25,23,23,23,22,22,22,22,22,21,5,0,0,0,0
-61,43,1,0,0,0,5,22,22,23,23,21,21,21,21,20,21,21,21,21,20,19,20,19,18,18,18,18,18,17,18,19,20,9,19,20,20,19,18,19,19,18,18,18,18,18,18,18,18,18,18,18,18,18,17,17,17,18,17,16,4,0,0,0,0
-50,114,14,18,21,23,26,28,28,26,25,22,18,14,8,3,2,7,12,15,19,22,23,23,22,19,16,14,3,0,0,0,0,0,0,0,0,0,5,19,19,19,18,17,15,13,10,7,7,10,13,16,19,21,23,24,24,23,22,19,17,13,9,6,6
-77,114,14,28,24,19,16,14,10,4,2,4,9,13,17,19,21,26,28,28,28,26,23,19,15,8,2,2,1,0,0,0,0,0,0,0,0,0,5,21,23,25,26,27,28,29,29,29,29,28,28,26,22,19,18,15,14,14,15,18,22,23,24,26,29
-86,114,14,20,18,19,21,21,23,25,27,28,29,30,28,25,22,17,15,12,9,5,6,9,12,16,19,19,4,0,0,0,0,0,0,0,0,0,3,12,12,13,14,18,23,28,31,30,27,26,24,21,20,18,14,8,5,5,7,11,13,14,13,13,13
-76,114,14,26,20,14,10,8,8,10,14,19,23,26,29,30,29,28,25,20,15,8,2,7,11,17,22,24,7,0,0,0,0,0,0,0,0,0,4,17,20,22,23,24,25,26,25,22,18,14,10,5,6,10,15,20,26,31,34,38,40,40,39,38,35
-60,118,8,0,0,0,6,24,24,25,25,24,24,24,23,23,23,24,25,24,23,23,23,23,22,22,22,22,22,21,22,23,23,11,23,23,23,22,22,22,22,21,21,22,22,21,21,22,22,23,22,22,21,21,21,21,21,21,20,19,4,0,0,0,0
-60,43,1,0,0,0,7,25,25,26,26,25,24,24,23,23,23,24,25,24,23,23,23,22,21,21,20,20,20,20,20,22,21,10,21,21,21,20,20,20,20,19,19,19,19,19,19,20,20,20,20,20,19,19,19,19,20,20,20,19,5,0,0,0,0
-51,114,14,27,32,35,36,37,35,32,29,24,17,12,8,10,15,20,25,28,30,30,29,26,23,18,13,10,3,0,0,0,0,0,0,0,0,0,5,25,25,24,22,19,15,10,6,4,9,14,20,25,28,31,33,34,34,31,29,26,21,14,7,0,6
-77,114,14,26,21,15,13,13,8,2,1,6,15,18,19,21,25,26,26,25,24,21,18,13,11,8,4,1,1,0,0,0,0,0,0,0,0,0,4,16,16,18,20,23,25,25,26,26,24,24,24,21,18,15,13,13,11,11,16,22,23,23,24,25,26
-51,114,14,24,27,31,32,32,31,29,25,21,15,10,7,8,13,17,21,24,26,26,25,22,19,15,12,8,2,0,0,0,0,0,0,0,0,0,5,22,22,21,20,17,14,9,6,4,8,13,18,21,25,27,29,29,29,28,25,22,17,12,5,1,5
-88,114,14,10,11,13,13,15,16,16,17,20,21,20,17,15,15,13,9,6,2,4,7,10,8,8,9,9,3,0,0,0,0,0,0,0,0,0,1,6,7,10,11,10,11,14,16,14,13,13,12,10,10,12,11,9,9,9,10,10,11,13,13,14,16
-74,114,14,41,35,29,24,19,13,8,7,10,16,22,26,28,29,27,23,17,12,7,7,11,15,19,21,21,5,0,0,0,0,0,0,0,0,0,3,11,10,6,1,4,10,16,22,27,29,30,32,31,27,22,17,11,5,4,12,20,28,34,39,43,46
-60,118,8,0,0,0,6,26,28,28,28,27,27,26,26,26,27,28,29,28,27,27,27,27,26,26,26,26,25,25,26,28,29,13,28,28,28,27,26,26,26,25,24,24,25,25,24,26,26,26,26,25,25,24,24,23,23,24,22,22,5,0,0,0,0
-59,43,1,0,0,0,7,27,27,29,29,28,27,27,27,28,28,29,30,29,28,28,29,28,27,27,27,27,27,27,27,29,29,15,28,29,29,28,27,27,27,27,26,27,27,26,26,26,26,27,27,26,25,25,25,24,24,24,23,22,6,0,0,0,0
-51,114,14,15,20,24,27,29,31,31,29,27,25,20,15,11,7,6,9,13,16,19,19,19,18,17,15,13,3,0,0,0,0,0,0,0,0,0,4,19,20,21,20,19,17,16,12,9,7,8,12,16,19,23,27,29,29,30,30,28,25,21,16,11,7
-77,114,14,27,25,20,13,10,8,5,4,9,16,20,25,31,32,30,32,32,29,27,24,19,13,6,2,3,1,0,0,0,0,0,0,0,0,0,4,15,17,18,20,21,23,26,28,30,29,27,28,29,24,16,12,9,7,8,13,19,25,26,29,32,32
-75,114,14,18,10,7,3,4,9,12,15,19,22,24,26,26,25,26,27,27,27,29,30,29,29,27,26,24,6,0,0,0,0,0,0,0,0,0,4,16,14,12,13,16,20,24,27,29,28,26,24,20,15,9,6,9,14,21,27,33,36,37,37,37,36
-86,114,14,15,15,14,14,16,21,25,27,27,28,29,29,26,22,16,9,6,2,6,9,10,13,15,16,19,5,0,0,0,0,0,0,0,0,0,2,8,8,12,15,19,20,21,23,25,23,22,22,21,16,14,12,8,8,12,15,17,17,17,16,14,13
-59,118,8,0,0,0,6,24,24,25,26,25,24,24,24,24,24,25,25,25,24,24,25,24,23,23,23,23,23,23,23,25,25,12,25,25,25,24,23,23,23,22,22,22,22,22,22,23,23,23,23,22,22,21,21,20,20,20,19,19,4,0,0,0,0
-59,163,8,0,0,0,6,26,28,29,29,28,27,27,27,27,28,29,29,29,28,28,29,28,27,27,27,27,27,26,27,28,28,14,28,28,28,27,27,27,26,25,25,25,25,25,25,25,26,26,26,25,24,23,23,24,23,23,22,22,5,0,0,0,0
-59,43,1,0,0,0,5,23,23,24,24,23,23,22,22,22,23,24,24,24,22,22,24,23,22,22,22,22,21,21,21,23,23,11,23,23,23,22,21,21,21,21,21,22,22,21,21,21,22,22,22,21,21,20,20,20,20,20,20,19,4,0,0,0,0
-51,114,14,16,20,24,28,30,31,31,29,27,24,20,16,12,8,8,11,13,16,18,19,19,18,17,15,14,3,0,0,0,0,0,0,0,0,0,5,22,22,22,21,20,17,14,10,6,4,7,11,16,19,23,26,28,28,28,28,26,23,19,14,8,5
-77,114,14,32,32,27,23,18,13,6,2,7,11,14,19,26,30,30,31,30,29,26,24,20,12,5,4,6,1,0,0,0,0,0,0,0,0,0,5,24,24,25,25,24,23,23,25,24,24,25,27,28,26,24,22,20,16,15,16,18,21,24,28,31,33
-74,114,14,41,33,23,14,7,2,7,14,20,25,28,31,33,35,33,31,27,22,17,10,8,10,14,20,25,6,0,0,0,0,0,0,0,0,0,4,15,16,15,13,9,5,5,9,13,18,22,24,26,26,24,21,17,13,14,17,22,30,34,40,47,49
-58,118,8,0,0,0,5,20,20,21,21,20,20,21,20,21,21,22,23,22,21,21,22,22,21,20,20,20,21,20,21,21,22,11,21,22,22,21,21,21,21,19,19,21,20,20,20,20,19,19,22,23,24,26,24,25,25,19,15,20,6,0,0,0,0
-58,163,8,0,0,0,5,24,25,26,26,25,25,25,25,25,25,26,27,27,26,26,26,26,25,25,25,25,25,24,25,27,27,13,27,26,26,25,25,26,25,25,24,24,25,24,25,25,26,26,26,25,25,24,24,24,24,24,24,23,6,0,0,0,0
-57,43,1,0,0,0,5,21,23,23,24,23,23,22,22,23,23,24,25,24,22,22,23,23,22,21,21,22,22,21,22,23,23,12,22,23,23,23,22,22,22,22,21,21,21,21,21,21,21,21,21,21,21,20,20,20,20,21,19,19,4,0,0,0,0
-77,114,14,32,31,25,18,12,6,6,8,12,18,23,29,33,31,27,28,30,29,25,22,18,13,8,2,6,2,0,0,0,0,0,0,0,0,0,6,23,23,23,22,22,22,22,25,27,29,30,30,28,26,23,20,16,13,12,12,16,21,24,26,30,33
-53,114,14,22,27,30,32,34,34,33,31,28,24,20,16,14,14,17,20,23,25,26,26,25,24,21,18,16,4,0,0,0,0,0,0,0,0,0,6,24,25,25,24,22,18,13,10,5,4,8,14,19,23,26,29,30,30,29,28,25,21,16,10,7,7
-88,114,14,19,19,18,20,19,16,18,21,21,20,20,21,20,16,13,10,8,5,3,1,5,8,9,9,10,2,0,0,0,0,0,0,0,0,0,1,3,7,3,5,7,13,18,19,21,24,26,25,21,18,17,18,18,14,10,9,7,7,9,12,18,23
-72,114,14,21,14,7,1,5,9,15,19,24,27,29,29,28,25,21,17,12,8,6,9,13,15,17,19,20,5,0,0,0,0,0,0,0,0,0,1,3,6,12,17,23,27,31,34,34,33,30,27,21,13,6,2,9,16,23,30,35,39,40,40,41,40
-58,118,8,0,0,0,4,13,13,14,15,14,14,14,13,13,14,14,14,14,14,14,14,14,13,13,13,13,13,13,13,14,14,7,14,14,14,14,13,14,13,13,13,13,14,13,13,13,13,13,13,12,12,12,12,12,12,12,12,12,3,0,0,0,0
-57,43,1,0,0,0,6,27,27,29,29,27,26,26,26,26,27,28,29,28,26,26,27,27,25,24,25,25,25,23,25,25,26,12,25,26,26,24,24,24,24,23,22,23,24,23,23,23,24,24,24,24,22,22,22,22,22,22,21,20,5,0,0,0,0
-57,43,1,0,0,0,6,27,28,29,29,28,27,27,27,27,27,28,29,28,27,27,27,27,25,25,24,25,25,24,24,26,26,13,26,26,26,25,24,25,25,24,23,23,23,23,24,25,24,25,24,24,23,22,23,22,22,22,21,21,5,0,0,0,0
-54,114,14,18,22,25,26,28,29,30,30,28,27,25,23,21,19,19,19,19,18,18,18,17,17,17,18,18,5,0,0,0,0,0,0,0,0,0,5,23,23,24,23,21,19,16,12,9,8,10,15,19,22,25,27,29,29,28,28,26,23,20,16,13,12
-78,114,14,32,31,29,25,21,18,13,14,13,11,13,15,19,24,26,29,31,30,29,27,24,22,19,17,16,3,0,0,0,0,0,0,0,0,0,8,29,29,28,25,20,17,13,10,12,15,19,25,27,27,27,25,23,21,17,12,10,12,15,19,25,27
-86,114,14,15,11,9,10,14,19,23,28,30,31,31,29,24,21,16,8,4,4,6,10,12,14,16,18,21,5,0,0,0,0,0,0,0,0,0,1,5,5,6,6,8,11,13,18,22,22,20,18,15,13,11,7,5,7,10,14,18,20,23,26,26,21
-73,114,14,15,9,4,0,5,9,12,16,20,22,24,29,31,32,31,29,26,22,17,11,6,5,9,14,17,4,0,0,0,0,0,0,0,0,0,6,24,24,26,27,27,28,27,25,21,17,13,9,3,5,10,14,20,24,27,31,34,36,37,35,32,30
-58,118,8,0,0,0,6,25,26,27,28,27,26,26,26,27,27,29,30,30,29,28,29,28,27,27,27,27,27,26,27,29,29,15,29,29,29,28,27,28,28,27,26,26,26,26,26,27,27,28,28,26,26,25,25,25,26,26,25,25,6,0,0,0,0
-58,163,8,0,0,0,6,24,25,26,26,25,25,25,25,25,26,27,28,28,27,26,27,26,25,25,25,25,24,24,25,26,26,13,26,26,26,25,24,24,24,23,23,23,23,22,22,23,23,24,24,23,22,22,22,21,22,22,21,21,5,0,0,0,0
-59,163,8,0,0,0,2,9,9,10,10,10,9,9,9,9,10,10,10,10,10,10,10,10,9,9,9,9,9,9,9,10,10,5,9,9,9,9,9,9,9,8,8,9,9,8,8,8,8,8,8,8,8,8,8,8,8,8,8,8,1,0,0,0,0
-58,43,1,0,0,0,5,19,19,21,21,20,20,20,20,20,21,23,23,23,22,22,22,21,20,20,20,20,20,19,21,21,21,10,21,21,21,20,19,19,19,19,17,17,17,17,18,19,19,18,17,17,17,17,17,18,18,19,19,22,6,0,0,0,0
-77,114,14,23,23,21,20,19,15,12,9,8,11,12,15,18,20,24,28,30,31,30,28,25,19,13,8,4,1,0,0,0,0,0,0,0,0,0,5,21,21,21,20,18,18,20,22,23,24,27,29,27,25,24,21,17,10,7,6,9,14,19,23,23,21
-54,114,14,23,27,29,31,32,31,29,27,23,18,15,12,10,12,14,17,19,20,21,19,18,17,16,13,12,3,0,0,0,0,0,0,0,0,0,4,19,19,19,18,17,13,11,8,5,6,10,16,20,24,28,30,31,31,29,28,25,21,15,9,4,5
-71,114,14,26,19,13,8,5,7,10,16,21,27,30,34,35,34,30,27,22,15,7,1,6,12,17,20,22,6,0,0,0,0,0,0,0,0,0,1,6,8,9,13,16,20,23,26,27,27,25,23,19,14,9,5,3,9,16,23,30,35,38,40,41,41
-58,118,8,0,0,0,6,24,25,25,25,24,24,25,26,26,26,27,28,27,26,25,26,26,26,25,24,23,23,23,24,24,23,12,22,23,23,23,22,22,21,20,20,20,20,20,20,21,22,22,21,21,20,19,19,19,19,19,19,19,5,0,0,0,0
-59,163,8,0,0,0,6,25,25,27,28,27,26,27,26,26,27,28,29,28,27,26,27,26,25,25,24,24,23,23,24,26,25,12,24,24,25,24,23,23,23,22,22,22,22,21,22,22,22,22,22,21,21,20,20,20,19,20,19,18,4,0,0,0,0
-58,163,8,0,0,0,7,29,30,31,32,31,30,31,30,30,31,33,33,33,31,31,32,31,30,29,29,29,28,27,28,30,30,14,29,29,29,28,28,27,27,26,26,26,26,25,25,26,25,27,26,25,24,24,24,24,24,24,23,22,5,0,0,0,0
-58,163,8,0,0,0,6,24,25,26,27,26,25,25,25,25,26,27,28,27,26,25,26,26,24,24,24,23,23,23,23,24,24,12,24,25,25,24,23,23,23,22,22,22,22,22,22,22,23,23,23,22,22,21,21,21,21,20,20,20,5,0,0,0,0
-58,163,8,0,0,0,6,24,25,26,27,26,25,25,25,25,26,28,28,28,26,26,27,27,26,26,26,25,25,24,25,27,27,13,26,26,26,26,25,26,25,24,24,24,25,24,24,25,25,25,25,24,24,23,23,23,23,23,22,22,5,0,0,0,0
