-55,114,14,33,28,22,15,10,6,9,15,21,27,31,35,36,36,35,34,31,26,21,15,8,2,5,10,14,4,0,0,0,0,0,0,0,0,0,3,12,14,18,22,26,31,35,39,40,40,38,37,32,28,23,18,14,13,16,20,25,30,34,37,38,40
-81,114,14,22,23,28,31,31,32,31,31,28,24,17,11,10,12,16,21,26,31,35,35,34,33,30,27,25,6,0,0,0,0,0,0,0,0,0,7,29,30,31,28,24,20,17,13,8,8,12,16,20,21,21,23,23,22,18,14,11,5,3,3,9,13
-67,118,8,0,0,0,4,17,17,16,16,15,15,15,15,14,14,15,16,15,15,15,16,15,16,16,17,17,19,19,20,22,22,12,25,26,26,25,25,26,27,27,26,28,28,28,28,30,31,32,32,32,33,32,34,34,35,36,36,35,9,0,0,0,0
-64,163,8,0,0,0,6,25,25,26,26,25,24,24,24,24,25,26,26,26,25,24,25,25,23,23,23,24,24,24,25,26,27,13,27,27,27,27,26,27,27,26,25,25,26,25,25,26,26,27,27,27,26,26,26,26,27,27,28,28,7,0,0,0,0
-67,43,1,0,0,0,5,21,21,22,23,22,21,21,20,21,22,23,24,23,22,22,24,23,22,22,22,23,23,23,24,25,25,13,26,27,27,26,26,25,25,25,25,25,25,24,24,24,25,25,25,24,24,24,24,23,23,24,23,23,5,0,0,0,0
-67,163,8,28,27,26,25,25,25,25,23,24,23,24,23,24,23,24,23,22,22,21,21,20,20,20,20,19,5,0,0,0,0,0,0,0,0,0,4,14,14,15,15,15,16,16,17,17,18,19,20,20,20,20,20,21,21,21,21,22,22,23,24,25,25
-54,114,14,29,27,22,17,14,11,9,12,16,20,24,26,29,30,31,31,29,26,22,18,13,8,2,3,7,2,0,0,0,0,0,0,0,0,0,2,10,11,12,15,17,20,22,25,26,27,27,26,24,21,19,16,14,12,13,15,19,22,25,28,31,32
-80,114,14,26,28,28,27,26,25,24,20,14,8,4,2,7,13,17,20,23,26,27,27,25,22,19,16,14,2,0,0,0,0,0,0,0,0,0,8,32,32,31,29,26,23,20,15,14,14,19,24,26,28,28,28,29,27,23,21,14,6,8,12,18,20
-73,114,14,36,39,37,37,36,32,28,24,19,14,11,7,3,1,3,7,12,16,19,21,23,22,22,22,21,5,0,0,0,0,0,0,0,0,0,3,12,11,8,8,11,13,16,19,22,24,27,29,30,31,32,31,29,26,23,20,15,10,5,6,10,17
-83,114,14,22,23,21,19,20,23,26,30,31,28,27,28,26,21,21,20,17,13,10,10,12,15,15,16,19,5,0,0,0,0,0,0,0,0,0,3,17,14,14,16,19,22,24,25,26,28,30,30,27,24,24,22,18,14,12,13,16,18,20,21,21,23
-66,118,8,0,0,0,5,20,20,20,21,19,18,19,19,19,19,20,20,19,18,18,18,18,18,18,18,18,18,18,20,21,21,10,22,22,22,22,22,22,23,22,23,25,25,23,24,24,25,26,26,25,26,25,25,25,26,26,26,26,6,0,0,0,0
-65,43,1,0,0,0,4,19,20,20,21,20,19,19,19,19,19,21,21,21,21,21,22,22,21,21,21,22,22,22,23,25,25,12,26,26,26,26,25,25,25,25,25,25,26,25,26,26,28,28,28,27,27,27,27,28,28,29,29,29,7,0,0,0,0
-65,43,1,0,0,0,5,17,17,18,19,18,18,18,18,18,18,19,20,20,20,20,20,20,19,20,20,21,21,21,22,23,24,12,25,25,25,24,24,25,25,24,24,25,25,24,24,25,26,26,26,25,26,26,26,26,26,27,27,26,7,0,0,0,0
-54,114,14,31,29,26,23,20,16,12,10,12,16,20,25,28,31,33,34,33,31,27,23,17,13,7,2,2,1,0,0,0,0,0,0,0,0,0,3,11,12,12,12,12,13,15,17,18,19,21,23,23,23,23,23,21,18,16,15,16,16,18,20,24,26
-78,114,14,34,35,35,35,33,30,28,24,19,13,8,4,8,15,22,26,29,31,34,34,30,26,22,18,16,3,0,0,0,0,0,0,0,0,0,7,29,30,30,28,25,21,16,11,8,10,16,23,35,41,32,28,29,26,21,16,12,8,7,12,18,24
-63,99,17,1,1,2,1,0,2,1,1,0,2,2,1,2,1,1,1,2,2,1,1,1,1,2,3,3,1,0,0,0,0,0,0,0,0,0,0,1,0,1,0,0,1,1,2,1,2,1,1,0,1,2,3,2,1,1,2,5,7,4,1,2,2
-72,114,14,27,21,15,9,8,12,17,22,29,34,37,39,40,39,38,36,33,28,21,16,15,18,20,23,25,7,0,0,0,0,0,0,0,0,0,2,7,8,9,10,11,14,16,18,18,18,18,18,17,14,12,9,6,2,5,11,15,21,26,29,32,33
-86,114,14,23,22,20,21,25,25,24,25,26,28,27,26,25,21,18,20,18,17,18,19,19,21,21,21,23,6,0,0,0,0,0,0,0,0,0,4,16,15,17,20,20,20,21,22,20,17,19,22,21,17,14,14,14,12,13,15,15,17,20,18,16,16
-83,133,20,17,13,11,10,9,8,8,6,4,2,5,6,3,7,12,14,15,17,18,19,19,21,22,22,21,6,0,0,0,0,0,0,0,0,0,7,28,30,29,28,27,26,24,24,24,25,25,25,25,23,23,22,19,16,17,18,20,22,25,25,25,23
-65,118,8,0,0,0,5,21,22,22,23,22,21,20,19,19,19,19,19,19,17,17,18,17,17,17,17,18,18,18,19,21,21,10,22,23,23,22,22,23,23,21,21,22,22,22,21,22,23,24,24,23,23,23,24,24,25,25,25,25,5,0,0,0,0
-62,163,8,0,0,0,4,21,21,23,23,22,21,21,20,20,21,22,22,22,21,21,22,23,21,21,20,21,21,20,21,23,23,11,23,23,23,23,23,23,23,22,22,22,22,22,22,23,23,23,23,22,21,21,21,20,21,21,20,20,4,0,0,0,0
-62,163,8,0,0,0,5,22,22,24,24,22,22,21,21,21,21,23,23,22,21,21,21,21,20,20,21,21,21,21,22,23,23,11,25,25,25,25,24,25,25,23,20,21,21,20,20,22,23,22,24,24,23,22,22,21,21,21,21,20,4,0,0,0,0
-63,43,1,0,0,0,6,22,22,24,24,22,22,22,21,20,20,21,22,21,20,20,20,20,19,18,19,19,19,18,19,21,22,11,21,21,22,21,21,22,22,22,21,22,22,21,21,21,22,22,22,21,21,20,20,20,20,20,20,20,5,0,0,0,0
-52,114,14,35,34,30,26,22,18,16,16,18,23,28,31,35,37,39,38,37,34,31,25,19,12,6,0,5,1,0,0,0,0,0,0,0,0,0,2,10,11,13,16,18,20,23,26,27,28,28,28,27,26,24,23,21,20,18,19,22,24,26,29,32,34
-77,114,14,34,32,30,28,26,21,18,17,15,12,12,12,15,18,21,25,27,29,30,30,26,22,19,13,8,1,0,0,0,0,0,0,0,0,0,6,28,27,25,22,17,11,7,5,10,16,21,27,30,29,29,29,25,21,17,11,4,6,11,18,25,29
-72,114,14,27,23,20,20,22,24,26,29,31,31,31,30,28,24,21,17,13,11,10,12,14,15,15,16,16,3,0,0,0,0,0,0,0,0,0,1,5,6,11,16,19,23,26,29,30,30,29,27,23,17,13,10,11,16,21,26,33,37,39,38,39,39
-85,114,14,23,24,22,21,20,18,19,20,23,22,22,23,23,22,22,19,16,14,14,12,12,16,13,13,15,4,0,0,0,0,0,0,0,0,0,2,11,10,11,16,19,20,21,24,27,29,29,26,22,19,18,14,6,4,8,13,15,16,17,20,23,25
-70,118,8,0,0,0,9,37,37,38,37,35,33,32,31,30,30,29,28,27,25,24,23,21,20,19,19,19,19,19,19,20,22,11,21,21,21,21,21,22,22,21,19,18,18,18,18,19,19,18,19,19,18,18,18,19,20,21,21,21,5,0,0,0,0
-66,163,8,0,0,0,5,20,21,22,22,21,20,19,19,18,19,20,20,20,19,19,19,18,17,18,18,19,19,19,19,21,20,10,21,22,22,21,21,21,20,20,19,19,20,21,20,21,22,22,23,23,23,23,22,23,24,24,24,24,6,0,0,0,0
-67,163,8,0,0,0,7,25,26,26,25,25,24,24,23,24,24,24,24,23,22,22,23,23,22,23,23,23,24,23,24,25,27,13,25,25,27,27,27,26,26,25,24,25,25,25,25,26,28,28,29,28,28,28,29,29,30,31,31,30,8,0,0,0,0
-66,43,1,0,0,0,4,20,20,21,20,19,19,19,18,18,18,19,19,19,19,19,20,20,19,19,20,20,21,21,23,25,25,12,25,26,26,25,25,25,26,25,25,25,25,26,26,27,28,28,29,28,28,28,29,29,30,31,30,29,7,0,0,0,0
-55,114,14,30,29,27,25,22,20,18,18,19,22,25,28,31,32,33,34,32,30,27,21,16,10,5,2,6,2,0,0,0,0,0,0,0,0,0,2,12,13,15,16,17,18,19,20,20,19,20,20,20,21,21,21,21,21,20,21,21,21,22,23,25,26
-81,114,14,31,30,28,28,28,26,25,23,19,16,15,13,13,16,22,27,32,34,34,32,30,28,22,16,13,3,0,0,0,0,0,0,0,0,0,6,29,30,29,26,22,17,11,5,9,12,17,23,26,26,25,24,22,19,15,10,5,5,11,17,22,24
-76,114,14,34,32,28,26,23,21,19,21,26,31,35,38,41,42,40,38,32,27,22,16,11,10,14,17,18,5,0,0,0,0,0,0,0,0,0,3,13,12,10,9,7,3,3,6,8,12,15,17,18,18,18,17,14,10,6,8,14,19,23,27,31,33
-86,114,14,18,20,19,19,20,21,22,24,25,25,23,20,19,19,19,17,12,6,6,8,10,11,11,13,14,4,0,0,0,0,0,0,0,0,0,3,13,13,12,12,14,17,18,20,24,25,24,24,23,21,20,20,18,12,9,8,8,11,15,18,18,17
-64,118,8,0,0,0,4,18,18,19,19,19,18,18,17,17,17,19,19,19,18,18,18,17,17,17,17,17,17,17,18,19,20,10,21,21,21,21,20,20,20,20,20,20,20,19,20,20,19,20,20,20,19,19,20,20,20,20,20,21,5,0,0,0,0
-67,163,8,0,0,0,7,29,30,30,29,27,27,26,24,23,23,23,23,22,20,18,19,19,18,17,17,17,17,17,17,19,20,10,21,21,21,21,21,22,22,22,21,19,21,22,22,24,24,25,25,25,25,25,25,25,26,26,26,26,7,0,0,0,0
-64,43,1,0,0,0,5,21,21,22,22,20,19,19,18,17,17,16,16,15,14,13,13,12,11,12,11,11,11,10,9,10,11,5,12,12,12,12,12,12,12,12,12,13,14,13,14,15,16,17,14,9,12,20,22,15,26,35,32,31,7,0,0,0,0
-90,114,14,3,3,2,5,8,10,11,12,12,10,9,9,7,3,4,3,0,2,4,5,6,6,7,8,8,2,0,0,0,0,0,0,0,0,0,1,2,4,5,5,7,8,9,10,10,6,4,3,1,1,3,5,8,13,16,18,19,19,18,16,13,8
-53,114,14,29,28,24,21,17,14,12,13,17,22,26,29,32,33,34,33,32,28,25,19,15,9,4,2,5,2,0,0,0,0,0,0,0,0,0,3,13,15,17,18,20,21,22,24,25,24,23,23,21,20,18,18,17,17,18,19,21,24,26,27,30,30
-76,114,14,31,32,33,33,31,27,24,21,15,9,3,5,12,18,23,28,32,33,34,33,31,28,23,19,15,4,0,0,0,0,0,0,0,0,0,6,23,23,23,22,20,17,15,13,12,13,15,19,21,24,25,25,23,20,16,12,9,5,5,10,13,17
-71,114,14,22,16,12,13,17,23,28,33,36,39,38,36,34,30,24,19,14,8,6,7,10,13,15,17,19,4,0,0,0,0,0,0,0,0,0,2,7,9,11,12,14,17,20,22,23,22,21,20,18,15,13,13,14,17,21,26,31,35,37,38,40,40
-86,114,14,18,22,27,27,25,23,23,23,20,18,18,16,12,13,15,18,16,13,13,13,11,9,9,9,10,2,0,0,0,0,0,0,0,0,0,4,14,13,12,10,9,10,12,14,13,16,19,17,16,19,18,18,19,15,11,9,7,3,1,4,10,12
-66,118,8,0,0,0,8,31,32,32,32,30,29,28,27,27,27,27,27,26,25,24,24,23,22,22,21,21,22,22,23,24,24,13,25,25,24,24,24,24,24,23,21,21,22,22,22,22,22,23,23,22,22,22,22,23,23,23,23,23,6,0,0,0,0
-71,163,8,0,0,0,5,22,23,22,21,19,17,15,14,12,12,13,12,11,10,10,10,10,10,11,12,13,13,14,14,16,16,8,18,19,19,19,19,20,20,19,19,19,20,21,22,24,26,27,28,29,29,29,30,31,32,34,34,34,7,0,0,0,0
-71,163,8,0,0,0,7,27,27,27,26,23,20,19,18,16,16,15,14,13,12,11,10,10,12,13,14,13,14,16,18,19,19,10,21,21,22,22,22,22,23,23,23,22,23,24,25,27,28,30,33,33,33,35,36,36,37,39,38,39,9,0,0,0,0
-72,43,1,0,0,0,10,38,39,40,38,35,32,31,28,26,24,22,22,20,16,13,13,13,11,10,8,9,10,11,13,13,14,8,17,17,17,16,15,15,16,16,17,19,18,18,19,20,21,22,23,25,26,27,29,30,31,32,33,35,8,0,0,0,0
-73,43,1,0,0,0,9,38,37,37,36,32,30,28,25,24,23,22,20,18,15,13,12,10,9,8,7,8,9,9,10,12,13,7,15,15,15,16,16,17,17,16,16,18,17,16,17,18,20,22,24,24,25,26,28,30,32,34,34,34,8,0,0,0,0
-73,43,1,0,0,0,9,39,37,37,37,33,31,29,26,25,24,22,21,18,15,12,12,10,8,8,8,8,8,8,10,12,13,5,14,15,15,15,16,16,16,15,16,18,18,17,17,18,20,22,24,25,26,27,28,30,32,33,34,34,8,0,0,0,0
-79,114,14,30,31,30,28,27,25,23,20,15,11,5,2,6,12,18,23,24,26,29,29,28,25,22,20,18,4,0,0,0,0,0,0,0,0,0,5,25,26,27,25,21,16,13,11,12,15,21,27,30,32,33,32,30,27,21,16,11,7,7,12,18,21
-52,114,14,38,36,32,29,25,20,15,15,18,24,29,35,39,41,42,43,43,40,36,29,22,15,7,2,6,2,0,0,0,0,0,0,0,0,0,3,15,15,16,16,17,19,21,23,24,25,26,27,27,27,26,25,23,20,19,19,20,21,24,27,31,34
-79,114,14,27,28,27,26,25,22,19,17,14,9,5,1,5,9,14,19,24,25,27,26,24,23,20,16,13,3,0,0,0,0,0,0,0,0,0,5,24,25,24,22,19,14,10,7,9,13,18,23,27,29,30,30,29,25,19,15,10,6,4,7,14,19
-70,114,14,28,31,32,34,36,36,33,29,25,21,18,13,10,8,8,9,10,13,15,16,17,18,18,18,17,4,0,0,0,0,0,0,0,0,0,4,17,15,9,5,5,10,15,21,25,27,28,30,30,28,27,26,23,21,19,19,18,18,17,19,22,23
-83,114,14,22,25,28,30,30,29,31,31,31,35,36,33,31,28,27,23,18,15,16,17,14,14,15,17,17,5,0,0,0,0,0,0,0,0,0,5,20,21,20,19,18,16,16,18,16,14,12,16,21,22,21,21,19,21,25,21,19,17,14,16,22,23
-70,118,8,0,0,0,7,28,29,29,30,28,27,26,25,25,25,25,26,25,24,23,23,23,20,20,20,21,21,20,22,23,22,11,24,23,23,22,21,21,20,19,20,21,19,17,16,16,16,17,16,16,14,14,15,15,15,16,16,16,4,0,0,0,0
-67,163,8,0,0,0,6,28,28,29,30,28,27,26,25,23,25,25,25,24,22,22,23,23,21,20,20,21,20,20,21,21,22,10,21,21,21,21,19,19,19,19,19,19,19,17,18,18,19,20,18,18,19,20,20,21,21,22,23,23,5,0,0,0,0
-66,43,1,0,0,0,6,27,28,28,29,27,25,26,24,24,24,25,25,25,24,23,23,22,21,22,21,21,21,20,21,22,21,10,22,23,23,22,22,21,21,19,19,21,21,20,19,19,20,21,21,21,20,21,21,21,21,23,22,22,5,0,0,0,0
-91,114,14,1,4,5,6,8,10,12,15,15,8,5,5,5,3,4,4,1,2,5,7,5,6,8,7,8,2,0,0,0,0,0,0,0,0,0,1,3,5,8,10,11,10,10,8,8,7,6,4,3,3,3,4,6,10,13,17,17,13,11,9,11,11
-52,114,14,36,33,28,23,18,14,12,13,18,23,29,32,36,38,39,39,38,35,30,24,17,11,5,2,6,2,0,0,0,0,0,0,0,0,0,3,12,13,15,18,21,24,26,29,30,31,31,30,29,26,24,21,19,18,18,20,23,26,29,32,36,38
-78,114,14,30,30,30,28,25,20,15,12,8,4,6,10,13,17,20,22,23,25,25,25,23,20,16,12,12,3,0,0,0,0,0,0,0,0,0,6,27,28,28,26,25,22,18,13,13,16,19,25,28,30,31,31,29,25,20,19,18,16,16,16,17,20
-72,114,14,13,9,11,12,15,18,20,22,22,24,24,23,23,23,21,20,19,18,16,14,13,13,14,14,14,3,0,0,0,0,0,0,0,0,0,5,22,22,23,23,22,22,22,20,17,14,11,9,7,9,12,15,19,22,26,29,31,31,31,31,30,30
-86,114,14,19,19,17,17,21,21,19,14,15,15,13,12,11,11,12,13,16,15,13,10,9,9,8,9,11,3,0,0,0,0,0,0,0,0,0,3,12,14,16,17,17,16,14,14,15,15,16,17,16,16,15,15,13,9,6,5,6,7,7,7,8,11
-72,114,14,14,12,12,13,15,17,19,21,25,26,25,25,25,24,23,21,19,17,15,14,13,12,13,14,15,4,0,0,0,0,0,0,0,0,0,6,24,25,26,26,25,25,24,22,20,17,13,11,8,9,11,14,18,21,24,27,30,33,34,33,32,32
-68,118,8,0,0,0,6,23,23,25,24,23,23,22,21,21,21,23,23,23,21,21,23,23,22,22,22,22,24,23,25,26,26,13,26,27,27,26,25,25,25,24,23,22,23,24,23,24,25,24,23,23,23,24,24,23,23,25,25,25,6,0,0,0,0
-68,118,8,0,0,0,5,23,23,23,23,21,20,20,20,20,20,21,21,21,21,21,22,22,20,20,21,21,22,22,23,24,25,12,25,26,26,24,23,24,24,22,20,19,21,21,22,22,22,23,23,22,22,22,23,23,22,22,22,23,5,0,0,0,0
-72,163,8,0,0,0,7,32,32,32,32,31,29,28,28,28,27,27,27,25,24,23,23,23,21,20,21,21,21,21,22,24,26,12,24,24,24,22,21,21,20,19,18,18,17,16,15,15,15,16,16,16,17,17,17,18,18,19,18,19,3,0,0,0,0
-72,163,8,0,0,0,8,33,33,34,34,32,31,29,28,27,26,27,27,26,24,23,24,24,22,22,23,23,22,22,24,26,25,12,24,25,25,24,23,23,22,20,18,18,18,18,17,17,17,17,17,17,18,19,18,18,20,21,21,20,5,0,0,0,0
-70,43,1,0,0,0,6,28,29,29,30,28,26,25,24,24,24,25,25,24,22,21,21,20,19,19,18,18,18,17,18,20,20,10,20,20,20,19,19,19,19,18,18,18,18,18,18,18,19,20,20,19,18,18,19,19,20,21,22,23,5,0,0,0,0
-53,114,14,24,23,21,20,18,17,16,17,19,21,22,24,25,25,25,25,23,20,18,15,10,7,4,3,5,1,0,0,0,0,0,0,0,0,0,3,13,14,16,18,19,19,21,21,21,20,20,19,20,19,19,20,20,20,21,22,23,23,23,23,25,25
-78,114,14,33,35,33,31,29,26,22,18,12,7,3,7,11,15,21,26,30,30,30,28,26,24,21,18,16,4,0,0,0,0,0,0,0,0,0,6,29,30,29,28,25,20,16,10,8,13,18,23,27,29,33,34,31,28,24,20,14,8,6,11,18,24
-52,114,14,32,30,27,24,23,22,21,22,24,27,29,31,33,33,33,33,31,27,24,19,14,9,5,5,7,2,0,0,0,0,0,0,0,0,0,4,16,18,21,23,24,25,27,28,28,27,26,25,24,23,24,24,25,25,25,27,29,30,31,31,33,34
-71,114,14,30,30,29,28,27,26,26,24,22,23,23,21,18,16,13,11,11,13,15,18,19,19,18,18,17,4,0,0,0,0,0,0,0,0,0,3,13,12,13,15,19,23,27,30,31,32,32,31,30,29,28,27,27,26,27,30,31,31,30,31,32,34
-84,114,14,30,29,27,26,24,23,20,16,16,16,16,16,16,17,18,19,20,19,17,15,15,14,13,12,12,3,0,0,0,0,0,0,0,0,0,2,13,13,13,11,10,12,14,15,17,19,21,21,21,19,16,15,13,10,7,5,5,6,11,20,27,28
-73,118,8,0,0,0,5,22,23,23,21,19,20,19,16,16,16,15,14,14,12,12,12,13,13,13,14,16,16,15,17,19,19,10,21,21,21,20,21,21,21,19,20,21,20,20,20,21,21,23,23,24,24,23,24,26,26,27,29,29,6,0,0,0,0
-70,43,1,0,0,0,9,35,35,36,36,33,31,31,30,31,30,31,31,29,26,24,24,23,22,22,21,21,21,20,21,22,22,11,24,24,24,23,23,23,22,20,22,23,22,21,20,20,20,20,20,20,19,20,20,20,20,20,21,21,6,0,0,0,0
-53,114,14,19,17,14,12,10,8,8,10,12,15,17,19,20,21,21,20,19,17,15,11,7,4,1,2,5,2,0,0,0,0,0,0,0,0,0,1,7,8,10,11,13,15,16,17,17,17,17,16,15,13,12,10,9,10,11,13,15,16,17,19,20,21
-78,114,14,23,24,22,22,21,17,14,10,6,1,5,10,15,18,20,22,24,25,25,24,23,21,18,15,13,3,0,0,0,0,0,0,0,0,0,6,24,26,26,25,23,21,20,18,16,15,17,21,23,24,26,26,23,21,18,15,13,12,13,15,18,20
-74,114,14,28,24,21,18,19,22,25,27,30,32,35,36,38,38,36,33,27,20,13,8,10,14,17,20,23,6,0,0,0,0,0,0,0,0,0,5,17,16,12,9,5,0,5,10,14,19,21,23,23,23,21,17,11,5,4,10,17,23,29,33,36,36
-83,114,14,28,30,31,31,29,27,27,27,25,24,23,22,22,21,20,20,19,15,14,15,15,16,17,18,20,5,0,0,0,0,0,0,0,0,0,4,16,19,23,22,17,16,19,22,23,22,24,25,25,24,21,14,11,11,10,9,10,9,11,15,22,27
-69,118,8,0,0,0,6,25,25,27,26,24,23,23,22,21,21,22,21,21,20,19,19,19,18,18,18,19,20,19,20,21,22,11,23,23,23,23,22,22,22,22,23,23,22,20,19,20,20,21,21,20,20,19,19,19,20,20,19,19,5,0,0,0,0
-71,43,1,0,0,0,10,40,41,41,40,38,36,34,33,31,31,31,30,27,24,22,22,19,16,14,13,12,13,12,12,14,13,8,17,18,18,18,18,20,21,21,21,23,23,21,22,24,24,24,23,24,24,25,25,27,27,27,26,26,7,0,0,0,0
-53,114,14,29,26,22,19,14,9,7,8,12,18,22,27,30,31,32,33,31,30,26,21,15,11,5,3,5,1,0,0,0,0,0,0,0,0,0,3,13,13,12,13,14,16,18,20,22,23,24,24,24,22,21,19,17,14,13,14,16,19,21,24,27,28
-77,114,14,26,26,23,20,16,12,7,5,3,4,7,10,14,16,20,23,24,25,24,23,20,18,14,10,7,1,0,0,0,0,0,0,0,0,0,6,27,29,28,25,22,20,17,14,13,15,17,21,23,24,25,26,24,23,21,18,14,13,13,16,19,22
-85,114,14,24,22,19,21,24,24,23,21,20,21,21,21,21,20,19,18,15,10,8,7,3,5,7,8,10,2,0,0,0,0,0,0,0,0,0,5,21,23,22,18,14,15,17,16,15,16,18,21,21,21,19,19,18,14,13,11,7,3,6,9,8,12
-85,114,14,22,23,23,23,26,28,26,24,22,20,19,21,22,21,20,19,16,13,11,9,6,6,7,10,11,3,0,0,0,0,0,0,0,0,0,5,23,21,18,16,15,13,14,15,16,15,17,20,23,25,23,21,21,20,15,12,8,7,8,10,11,13
-67,118,8,0,0,0,7,29,29,31,30,29,28,27,27,27,27,27,27,26,25,24,24,23,22,21,21,21,20,20,21,22,22,11,23,23,23,22,22,21,21,21,20,19,19,20,20,20,19,20,20,18,19,19,20,19,19,20,20,19,5,0,0,0,0
-68,163,8,0,0,0,7,30,31,31,31,29,27,27,26,26,26,26,26,24,23,21,22,21,20,19,19,19,19,19,20,21,21,11,24,24,24,24,23,23,23,23,23,25,24,21,21,22,22,24,23,22,23,23,22,22,23,24,24,25,6,0,0,0,0
-70,163,8,0,0,0,8,34,35,36,35,33,32,31,29,28,29,29,29,27,24,23,23,21,20,19,17,16,15,14,16,17,17,8,17,18,18,17,16,16,16,15,15,14,15,16,16,16,17,17,16,17,17,18,18,20,20,22,23,23,5,0,0,0,0
-70,163,8,0,0,0,8,34,34,36,35,33,31,30,28,28,28,28,28,27,25,23,22,20,18,17,17,17,16,16,15,16,16,8,18,18,17,16,16,16,17,16,16,17,16,15,15,16,16,17,17,17,17,18,18,19,20,22,22,22,5,0,0,0,0
-68,43,1,0,0,0,6,26,26,28,27,26,24,25,24,24,24,25,25,24,22,22,22,22,21,20,21,21,20,20,20,22,23,11,22,22,22,21,21,21,22,21,19,18,19,19,19,20,21,21,22,21,20,21,22,22,22,22,23,23,5,0,0,0,0
-54,114,14,25,23,21,18,18,17,18,19,22,25,29,30,32,32,33,32,31,27,24,19,13,9,4,4,7,2,0,0,0,0,0,0,0,0,0,3,15,18,21,24,25,26,27,27,25,23,21,19,16,15,15,16,18,20,23,24,27,28,28,27,29,29
-78,114,14,28,28,26,23,20,20,16,10,5,2,4,7,11,15,20,24,26,27,26,24,22,20,17,15,12,2,0,0,0,0,0,0,0,0,0,6,26,27,26,24,22,18,15,15,16,18,21,24,26,28,28,28,26,23,20,17,13,9,9,14,19,24
-54,114,14,26,24,23,21,21,21,21,23,25,28,30,32,33,32,32,32,31,28,24,19,15,10,6,5,8,3,0,0,0,0,0,0,0,0,0,4,17,21,24,27,29,30,31,30,28,25,22,20,17,17,18,21,23,25,28,30,31,32,31,31,31,31
-72,114,14,43,43,40,38,35,32,29,25,22,21,21,19,17,15,14,12,9,6,3,4,4,5,7,8,8,2,0,0,0,0,0,0,0,0,0,6,22,20,18,16,17,19,24,30,35,37,40,41,40,37,33,29,23,17,12,13,17,21,26,30,34,37
-83,114,14,32,33,33,32,34,34,31,30,31,30,29,28,26,24,20,14,13,13,13,10,10,12,12,13,15,5,0,0,0,0,0,0,0,0,0,5,19,18,17,15,17,19,20,21,21,21,22,25,24,21,22,22,19,17,16,16,18,19,20,22,24,25
-67,118,8,0,0,0,7,29,30,31,30,28,27,27,27,26,26,27,26,26,24,24,24,23,21,21,21,21,21,20,20,22,22,11,22,22,23,22,22,22,23,22,22,23,22,21,20,21,21,21,21,21,20,21,21,21,21,22,21,21,5,0,0,0,0
-67,163,8,0,0,0,5,22,23,23,23,22,21,21,20,20,20,21,21,21,20,20,20,20,19,19,20,19,19,19,19,21,21,11,23,23,23,23,23,23,23,22,21,21,22,22,21,22,23,23,23,23,23,23,23,23,24,24,24,24,6,0,0,0,0
-66,43,1,0,0,0,4,21,21,22,22,20,20,20,19,19,19,19,19,18,17,17,17,17,16,17,17,17,17,17,18,19,19,9,20,20,20,20,19,19,19,18,18,19,19,18,18,19,18,19,20,20,20,19,20,19,20,20,20,20,4,0,0,0,0
-52,114,14,34,32,28,25,21,19,18,19,21,25,29,32,35,35,36,36,35,32,28,23,17,12,7,5,8,3,0,0,0,0,0,0,0,0,0,3,13,15,17,19,21,23,25,26,27,27,27,27,26,25,24,23,22,21,22,23,25,26,28,30,32,34
-78,114,14,29,28,28,26,21,19,16,15,12,10,10,10,13,16,18,20,22,23,24,22,20,19,18,16,17,5,0,0,0,0,0,0,0,0,0,7,29,32,33,33,32,29,27,24,22,19,20,24,27,31,33,34,33,31,29,27,25,21,18,17,20,25
-72,114,14,26,20,14,9,7,7,12,18,24,29,34,37,38,38,38,35,31,26,20,14,8,9,14,18,20,5,0,0,0,0,0,0,0,0,0,2,9,12,14,16,18,19,21,23,24,25,25,26,26,26,26,25,24,22,23,24,25,27,29,30,31,32
-82,114,14,30,32,34,35,32,32,33,30,28,25,23,21,22,22,24,25,24,21,19,17,15,16,17,16,18,5,0,0,0,0,0,0,0,0,0,4,16,17,18,17,16,17,19,20,19,19,20,21,21,21,18,13,11,10,8,10,11,10,12,15,21,28
-68,118,8,0,0,0,7,29,29,30,30,28,26,26,26,25,26,26,26,24,23,21,21,20,18,18,18,17,17,17,18,19,19,9,20,21,21,20,19,20,20,19,19,20,19,18,18,19,18,18,18,18,18,18,17,17,17,18,18,19,4,0,0,0,0
-67,163,8,0,0,0,8,36,37,37,38,35,33,32,31,31,31,31,30,29,28,26,26,25,23,22,22,21,21,20,21,23,24,12,23,24,24,22,22,22,23,22,21,21,20,20,20,21,21,22,20,19,19,19,19,19,20,20,20,20,5,0,0,0,0
-66,43,1,0,0,0,6,27,27,28,29,27,26,25,25,25,25,25,25,24,22,21,22,21,19,19,19,19,19,19,21,22,22,10,22,23,24,24,23,23,24,23,24,25,24,23,22,23,24,24,24,23,22,22,22,22,23,23,22,23,5,0,0,0,0
-66,43,1,0,0,0,5,24,24,25,25,24,23,22,21,21,21,21,21,21,20,18,19,18,17,16,16,17,17,16,17,19,20,10,20,21,21,20,20,21,20,20,20,20,21,19,19,19,20,21,21,19,19,19,19,19,20,19,19,19,4,0,0,0,0
-52,114,14,32,30,26,23,20,18,17,18,21,25,28,30,32,33,33,33,31,28,24,19,13,8,3,2,5,1,0,0,0,0,0,0,0,0,0,3,13,14,17,19,21,23,26,28,29,29,29,29,28,27,26,25,24,22,22,23,25,26,28,29,31,32
-79,114,14,29,28,28,26,26,24,21,17,14,12,8,4,8,12,16,20,25,28,29,27,27,26,24,20,17,5,0,0,0,0,0,0,0,0,0,7,25,26,26,25,22,19,17,13,11,13,16,18,21,22,24,25,23,20,16,11,6,5,9,14,20,25
-71,114,14,21,18,18,18,21,25,28,30,31,33,32,29,26,22,17,12,9,9,12,16,19,21,22,23,22,5,0,0,0,0,0,0,0,0,0,3,12,10,6,5,6,8,12,16,20,19,20,20,19,18,16,13,11,11,13,17,21,25,27,30,31,31
-82,114,14,29,33,32,30,29,28,25,24,25,26,25,25,26,25,25,24,21,18,18,16,16,14,13,13,17,4,0,0,0,0,0,0,0,0,0,4,17,17,17,17,16,18,20,21,20,20,21,22,20,18,16,16,15,13,13,13,15,15,14,17,23,27
-66,118,8,0,0,0,5,20,21,21,21,20,20,20,19,19,18,19,19,19,17,17,17,16,15,15,15,15,14,14,14,16,16,9,17,17,17,16,16,17,17,17,16,15,16,17,17,17,17,17,16,19,23,21,18,18,15,12,10,2,1,0,0,0,0
-68,163,8,0,0,0,7,27,27,27,27,25,24,23,22,22,23,22,21,20,19,18,19,18,18,18,18,18,19,19,20,21,21,11,23,24,24,23,23,24,25,25,25,27,26,25,25,25,26,27,27,27,27,26,26,26,27,28,28,28,7,0,0,0,0
-70,163,8,0,0,0,7,26,26,28,27,26,24,23,23,23,23,23,23,22,20,19,19,18,16,16,16,16,17,17,18,20,21,11,22,22,22,22,22,23,23,22,20,19,20,22,22,23,24,24,24,24,24,24,24,25,25,26,25,25,6,0,0,0,0
-68,43,1,0,0,0,8,33,34,35,35,33,32,32,30,29,29,30,29,28,26,25,24,23,21,20,19,18,17,16,17,17,17,8,16,16,16,17,16,17,16,15,15,14,15,15,15,15,15,16,15,14,15,15,16,16,17,17,18,18,4,0,0,0,0
-52,114,14,34,32,28,24,21,20,20,22,25,30,32,36,37,38,38,37,34,30,26,21,14,9,4,6,10,2,0,0,0,0,0,0,0,0,0,4,14,15,17,19,22,24,27,30,32,32,32,32,32,29,27,26,24,23,22,23,25,28,28,30,33,36
-79,114,14,29,29,27,23,19,15,12,9,5,2,4,10,14,17,20,25,28,28,29,27,26,23,19,17,15,4,0,0,0,0,0,0,0,0,0,6,24,24,24,24,21,20,20,22,21,22,25,26,27,26,25,24,22,20,17,15,13,12,15,19,21,25
-71,114,14,34,30,25,23,22,22,24,28,30,33,35,36,37,36,34,30,26,22,17,14,13,14,15,18,19,5,0,0,0,0,0,0,0,0,0,2,13,13,10,6,2,3,9,15,19,22,27,29,28,26,25,22,17,11,10,14,21,27,32,38,41,42
-83,114,14,23,22,24,25,25,26,27,27,29,33,34,32,30,27,26,25,22,18,16,12,10,10,12,17,20,5,0,0,0,0,0,0,0,0,0,3,16,17,18,20,20,17,17,21,23,22,20,22,21,19,19,20,17,13,13,13,14,17,18,21,24,23
-70,118,8,0,0,0,9,39,40,41,41,39,37,36,35,34,33,33,33,31,29,26,26,24,22,21,20,19,18,16,15,16,15,7,14,13,13,13,12,12,11,10,10,12,10,9,9,9,9,10,10,11,11,11,11,13,14,14,16,16,3,0,0,0,0
-66,43,1,0,0,0,8,31,31,32,31,30,29,29,27,26,26,27,27,26,25,24,24,23,21,20,20,20,21,21,21,22,23,11,23,23,23,22,22,22,23,22,23,24,24,22,23,23,23,24,24,24,23,23,23,23,23,23,23,22,6,0,0,0,0
-53,114,14,31,29,24,20,16,11,8,8,11,16,20,24,27,28,30,31,30,28,25,21,17,12,7,4,2,0,0,0,0,0,0,0,0,0,0,1,6,7,9,12,14,17,21,23,24,25,25,25,23,21,18,16,14,11,11,13,16,19,22,25,28,30
-79,114,14,21,24,28,29,30,31,30,28,24,20,15,12,8,9,11,15,19,23,26,28,29,29,27,26,25,5,0,0,0,0,0,0,0,0,0,7,31,31,31,31,28,25,20,16,13,13,16,20,24,28,31,31,29,26,25,22,18,13,7,4,7,11
-85,114,14,38,36,31,30,30,27,23,18,16,19,19,19,21,21,20,20,19,19,19,17,18,17,13,12,13,3,0,0,0,0,0,0,0,0,0,4,16,17,17,16,16,15,15,18,20,19,19,23,24,21,18,17,15,11,8,6,6,11,16,18,19,20
-70,114,14,22,13,4,6,14,21,28,33,37,40,40,40,36,31,27,22,17,12,8,8,11,13,17,18,19,4,0,0,0,0,0,0,0,0,0,1,2,5,7,11,14,17,20,21,23,23,22,21,19,15,11,6,1,5,11,18,25,31,34,36,38,39
-85,114,14,33,33,30,29,27,24,23,21,18,14,16,18,18,17,15,17,19,18,17,15,13,13,11,11,13,3,0,0,0,0,0,0,0,0,0,5,19,20,20,19,16,13,13,15,17,18,21,24,23,18,19,21,18,14,9,7,10,14,14,18,24,27
-66,118,8,0,0,0,8,30,31,32,31,29,28,28,27,26,26,26,26,25,24,22,22,21,20,20,20,19,19,18,19,20,20,10,20,20,21,20,20,21,21,21,20,21,21,20,20,21,22,22,22,22,22,22,22,22,22,23,24,24,6,0,0,0,0
-66,118,8,0,0,0,6,29,28,30,30,28,27,26,25,25,25,26,26,24,22,21,21,21,19,18,18,18,18,17,18,18,18,8,19,19,19,19,19,19,19,19,19,20,20,19,19,19,20,21,22,20,20,20,21,21,22,22,23,21,4,0,0,0,0
-65,118,8,0,0,0,7,28,28,30,30,28,27,26,25,25,24,24,25,25,22,21,21,20,18,18,17,17,17,17,17,18,19,9,19,19,19,19,19,19,19,19,19,19,19,19,20,20,21,21,21,21,21,21,22,22,22,23,23,23,5,0,0,0,0
-65,163,8,0,0,0,7,31,33,33,32,32,29,29,28,27,28,29,29,27,25,24,24,23,21,21,21,21,20,19,20,22,21,10,23,23,23,22,21,23,23,22,21,21,21,22,21,23,22,23,23,22,21,22,22,23,22,23,23,23,5,0,0,0,0
-64,163,8,0,0,0,6,23,23,25,24,23,21,21,21,21,21,22,21,20,19,18,18,19,17,17,17,17,17,17,18,19,18,9,19,20,20,19,19,19,20,19,18,19,19,19,19,20,21,21,21,21,21,20,20,20,21,21,20,20,5,0,0,0,0
-69,43,1,0,0,0,6,27,28,28,28,26,25,24,23,23,23,24,24,22,21,21,20,19,18,17,17,17,17,17,17,19,20,10,20,20,21,20,20,21,21,21,20,20,20,20,20,22,22,22,22,22,22,22,23,23,23,24,24,24,5,0,0,0,0
-53,114,14,34,35,33,31,30,27,24,21,19,20,22,26,29,31,34,36,36,35,33,30,25,20,15,9,7,2,0,0,0,0,0,0,0,0,0,3,17,18,20,22,22,22,23,23,23,22,22,23,23,25,26,27,27,27,26,26,26,26,25,25,26,28
-77,114,14,37,37,35,32,29,26,21,16,14,10,6,10,13,18,22,28,33,34,33,31,26,22,18,14,12,2,0,0,0,0,0,0,0,0,0,5,22,22,20,17,11,8,7,11,17,21,26,30,32,31,29,26,23,17,12,6,1,9,15,21,28,34
-52,114,14,33,33,31,29,26,24,21,18,18,19,22,25,28,31,33,34,35,34,32,28,23,18,13,8,6,1,0,0,0,0,0,0,0,0,0,3,15,17,18,20,20,21,21,22,21,21,21,22,23,23,23,24,25,24,23,24,24,23,23,24,26,27
-72,114,14,29,28,28,28,28,26,24,24,21,19,17,15,14,12,9,7,7,8,9,11,14,16,17,18,18,5,0,0,0,0,0,0,0,0,0,4,16,14,13,14,16,20,24,28,32,33,34,35,33,30,27,23,18,13,9,8,12,16,20,22,25,28
-84,114,14,30,27,28,31,33,29,25,24,22,22,21,21,21,17,14,16,15,15,17,15,13,13,13,14,15,4,0,0,0,0,0,0,0,0,0,4,17,16,17,19,21,21,23,24,23,22,22,23,21,20,18,17,14,12,12,11,12,18,20,18,22,25
-71,118,8,0,0,0,5,24,23,22,21,19,18,17,16,16,14,13,13,12,10,10,10,10,10,10,11,13,13,13,15,17,19,9,19,18,18,20,20,20,19,20,19,21,20,20,21,22,23,25,27,27,27,27,28,30,31,32,32,33,7,0,0,0,0
-70,163,8,0,0,0,6,27,27,26,27,25,24,24,23,23,23,23,23,22,20,18,19,19,19,20,20,20,20,20,21,23,25,12,24,24,23,22,22,23,22,21,20,20,20,19,19,20,20,21,20,20,20,20,21,22,22,22,22,22,5,0,0,0,0
-70,163,8,0,0,0,15,64,64,64,62,58,57,56,57,55,49,48,52,51,49,49,53,54,52,50,50,53,51,49,54,57,60,30,61,62,60,56,55,60,65,61,33,12,25,41,45,45,46,50,53,55,54,53,50,47,50,57,59,57,14,0,0,0,0
-70,163,8,0,0,0,6,28,29,30,29,26,25,25,24,24,23,24,24,22,21,19,19,19,18,19,19,19,20,19,20,22,22,11,23,22,22,21,21,21,21,20,18,17,17,16,17,17,18,17,16,15,16,16,16,16,17,17,17,17,4,0,0,0,0
-72,43,1,0,0,0,6,24,25,26,26,24,23,24,23,22,22,23,23,23,21,22,23,23,22,23,23,23,24,24,25,26,25,13,27,27,27,26,24,23,23,22,22,22,21,19,19,19,18,18,18,18,19,18,19,19,19,21,21,22,5,0,0,0,0
-91,114,14,17,16,13,14,12,10,8,2,6,6,6,7,11,13,14,13,11,9,7,6,5,4,4,4,2,1,0,0,0,0,0,0,0,0,0,1,3,2,2,2,2,4,6,8,10,9,9,12,14,15,17,15,12,8,8,5,2,4,7,8,11,13
-54,114,14,21,19,16,13,11,8,6,6,9,13,16,19,21,22,23,22,21,20,17,14,11,7,4,3,4,1,0,0,0,0,0,0,0,0,0,1,7,7,9,11,12,14,16,18,19,18,18,18,17,15,13,12,10,9,9,11,14,16,18,20,22,22
-71,114,14,9,6,7,11,15,18,21,23,25,27,30,30,30,30,27,25,21,16,11,4,3,8,13,16,19,4,0,0,0,0,0,0,0,0,0,6,26,27,27,27,27,26,25,23,19,14,8,2,3,9,14,20,24,29,32,35,37,37,34,32,30,28
-85,114,14,29,29,28,27,25,22,23,22,21,21,22,23,23,22,21,19,17,16,16,13,11,11,12,14,14,4,0,0,0,0,0,0,0,0,0,3,13,12,10,10,12,16,17,18,19,22,23,25,25,25,21,19,17,13,8,6,8,11,13,17,20,21
-71,118,8,0,0,0,6,22,22,24,24,21,20,20,19,19,19,19,20,20,19,19,20,19,18,18,19,21,22,22,23,25,26,13,26,26,26,24,22,23,22,22,20,21,21,21,22,23,23,23,23,25,25,25,26,26,27,28,29,30,8,0,0,0,0
-71,163,8,0,0,0,6,26,26,27,26,25,24,24,22,22,22,22,23,23,22,21,22,21,19,19,20,20,21,20,21,23,24,12,24,24,24,23,23,23,23,22,21,21,21,19,19,19,19,20,21,21,21,21,22,22,23,24,24,24,5,0,0,0,0
-72,43,1,0,0,0,8,31,31,30,29,27,25,24,23,23,23,24,24,23,20,19,20,20,20,20,21,21,21,21,22,24,24,12,24,25,25,24,22,21,20,20,21,22,20,19,19,20,21,22,23,23,23,23,25,25,26,28,28,29,8,0,0,0,0
-53,114,14,28,26,22,19,15,11,10,10,12,16,21,23,27,28,29,29,28,26,23,18,14,9,4,1,4,2,0,0,0,0,0,0,0,0,0,2,8,9,10,12,15,18,21,24,25,26,26,25,24,21,19,17,14,11,10,13,15,18,21,24,26,28
-79,114,14,35,37,38,38,37,33,30,26,19,11,2,4,10,18,23,27,29,33,34,32,29,26,21,19,18,4,0,0,0,0,0,0,0,0,0,6,25,25,25,21,16,13,11,11,13,17,22,25,27,28,29,28,24,19,14,10,5,2,7,14,20,24
-68,114,14,25,26,27,29,31,33,34,34,34,32,29,25,22,18,15,13,13,15,18,21,21,22,22,21,20,5,0,0,0,0,0,0,0,0,0,3,14,13,12,12,13,14,17,20,23,24,25,26,26,25,24,23,22,22,23,26,29,31,32,32,34,34
-64,118,8,0,0,0,7,26,26,27,28,27,26,25,24,24,25,26,26,25,24,24,23,23,22,22,22,22,22,22,22,24,23,12,22,23,23,22,22,22,21,20,20,20,20,17,17,18,18,19,19,19,18,18,18,18,19,19,18,18,5,0,0,0,0
-67,163,8,0,0,0,8,33,34,35,35,33,31,29,27,26,26,26,26,24,21,20,21,20,18,18,18,18,18,18,20,22,22,10,23,23,23,23,22,23,22,22,21,21,21,21,22,22,22,23,24,24,24,23,23,23,24,24,24,24,5,0,0,0,0
-64,43,1,0,0,0,7,30,31,32,32,30,29,28,27,26,26,27,27,26,25,24,24,24,23,22,22,22,22,22,23,24,24,12,24,25,26,24,23,24,24,23,23,23,23,23,23,24,24,25,25,25,25,25,25,25,26,26,26,25,6,0,0,0,0
-65,163,8,24,24,23,23,23,22,22,21,21,21,21,21,22,22,22,23,23,22,21,21,21,21,21,21,20,4,0,0,0,0,0,0,0,0,0,4,19,20,21,21,20,21,21,20,21,21,23,23,21,20,20,21,20,19,21,20,20,21,21,21,24,24
-53,114,14,33,32,30,27,24,20,16,13,11,13,17,21,25,29,31,33,34,33,31,27,23,18,13,7,3,1,0,0,0,0,0,0,0,0,0,3,12,13,14,15,17,18,22,24,25,26,26,28,26,25,24,22,20,17,15,14,16,17,19,22,26,29
-79,114,14,33,33,33,33,32,29,25,21,15,12,10,11,15,19,22,26,30,32,32,30,27,26,24,21,20,4,0,0,0,0,0,0,0,0,0,6,24,25,25,24,21,19,18,18,18,21,24,26,28,30,32,30,25,23,18,15,10,7,7,13,22,26
-72,114,14,36,31,28,23,20,18,19,25,30,34,36,38,38,36,31,26,20,14,11,12,15,20,25,28,29,8,0,0,0,0,0,0,0,0,0,6,21,18,14,9,5,1,8,13,19,23,28,31,32,32,30,27,22,15,8,5,12,20,27,33,39,42
-66,118,8,0,0,0,5,26,25,26,27,25,24,24,24,23,24,24,24,24,22,21,22,21,20,20,20,21,21,20,21,21,22,11,22,22,22,21,20,20,20,19,18,18,18,17,17,17,17,18,18,16,16,16,16,17,17,17,16,16,4,0,0,0,0
-64,43,1,0,0,0,6,26,27,27,27,26,26,25,25,24,24,25,26,25,24,24,25,24,23,23,23,24,23,23,23,25,26,13,26,26,25,23,22,23,22,22,22,22,22,20,21,21,23,22,22,21,21,21,21,21,21,21,21,21,5,0,0,0,0
-64,163,8,27,27,26,24,24,23,21,14,11,16,21,21,22,22,23,23,22,21,20,20,20,19,19,18,17,5,0,0,0,0,0,0,0,0,0,5,17,18,20,21,20,20,21,20,21,21,23,24,24,22,22,24,23,23,23,23,24,25,23,25,26,27
-89,114,14,17,14,13,10,5,2,2,2,1,6,10,11,13,13,13,13,13,9,5,3,3,3,4,2,3,1,0,0,0,0,0,0,0,0,0,0,2,2,2,3,2,3,5,5,7,10,12,12,15,16,15,13,11,9,8,4,3,6,9,10,11,14
-55,114,14,38,36,31,26,21,17,14,14,18,24,30,35,39,42,43,43,42,40,35,29,21,14,7,2,5,2,0,0,0,0,0,0,0,0,0,3,13,15,17,20,21,25,27,29,30,30,29,27,25,23,20,18,17,15,16,18,22,25,28,31,35,37
-81,114,14,27,30,30,30,29,26,24,23,19,15,10,7,6,9,16,22,24,23,23,22,23,23,19,16,14,3,0,0,0,0,0,0,0,0,0,8,36,38,37,37,34,29,23,17,14,15,19,25,31,32,31,31,30,28,26,22,16,10,5,9,16,21
-88,114,14,21,23,24,23,22,22,20,17,16,18,18,21,23,22,18,14,11,6,6,5,4,4,6,8,8,2,0,0,0,0,0,0,0,0,0,5,12,10,12,13,11,13,13,13,13,13,13,16,18,19,18,14,11,10,8,5,5,10,12,12,15,18
-70,114,14,24,19,17,15,14,15,20,24,29,32,33,33,31,29,26,23,18,13,10,9,11,14,16,18,19,5,0,0,0,0,0,0,0,0,0,1,4,4,6,9,11,13,16,19,20,21,22,22,20,18,14,11,7,5,8,14,19,25,29,32,34,34
-86,114,14,19,19,19,19,20,19,19,20,18,17,17,20,19,15,14,15,15,10,7,7,7,7,5,6,7,1,0,0,0,0,0,0,0,0,0,4,15,14,17,18,17,15,12,13,13,12,11,12,13,14,13,11,8,6,7,9,5,2,6,12,14,10
-68,118,8,0,0,0,4,16,16,17,16,15,15,15,15,15,16,16,17,17,17,17,19,19,18,19,20,20,21,21,22,24,24,13,26,26,25,25,25,25,25,24,25,26,25,23,24,25,25,26,26,26,26,26,26,28,29,30,29,28,7,0,0,0,0
-66,163,8,0,0,0,4,18,20,20,20,20,20,20,19,19,20,22,23,22,22,22,24,24,22,23,24,24,24,23,25,27,27,13,27,27,28,26,26,25,25,25,24,24,24,23,24,24,24,25,26,25,25,25,26,27,27,27,28,28,7,0,0,0,0
-64,43,1,0,0,0,5,21,21,22,23,22,22,21,20,21,22,23,24,23,23,23,23,23,22,22,23,23,24,23,25,26,27,13,26,26,26,25,24,24,24,23,23,23,23,23,22,23,23,24,24,23,23,23,23,24,23,23,24,24,6,0,0,0,0
-55,114,14,40,39,36,32,28,22,17,14,15,18,23,28,32,36,37,39,39,37,33,28,22,16,9,3,2,0,0,0,0,0,0,0,0,0,0,3,12,13,15,17,20,22,25,28,30,31,32,32,30,28,27,24,21,18,17,16,19,21,24,28,33,37
-79,114,14,24,25,25,23,23,24,24,19,10,3,1,2,7,13,18,23,27,29,29,28,27,25,21,18,15,4,0,0,0,0,0,0,0,0,0,6,24,24,23,22,19,15,12,10,9,11,14,17,20,22,22,22,21,17,12,9,6,4,6,10,13,15
-55,114,14,35,34,31,27,24,19,14,12,12,16,20,25,29,31,33,35,35,32,29,25,20,14,8,3,2,1,0,0,0,0,0,0,0,0,0,3,11,11,14,15,18,20,22,25,27,27,28,28,26,25,23,20,18,16,14,13,15,18,22,25,28,32
-81,114,14,28,29,30,31,29,25,19,14,13,8,3,5,11,16,18,22,26,29,30,30,27,22,18,17,14,2,0,0,0,0,0,0,0,0,0,6,27,27,26,23,20,16,12,12,12,14,20,25,27,26,26,26,25,21,18,14,10,5,7,11,16,18
-69,114,14,40,38,37,35,32,29,25,24,21,18,18,18,18,18,18,18,18,18,18,18,18,18,17,17,17,4,0,0,0,0,0,0,0,0,0,3,12,9,7,7,11,16,20,26,30,32,34,36,34,32,29,26,21,15,12,12,15,20,25,29,33,36
-86,114,14,25,27,28,27,29,30,30,31,31,27,25,27,23,18,16,13,12,12,11,11,14,15,16,16,15,3,0,0,0,0,0,0,0,0,0,5,17,13,14,15,15,15,17,17,16,16,17,17,17,16,14,12,15,17,15,15,16,15,15,16,17,20
-65,118,8,0,0,0,6,27,28,28,28,27,25,24,23,22,22,23,23,22,20,20,20,20,19,19,19,20,19,19,20,22,22,11,22,23,23,22,22,23,23,22,22,22,22,21,21,22,22,23,24,24,23,22,23,24,24,24,24,24,5,0,0,0,0
-65,163,8,0,0,0,4,19,18,19,20,18,18,18,17,17,18,19,20,20,20,20,20,20,19,21,22,22,22,22,24,25,25,13,25,26,26,26,25,26,25,24,22,21,23,24,24,25,26,26,26,26,26,25,26,27,27,27,27,28,6,0,0,0,0
-65,43,1,0,0,0,5,22,23,23,23,22,21,21,20,20,20,21,22,21,20,20,21,21,20,20,20,21,21,21,22,23,24,12,25,25,25,24,24,24,24,23,22,22,23,23,24,24,25,25,25,25,25,25,25,26,26,27,27,26,6,0,0,0,0
-88,114,14,17,15,11,10,8,6,6,8,6,2,6,9,9,10,10,10,10,8,5,3,4,5,4,2,4,1,0,0,0,0,0,0,0,0,0,0,3,3,4,5,5,7,8,9,9,11,13,13,12,13,14,14,11,11,9,3,2,5,7,12,17,20
-54,114,14,36,35,31,27,24,21,18,19,21,25,29,33,36,39,40,41,40,38,34,28,22,16,10,6,8,3,0,0,0,0,0,0,0,0,0,3,13,15,18,21,23,25,27,28,28,27,26,25,23,21,19,18,17,16,18,20,23,26,28,29,33,34
-78,114,14,29,29,29,28,27,25,22,18,14,10,6,10,16,21,26,30,32,32,32,31,28,25,22,18,17,5,0,0,0,0,0,0,0,0,0,8,30,30,29,27,24,19,14,12,13,16,19,25,29,29,30,29,26,23,21,16,9,5,5,12,16,20
-70,114,14,19,13,11,12,15,19,23,27,30,33,33,34,34,33,31,29,26,22,17,13,11,11,13,14,17,4,0,0,0,0,0,0,0,0,0,2,13,15,16,17,17,19,21,23,23,21,18,15,11,6,3,7,12,18,25,31,37,40,42,41,42,41
-86,114,14,24,27,25,22,21,20,18,15,15,16,15,16,16,16,17,15,12,11,10,9,8,8,8,10,11,2,0,0,0,0,0,0,0,0,0,3,15,15,14,13,13,13,12,14,15,17,19,18,17,14,12,10,9,7,6,6,4,6,11,13,16,19
-69,114,14,20,13,11,13,17,21,24,27,31,34,35,36,36,34,32,30,27,23,18,13,11,10,13,16,19,5,0,0,0,0,0,0,0,0,0,3,16,17,18,20,21,21,21,22,21,19,17,14,10,5,3,7,13,18,26,33,39,41,43,42,42,41
-70,118,8,0,0,0,5,22,21,21,20,19,17,17,15,14,13,14,13,13,13,13,13,13,14,16,16,17,18,18,21,23,23,11,25,26,26,26,25,26,25,25,26,27,27,24,24,24,25,26,26,26,26,26,27,27,28,28,29,29,7,0,0,0,0
-64,43,1,0,0,0,5,18,18,19,19,19,18,18,18,19,19,20,21,21,21,21,22,21,21,21,21,21,21,20,21,23,23,11,24,23,23,23,23,22,22,21,21,21,22,21,21,22,22,22,22,22,21,21,22,22,22,23,23,23,5,0,0,0,0
-53,114,14,32,30,29,26,23,20,16,15,14,17,20,23,27,29,31,33,33,32,30,26,22,17,12,6,4,1,0,0,0,0,0,0,0,0,0,3,12,13,15,17,18,20,22,24,24,25,25,26,25,24,24,22,21,19,18,18,19,20,22,24,27,29
-78,114,14,28,28,26,25,23,20,17,12,7,3,4,9,12,17,22,25,27,29,31,31,29,24,19,14,13,3,0,0,0,0,0,0,0,0,0,8,32,32,33,30,27,24,20,14,9,10,16,22,26,27,29,29,30,28,26,23,18,13,11,14,16,19
-53,114,14,39,38,36,33,30,26,22,19,17,18,21,25,29,33,36,39,40,40,38,34,29,24,18,12,7,2,0,0,0,0,0,0,0,0,0,4,14,15,17,19,20,23,26,28,30,30,31,31,31,30,29,28,26,24,22,22,21,22,24,27,30,33
-68,114,14,20,17,17,19,23,25,27,28,28,29,28,25,23,20,17,15,13,12,13,15,17,17,17,17,17,3,0,0,0,0,0,0,0,0,0,2,6,7,9,12,15,17,20,22,23,23,22,21,18,16,14,13,13,15,20,24,28,31,33,34,35,34
-82,114,14,27,26,25,27,27,26,28,27,26,29,28,28,29,27,24,20,14,12,11,9,10,13,15,17,17,4,0,0,0,0,0,0,0,0,0,4,16,17,18,17,18,19,18,19,21,22,23,25,26,24,22,21,19,19,19,18,21,20,20,21,20,23
-63,118,8,0,0,0,4,13,14,15,15,14,13,13,13,13,13,13,13,13,13,13,13,13,12,13,13,13,13,13,14,15,15,7,15,15,17,15,16,16,15,16,16,16,17,17,16,14,12,12,15,22,23,22,21,20,20,20,18,16,4,0,0,0,0
-64,43,1,0,0,0,5,21,22,23,22,21,21,22,21,21,21,22,24,23,22,22,22,23,22,22,23,23,23,23,24,26,27,13,27,27,26,26,25,25,25,24,25,25,25,23,23,24,24,25,26,25,25,25,25,24,25,26,26,26,7,0,0,0,0
-52,114,14,39,38,36,34,30,25,20,15,13,14,18,21,26,31,34,37,36,36,34,29,24,19,13,7,3,1,0,0,0,0,0,0,0,0,0,3,14,13,12,12,13,15,19,23,26,28,31,33,33,32,31,29,26,22,19,16,14,14,17,22,27,31
-78,114,14,24,23,20,18,17,13,10,7,4,5,7,12,15,18,21,23,25,27,27,25,21,18,15,13,14,4,0,0,0,0,0,0,0,0,0,8,33,33,32,27,23,19,15,12,13,16,21,27,32,34,34,33,30,28,25,20,16,14,11,14,19,24
-70,114,14,33,29,26,25,25,25,26,28,30,32,33,33,34,31,29,26,22,16,12,11,13,16,18,21,23,5,0,0,0,0,0,0,0,0,0,3,11,9,6,2,2,7,12,18,21,23,26,28,28,27,26,23,20,16,14,16,21,25,30,34,37,38
-84,114,14,27,26,26,28,29,25,25,29,29,25,24,21,18,19,18,13,10,8,11,13,13,14,15,16,16,3,0,0,0,0,0,0,0,0,0,2,12,12,10,10,11,14,18,18,17,17,19,21,20,18,15,16,15,14,13,13,14,14,15,17,21,26
-64,118,8,0,0,0,4,16,16,17,17,16,16,16,16,16,17,18,19,19,19,19,21,21,21,21,22,22,22,22,23,25,25,12,25,26,26,25,25,25,25,24,23,25,25,25,25,26,26,27,27,27,27,27,27,27,28,29,29,29,7,0,0,0,0
-64,163,8,0,0,0,5,17,17,18,18,17,17,17,17,17,17,18,19,19,18,18,19,19,18,19,19,20,20,20,21,23,23,12,22,23,23,22,22,23,23,22,22,22,22,21,21,22,23,24,24,23,23,23,24,23,25,25,24,24,6,0,0,0,0
-64,43,1,0,0,0,4,17,17,18,18,17,17,17,17,18,19,20,20,21,20,20,22,22,21,21,22,23,24,24,25,25,26,13,27,27,27,26,26,26,26,26,25,25,25,25,25,26,26,27,27,26,26,26,27,28,28,28,27,27,6,0,0,0,0
-53,114,14,36,35,32,28,25,20,16,14,14,17,22,26,31,33,35,36,36,34,31,26,21,14,9,4,3,1,0,0,0,0,0,0,0,0,0,3,12,12,12,14,16,19,22,25,27,29,29,29,29,26,25,23,20,17,15,14,16,19,22,25,29,32
-80,114,14,31,31,29,24,21,17,14,9,4,4,8,13,19,25,30,34,36,36,35,34,30,25,20,14,11,3,0,0,0,0,0,0,0,0,0,7,29,29,29,28,26,23,19,18,17,20,22,25,26,27,28,27,24,21,18,14,11,10,13,17,20,24
-87,114,14,18,20,20,18,17,16,17,17,16,16,16,17,17,18,19,19,17,14,11,9,6,6,7,8,10,3,0,0,0,0,0,0,0,0,0,2,10,9,13,16,11,10,18,23,20,17,17,20,19,15,14,13,12,5,2,6,8,10,13,17,17,16
-70,114,14,23,17,14,15,17,19,21,24,28,30,31,31,30,28,26,22,17,12,8,6,8,12,15,17,19,5,0,0,0,0,0,0,0,0,0,1,4,3,4,6,9,12,15,19,21,21,23,22,20,18,14,10,7,6,11,18,23,28,31,34,36,36
-86,114,14,22,23,23,21,17,18,20,20,21,22,23,23,21,16,16,17,16,11,7,5,5,3,2,8,9,2,0,0,0,0,0,0,0,0,0,5,16,10,8,7,11,13,14,17,22,22,20,18,15,12,11,8,8,7,3,1,3,5,5,7,12,15
-66,118,8,0,0,0,5,19,19,20,20,19,18,18,18,18,20,21,23,22,22,22,23,23,23,23,24,23,24,24,25,26,27,13,27,27,26,26,26,26,24,23,22,22,23,23,24,24,25,25,25,24,24,24,24,23,24,25,25,25,6,0,0,0,0
-63,163,8,0,0,0,7,26,27,28,28,27,27,26,26,26,26,26,27,26,25,24,25,25,23,23,23,23,22,22,22,23,23,12,23,23,23,22,21,21,21,20,19,19,19,19,19,20,20,20,20,19,19,18,18,18,19,19,18,18,5,0,0,0,0
-60,43,1,0,0,0,6,22,23,24,25,24,22,22,22,22,23,24,23,23,21,21,22,21,20,20,20,20,20,20,21,22,22,11,21,21,21,21,20,21,21,20,20,21,21,19,19,20,20,21,21,20,20,20,20,20,21,21,21,20,5,0,0,0,0
-61,163,8,29,29,29,28,28,27,26,25,25,25,25,24,25,26,27,26,25,25,24,23,23,23,23,22,21,4,0,0,0,0,0,0,0,0,0,4,19,19,21,21,22,22,22,22,23,24,25,26,26,24,24,26,25,24,24,24,24,25,26,27,28,29
-52,114,14,32,30,28,25,22,17,12,9,8,12,16,20,25,27,29,31,31,30,27,24,19,15,10,5,1,0,0,0,0,0,0,0,0,0,0,2,9,9,10,10,11,13,15,17,19,20,21,22,22,21,20,19,16,14,12,11,12,14,17,21,25,28
-79,114,14,32,30,28,27,24,18,14,8,2,5,11,16,21,25,30,35,36,34,33,29,24,20,16,13,13,3,0,0,0,0,0,0,0,0,0,7,30,30,28,24,19,16,12,10,14,20,24,28,31,32,31,29,25,20,14,9,7,10,13,19,24,26
-51,114,14,36,34,31,28,24,18,13,9,8,12,18,23,28,30,34,34,34,33,30,26,20,15,10,5,0,1,0,0,0,0,0,0,0,0,0,3,12,11,12,13,14,16,18,22,23,24,25,26,26,25,23,21,18,15,13,11,12,15,20,23,28,31
-78,114,14,26,27,26,23,22,18,12,7,3,6,10,15,20,25,28,30,31,30,28,25,22,17,13,10,10,3,0,0,0,0,0,0,0,0,0,7,29,28,26,22,17,14,13,15,17,21,25,29,29,29,29,27,25,20,14,9,6,10,14,19,24,26
-71,114,14,26,25,27,29,30,29,29,29,26,24,21,18,14,10,7,5,5,7,11,14,17,19,20,22,22,5,0,0,0,0,0,0,0,0,0,4,15,12,9,10,14,20,26,31,34,37,40,40,37,34,30,26,20,14,12,15,21,25,28,30,31,32
-62,118,8,0,0,0,6,23,23,24,24,23,22,22,21,21,22,23,23,23,22,21,22,21,21,21,21,21,22,22,22,24,24,12,24,24,26,24,24,24,26,24,25,25,26,25,25,26,26,28,28,26,26,27,27,27,27,27,27,27,7,0,0,0,0
-63,43,1,0,0,0,7,26,25,26,26,24,24,23,23,23,23,23,23,22,20,19,20,19,18,18,17,18,18,17,17,19,19,9,18,20,20,19,18,20,19,18,19,20,20,19,20,20,20,20,20,20,19,18,19,19,20,20,19,19,5,0,0,0,0
-54,114,14,31,29,24,19,13,9,7,10,15,21,26,29,32,33,33,33,31,28,24,20,15,11,9,9,10,3,0,0,0,0,0,0,0,0,0,2,6,9,14,18,22,25,28,31,32,30,28,27,23,19,14,10,4,1,7,12,18,22,25,29,32,33
-77,114,14,30,28,26,23,19,15,13,12,13,17,20,22,25,28,31,30,28,26,26,23,19,15,13,12,14,3,0,0,0,0,0,0,0,0,0,3,15,16,16,18,17,18,20,22,22,23,24,25,23,20,18,16,13,11,13,15,17,19,20,24,29,31
-73,114,14,31,26,22,18,14,13,13,16,20,25,28,32,34,35,35,35,32,28,23,18,14,12,13,17,21,5,0,0,0,0,0,0,0,0,0,5,20,19,17,15,13,14,17,21,24,27,30,32,33,30,27,21,14,7,3,9,16,23,28,34,37,39
-87,114,14,14,15,18,21,20,22,25,26,26,28,28,27,24,17,12,9,8,7,9,12,14,17,19,19,20,6,0,0,0,0,0,0,0,0,0,2,10,9,10,8,5,8,11,10,10,12,17,16,11,11,14,13,8,10,13,12,12,12,11,9,8,8
-73,114,14,31,26,24,22,18,15,13,15,19,24,29,32,35,35,36,36,34,31,26,22,18,15,14,16,18,5,0,0,0,0,0,0,0,0,0,4,17,16,13,11,11,12,15,19,24,26,28,30,30,27,24,19,15,7,1,9,16,25,29,32,36,39
-64,118,8,0,0,0,8,32,33,34,34,32,31,31,29,29,29,30,30,28,26,25,25,24,22,21,21,20,20,20,20,21,21,10,22,22,22,21,20,20,20,20,19,19,20,21,21,22,22,23,24,23,24,24,25,24,24,25,25,25,6,0,0,0,0
-64,163,8,0,0,0,5,23,23,24,24,22,22,21,20,20,20,21,21,21,20,20,21,21,19,19,20,20,20,20,21,22,24,11,24,24,25,23,23,23,23,23,23,23,23,23,24,25,25,26,25,25,25,25,25,26,26,26,26,25,6,0,0,0,0
-64,163,8,0,0,0,6,26,26,27,27,26,25,24,23,23,24,25,25,25,23,23,24,23,22,23,23,22,22,23,24,25,26,13,26,27,27,26,26,27,26,26,25,24,26,25,26,27,28,29,29,28,28,28,28,29,30,30,30,29,7,0,0,0,0
-65,163,8,0,0,0,5,22,23,23,24,22,22,21,20,19,21,22,22,21,19,19,20,19,19,19,19,19,19,19,19,21,21,10,21,23,23,22,22,22,21,21,22,22,22,21,21,22,22,23,23,22,22,22,23,22,23,25,24,23,5,0,0,0,0
-65,43,1,0,0,0,7,27,28,29,29,27,27,25,24,24,24,25,25,25,23,22,22,22,21,21,22,22,22,22,22,24,24,12,25,25,25,25,24,25,25,24,23,23,24,24,24,25,25,25,25,25,25,25,25,25,26,26,26,25,7,0,0,0,0
-55,114,14,25,20,13,7,5,9,14,20,24,28,31,32,32,30,28,26,24,18,15,11,7,6,7,9,11,2,0,0,0,0,0,0,0,0,0,2,9,13,20,25,29,32,35,36,35,32,29,25,19,13,7,4,7,13,18,24,30,33,35,36,37,37
-78,114,14,30,29,25,20,14,8,5,6,9,14,17,19,21,23,25,27,27,26,23,18,15,13,10,9,11,2,0,0,0,0,0,0,0,0,0,3,10,12,15,18,21,26,32,35,34,33,33,32,29,24,20,16,11,9,11,15,22,27,29,29,34,37
-72,114,14,29,24,20,19,19,21,23,26,30,32,33,31,30,28,24,20,16,12,9,11,14,19,22,24,25,7,0,0,0,0,0,0,0,0,0,3,15,15,13,10,7,3,5,11,16,20,26,29,30,29,26,22,17,9,4,9,16,23,29,32,36,40
-87,114,14,16,20,19,17,19,22,25,28,28,26,24,23,21,17,12,7,4,6,8,9,14,17,17,19,21,5,0,0,0,0,0,0,0,0,0,2,8,5,4,6,7,8,8,11,13,13,13,15,16,16,15,14,14,16,17,16,13,9,9,10,11,10
-62,118,8,0,0,0,8,31,32,33,33,32,31,31,30,30,30,31,31,30,29,28,29,28,26,25,25,24,24,24,25,26,26,13,25,25,25,24,24,24,24,24,24,24,24,23,23,24,24,25,25,24,24,24,24,24,24,24,23,22,6,0,0,0,0
-64,163,8,0,0,0,4,16,16,18,18,17,17,17,17,17,18,19,19,19,19,19,19,19,19,19,20,21,21,21,22,24,24,12,24,25,25,24,24,25,25,24,23,23,24,24,25,26,27,28,28,28,28,29,29,30,30,31,30,30,8,0,0,0,0
-64,163,8,0,0,0,2,10,10,11,11,11,10,10,11,11,11,11,11,11,11,12,12,12,12,12,12,12,13,13,14,14,14,7,15,15,15,15,14,14,14,14,14,14,14,15,15,16,16,17,18,17,17,18,18,19,19,19,19,19,4,0,0,0,0
-62,43,1,0,0,0,6,23,23,25,25,24,24,24,23,24,25,26,27,26,25,25,25,25,24,24,24,24,24,23,24,26,26,13,25,26,25,25,24,23,23,22,21,21,21,21,21,22,22,22,22,22,22,21,22,22,22,22,22,22,6,0,0,0,0
-62,43,1,0,0,0,6,23,23,25,25,25,24,24,24,24,24,25,26,26,26,25,26,26,24,24,24,24,24,23,24,25,26,12,25,25,25,24,24,24,24,22,22,23,22,21,21,21,21,22,22,22,21,21,21,21,21,21,21,21,5,0,0,0,0
-50,114,14,37,35,31,27,23,17,12,11,14,19,25,30,34,36,37,37,36,33,29,24,18,13,7,2,5,1,0,0,0,0,0,0,0,0,0,2,11,10,10,9,10,12,14,17,21,23,25,25,26,25,24,22,18,15,12,11,12,16,20,24,30,33
-78,114,14,28,28,27,25,21,17,13,9,5,2,7,13,18,22,25,28,29,30,29,26,24,19,15,10,10,2,0,0,0,0,0,0,0,0,0,7,27,28,28,28,26,22,19,16,13,12,15,19,22,23,25,26,26,24,21,19,18,16,13,16,21,23
-71,114,14,25,22,21,22,24,26,29,32,33,34,35,35,35,33,30,27,23,19,14,10,9,12,14,18,21,5,0,0,0,0,0,0,0,0,0,4,13,11,9,8,8,11,15,18,19,19,20,19,17,14,10,5,2,8,16,24,31,36,39,41,42,42
-85,114,14,21,26,26,26,26,22,19,19,22,21,18,19,18,15,13,13,11,12,13,14,16,16,16,16,16,4,0,0,0,0,0,0,0,0,0,2,9,12,11,9,9,10,11,13,16,17,18,17,15,16,17,15,11,9,7,5,1,1,3,8,13,17
-71,114,14,25,20,20,23,25,28,31,33,34,36,36,35,34,32,29,25,21,17,11,9,10,13,17,19,22,5,0,0,0,0,0,0,0,0,0,2,10,8,6,3,4,9,12,16,19,21,23,22,20,16,12,9,5,7,13,22,28,35,39,41,42,41
-64,118,8,0,0,0,6,23,24,25,25,24,23,23,23,23,23,24,24,24,23,22,23,23,22,22,21,22,22,22,22,23,23,12,23,23,23,22,22,22,21,21,20,20,21,20,20,20,21,21,21,21,21,21,21,22,23,23,23,23,6,0,0,0,0
-63,163,8,0,0,0,5,22,24,24,25,24,23,23,22,21,22,24,24,23,22,22,22,22,21,22,21,21,21,20,21,22,22,10,22,22,22,21,20,20,20,19,19,18,19,19,18,18,20,20,19,19,20,19,19,19,20,20,20,19,4,0,0,0,0
-66,43,1,0,0,0,4,19,21,21,20,18,17,17,17,17,16,16,17,16,15,15,16,17,17,17,17,18,19,18,20,21,22,11,23,24,24,23,22,24,23,23,24,25,25,23,24,25,26,27,27,27,27,28,28,28,29,29,30,31,7,0,0,0,0
-55,114,14,30,31,28,25,23,19,17,16,16,19,22,25,28,30,31,32,31,29,26,22,17,12,7,4,5,1,0,0,0,0,0,0,0,0,0,4,13,15,16,16,16,17,17,18,17,18,19,19,20,20,20,21,19,19,18,17,18,18,19,21,24,27
-79,114,14,32,32,30,25,22,19,16,13,12,13,15,18,22,25,26,27,29,29,28,25,22,19,17,15,15,3,0,0,0,0,0,0,0,0,0,6,24,24,26,26,25,26,26,28,27,26,27,29,28,29,29,26,23,20,18,17,17,20,23,26,29,32
-72,114,14,31,27,24,23,23,23,25,26,29,33,35,36,36,35,34,32,28,22,16,12,10,11,13,17,20,5,0,0,0,0,0,0,0,0,0,2,8,6,3,2,6,11,16,21,24,25,27,28,28,26,23,18,13,9,9,14,22,27,33,38,41,41
-88,114,14,19,16,16,17,16,18,21,20,21,22,25,26,25,22,18,13,12,11,7,6,10,11,12,15,19,6,0,0,0,0,0,0,0,0,0,1,5,5,6,8,12,14,13,13,13,12,12,14,12,7,6,5,4,6,6,7,10,12,15,16,16,13
-63,118,8,0,0,0,5,22,22,24,24,24,23,24,24,23,23,24,25,24,24,24,25,24,23,23,23,24,24,24,24,26,26,12,26,27,27,26,24,24,25,24,24,25,25,24,24,24,25,26,26,25,26,25,26,26,27,28,28,27,5,0,0,0,0
-65,163,8,0,0,0,5,19,19,20,21,19,19,19,19,19,19,20,21,20,20,19,20,20,20,20,21,21,21,21,22,24,24,12,26,26,26,25,25,25,25,25,25,26,25,24,24,25,25,27,27,26,26,26,26,27,28,29,28,29,7,0,0,0,0
-64,43,1,0,0,0,5,22,22,24,24,23,22,22,22,22,22,24,25,24,24,23,24,24,22,23,23,23,24,23,24,27,27,13,27,28,28,27,26,27,26,26,25,26,26,26,26,27,28,29,29,29,28,29,29,29,30,31,31,32,7,0,0,0,0
-64,43,1,0,0,0,5,20,20,21,21,21,21,21,21,21,22,23,23,22,22,22,22,22,21,21,22,22,23,22,23,25,25,13,25,26,26,25,25,25,26,25,25,26,26,24,25,25,26,27,27,27,27,27,28,28,29,29,29,29,8,0,0,0,0
-53,114,14,33,34,32,29,26,22,18,14,12,14,17,22,27,30,32,34,35,34,31,26,22,15,10,4,2,1,0,0,0,0,0,0,0,0,0,3,14,14,14,14,13,12,11,11,12,13,14,18,20,21,22,23,22,21,18,16,14,12,13,16,20,23
-77,114,14,25,26,23,21,19,18,16,15,14,16,18,20,21,21,23,25,26,26,23,21,19,17,14,13,14,3,0,0,0,0,0,0,0,0,0,7,28,29,28,29,27,24,22,22,21,21,22,24,25,25,26,28,28,28,27,26,25,25,26,26,26,26
-68,114,14,39,38,36,33,31,28,24,21,17,14,13,13,13,14,15,16,16,16,16,16,16,17,16,15,15,4,0,0,0,0,0,0,0,0,0,4,14,11,7,8,12,17,23,27,31,33,35,36,35,32,31,27,22,17,12,12,17,21,25,29,33,35
-85,114,14,25,25,26,26,27,25,24,24,26,27,27,23,19,19,19,17,16,15,14,15,16,15,15,16,16,5,0,0,0,0,0,0,0,0,0,2,8,8,6,6,7,9,14,18,19,17,15,16,15,16,17,16,15,14,10,6,6,10,12,14,17,21
-65,118,8,0,0,0,3,15,14,15,16,16,15,16,16,16,17,18,19,19,18,19,20,21,20,20,20,21,21,22,23,24,24,12,25,25,25,24,24,25,24,23,22,22,23,24,24,25,25,27,27,27,26,26,27,27,28,28,28,28,7,0,0,0,0
-62,43,1,0,0,0,5,21,22,23,23,22,22,21,21,21,21,23,23,23,22,22,23,23,21,21,22,22,22,21,22,24,25,12,25,25,25,23,23,24,24,23,22,22,23,23,24,25,24,25,25,24,24,24,24,24,24,25,24,25,5,0,0,0,0
-92,114,14,11,12,14,12,7,5,2,7,10,8,6,7,8,8,7,8,10,9,8,6,5,4,2,1,1,1,0,0,0,0,0,0,0,0,0,1,4,4,4,2,2,3,5,5,5,7,8,8,10,12,10,11,10,10,9,6,2,4,4,6,10,13
-52,114,14,41,41,37,33,28,24,18,15,15,20,26,31,36,38,41,42,41,39,35,28,23,16,9,5,7,2,0,0,0,0,0,0,0,0,0,2,12,12,12,11,11,12,14,17,19,22,25,27,28,28,28,26,23,20,17,15,14,15,19,24,30,34
-76,114,14,24,23,21,19,16,15,13,13,14,16,19,21,23,23,23,24,22,21,20,18,16,15,14,14,15,3,0,0,0,0,0,0,0,0,0,5,22,22,23,23,23,21,20,20,20,20,21,22,22,21,21,20,20,20,20,20,20,20,21,23,23,22
-85,114,14,19,21,23,24,23,27,31,28,29,32,32,28,23,18,14,12,10,9,7,8,12,13,14,15,16,3,0,0,0,0,0,0,0,0,0,3,14,14,13,15,18,16,15,17,16,15,14,12,10,11,11,11,12,11,12,14,14,14,14,15,18,16
-71,114,14,14,10,12,15,20,23,25,28,29,28,28,26,24,22,19,17,14,10,7,5,7,9,12,14,15,3,0,0,0,0,0,0,0,0,0,5,23,25,26,27,27,27,26,26,23,20,18,17,16,14,15,18,20,25,30,35,37,38,39,38,38,36
-85,114,14,26,26,23,24,29,31,29,26,27,28,26,24,21,15,13,15,11,7,8,9,9,12,14,14,14,3,0,0,0,0,0,0,0,0,0,2,11,12,16,17,14,16,18,17,13,12,14,15,16,13,11,10,10,8,11,12,14,17,15,15,17,17
-63,118,8,0,0,0,4,16,17,18,18,18,18,18,17,17,18,19,20,20,19,19,19,20,19,20,20,20,20,20,21,22,22,12,23,23,24,23,22,23,23,23,22,23,23,22,22,23,24,25,25,24,24,25,25,25,25,26,26,26,7,0,0,0,0
-63,163,8,0,0,0,5,20,20,20,20,20,20,19,19,20,20,21,21,21,20,20,21,21,21,21,21,21,22,22,23,24,25,13,25,26,26,25,25,25,26,25,24,24,25,25,26,27,27,28,28,28,28,28,28,29,29,30,30,29,8,0,0,0,0
-63,43,1,0,0,0,5,21,22,22,22,22,21,22,22,22,23,25,25,25,24,24,24,24,23,23,24,24,24,24,25,26,26,13,26,27,27,26,25,26,25,24,25,25,25,24,24,24,25,26,26,25,25,25,25,25,26,27,26,25,7,0,0,0,0
-63,163,8,27,26,25,24,25,25,23,23,23,21,21,20,22,23,24,25,23,22,22,21,21,21,21,20,19,5,0,0,0,0,0,0,0,0,0,3,12,13,14,16,16,17,16,16,17,19,21,21,21,20,20,21,21,21,22,21,22,23,24,25,25,24
-76,114,14,25,24,19,16,14,12,9,8,9,13,16,18,19,21,21,22,22,21,18,15,13,11,9,10,12,3,0,0,0,0,0,0,0,0,0,4,19,21,22,23,22,24,24,22,23,22,21,20,20,20,20,19,18,18,18,18,21,22,21,21,23,25
-53,114,14,31,30,27,23,20,15,12,10,13,18,22,27,31,32,34,34,32,29,25,21,14,8,2,4,8,3,0,0,0,0,0,0,0,0,0,3,10,10,11,11,11,12,14,16,18,19,20,22,22,21,21,20,17,15,13,12,13,14,17,21,25,28
-76,114,14,23,22,20,16,12,9,8,9,11,14,18,18,19,23,24,23,22,21,18,15,11,10,11,11,13,3,0,0,0,0,0,0,0,0,0,5,23,24,25,26,25,25,25,24,23,24,24,22,22,23,21,19,20,20,21,22,22,24,26,27,28,29
-71,114,14,27,22,17,15,15,16,20,23,26,28,29,29,28,26,23,21,18,14,11,9,9,12,13,15,15,4,0,0,0,0,0,0,0,0,0,2,5,3,6,11,15,18,23,27,28,29,28,26,24,18,14,9,5,9,14,21,27,32,37,39,40,41
-84,114,14,20,23,25,26,28,30,29,29,30,30,30,27,24,22,20,17,13,10,11,11,10,13,14,17,20,5,0,0,0,0,0,0,0,0,0,5,16,18,21,21,22,23,23,19,17,14,12,12,13,14,17,20,18,17,16,15,17,18,16,15,16,18
-64,118,8,0,0,0,6,25,26,27,28,26,25,25,25,25,25,25,26,25,25,24,24,24,23,23,23,23,23,22,24,25,25,12,25,25,25,25,24,24,25,24,24,26,25,24,25,26,27,28,29,28,28,28,29,30,31,31,32,32,8,0,0,0,0
-66,43,1,0,0,0,5,22,21,23,22,22,21,21,21,21,20,21,23,22,21,20,21,21,21,21,21,22,22,21,23,24,25,12,25,25,25,24,24,25,24,23,22,21,23,23,23,23,24,25,25,26,26,26,26,26,27,27,28,28,8,0,0,0,0
-53,114,14,31,29,26,22,18,14,10,8,11,15,19,23,26,27,28,29,27,25,22,18,13,9,4,0,4,1,0,0,0,0,0,0,0,0,0,3,10,10,11,11,12,13,16,19,20,21,22,24,23,22,21,19,17,15,13,12,14,16,18,21,25,28
-79,114,14,28,29,29,29,26,23,17,12,8,4,2,9,15,19,24,27,30,30,30,29,27,24,21,16,12,2,0,0,0,0,0,0,0,0,0,6,24,25,27,26,23,21,19,17,16,17,19,22,24,26,26,24,22,21,19,17,13,11,13,17,19,22
-73,114,14,26,20,18,19,23,23,25,27,29,30,31,30,26,23,19,15,10,6,1,5,9,13,14,15,16,3,0,0,0,0,0,0,0,0,0,3,9,8,8,13,15,19,24,26,28,29,27,25,23,21,17,12,9,10,14,21,27,32,35,38,42,43
-85,114,14,24,25,26,29,32,31,29,32,33,33,31,29,30,27,24,21,18,17,15,13,13,16,20,21,21,4,0,0,0,0,0,0,0,0,0,3,12,14,14,12,12,12,11,11,12,15,17,17,19,21,21,21,22,20,16,15,17,17,15,16,19,24
-73,114,14,27,24,21,20,19,19,20,22,23,24,24,24,24,22,19,17,13,8,4,1,4,7,10,12,13,3,0,0,0,0,0,0,0,0,0,1,5,4,4,8,13,17,21,24,25,26,27,27,24,21,18,15,12,10,11,16,22,27,30,33,34,34
-64,118,8,0,0,0,6,23,23,23,24,24,23,23,23,23,23,24,24,24,22,22,23,23,22,22,22,23,23,22,24,26,26,13,26,26,26,25,25,25,25,25,24,23,24,24,24,24,25,26,26,26,25,25,26,26,27,27,27,27,7,0,0,0,0
-64,163,8,0,0,0,6,20,22,22,23,21,21,20,19,19,19,21,22,20,20,19,20,20,19,19,19,20,20,19,20,22,22,12,23,22,22,22,22,21,21,22,21,22,21,21,21,23,23,24,24,24,24,23,23,24,24,24,25,24,6,0,0,0,0
-64,163,8,0,0,0,5,22,23,23,24,22,21,22,21,21,22,22,23,22,21,21,21,21,20,20,20,21,21,21,21,23,23,11,24,24,24,23,23,23,24,23,22,22,23,22,23,23,24,25,25,24,24,24,26,26,26,26,25,26,6,0,0,0,0
-64,163,8,0,0,0,5,19,19,19,19,18,17,18,17,17,19,19,19,19,17,17,17,17,16,16,17,17,18,17,18,19,20,10,19,20,19,19,19,20,19,18,18,19,19,17,18,19,19,20,22,26,26,20,18,15,13,21,27,25,6,0,0,0,0
-63,43,1,0,0,0,6,23,23,24,24,23,22,23,23,23,23,24,25,25,24,23,24,24,23,23,23,24,24,24,24,25,26,13,26,26,26,25,25,26,26,24,24,24,25,24,23,25,25,26,26,26,25,25,25,25,25,26,25,25,7,0,0,0,0
-53,114,14,17,17,16,15,13,12,9,8,7,8,10,12,14,16,17,18,18,17,16,14,11,9,6,3,1,0,0,0,0,0,0,0,0,0,0,2,8,7,8,8,8,8,9,9,9,10,11,12,13,13,13,12,12,11,10,10,8,9,9,10,12,14
-79,114,14,25,27,25,24,21,18,16,12,8,6,5,7,12,17,18,21,22,23,24,22,21,18,15,12,12,3,0,0,0,0,0,0,0,0,0,8,30,32,33,30,27,24,18,14,13,15,18,21,24,27,29,31,30,28,25,22,18,13,11,11,14,16
-75,114,14,27,25,24,23,22,21,21,23,27,30,33,35,36,36,35,32,26,19,11,4,6,13,18,24,27,7,0,0,0,0,0,0,0,0,0,3,11,9,8,7,6,7,9,12,14,15,16,18,18,17,16,15,15,14,16,18,22,26,29,31,31,32
-86,114,14,21,17,15,18,18,19,22,23,26,27,26,28,29,27,22,17,12,9,7,8,9,12,14,14,15,3,0,0,0,0,0,0,0,0,0,4,14,14,13,10,9,11,15,18,17,15,13,13,15,12,8,6,8,7,5,7,10,13,14,18,21,22
-65,118,8,0,0,0,6,22,22,23,23,21,21,21,21,21,21,21,22,21,21,21,20,20,20,20,20,20,20,20,20,22,23,11,23,23,23,22,22,22,22,21,21,21,21,20,20,21,21,22,22,21,21,21,22,23,23,24,24,23,6,0,0,0,0
-65,163,8,0,0,0,5,21,22,23,24,22,22,22,22,22,22,23,24,23,23,22,23,23,22,22,23,22,22,22,23,24,24,12,24,24,24,24,22,23,23,22,22,23,23,22,22,23,23,24,24,23,23,23,23,23,25,26,25,25,6,0,0,0,0
-65,43,1,0,0,0,6,22,22,23,23,23,22,21,21,21,21,22,22,22,21,21,21,21,20,21,21,21,22,22,22,24,24,12,24,24,24,23,23,24,23,23,21,21,23,23,23,24,25,26,26,26,26,26,26,27,27,28,28,29,8,0,0,0,0
-78,114,14,34,35,33,30,27,23,18,13,11,11,13,16,20,24,26,27,28,27,26,24,19,16,15,16,16,3,0,0,0,0,0,0,0,0,0,5,26,28,28,26,24,22,20,20,21,22,23,25,25,27,27,26,23,20,17,16,16,15,15,19,24,26
-72,114,14,34,33,30,26,23,19,13,10,10,13,15,18,19,19,18,18,17,16,14,14,15,15,16,16,15,3,0,0,0,0,0,0,0,0,0,5,19,14,8,4,3,10,17,24,29,33,36,37,38,36,33,30,25,18,12,9,11,15,20,25,29,32
-85,114,14,27,27,26,23,23,21,18,18,18,19,23,25,27,28,27,26,26,22,18,14,10,7,9,9,9,2,0,0,0,0,0,0,0,0,0,3,9,7,4,5,10,13,16,21,23,23,22,21,19,18,17,17,14,9,5,1,5,9,14,20,23,25
-71,114,14,35,34,32,29,25,21,16,12,9,9,12,15,16,17,18,18,16,16,16,16,16,16,15,14,13,3,0,0,0,0,0,0,0,0,0,5,22,18,11,6,5,11,17,24,29,32,34,37,38,36,33,29,24,18,11,8,11,15,20,24,29,30
-65,118,8,0,0,0,6,24,25,25,26,23,23,23,22,22,22,23,23,23,22,21,22,23,22,21,22,23,23,23,25,26,27,13,27,28,27,26,25,26,27,26,26,26,27,26,26,28,29,29,29,28,29,29,29,29,30,30,31,31,8,0,0,0,0
-68,43,1,0,0,0,5,24,24,24,24,22,20,20,19,18,19,18,19,17,17,17,17,17,18,18,18,19,19,19,20,22,23,12,25,24,24,24,24,24,24,23,22,22,23,23,23,24,25,26,27,27,27,27,28,28,29,30,30,30,7,0,0,0,0
-52,114,14,36,38,37,35,32,28,24,20,16,16,19,23,27,30,33,36,36,35,32,27,22,16,10,5,4,1,0,0,0,0,0,0,0,0,0,5,17,18,19,18,17,16,15,14,14,15,16,20,23,24,26,27,27,25,22,20,18,16,15,17,21,25
-79,114,14,32,32,29,25,23,20,16,12,7,6,9,14,19,22,25,28,29,30,29,28,26,23,20,17,17,4,0,0,0,0,0,0,0,0,0,5,24,24,25,24,23,21,19,19,19,20,21,22,23,24,24,22,19,16,13,12,12,12,14,17,19,22
-71,114,14,9,9,12,17,22,25,27,27,27,27,25,23,20,16,14,12,11,11,13,14,16,17,19,20,20,5,0,0,0,0,0,0,0,0,0,6,25,26,26,26,25,24,23,21,19,16,15,15,16,17,20,22,24,26,29,32,34,34,33,32,30,27
-85,114,14,28,26,24,22,19,17,17,19,22,25,27,28,26,25,25,23,20,18,15,11,11,13,14,15,15,4,0,0,0,0,0,0,0,0,0,3,13,14,13,11,13,15,17,17,16,18,20,18,16,15,14,10,6,3,3,7,12,16,17,19,21,23
-65,118,8,0,0,0,7,25,24,25,24,23,22,21,21,20,21,21,21,21,20,20,21,21,21,20,21,21,22,22,23,24,24,13,26,25,25,24,24,24,24,24,23,23,23,23,23,24,24,25,25,24,24,24,24,25,25,26,25,25,7,0,0,0,0
-64,163,8,0,0,0,4,17,17,18,16,16,16,15,14,14,15,15,16,17,17,17,19,19,20,20,21,22,23,23,25,27,27,14,29,30,31,30,30,31,31,31,31,32,32,31,32,33,33,35,35,35,35,35,35,36,36,37,36,36,9,0,0,0,0
-67,43,1,0,0,0,5,21,21,22,22,20,19,19,18,18,18,19,19,18,17,17,18,18,17,17,18,18,18,18,20,22,22,11,22,23,24,23,22,23,23,23,21,21,23,23,23,24,25,26,27,27,27,27,28,29,30,31,31,32,8,0,0,0,0
-79,114,14,28,28,28,29,27,25,22,17,12,10,9,11,15,19,21,24,26,26,25,23,20,17,14,11,11,2,0,0,0,0,0,0,0,0,0,5,23,26,27,26,22,20,18,17,17,18,21,24,27,26,26,28,26,22,19,15,11,9,8,11,15,19
-54,114,14,21,21,19,17,15,12,10,9,10,12,14,17,19,21,21,22,22,20,19,16,12,10,6,3,3,1,0,0,0,0,0,0,0,0,0,1,6,7,8,8,9,10,11,12,12,12,13,13,13,13,12,12,11,10,10,10,11,12,13,15,18,19
-80,114,14,31,32,31,29,28,25,22,18,14,10,11,14,18,22,27,29,30,30,28,26,24,19,17,13,11,3,0,0,0,0,0,0,0,0,0,6,26,27,29,29,26,22,19,18,18,19,21,25,28,29,30,30,27,23,19,15,13,10,10,13,18,21
-72,114,14,30,27,26,24,24,25,26,28,31,34,35,36,34,31,28,25,19,15,16,17,18,20,22,24,25,6,0,0,0,0,0,0,0,0,0,1,4,4,3,5,9,12,15,18,19,21,23,23,24,23,21,19,16,13,14,19,23,27,31,35,37,38
-88,114,14,25,27,25,24,20,17,18,18,16,16,18,18,20,21,20,19,20,17,15,14,12,6,2,5,8,2,0,0,0,0,0,0,0,0,0,4,14,13,12,14,14,9,7,12,16,15,13,13,13,13,12,10,8,7,7,7,8,10,12,13,16,19
-66,118,8,0,0,0,4,17,17,17,17,16,15,15,14,14,15,15,15,15,14,14,16,16,16,16,16,16,17,17,19,21,22,10,23,24,24,25,24,24,25,25,25,25,27,26,27,29,29,32,32,32,32,32,33,34,35,37,36,36,8,0,0,0,0
-67,163,8,0,0,0,3,16,16,16,16,16,15,15,15,15,17,17,17,16,15,15,16,16,15,15,16,16,17,17,18,19,20,9,21,23,23,22,21,21,21,21,20,21,21,21,23,23,24,26,26,26,26,26,27,28,28,29,30,30,7,0,0,0,0
-66,163,8,0,0,0,6,25,25,26,26,24,23,22,22,21,22,22,22,21,20,18,18,19,17,16,17,17,18,17,18,20,20,10,22,22,22,21,21,22,22,22,21,21,22,23,24,25,26,26,26,26,26,26,26,27,29,29,29,29,7,0,0,0,0
-66,163,8,0,0,0,7,24,23,24,24,23,23,22,20,20,20,21,21,21,20,19,18,17,16,16,16,18,18,17,17,19,18,10,21,21,23,23,22,20,20,23,21,17,16,20,22,24,24,24,26,26,26,24,24,26,28,29,27,28,7,0,0,0,0
-65,43,1,0,0,0,2,14,14,15,15,13,13,13,12,12,12,12,12,11,11,11,11,10,10,10,11,11,12,12,12,13,13,7,14,14,14,14,14,15,14,14,14,15,15,14,15,16,16,17,17,16,16,16,16,16,16,16,17,17,4,0,0,0,0
-66,43,1,0,0,0,6,20,20,21,21,20,18,18,18,18,18,17,18,18,17,15,16,16,16,17,17,17,18,18,19,21,21,11,22,23,23,22,21,21,22,22,20,20,22,23,23,23,24,25,25,24,24,24,25,24,25,26,26,25,6,0,0,0,0
-65,43,1,0,0,0,4,19,19,19,18,17,17,16,15,15,15,15,16,15,15,14,15,14,14,14,15,15,15,15,16,18,18,9,19,19,20,19,19,19,19,19,19,20,20,19,19,20,21,21,22,21,21,21,21,22,22,23,22,22,5,0,0,0,0
-52,114,14,20,18,17,14,12,10,7,6,8,10,13,15,17,18,20,20,20,19,17,15,12,9,6,3,2,0,0,0,0,0,0,0,0,0,0,1,4,5,6,7,7,9,10,12,13,13,14,14,13,13,12,10,9,8,7,7,9,11,12,14,16,18
-78,114,14,34,31,28,25,22,19,15,11,9,12,16,20,25,27,28,30,31,31,29,25,22,19,17,20,22,5,0,0,0,0,0,0,0,0,0,4,21,22,21,18,14,12,11,12,17,21,23,26,27,27,26,26,23,18,15,13,11,12,14,20,24,26
-85,114,14,26,25,24,27,29,27,27,26,23,20,19,22,23,20,15,14,16,14,13,12,7,7,8,9,7,2,0,0,0,0,0,0,0,0,0,1,7,13,13,9,8,11,13,15,17,17,16,21,23,20,18,17,17,18,16,17,18,16,14,13,16,16
-69,114,14,23,24,26,29,31,32,31,30,28,26,23,20,17,14,12,10,9,8,8,9,10,12,12,14,14,3,0,0,0,0,0,0,0,0,0,3,11,7,4,1,3,7,11,14,17,19,20,22,22,22,23,23,22,21,21,23,24,25,25,24,24,25
-85,114,14,26,27,26,27,25,23,24,24,22,22,20,19,18,17,18,18,13,11,10,10,9,7,6,7,7,2,0,0,0,0,0,0,0,0,0,2,10,12,13,14,15,15,15,17,16,14,17,19,21,23,21,18,16,14,15,15,13,13,16,18,19,21
-62,118,8,0,0,0,6,26,26,27,27,26,25,25,24,24,24,25,25,24,23,23,23,22,21,21,21,21,20,20,21,22,22,11,22,22,22,21,21,21,21,20,19,18,19,19,19,19,19,20,20,19,19,18,18,18,18,19,19,18,4,0,0,0,0
-66,163,8,0,0,0,7,29,30,31,31,29,27,27,26,25,25,26,26,25,24,23,22,22,21,20,20,20,20,19,21,22,21,11,22,23,23,22,22,22,22,21,22,23,23,22,22,23,24,26,26,26,26,27,28,29,30,31,31,31,7,0,0,0,0
-65,43,1,0,0,0,5,24,24,24,24,23,23,22,21,21,21,21,21,21,20,19,19,18,18,18,17,17,17,17,18,19,20,10,20,21,21,20,20,21,21,20,21,21,21,21,21,22,22,24,24,23,23,22,24,24,25,25,25,24,5,0,0,0,0
-65,43,1,0,0,0,5,23,23,24,25,24,23,22,22,21,21,22,21,21,20,20,21,19,17,18,18,18,17,17,18,19,19,9,20,21,21,21,21,21,21,20,20,21,21,21,21,22,23,23,23,23,23,23,23,24,24,25,24,24,6,0,0,0,0
-53,114,14,28,28,26,24,22,19,16,13,12,14,17,20,23,26,28,29,30,29,27,23,20,16,11,7,4,1,0,0,0,0,0,0,0,0,0,2,9,10,12,13,14,15,16,17,17,17,17,17,17,16,16,15,15,14,13,13,14,16,17,18,21,23
-77,114,14,29,30,29,29,27,23,19,14,10,6,7,12,16,21,25,28,29,31,31,28,24,18,14,11,11,2,0,0,0,0,0,0,0,0,0,7,28,32,34,32,29,26,22,19,16,16,19,23,26,27,29,30,29,28,25,21,15,10,9,11,18,22
-73,114,14,14,12,15,20,23,27,31,34,36,37,38,36,34,28,24,19,14,10,11,14,18,22,25,28,29,8,0,0,0,0,0,0,0,0,0,1,5,2,1,3,5,9,13,15,16,18,18,18,17,14,10,8,8,8,12,17,20,25,30,31,32,32
-84,114,14,22,19,15,15,16,17,16,17,21,23,24,26,26,24,24,23,18,14,12,9,7,8,10,10,11,3,0,0,0,0,0,0,0,0,0,4,13,13,17,22,22,24,25,24,22,21,20,21,19,16,12,8,7,8,8,10,11,13,16,19,21,22
-63,118,8,0,0,0,6,25,25,25,25,24,24,23,22,22,22,23,23,23,22,21,22,22,21,21,21,22,22,22,23,24,25,12,26,27,27,26,26,27,27,27,26,26,27,27,28,29,30,30,31,31,31,31,31,31,31,32,32,32,8,0,0,0,0
-65,163,8,0,0,0,5,23,24,25,24,22,22,21,21,20,20,20,20,19,18,18,19,17,17,17,17,17,18,18,19,20,20,10,21,22,22,22,21,21,23,22,21,22,23,23,22,23,24,26,26,26,26,26,27,28,28,29,29,29,6,0,0,0,0
-67,43,1,0,0,0,4,21,21,22,23,21,21,20,20,20,20,20,21,19,19,19,20,20,18,18,18,18,18,18,19,20,20,10,21,22,23,20,20,21,20,19,19,19,19,20,21,22,23,25,25,25,25,25,26,26,27,28,28,29,6,0,0,0,0
-54,114,14,24,24,24,24,24,24,23,23,23,24,25,27,29,30,32,33,33,32,31,28,25,20,16,14,12,3,0,0,0,0,0,0,0,0,0,2,10,12,15,17,18,19,20,20,18,16,14,12,10,8,10,12,14,16,18,19,21,22,22,22,22,22
-80,114,14,33,33,31,30,28,26,21,15,11,5,1,6,13,19,25,29,32,34,33,31,29,25,21,16,13,2,0,0,0,0,0,0,0,0,0,7,25,26,26,25,23,22,21,21,21,20,22,25,25,24,23,23,21,18,15,11,10,11,13,18,25,29
-70,114,14,35,27,19,14,10,11,15,19,24,27,29,29,26,21,18,14,9,5,5,8,10,13,15,16,17,4,0,0,0,0,0,0,0,0,0,3,10,6,2,7,13,19,26,32,36,38,40,40,39,35,28,22,13,6,8,16,25,33,38,43,47,48
-86,114,14,25,29,27,26,25,22,19,15,13,14,16,16,17,17,17,17,13,11,12,12,12,12,11,7,7,2,0,0,0,0,0,0,0,0,0,4,14,13,13,13,11,9,10,14,19,21,19,19,18,18,18,16,16,15,10,5,3,1,3,9,15,19
-70,114,14,34,28,22,17,13,14,17,20,23,26,26,26,25,22,19,16,12,8,7,9,11,13,14,15,15,3,0,0,0,0,0,0,0,0,0,3,9,4,3,9,15,22,28,34,38,39,42,42,39,33,28,21,14,7,9,18,27,34,39,43,46,47
-64,118,8,0,0,0,5,20,20,20,20,19,18,18,18,18,18,18,19,19,18,18,18,17,16,16,16,17,17,16,17,18,19,10,19,20,21,21,21,21,20,20,20,21,22,22,22,24,25,25,26,25,26,26,26,27,27,28,28,28,7,0,0,0,0
-64,43,1,0,0,0,5,22,22,23,23,22,21,20,20,19,19,19,20,19,18,17,18,18,17,17,17,17,18,17,19,21,22,12,25,25,25,23,22,22,23,23,21,22,23,23,23,24,25,25,25,25,25,25,25,25,26,27,26,26,6,0,0,0,0
-55,114,14,31,31,30,29,27,26,23,21,21,22,24,27,30,32,35,37,37,35,33,28,24,18,12,6,4,1,0,0,0,0,0,0,0,0,0,1,8,10,14,16,18,20,22,23,22,21,20,19,18,17,18,18,19,21,22,23,25,25,25,25,27,29
-80,114,14,35,34,31,29,25,20,17,11,6,1,5,10,16,20,24,28,29,30,32,30,24,20,18,14,16,4,0,0,0,0,0,0,0,0,0,8,32,30,27,24,20,16,14,14,16,21,26,27,30,31,29,28,26,22,16,12,11,14,18,23,30,36
-55,114,14,34,34,32,30,27,25,21,21,22,24,27,30,33,36,37,38,37,35,32,26,21,16,10,5,5,2,0,0,0,0,0,0,0,0,0,2,10,11,13,16,18,19,21,22,23,22,22,21,21,21,21,20,21,21,22,23,24,26,26,26,30,32
-73,114,14,19,12,9,11,16,20,24,28,30,32,31,30,28,26,23,19,13,9,6,5,7,10,12,14,14,3,0,0,0,0,0,0,0,0,0,5,21,22,24,26,26,27,30,30,29,26,24,22,20,18,17,16,19,22,26,30,35,38,40,41,41,39
-87,114,14,20,22,25,28,26,22,23,25,25,24,23,21,19,16,14,13,9,5,5,10,13,17,18,16,15,3,0,0,0,0,0,0,0,0,0,5,22,19,15,12,11,10,11,12,15,18,18,19,23,24,21,20,20,18,13,8,6,5,3,6,12,17
-66,118,8,0,0,0,6,27,28,28,28,27,26,26,25,24,24,25,25,24,23,21,22,21,20,20,19,19,18,17,18,19,19,9,20,20,19,18,18,19,18,18,18,18,18,17,17,18,18,18,18,17,16,17,17,17,17,17,18,18,4,0,0,0,0
-67,163,8,0,0,0,10,37,37,38,38,35,34,32,31,31,31,30,29,29,27,26,26,24,23,21,21,21,22,21,22,23,22,11,23,23,23,22,22,22,22,21,21,21,22,22,22,23,23,24,25,23,23,24,24,25,26,27,27,27,7,0,0,0,0
-66,163,8,0,0,0,8,33,33,34,34,31,29,29,28,28,27,27,27,25,24,22,22,21,20,19,20,19,19,18,18,19,19,10,19,20,19,19,19,19,19,19,19,20,19,19,19,19,19,20,21,20,20,21,21,21,23,23,23,22,5,0,0,0,0
-67,43,1,0,0,0,7,29,29,30,30,27,25,25,24,23,23,24,23,22,21,20,20,19,18,17,17,17,17,17,17,19,19,9,19,20,20,19,19,19,19,18,18,19,19,18,18,19,19,20,20,20,20,19,19,21,21,22,23,22,5,0,0,0,0
-53,114,14,31,31,29,27,24,21,18,16,15,17,21,24,28,29,32,34,33,32,30,26,22,17,12,7,5,1,0,0,0,0,0,0,0,0,0,3,12,12,13,14,15,17,18,19,20,21,22,22,22,21,20,19,18,17,17,17,18,18,20,22,25,28
-78,114,14,38,37,34,30,25,19,14,10,6,6,12,15,19,24,28,32,33,31,31,29,26,21,17,11,8,2,0,0,0,0,0,0,0,0,0,7,26,26,27,25,22,17,13,12,13,17,21,25,27,27,28,28,25,22,17,11,9,13,17,23,29,32
-72,114,14,24,16,10,4,9,16,20,26,29,31,33,31,30,26,22,16,11,6,2,7,11,14,17,19,21,6,0,0,0,0,0,0,0,0,0,1,1,4,8,11,15,18,22,25,27,27,27,26,23,18,13,9,4,6,13,21,28,33,37,40,43,44
-88,114,14,28,25,21,22,22,18,16,15,13,14,15,15,15,13,14,15,13,9,7,7,5,7,7,8,9,2,0,0,0,0,0,0,0,0,0,2,8,6,8,8,8,10,11,15,19,19,18,22,24,22,18,13,9,7,4,2,3,7,8,11,14,19
-64,118,8,0,0,0,6,28,28,29,29,28,27,27,26,26,27,27,27,26,25,24,25,24,22,22,21,21,20,20,21,22,22,11,22,22,22,21,20,20,20,19,18,19,19,18,18,18,18,19,19,19,18,19,19,19,19,21,20,20,5,0,0,0,0
-64,163,8,0,0,0,7,29,30,30,31,29,28,28,27,27,28,29,29,28,27,26,27,26,26,26,25,24,24,23,25,26,26,12,25,25,25,24,24,24,23,23,21,22,21,20,19,19,20,20,20,18,18,17,17,17,16,17,16,15,4,0,0,0,0
-64,163,8,0,0,0,6,27,28,30,30,28,28,27,27,27,27,28,29,28,27,26,27,26,24,24,24,24,24,23,24,25,26,12,25,25,25,24,23,23,23,22,21,21,21,19,19,19,19,19,18,18,18,17,16,16,16,16,16,15,4,0,0,0,0
-68,163,8,0,0,0,6,27,27,28,28,26,25,24,23,23,23,23,23,22,21,20,21,20,18,18,18,18,18,18,20,21,21,10,22,22,23,22,22,22,23,22,23,23,23,23,24,25,25,26,26,26,26,27,27,28,29,30,30,31,7,0,0,0,0
-68,43,1,0,0,0,7,28,28,28,28,27,26,25,25,25,24,25,26,26,25,24,24,22,22,22,21,22,22,21,22,24,24,12,24,23,22,22,21,22,21,20,21,21,21,20,20,20,21,21,21,20,20,20,21,22,22,23,23,23,6,0,0,0,0
-53,114,14,19,18,17,16,15,14,13,12,12,13,14,16,17,18,19,20,19,18,17,15,12,10,7,5,4,1,0,0,0,0,0,0,0,0,0,2,8,8,9,9,8,9,10,11,11,11,12,13,13,13,13,14,13,13,13,13,13,14,14,14,16,17
-79,114,14,34,34,30,28,25,22,20,18,15,15,16,18,21,24,26,29,33,35,36,34,31,27,23,17,10,2,0,0,0,0,0,0,0,0,0,4,21,22,21,18,16,13,11,12,14,18,24,27,27,28,26,23,20,15,10,4,4,12,18,22,27,31
-85,114,14,28,31,30,31,30,28,27,27,26,23,18,17,18,17,13,14,16,13,10,13,17,17,17,14,12,3,0,0,0,0,0,0,0,0,0,3,13,12,12,12,10,13,14,15,18,23,27,29,26,28,26,19,17,17,14,13,13,16,15,18,21,20
-73,114,14,23,27,31,35,38,39,39,38,35,33,28,24,20,15,10,5,5,8,13,17,21,23,25,26,25,7,0,0,0,0,0,0,0,0,0,3,14,13,12,11,12,13,16,19,22,22,23,23,21,20,18,16,16,17,19,23,25,27,27,27,27,25
-85,114,14,32,36,33,28,26,27,26,24,22,22,22,18,15,17,19,17,12,10,10,12,13,12,11,11,11,3,0,0,0,0,0,0,0,0,0,5,19,17,13,12,12,15,21,24,22,21,24,24,23,25,22,18,16,14,13,13,13,14,18,21,20,19
-66,118,8,0,0,0,5,23,23,25,24,23,22,22,22,21,21,22,22,21,20,19,20,19,18,18,18,18,18,18,18,20,19,9,19,20,20,19,19,19,19,18,17,18,18,18,18,19,19,20,20,19,19,19,19,20,20,20,21,21,5,0,0,0,0
-68,163,8,0,0,0,5,23,23,23,23,22,20,18,18,17,17,17,17,15,14,13,13,11,10,10,10,10,10,10,10,11,11,5,11,12,12,12,12,12,12,12,13,14,13,12,13,14,15,16,12,12,13,13,18,24,26,22,18,20,6,0,0,0,0
-66,43,1,0,0,0,7,27,28,28,28,26,25,24,22,22,21,22,21,20,18,17,17,16,16,15,15,15,15,15,16,17,17,8,18,19,19,19,20,20,20,21,21,22,22,21,21,22,24,25,25,25,26,26,27,28,29,30,30,30,8,0,0,0,0
-66,43,1,0,0,0,7,29,29,30,29,27,27,26,25,24,23,23,22,21,20,19,18,18,16,16,16,16,16,16,17,18,18,10,20,20,21,21,21,22,22,22,21,21,22,22,24,25,26,27,28,28,28,29,30,30,31,32,32,33,8,0,0,0,0
-54,114,14,19,18,17,16,14,13,11,9,9,10,12,14,15,17,18,19,18,18,17,14,11,9,6,3,2,0,0,0,0,0,0,0,0,0,0,2,6,7,8,9,9,10,11,12,12,12,12,12,12,12,10,10,10,10,10,11,11,12,13,14,15,16
-79,114,14,32,31,26,24,21,20,17,12,8,8,9,12,18,24,28,30,31,33,32,29,26,21,15,8,5,1,0,0,0,0,0,0,0,0,0,6,24,24,22,18,16,13,10,7,8,10,12,15,17,18,18,17,13,9,7,5,4,10,16,19,23,27
-71,114,14,16,11,10,15,21,28,33,38,41,44,45,43,39,34,29,23,16,12,13,16,20,23,26,29,28,7,0,0,0,0,0,0,0,0,0,1,4,4,6,8,11,13,14,15,16,15,15,12,9,7,3,2,7,13,18,23,27,30,31,32,32,31
-86,114,14,21,20,21,22,23,23,23,21,17,13,14,15,15,14,13,14,15,15,15,14,12,10,8,7,7,2,0,0,0,0,0,0,0,0,0,5,21,19,20,18,17,17,15,15,15,16,16,17,17,15,15,15,17,16,12,9,9,9,6,4,5,9
-65,118,8,0,0,0,7,29,30,31,30,28,27,26,25,25,26,26,26,25,24,22,23,22,21,20,20,20,20,19,20,21,21,10,21,21,21,21,20,21,21,20,21,22,22,21,21,22,22,23,23,23,23,23,24,24,25,26,26,25,6,0,0,0,0
-65,163,8,0,0,0,7,29,29,30,30,29,28,27,27,27,27,28,28,27,26,26,26,26,24,24,24,24,24,24,25,26,26,12,26,26,26,26,25,25,24,24,24,25,24,23,24,25,26,26,26,25,25,26,27,27,27,28,28,28,7,0,0,0,0
-65,163,8,0,0,0,7,26,27,28,27,27,26,26,25,25,25,26,26,26,25,24,25,24,23,23,23,22,23,22,22,25,26,13,24,24,24,24,23,24,24,22,22,22,22,22,22,23,24,24,24,24,24,24,24,25,25,26,25,26,6,0,0,0,0
-65,43,1,0,0,0,6,28,30,32,32,30,28,28,27,27,27,28,29,28,26,25,26,25,23,23,23,23,22,21,22,24,24,11,23,24,24,23,22,22,22,21,20,19,21,20,21,22,22,23,23,24,25,24,25,25,25,27,27,28,6,0,0,0,0
-52,114,14,20,19,17,16,16,15,14,15,16,18,19,20,22,21,22,22,21,20,18,16,13,11,8,8,8,3,0,0,0,0,0,0,0,0,0,3,9,11,13,14,14,14,15,14,13,13,11,9,9,9,9,11,12,13,15,16,18,18,19,19,19,19
-78,114,14,32,34,33,31,28,25,20,16,12,10,9,11,15,21,25,28,31,33,34,32,30,27,25,20,16,4,0,0,0,0,0,0,0,0,0,5,23,25,25,25,23,19,14,11,12,15,19,23,27,29,30,29,26,22,19,14,9,5,9,14,21,25
-85,114,14,22,21,21,23,23,25,25,21,17,15,15,12,9,10,11,10,10,11,13,11,9,8,7,7,7,1,0,0,0,0,0,0,0,0,0,3,13,15,14,18,21,19,20,20,21,21,21,22,21,18,16,13,9,8,7,2,1,2,6,12,19,23
-68,114,14,23,20,17,16,17,18,19,21,21,23,21,21,19,16,14,12,12,12,13,15,16,16,16,16,16,3,0,0,0,0,0,0,0,0,0,4,12,8,5,6,10,16,22,26,30,32,33,32,29,27,23,18,14,10,11,15,20,24,27,30,30,30
-85,114,14,20,21,24,26,25,24,22,22,21,21,19,15,12,12,11,9,9,8,7,9,8,10,11,8,6,2,0,0,0,0,0,0,0,0,0,2,9,11,12,15,18,20,22,21,18,19,19,17,17,16,14,12,7,7,9,8,3,4,8,12,16,19
-65,118,8,0,0,0,5,23,22,23,24,23,22,21,21,21,21,23,24,23,22,22,22,22,21,20,21,21,21,21,22,23,23,12,24,24,25,24,23,24,24,23,24,25,24,23,23,24,25,26,26,26,26,26,27,27,27,28,28,28,7,0,0,0,0
-65,163,8,0,0,0,6,24,24,25,26,24,24,24,23,23,23,24,24,23,22,22,23,22,21,21,22,22,21,21,22,23,23,12,24,24,24,23,22,22,22,22,22,23,23,21,21,22,22,23,23,22,22,22,23,23,23,23,23,23,6,0,0,0,0
-66,43,1,0,0,0,5,19,19,19,19,19,18,17,17,17,16,16,17,16,16,15,16,16,16,16,17,18,18,18,21,22,22,12,24,25,26,25,25,26,26,26,25,28,28,27,28,30,30,31,31,31,31,31,32,33,33,34,34,34,9,0,0,0,0
-53,114,14,21,20,17,15,11,7,3,2,5,9,13,16,19,21,21,21,21,19,17,14,11,8,5,3,4,2,0,0,0,0,0,0,0,0,0,0,2,3,5,7,9,11,14,16,17,17,18,17,16,14,12,10,8,6,5,7,10,13,15,17,20,21
-77,114,14,34,33,30,27,25,21,18,13,8,5,9,15,22,27,29,33,35,35,35,33,28,23,17,11,6,1,0,0,0,0,0,0,0,0,0,6,24,24,22,21,18,14,12,10,12,15,18,20,21,22,22,20,16,13,9,6,4,8,13,19,24,26
-53,114,14,32,29,26,21,17,11,5,5,9,15,20,24,27,29,31,31,31,29,26,21,17,12,9,5,6,2,0,0,0,0,0,0,0,0,0,2,5,5,6,9,12,15,19,22,23,23,24,24,22,19,17,14,10,7,7,10,14,18,22,26,29,32
-72,114,14,14,12,10,12,15,18,21,23,26,28,28,27,26,23,19,15,11,7,4,7,10,12,14,16,17,5,0,0,0,0,0,0,0,0,0,2,7,10,14,18,23,27,30,31,30,28,25,21,16,10,8,8,13,18,22,27,32,33,33,32,32,31
-83,114,14,26,31,32,34,34,34,32,28,29,30,27,23,23,19,16,13,11,12,14,14,13,13,13,15,14,3,0,0,0,0,0,0,0,0,0,5,20,20,18,17,16,16,17,19,22,24,24,24,23,24,24,23,23,23,21,18,16,17,18,18,19,21
-66,118,8,0,0,0,7,28,28,29,28,26,24,24,22,22,23,23,22,21,19,19,19,18,17,17,17,18,19,18,19,20,20,10,21,22,22,22,21,21,23,22,22,24,23,22,22,23,24,25,26,25,25,26,26,26,28,29,29,29,7,0,0,0,0
-66,163,8,0,0,0,6,27,27,28,27,25,24,23,23,22,21,21,21,20,19,18,18,17,16,16,16,17,17,17,18,18,20,9,19,20,20,20,19,20,20,19,19,18,20,20,21,21,21,22,22,22,22,22,23,23,24,25,25,25,6,0,0,0,0
-67,43,1,0,0,0,7,32,32,32,33,31,29,28,28,27,26,26,26,26,25,23,23,22,21,20,20,20,20,19,20,21,22,10,22,22,22,22,22,22,22,21,19,19,21,22,22,24,24,24,24,24,24,24,24,24,25,25,25,26,6,0,0,0,0
-53,114,14,36,34,30,26,22,19,18,19,21,25,28,31,33,35,34,34,33,30,27,21,16,11,6,4,6,1,0,0,0,0,0,0,0,0,0,2,10,12,17,21,24,27,31,34,35,34,34,32,29,26,23,20,17,16,17,20,24,27,30,32,35,38
-78,114,14,33,34,31,30,27,22,17,14,8,2,3,8,13,18,22,26,29,31,32,31,30,29,26,21,19,5,0,0,0,0,0,0,0,0,0,6,25,25,24,21,17,13,11,10,13,16,20,25,26,26,26,26,23,19,14,9,5,6,10,14,21,25
-72,114,14,21,15,12,11,16,21,26,30,34,36,37,35,32,27,21,15,8,4,7,13,19,22,24,24,24,6,0,0,0,0,0,0,0,0,0,2,9,8,7,8,9,11,13,15,17,19,20,20,20,18,15,12,10,9,13,17,22,26,29,32,35,35
-84,114,14,36,36,34,28,24,18,14,14,16,19,23,25,27,28,26,25,24,20,17,14,10,4,3,6,8,2,0,0,0,0,0,0,0,0,0,4,15,14,14,16,19,19,20,26,31,32,31,33,34,30,23,19,14,7,3,8,14,19,21,24,28,29
-72,114,14,22,15,12,14,19,24,30,35,38,40,39,39,36,30,25,17,9,4,7,14,19,23,25,26,27,7,0,0,0,0,0,0,0,0,0,2,6,6,6,7,9,13,16,20,22,23,23,23,21,18,15,12,10,11,14,21,27,32,36,37,39,39
-66,118,8,0,0,0,5,21,22,23,22,21,19,18,17,17,18,18,18,18,17,17,18,17,16,17,18,19,19,19,21,23,23,12,24,24,26,25,25,26,26,25,24,24,25,26,26,27,28,29,29,29,29,29,29,30,31,32,31,32,7,0,0,0,0
-67,43,1,0,0,0,6,24,24,26,26,24,23,24,23,23,22,23,24,24,23,22,22,22,20,20,20,20,20,19,21,23,24,12,24,25,25,23,23,24,24,23,24,24,24,23,24,24,24,25,25,26,26,26,26,27,27,29,29,29,8,0,0,0,0
-67,43,1,0,0,0,5,23,23,24,24,22,22,22,21,21,21,22,23,22,21,20,20,19,19,19,19,19,20,19,20,21,21,10,22,24,24,22,21,21,22,21,22,22,22,22,22,22,23,24,23,23,24,25,25,26,26,27,27,28,6,0,0,0,0
-54,114,14,19,19,16,16,14,14,12,11,12,12,14,16,17,17,18,18,18,18,16,15,12,10,7,5,5,2,0,0,0,0,0,0,0,0,0,2,8,8,8,9,10,10,12,12,14,14,15,15,15,14,14,13,13,12,11,12,12,13,13,15,16,16
-77,114,14,33,33,33,30,27,22,17,12,10,9,10,14,18,22,26,30,32,33,32,30,27,23,18,13,9,2,0,0,0,0,0,0,0,0,0,6,25,26,26,22,20,17,13,10,8,10,16,20,24,25,28,28,25,23,20,14,9,6,8,14,20,25
-54,114,14,30,29,27,24,22,20,18,19,19,21,24,25,27,29,29,29,29,27,25,22,17,14,10,7,7,2,0,0,0,0,0,0,0,0,0,3,11,11,13,14,16,17,20,22,23,24,24,25,24,23,22,21,20,19,18,18,19,21,23,24,26,28
-71,114,14,30,32,33,35,36,35,33,30,27,24,20,17,14,11,8,6,7,11,13,17,18,20,21,21,22,6,0,0,0,0,0,0,0,0,0,4,13,10,5,3,6,12,17,22,26,28,30,33,33,31,31,29,26,23,21,20,19,19,18,18,20,22
-85,114,14,30,33,36,34,32,30,28,24,21,21,21,20,19,20,21,21,22,19,16,14,11,10,10,8,6,2,0,0,0,0,0,0,0,0,0,5,20,18,18,18,17,15,12,14,17,21,25,27,26,25,28,28,24,20,16,13,9,7,8,13,18,20
-67,118,8,0,0,0,3,14,14,14,14,14,13,13,13,13,13,13,13,13,12,12,13,13,13,13,13,13,13,13,14,15,15,8,15,15,16,15,15,15,15,14,15,15,16,15,15,15,13,12,11,15,25,27,21,26,31,31,33,27,4,0,0,0,0
-69,163,8,0,0,0,5,22,22,23,23,21,19,19,19,19,19,20,20,20,19,19,19,18,17,18,19,19,19,18,19,21,22,11,22,21,21,21,21,21,21,21,22,23,22,22,23,24,24,25,25,26,27,26,27,27,28,29,29,30,7,0,0,0,0
-68,163,8,0,0,0,5,22,22,22,22,20,19,18,18,18,18,18,18,17,16,16,17,18,18,18,18,19,19,19,21,22,23,11,23,24,24,24,23,24,25,24,23,26,27,25,25,26,27,28,29,28,29,29,30,31,32,34,33,33,8,0,0,0,0
-66,43,1,0,0,0,2,12,12,12,12,11,10,10,9,9,9,9,9,8,9,9,9,10,9,10,10,10,10,10,11,12,13,6,14,14,14,14,14,14,14,14,14,15,15,13,13,14,16,19,18,14,16,18,17,23,19,9,11,28,8,0,0,0,0
-54,114,14,17,17,17,17,16,15,14,14,13,14,14,16,17,18,19,19,19,18,17,16,13,11,8,7,7,2,0,0,0,0,0,0,0,0,0,2,7,7,9,9,10,10,10,10,10,9,10,10,10,10,11,12,13,13,13,13,13,13,13,13,13,14
-79,114,14,34,36,35,34,32,27,23,19,15,12,10,12,16,20,24,29,32,33,33,33,31,28,22,18,14,3,0,0,0,0,0,0,0,0,0,7,24,24,23,21,19,13,9,5,5,10,13,18,22,23,25,24,23,19,15,11,5,1,8,15,22,26
-72,114,14,24,18,14,11,9,12,18,24,28,33,37,40,41,41,39,35,31,25,19,13,10,11,15,19,22,6,0,0,0,0,0,0,0,0,0,3,14,14,14,15,16,17,19,21,21,20,18,16,13,9,7,2,2,6,11,16,21,26,29,32,34,35
-84,114,14,27,28,27,27,26,24,21,23,27,30,27,25,25,25,24,21,18,14,16,17,15,14,12,13,15,4,0,0,0,0,0,0,0,0,0,5,19,21,27,29,27,27,26,24,25,26,24,21,21,22,21,21,20,18,14,12,12,15,17,19,23,24
-66,118,8,0,0,0,7,32,32,33,33,31,29,29,27,27,26,26,26,25,23,22,22,21,19,19,19,19,19,18,20,22,22,11,23,23,23,22,22,22,22,21,21,22,22,21,20,21,21,23,22,21,21,21,22,22,22,22,22,23,5,0,0,0,0
-66,163,8,0,0,0,8,31,31,32,32,30,29,28,27,26,26,26,26,25,23,22,23,21,19,19,19,20,20,19,21,22,22,11,22,23,22,22,20,21,21,19,18,19,18,19,18,19,19,19,19,19,19,19,18,18,19,19,19,18,5,0,0,0,0
-66,163,8,0,0,0,8,34,34,35,34,32,31,30,29,28,28,28,28,27,25,23,24,24,21,21,21,21,22,22,23,24,24,11,25,24,24,23,23,22,22,21,20,20,20,21,20,20,21,21,21,20,20,19,19,20,20,20,20,19,5,0,0,0,0
-67,43,1,0,0,0,8,31,32,33,32,29,28,28,27,25,25,25,25,23,21,20,20,20,19,19,19,20,20,20,22,23,23,12,23,24,23,23,22,23,23,22,21,20,21,21,21,22,23,23,22,21,21,21,22,22,22,22,23,22,6,0,0,0,0
-67,43,1,0,0,0,7,31,31,32,31,30,27,26,25,24,23,23,24,22,21,21,20,20,19,18,19,20,20,20,20,22,21,10,21,21,21,22,23,25,24,21,25,33,29,22,22,22,22,23,22,21,21,22,23,23,24,23,23,23,6,0,0,0,0
-67,43,1,0,0,0,7,30,29,30,31,29,28,27,25,24,24,25,24,23,21,20,20,20,18,18,18,18,18,18,19,21,21,11,22,22,22,22,22,22,22,20,19,19,20,20,19,21,21,21,21,21,21,21,21,21,22,23,22,22,5,0,0,0,0
-52,114,14,43,42,38,34,29,24,19,16,17,21,25,30,34,36,38,40,38,37,33,27,21,14,8,2,3,1,0,0,0,0,0,0,0,0,0,3,10,10,12,13,16,19,23,26,29,30,32,32,32,31,30,27,25,22,19,18,20,22,25,28,33,38
-79,114,14,35,35,31,27,25,22,18,12,7,3,6,12,19,24,29,33,36,36,34,30,25,19,15,11,8,2,0,0,0,0,0,0,0,0,0,6,27,27,26,24,20,18,13,13,13,15,19,24,27,28,27,26,23,19,14,10,8,8,10,13,19,25
-53,114,14,33,32,29,26,22,18,14,11,12,15,19,23,26,28,30,31,29,28,25,21,16,11,5,1,3,1,0,0,0,0,0,0,0,0,0,2,9,9,10,11,13,15,18,21,23,24,25,27,26,25,24,22,19,16,15,13,15,17,19,22,26,29
-79,114,14,36,36,33,29,26,22,17,11,6,5,8,13,20,26,31,34,34,34,34,32,28,22,15,10,8,2,0,0,0,0,0,0,0,0,0,7,28,28,26,25,23,20,15,13,13,16,20,24,28,28,28,28,25,20,15,10,6,6,10,15,21,24
-70,114,14,25,25,26,27,29,31,31,32,32,31,29,25,20,14,9,5,5,10,13,17,19,21,21,21,20,5,0,0,0,0,0,0,0,0,0,4,18,16,15,16,17,20,24,28,30,32,34,35,34,31,30,29,25,24,24,27,30,32,33,35,36,36
-85,114,14,25,24,24,26,26,26,25,22,21,21,21,19,18,17,16,14,13,11,7,7,8,7,7,6,7,3,0,0,0,0,0,0,0,0,0,5,20,20,21,22,23,24,24,22,22,24,21,20,22,21,18,14,12,12,16,17,16,17,17,20,23,25
-67,118,8,0,0,0,6,29,29,31,32,30,28,27,26,27,27,28,28,26,25,24,25,24,23,23,23,22,22,22,23,24,25,12,25,25,24,23,21,21,21,19,20,20,19,17,17,17,17,17,16,16,16,16,16,17,17,17,17,17,4,0,0,0,0
-67,118,8,0,0,0,8,30,31,32,32,31,29,29,28,27,27,28,29,28,27,26,26,25,23,24,24,24,24,23,25,25,25,12,25,25,25,24,23,23,22,21,20,20,20,18,17,18,18,18,18,17,17,17,17,17,18,17,18,18,5,0,0,0,0
-69,163,8,0,0,0,6,26,27,28,28,26,26,26,25,24,24,25,26,25,24,23,23,23,22,22,22,22,22,22,24,25,25,12,24,23,23,22,21,21,21,20,20,20,20,17,17,17,17,19,19,19,19,20,20,21,22,23,23,23,6,0,0,0,0
-69,43,1,0,0,0,6,25,27,28,27,26,25,25,24,24,25,25,25,25,23,22,22,22,21,22,22,22,21,21,22,23,24,12,24,24,24,23,23,22,22,22,22,22,22,19,20,20,21,21,22,21,20,20,21,22,22,22,23,24,6,0,0,0,0
-52,114,14,33,33,32,30,28,24,20,16,13,13,15,19,22,25,28,30,31,30,29,25,22,17,13,8,4,1,0,0,0,0,0,0,0,0,0,2,10,11,12,13,14,14,15,16,17,18,19,20,21,22,22,22,21,20,19,17,16,15,16,18,22,25
-80,114,14,29,30,29,27,25,23,19,14,8,3,6,11,14,18,23,25,25,26,28,26,22,18,16,13,9,2,0,0,0,0,0,0,0,0,0,6,23,23,23,20,17,13,10,8,10,13,17,23,31,35,28,20,19,17,13,9,3,3,7,13,18,18
-72,114,14,19,13,9,10,14,20,24,28,32,35,37,38,38,34,31,27,22,15,10,4,2,7,10,13,15,3,0,0,0,0,0,0,0,0,0,1,2,3,7,11,15,18,21,23,24,24,23,21,17,11,8,3,5,12,18,25,30,32,34,37,38,37
-84,114,14,24,24,24,23,23,25,24,22,21,22,22,21,22,21,18,17,15,13,11,12,12,10,9,12,12,2,0,0,0,0,0,0,0,0,0,4,16,16,15,17,20,20,20,20,21,24,22,19,22,23,21,19,16,14,13,13,12,15,19,22,23,25
-72,114,14,19,11,8,9,13,18,24,29,33,35,37,37,36,34,31,27,21,15,8,3,5,10,13,15,16,4,0,0,0,0,0,0,0,0,0,1,4,6,9,13,16,20,23,26,25,25,24,22,18,12,7,3,5,10,16,24,30,34,34,37,37,35
-66,118,8,0,0,0,6,26,26,27,27,25,24,23,22,21,21,22,21,21,19,18,19,18,17,17,17,18,17,18,19,21,21,11,22,22,22,21,21,22,23,21,21,19,20,21,21,21,22,23,24,23,23,22,23,23,22,24,23,24,5,0,0,0,0
-68,163,8,0,0,0,9,34,34,34,34,32,31,30,28,27,28,28,27,26,24,23,23,23,21,21,20,20,21,21,22,23,24,12,23,24,24,23,22,23,22,21,21,22,21,19,19,21,21,21,21,21,21,22,21,22,23,24,24,25,6,0,0,0,0
-67,43,1,0,0,0,6,24,24,25,25,23,22,21,21,19,19,20,20,18,17,16,17,17,16,16,17,17,17,17,19,21,21,11,23,23,24,24,25,25,24,24,23,23,24,25,25,26,27,28,28,28,28,28,28,29,30,30,30,30,8,0,0,0,0
-53,114,14,22,21,20,18,16,13,11,9,8,10,12,14,17,18,20,20,20,19,17,15,12,8,5,3,2,1,0,0,0,0,0,0,0,0,0,2,6,6,8,9,10,12,12,15,15,15,16,16,16,16,15,14,13,12,12,12,12,12,14,16,17,18
-80,114,14,31,29,28,27,25,20,15,10,5,3,8,14,20,25,30,34,36,35,34,32,28,24,19,15,12,3,0,0,0,0,0,0,0,0,0,6,27,27,25,22,18,14,10,8,11,14,19,23,25,25,24,23,20,15,11,7,5,9,14,18,24,28
-86,114,14,26,23,21,17,16,15,10,8,9,11,13,14,17,17,17,16,15,13,10,6,3,3,5,6,8,3,0,0,0,0,0,0,0,0,0,2,10,11,11,11,13,12,14,19,24,28,28,25,21,16,10,10,9,4,3,5,9,11,10,12,19,24
-71,114,14,22,14,13,13,18,24,28,32,36,37,38,36,33,30,25,20,14,8,4,7,11,15,17,20,21,6,0,0,0,0,0,0,0,0,0,2,12,11,10,10,12,15,19,23,26,27,28,28,27,25,23,20,16,14,15,19,24,30,32,35,37,38
-86,114,14,27,22,18,16,13,9,6,8,13,14,14,15,16,18,19,19,17,14,10,7,6,2,3,5,6,1,0,0,0,0,0,0,0,0,0,1,5,6,6,7,10,13,16,21,25,26,25,24,22,17,10,6,6,3,3,8,12,13,16,18,21,25
-68,118,8,0,0,0,7,29,30,30,30,28,26,26,23,23,22,21,21,20,17,17,16,15,15,14,14,15,14,15,17,18,17,9,20,19,19,20,20,21,20,20,21,21,21,21,21,23,23,24,24,24,24,24,25,26,26,27,27,27,7,0,0,0,0
-65,163,8,0,0,0,6,24,25,27,27,25,24,24,23,22,22,23,23,22,21,21,21,20,19,18,19,19,18,18,19,20,21,9,20,21,21,19,20,20,20,18,18,18,19,19,19,20,21,21,21,21,21,21,21,22,22,23,23,23,5,0,0,0,0
-65,43,1,0,0,0,6,26,27,29,28,26,26,26,24,23,23,24,24,23,22,22,22,22,21,21,22,21,21,21,22,24,23,12,24,25,25,24,23,23,22,21,21,22,22,21,21,22,21,21,22,21,20,20,21,21,20,20,20,20,5,0,0,0,0
-65,43,1,0,0,0,9,32,33,33,33,31,29,28,27,27,27,27,28,27,26,26,26,26,25,24,24,25,25,24,25,28,28,14,29,29,28,28,28,27,26,26,24,24,26,25,25,25,25,25,25,24,24,23,23,23,23,24,24,23,6,0,0,0,0
-56,114,14,27,29,28,29,27,25,23,22,19,20,21,23,25,27,29,31,31,30,27,24,19,14,8,5,7,2,0,0,0,0,0,0,0,0,0,2,12,13,15,16,17,17,17,16,15,14,14,14,15,17,19,20,21,21,22,21,20,20,18,17,17,19
-82,114,14,31,29,26,23,19,17,12,7,7,8,12,14,18,23,27,28,29,31,30,26,22,19,17,12,8,1,0,0,0,0,0,0,0,0,0,5,23,25,28,26,22,19,15,11,9,14,18,21,23,23,24,25,21,16,14,12,13,15,17,21,26,28
-70,114,14,37,37,37,36,35,33,28,24,20,16,13,11,10,11,14,15,17,20,22,23,23,23,21,18,17,4,0,0,0,0,0,0,0,0,0,5,18,16,12,6,4,7,13,19,24,27,31,34,35,34,33,31,27,22,18,14,12,12,14,17,22,26
-66,118,8,0,0,0,6,26,26,27,26,24,22,21,20,20,20,21,21,21,20,19,20,19,18,20,20,20,21,20,21,21,22,11,23,24,23,22,21,22,22,21,21,21,21,19,19,19,20,21,21,20,20,20,20,20,21,21,20,20,5,0,0,0,0
-67,43,1,0,0,0,6,24,24,25,25,23,22,22,21,21,20,21,21,19,19,17,19,18,17,17,16,16,16,16,16,19,20,10,20,20,18,18,18,19,19,19,19,19,19,18,18,19,20,20,21,20,20,20,21,21,21,22,22,21,6,0,0,0,0
-54,114,14,22,22,21,20,19,18,14,12,10,10,12,14,17,19,20,22,22,22,20,18,14,11,7,4,2,1,0,0,0,0,0,0,0,0,0,1,5,7,9,10,10,12,12,12,12,12,11,12,11,12,12,13,13,13,13,13,13,13,13,13,14,16
-81,114,14,33,31,27,24,19,14,7,7,8,11,15,19,23,27,30,30,31,31,29,26,23,17,14,10,8,2,0,0,0,0,0,0,0,0,0,7,27,27,25,24,21,17,13,12,13,17,21,25,28,27,24,23,21,17,11,5,5,9,15,23,28,29
-85,114,14,28,28,26,27,28,26,23,18,17,17,16,16,17,16,16,16,13,12,13,12,9,8,8,8,9,2,0,0,0,0,0,0,0,0,0,3,15,14,9,5,6,8,10,12,16,18,24,27,28,28,27,24,21,17,14,10,8,7,12,15,18,22
-70,114,14,24,19,15,9,7,10,14,18,23,28,32,34,35,34,34,32,28,24,19,14,10,11,13,17,19,5,0,0,0,0,0,0,0,0,0,3,11,13,16,18,20,21,22,22,23,21,20,18,14,9,5,1,5,10,15,20,25,29,31,34,36,37
-84,114,14,30,28,28,29,30,29,25,25,24,22,18,16,16,15,14,15,16,14,11,10,10,11,10,9,11,2,0,0,0,0,0,0,0,0,0,4,17,16,13,12,8,8,12,15,15,18,23,25,24,25,25,24,22,19,15,9,4,5,7,8,12,16
-67,118,8,0,0,0,5,21,22,23,22,22,20,20,19,18,18,18,18,18,17,16,18,17,16,16,17,17,18,17,19,20,20,10,22,22,22,22,22,23,24,23,21,21,23,22,22,23,24,26,26,25,25,25,25,26,27,28,27,28,7,0,0,0,0
-65,43,1,0,0,0,7,26,27,28,28,26,25,25,24,23,23,24,24,23,22,21,21,21,20,19,19,20,19,19,20,22,22,11,22,23,23,22,21,22,22,21,20,20,22,21,21,22,23,23,23,23,23,23,23,23,24,24,24,24,6,0,0,0,0
-52,114,14,19,18,17,17,16,14,12,10,10,10,11,13,14,15,17,18,18,17,17,15,13,10,8,5,4,1,0,0,0,0,0,0,0,0,0,2,7,7,8,8,9,9,10,11,12,12,13,13,13,13,12,12,12,11,11,10,10,11,11,13,14,15
-78,114,14,37,39,36,33,31,27,23,19,13,8,10,15,20,25,30,36,38,37,35,33,30,24,19,13,7,2,0,0,0,0,0,0,0,0,0,6,22,21,21,20,18,14,9,6,5,7,13,18,20,22,21,22,21,18,15,10,4,2,8,16,22,24
-69,114,14,23,24,26,28,29,30,31,32,31,30,27,23,19,15,12,12,14,19,22,24,26,26,26,24,22,6,0,0,0,0,0,0,0,0,0,2,9,9,10,13,15,19,22,25,26,26,25,25,25,23,23,22,22,22,23,24,24,25,26,26,28,29
-85,114,14,29,33,33,31,33,33,30,29,27,24,22,20,18,17,16,16,12,8,7,9,10,10,10,10,11,3,0,0,0,0,0,0,0,0,0,5,19,21,25,23,20,18,18,20,23,23,25,28,26,24,24,26,22,16,14,15,13,12,9,10,16,24
-66,118,8,0,0,0,6,24,24,25,25,22,22,22,20,19,20,20,20,19,19,19,20,20,20,20,20,21,21,21,22,24,25,13,27,27,27,26,26,27,27,26,27,28,29,28,28,29,30,31,31,31,31,31,32,33,34,35,35,35,9,0,0,0,0
-65,163,8,0,0,0,6,23,23,24,23,21,20,19,18,18,17,17,17,17,16,15,15,15,15,15,16,16,17,17,18,20,21,11,22,23,23,23,22,24,24,24,25,26,26,26,26,28,29,30,30,30,30,30,32,32,33,34,34,33,8,0,0,0,0
-66,43,1,0,0,0,5,21,21,21,22,21,20,19,19,19,18,19,19,19,19,18,18,19,18,18,18,18,19,19,19,21,21,11,21,23,23,22,21,21,21,21,21,22,23,21,22,24,25,25,27,25,25,26,27,27,28,29,29,30,7,0,0,0,0
-66,43,1,0,0,0,5,22,22,23,23,22,21,21,20,19,20,20,20,20,19,19,19,19,18,18,20,20,19,19,20,21,23,11,22,23,23,23,22,23,23,23,22,23,24,23,25,26,26,27,28,28,28,28,28,29,30,31,32,32,7,0,0,0,0
-53,114,14,27,27,25,23,22,20,18,16,16,17,19,21,23,25,26,27,27,27,25,22,18,14,11,8,6,2,0,0,0,0,0,0,0,0,0,1,8,10,12,15,16,17,18,20,20,19,19,18,17,17,16,16,17,16,16,17,17,19,20,21,23,24
-79,114,14,35,37,33,29,29,25,18,14,14,12,13,18,22,26,31,34,37,37,36,34,28,23,17,12,8,2,0,0,0,0,0,0,0,0,0,6,26,27,26,23,20,15,9,4,7,13,18,23,27,28,27,25,22,20,16,9,1,6,10,16,25,30
-53,114,14,17,17,16,15,13,12,11,10,10,10,11,12,13,14,16,17,17,17,16,14,11,9,7,5,3,0,0,0,0,0,0,0,0,0,0,1,5,6,8,9,9,11,12,12,12,12,12,12,11,10,11,11,10,10,9,10,11,11,12,13,14,15
-71,114,14,25,19,15,14,17,21,25,30,33,36,37,36,35,30,24,19,12,6,5,10,15,20,23,25,27,6,0,0,0,0,0,0,0,0,0,4,16,13,10,6,3,6,11,17,21,24,27,29,28,26,23,19,15,11,13,17,21,28,32,36,38,38
-84,114,14,30,31,29,25,26,26,25,23,19,18,18,20,20,19,18,20,21,21,18,17,15,12,8,6,8,1,0,0,0,0,0,0,0,0,0,5,17,16,15,14,15,17,17,18,22,27,30,27,24,26,26,22,19,16,14,9,6,8,11,17,21,20
-66,118,8,0,0,0,5,22,23,24,24,21,21,21,20,20,20,21,21,20,19,19,20,20,19,20,19,21,21,21,22,23,23,12,25,25,25,25,25,25,26,25,24,24,26,27,27,28,30,31,32,32,33,33,33,34,35,36,34,35,10,0,0,0,0
-65,163,8,0,0,0,6,26,26,25,25,24,24,22,22,22,22,23,23,23,21,21,22,21,21,21,21,22,22,22,24,25,25,12,26,26,26,26,26,27,27,26,27,27,28,27,27,29,30,31,31,31,32,32,32,33,34,34,34,34,8,0,0,0,0
-64,163,8,0,0,0,5,21,21,21,21,20,19,19,18,18,18,18,18,17,17,16,17,17,16,17,17,17,18,18,19,21,21,12,23,23,24,24,24,25,25,25,25,26,27,25,25,27,28,29,30,30,29,29,30,30,31,33,33,32,8,0,0,0,0
-65,43,1,0,0,0,5,21,21,21,21,20,19,19,18,18,18,18,18,18,17,16,17,17,16,16,16,17,17,18,19,21,20,10,22,22,23,22,22,22,23,22,22,23,24,23,24,25,25,26,27,27,27,27,28,29,29,30,30,29,7,0,0,0,0
-52,114,14,30,31,30,29,28,25,22,20,18,17,17,20,22,25,27,30,31,31,30,28,23,20,15,10,8,1,0,0,0,0,0,0,0,0,0,3,13,14,16,17,18,19,19,20,20,19,20,20,20,20,21,21,21,21,21,21,21,21,20,20,22,23
-79,114,14,38,36,34,31,25,20,14,8,6,7,13,19,25,29,33,36,38,38,36,32,28,22,15,9,5,2,0,0,0,0,0,0,0,0,0,7,29,28,27,24,21,16,11,7,7,10,16,22,26,26,27,27,23,18,15,12,8,10,15,21,27,31
-71,114,14,25,19,16,14,17,21,25,28,31,33,33,32,30,26,20,15,9,3,4,9,14,18,20,21,23,5,0,0,0,0,0,0,0,0,0,2,10,9,9,11,15,20,25,30,33,35,35,35,33,27,24,19,15,13,16,21,28,33,36,39,41,40
-64,118,8,0,0,0,6,26,26,26,27,25,24,23,23,23,23,24,24,23,22,22,22,21,20,20,20,20,20,20,20,22,22,10,21,23,22,21,21,21,21,20,20,20,20,20,20,20,20,21,21,21,20,20,21,20,20,20,21,21,5,0,0,0,0
-66,43,1,0,0,0,7,27,26,27,27,25,24,24,22,22,22,22,21,21,20,19,20,20,19,20,20,20,20,22,22,23,24,12,25,25,25,25,25,25,25,25,23,23,24,24,25,25,26,27,27,26,26,27,27,27,27,29,29,29,7,0,0,0,0
-52,114,14,39,39,38,37,35,30,26,22,19,18,21,25,30,33,36,40,40,39,38,33,27,21,15,9,6,1,0,0,0,0,0,0,0,0,0,3,13,14,15,16,17,17,18,19,19,19,20,22,24,24,25,25,25,25,23,22,21,20,20,21,26,29
-79,114,14,31,35,35,34,31,27,21,15,8,2,6,13,20,27,32,35,38,39,38,36,31,24,17,11,8,2,0,0,0,0,0,0,0,0,0,5,26,26,26,24,22,20,17,13,8,10,12,16,20,21,21,23,22,20,16,12,9,7,7,13,20,23
-87,114,14,25,26,24,23,23,22,20,17,14,15,15,15,13,11,10,10,11,10,7,7,7,8,8,7,9,3,0,0,0,0,0,0,0,0,0,3,11,11,11,11,12,13,13,14,16,18,21,20,18,17,15,13,12,9,6,7,8,12,13,12,14,21
-70,114,14,27,31,32,32,31,30,28,24,20,15,12,9,7,7,8,10,12,15,17,18,19,20,19,19,18,5,0,0,0,0,0,0,0,0,0,5,18,14,7,3,7,13,19,26,29,32,34,36,35,33,30,28,24,22,19,17,17,16,15,15,17,19
-66,118,8,0,0,0,6,21,21,21,21,20,19,19,18,18,18,18,18,18,16,16,17,17,16,17,17,18,18,19,20,21,21,11,23,24,24,23,23,24,24,23,22,21,23,24,24,25,26,27,27,27,27,27,28,27,28,29,29,29,8,0,0,0,0
-66,43,1,0,0,0,6,26,26,27,27,26,25,24,24,24,24,24,25,24,21,21,22,22,20,20,21,21,21,20,21,23,23,12,23,23,23,23,22,22,22,22,21,21,22,22,21,23,23,23,23,22,23,23,23,23,24,24,25,25,5,0,0,0,0
-54,114,14,18,18,16,16,15,13,12,10,10,10,12,13,15,16,17,17,18,17,15,14,11,8,5,3,2,1,0,0,0,0,0,0,0,0,0,1,7,7,8,8,9,10,10,11,11,11,12,13,13,13,13,13,12,11,11,11,11,11,11,12,13,15
-80,114,14,35,36,32,29,25,20,14,9,2,5,12,18,25,29,31,34,34,33,31,27,24,19,14,9,4,1,0,0,0,0,0,0,0,0,0,7,28,28,27,24,20,15,10,7,7,13,19,23,27,28,27,25,21,19,16,10,4,5,10,15,20,25
-74,114,14,21,13,7,8,11,13,17,20,23,25,26,26,26,25,24,22,18,14,11,7,6,7,10,12,16,4,0,0,0,0,0,0,0,0,0,5,20,22,25,28,31,34,36,38,37,33,30,26,20,13,5,3,9,16,21,29,34,38,39,39,38,38
-85,114,14,28,30,28,29,28,26,26,24,21,19,18,17,13,10,12,13,11,11,12,14,13,13,13,13,12,3,0,0,0,0,0,0,0,0,0,4,17,17,16,13,14,14,13,17,19,20,22,25,25,22,21,20,20,15,9,5,4,4,5,8,10,13
-66,118,8,0,0,0,5,23,24,25,25,23,23,23,22,21,21,21,22,21,20,19,19,19,18,18,18,18,18,18,18,18,19,9,21,21,21,20,18,18,19,19,18,18,19,18,18,18,18,19,19,19,18,19,19,19,19,20,19,19,4,0,0,0,0
-66,118,8,0,0,0,6,26,27,28,28,27,26,25,25,25,25,25,25,24,23,23,23,22,21,21,20,20,21,21,21,22,22,11,22,23,23,22,22,22,22,22,20,20,21,20,20,21,21,21,21,21,21,21,21,22,22,23,23,23,5,0,0,0,0
-66,163,8,0,0,0,7,27,28,29,29,27,26,25,25,24,25,26,26,24,23,22,23,22,21,20,20,20,20,20,21,22,23,12,24,24,22,22,22,22,22,21,22,22,22,20,21,21,21,21,21,21,21,21,22,21,22,22,22,22,5,0,0,0,0
-64,163,8,0,0,0,6,27,27,29,28,27,26,26,25,25,26,26,27,26,25,24,25,25,24,23,24,24,24,23,24,26,26,13,25,25,25,24,23,23,23,22,20,20,21,21,20,21,21,21,22,21,21,20,21,21,21,21,22,21,5,0,0,0,0
-64,163,8,0,0,0,7,25,26,27,28,26,25,25,25,25,25,25,26,25,24,24,24,24,23,23,23,23,23,22,23,24,24,12,24,24,24,23,22,22,21,21,21,21,21,20,19,20,20,21,20,20,19,19,19,19,20,20,20,20,5,0,0,0,0
-66,43,1,0,0,0,7,30,30,31,30,28,26,26,24,24,24,24,24,23,21,21,21,22,21,21,22,22,23,22,24,26,26,13,27,26,26,26,26,26,26,26,26,26,25,24,24,25,25,26,26,26,24,25,25,25,26,27,26,26,6,0,0,0,0
-79,114,14,30,32,31,29,26,23,20,16,10,5,0,6,12,18,25,29,33,34,35,33,31,27,24,19,16,4,0,0,0,0,0,0,0,0,0,5,23,25,24,21,19,16,12,8,5,9,13,18,22,25,26,27,25,23,19,17,12,5,2,6,13,19
-52,114,14,32,32,31,28,26,23,19,18,17,19,22,25,27,30,31,33,33,32,29,25,21,16,11,5,3,1,0,0,0,0,0,0,0,0,0,2,11,12,14,15,16,17,18,20,20,21,21,22,22,22,22,22,21,21,20,20,21,21,22,23,27,29
-79,114,14,28,29,29,26,24,21,19,17,12,6,4,7,11,16,21,29,33,35,35,34,33,33,28,23,20,5,0,0,0,0,0,0,0,0,0,6,26,27,28,26,23,20,14,9,9,10,14,20,26,28,30,30,27,25,20,16,12,5,4,11,18,22
-68,114,14,25,26,27,29,30,30,30,27,23,21,18,15,14,14,16,18,21,23,24,24,23,22,20,18,15,3,0,0,0,0,0,0,0,0,0,3,16,16,17,18,20,21,23,25,26,25,25,26,25,25,25,26,26,27,28,29,29,29,29,28,27,26
-86,114,14,26,26,23,21,23,21,18,14,11,8,6,10,15,18,18,17,15,13,12,9,5,3,6,6,5,1,0,0,0,0,0,0,0,0,0,3,13,11,11,10,5,5,11,16,17,20,23,23,22,22,20,17,14,11,8,5,6,5,7,12,16,21
-66,118,8,0,0,0,7,30,31,31,32,30,29,28,27,27,27,27,27,27,25,24,25,25,23,23,22,22,22,22,23,24,25,12,25,25,25,23,23,23,23,22,21,21,21,21,20,21,22,22,22,21,20,20,21,21,21,21,21,21,6,0,0,0,0
-65,43,1,0,0,0,4,14,14,14,13,12,10,10,9,10,9,10,11,11,11,12,13,14,14,15,16,17,18,18,20,22,23,12,25,25,26,25,25,26,27,26,26,26,27,27,28,29,30,31,32,31,31,31,32,32,32,33,32,32,8,0,0,0,0
-55,114,14,27,26,26,25,25,24,25,25,26,27,29,30,30,32,32,34,33,31,29,25,21,17,12,9,8,2,0,0,0,0,0,0,0,0,0,2,10,13,17,19,22,24,26,26,25,22,19,16,14,11,10,12,15,17,19,22,25,26,27,26,27,27
-79,114,14,35,35,32,31,30,26,21,16,8,6,11,19,25,30,35,38,39,40,38,36,31,23,17,10,5,1,0,0,0,0,0,0,0,0,0,5,24,26,25,21,17,14,10,6,8,14,18,23,26,27,28,26,23,20,17,14,7,1,8,15,21,25
-70,114,14,33,28,24,22,20,20,22,24,26,28,31,32,32,29,27,23,19,15,10,8,10,13,15,18,20,5,0,0,0,0,0,0,0,0,0,3,13,10,6,4,8,14,20,26,30,32,33,33,31,27,22,18,14,13,16,22,29,33,36,39,42,44
-85,114,14,36,36,33,32,29,24,17,12,11,12,14,14,14,15,19,22,21,21,21,18,15,14,13,11,9,2,0,0,0,0,0,0,0,0,0,2,9,9,8,9,13,17,19,22,22,22,21,20,22,23,20,20,15,10,8,7,7,11,13,16,19,22
-70,114,14,31,26,23,20,19,20,21,24,27,29,31,32,31,30,26,22,18,13,10,8,10,14,16,17,20,5,0,0,0,0,0,0,0,0,0,3,11,9,5,3,7,13,18,24,28,31,32,33,30,26,21,17,13,11,15,21,26,31,36,39,41,41
-66,118,8,0,0,0,7,24,25,25,25,22,21,21,20,19,18,18,18,17,16,15,15,15,14,14,15,16,17,16,18,20,22,11,23,24,24,24,25,25,26,26,25,26,27,27,28,30,30,32,32,32,32,32,32,33,34,35,35,35,9,0,0,0,0
-63,43,1,0,0,0,7,26,25,27,27,26,25,24,24,23,24,25,25,25,24,23,24,23,22,22,22,22,22,22,22,24,24,12,23,24,24,23,22,22,22,21,21,22,22,20,20,21,22,22,22,21,21,21,21,21,21,21,21,21,5,0,0,0,0
-54,114,14,18,18,17,17,16,15,13,12,12,13,14,16,18,20,21,22,23,22,19,17,14,10,7,5,5,1,0,0,0,0,0,0,0,0,0,1,6,7,9,10,10,11,11,11,10,9,9,9,9,9,10,11,11,11,11,12,12,12,12,12,13,15
-78,114,14,39,38,33,29,25,18,11,7,5,10,15,20,24,28,31,34,37,38,35,33,30,26,19,12,10,2,0,0,0,0,0,0,0,0,0,6,27,28,26,23,20,15,11,5,7,14,19,24,28,29,31,32,29,24,18,13,10,10,15,20,25,30
-70,114,14,24,19,16,17,20,24,28,31,33,36,37,36,35,30,27,23,18,12,8,9,12,17,20,23,25,6,0,0,0,0,0,0,0,0,0,3,10,9,10,11,14,17,22,26,28,29,29,29,27,24,21,18,14,13,15,21,26,32,37,39,40,41
-65,118,8,0,0,0,6,24,24,25,26,25,24,23,23,22,22,23,23,23,22,22,24,24,22,23,23,24,24,24,25,27,27,14,27,28,27,26,26,26,26,25,25,25,26,25,25,26,27,28,28,28,28,28,28,28,28,28,27,27,7,0,0,0,0
-64,43,1,0,0,0,5,23,22,22,23,21,20,19,18,18,17,17,17,17,16,15,15,15,15,15,15,16,17,17,18,20,21,10,22,23,23,22,22,23,23,23,24,25,25,24,24,26,27,28,28,28,28,28,29,30,30,31,30,30,7,0,0,0,0
-53,114,14,29,29,27,27,26,25,24,23,23,24,26,27,30,31,32,33,34,33,31,27,23,19,14,11,8,3,0,0,0,0,0,0,0,0,0,2,7,9,12,14,16,18,19,20,20,19,18,17,16,15,15,16,16,17,18,19,20,22,22,22,23,25
-78,114,14,37,34,30,27,23,19,14,10,11,13,17,20,25,29,31,34,35,35,33,28,24,20,13,7,7,2,0,0,0,0,0,0,0,0,0,5,24,24,23,20,17,14,11,10,13,19,23,26,27,27,23,20,18,16,10,7,10,16,22,26,31,36
-69,114,14,35,35,33,30,27,24,19,14,11,7,3,2,5,7,9,12,14,14,14,14,14,13,12,10,9,3,0,0,0,0,0,0,0,0,0,5,18,15,9,4,4,10,17,24,29,33,36,39,40,39,36,35,30,24,18,11,5,3,8,13,19,23
-84,114,14,33,34,32,26,25,24,17,11,10,12,16,16,16,17,18,21,20,17,14,11,11,10,8,6,4,1,0,0,0,0,0,0,0,0,0,5,18,19,19,20,19,18,20,23,25,24,26,27,26,24,22,16,10,9,6,6,9,13,18,23,27,30
-66,118,8,0,0,0,5,22,22,22,21,20,18,18,17,17,16,17,17,16,15,15,15,15,15,15,16,17,17,17,19,20,21,11,22,23,23,23,23,23,23,24,24,24,25,24,25,26,27,29,29,29,29,28,28,29,30,31,31,30,8,0,0,0,0
-67,163,8,0,0,0,6,26,27,27,26,26,24,23,22,21,20,20,20,19,18,17,17,16,15,15,15,14,14,14,16,17,18,8,18,19,20,20,20,20,20,19,18,18,20,21,21,23,23,24,25,25,26,26,26,26,27,29,28,29,6,0,0,0,0
-67,43,1,0,0,0,6,24,24,24,25,22,21,21,21,21,20,20,20,19,18,19,19,19,18,18,19,19,20,20,21,22,23,12,24,25,25,24,24,25,25,24,23,23,25,25,26,26,27,28,29,28,28,28,29,29,30,32,32,32,9,0,0,0,0
-67,43,1,0,0,0,5,20,20,20,20,18,17,17,16,16,16,16,16,15,15,14,15,14,13,14,14,15,15,15,16,18,19,9,18,18,19,19,19,20,19,19,22,22,19,18,20,21,21,23,22,22,21,22,22,22,23,24,24,25,6,0,0,0,0
-54,114,14,18,18,16,15,14,13,13,13,13,15,17,19,21,21,22,22,22,21,19,16,12,9,5,4,5,1,0,0,0,0,0,0,0,0,0,1,6,7,9,12,12,13,14,14,14,13,12,11,10,8,8,8,8,10,11,12,14,15,15,16,17,17
-80,114,14,39,36,32,29,25,20,15,12,11,12,14,18,21,24,29,31,32,31,31,30,27,23,18,12,8,1,0,0,0,0,0,0,0,0,0,6,22,22,21,18,14,11,8,7,10,14,19,23,24,24,24,23,20,15,9,4,3,11,16,20,27,33
-54,114,14,19,19,17,17,15,13,13,13,14,16,18,20,21,22,23,24,23,22,20,17,13,10,7,5,5,1,0,0,0,0,0,0,0,0,0,2,7,8,10,12,13,13,15,15,15,13,12,11,10,8,8,9,10,10,12,13,14,16,16,17,19,19
-72,114,14,13,10,10,12,14,17,20,22,23,25,24,24,23,20,17,14,11,8,6,7,8,10,12,13,14,3,0,0,0,0,0,0,0,0,0,5,20,20,22,24,25,28,31,32,32,29,26,24,19,14,10,10,13,18,24,28,31,34,35,34,33,31
-85,114,14,24,27,28,28,26,24,23,26,27,25,25,23,21,19,19,18,15,14,13,9,7,8,8,8,8,2,0,0,0,0,0,0,0,0,0,5,22,24,21,18,23,26,23,21,22,22,21,24,28,29,25,21,19,18,19,19,19,21,20,20,24,27
-65,118,8,0,0,0,5,21,21,21,21,20,19,19,18,17,17,18,18,18,18,18,18,18,17,18,18,19,19,19,20,22,23,11,23,23,23,22,22,23,22,22,22,23,23,22,22,23,24,25,25,24,25,25,25,25,26,27,27,27,6,0,0,0,0
-64,163,8,0,0,0,5,22,22,22,22,21,20,20,20,19,19,19,20,19,19,18,19,18,17,17,17,18,18,18,19,20,21,10,21,21,22,20,21,22,22,20,19,19,20,22,21,22,22,24,24,23,23,23,24,24,24,24,25,25,6,0,0,0,0
-66,43,1,0,0,0,5,24,23,24,23,21,20,19,19,18,18,17,18,17,16,16,16,16,16,15,17,17,17,17,19,21,21,10,22,24,24,23,22,24,24,24,23,24,25,25,26,27,28,29,29,29,30,30,30,31,31,32,33,33,8,0,0,0,0
-54,114,14,25,23,21,20,18,18,17,18,21,24,27,30,32,33,33,34,33,30,26,22,15,11,6,6,8,3,0,0,0,0,0,0,0,0,0,1,7,9,13,15,17,19,21,22,20,18,17,15,12,9,8,10,11,13,16,18,21,23,23,24,26,26
-79,114,14,40,37,33,30,27,24,21,15,11,12,15,21,24,28,32,36,39,39,38,34,29,25,19,13,9,3,0,0,0,0,0,0,0,0,0,6,26,27,26,23,19,14,9,5,8,13,18,22,24,25,25,25,23,18,13,6,4,9,15,22,29,32
-70,114,14,26,20,16,14,15,18,22,24,26,28,30,28,25,21,17,13,10,10,13,16,18,20,21,21,21,5,0,0,0,0,0,0,0,0,0,2,8,5,3,3,5,9,14,18,21,24,26,27,27,25,23,18,13,9,9,14,19,25,29,32,35,35
-85,114,14,30,34,32,30,28,25,20,16,10,7,9,14,15,14,14,12,10,7,6,6,5,5,5,4,5,2,0,0,0,0,0,0,0,0,0,4,14,13,9,7,5,7,13,17,19,21,24,26,26,25,26,24,21,19,13,6,1,3,6,11,17,21
-66,118,8,0,0,0,6,24,24,25,24,22,21,21,20,19,19,20,20,19,18,17,18,18,17,18,18,18,18,18,19,21,21,11,22,22,23,23,22,23,23,22,23,24,24,23,23,24,25,26,27,26,26,26,27,28,28,29,30,29,8,0,0,0,0
-63,163,8,0,0,0,8,28,27,28,28,25,24,23,24,24,24,24,24,22,21,21,21,20,19,18,18,19,20,20,21,21,21,11,23,24,24,23,22,23,23,23,24,24,24,23,24,25,25,26,26,25,25,26,27,27,27,28,27,27,7,0,0,0,0
-63,163,8,0,0,0,7,26,27,28,27,27,25,24,24,23,23,24,24,23,21,21,21,20,19,20,20,20,20,19,20,22,22,11,22,23,24,24,24,24,25,24,24,23,25,23,24,25,26,26,27,27,27,27,27,26,27,29,28,28,7,0,0,0,0
-63,163,8,0,0,0,7,27,27,28,28,26,25,24,23,23,23,24,24,23,21,20,21,21,19,20,20,20,20,20,21,22,22,12,24,24,24,23,23,24,24,24,24,25,25,24,24,25,26,26,27,26,26,26,27,27,27,28,28,27,7,0,0,0,0
-64,43,1,0,0,0,7,26,26,26,26,24,23,23,22,22,22,22,22,21,20,20,20,20,19,19,19,20,20,19,21,22,23,12,23,23,24,24,23,24,24,24,23,23,24,24,25,26,27,28,28,27,27,27,28,29,29,29,29,30,8,0,0,0,0
-53,114,14,16,15,14,13,12,10,9,8,9,11,13,16,17,18,18,19,18,17,15,12,9,6,4,2,4,2,0,0,0,0,0,0,0,0,0,1,6,8,9,10,10,11,11,11,11,10,10,9,9,8,8,8,8,8,8,9,10,11,12,13,14,15
-78,114,14,34,34,30,27,23,19,13,8,5,10,14,22,28,32,33,34,35,35,33,30,25,20,14,8,4,1,0,0,0,0,0,0,0,0,0,6,25,27,28,25,20,16,12,9,7,11,16,19,20,21,22,21,19,17,12,6,3,4,11,18,24,29
-85,114,14,25,28,29,29,28,26,21,17,14,13,14,14,13,13,13,13,12,13,10,10,9,6,4,3,4,1,0,0,0,0,0,0,0,0,0,4,16,16,14,10,10,13,16,19,18,17,20,22,23,23,27,26,20,14,13,12,10,2,5,7,13,21
-71,114,14,28,24,22,21,21,23,26,30,31,33,33,31,30,26,22,16,11,5,7,10,14,18,20,21,22,5,0,0,0,0,0,0,0,0,0,2,10,7,4,5,9,15,19,23,26,28,29,29,27,24,21,17,14,14,16,21,27,32,35,37,39,39
-68,118,8,0,0,0,8,32,32,33,33,31,28,27,25,24,23,23,22,21,20,18,17,17,15,14,16,16,16,15,17,18,18,10,20,20,21,21,21,22,22,22,22,24,23,23,23,24,25,27,27,26,27,27,29,29,31,31,32,31,8,0,0,0,0
-66,163,8,0,0,0,6,27,26,26,27,26,24,24,23,23,22,23,24,23,21,20,20,20,18,18,18,17,18,18,18,21,20,10,21,21,22,20,20,21,22,20,18,19,19,20,21,22,23,23,24,23,24,24,24,25,26,27,27,27,6,0,0,0,0
-66,43,1,0,0,0,7,27,28,29,28,26,26,26,25,24,24,25,24,24,22,22,23,23,20,20,20,20,20,20,21,22,23,12,22,22,22,22,22,22,22,21,21,22,22,21,21,22,22,23,22,22,22,22,22,23,23,24,23,23,6,0,0,0,0
-66,163,8,29,28,27,25,26,26,26,24,24,24,24,24,25,25,26,26,26,25,24,24,24,24,24,24,24,5,0,0,0,0,0,0,0,0,0,5,22,23,24,24,24,23,23,23,24,25,25,25,25,24,23,23,24,23,23,23,23,23,23,25,27,26
-53,114,14,17,17,16,17,16,15,14,12,12,13,14,15,16,17,19,20,20,20,18,16,14,11,8,6,5,1,0,0,0,0,0,0,0,0,0,2,7,8,9,10,10,10,10,10,9,8,8,9,9,9,10,11,11,12,12,13,13,12,12,11,12,13
-79,114,14,33,32,30,29,28,23,17,11,7,3,7,13,19,24,28,30,32,33,34,31,27,23,18,15,12,2,0,0,0,0,0,0,0,0,0,5,22,22,23,21,18,14,9,7,8,11,16,22,25,27,28,28,26,23,21,17,12,7,10,14,20,25
-53,114,14,19,19,19,18,17,15,14,13,12,13,14,16,18,19,21,21,22,20,19,16,13,10,7,5,5,1,0,0,0,0,0,0,0,0,0,2,8,9,10,10,11,10,10,10,9,8,8,9,9,10,11,12,12,12,12,12,12,12,12,13,14,15
-72,114,14,26,29,30,31,32,33,33,33,32,31,30,29,29,27,26,24,21,21,20,20,20,21,22,22,23,5,0,0,0,0,0,0,0,0,0,5,16,15,13,11,10,8,6,7,8,11,14,17,20,21,23,23,21,19,18,17,18,17,19,22,24,25
-85,114,14,24,27,30,30,30,28,27,26,21,16,15,14,14,12,12,13,13,15,19,17,14,15,15,12,12,3,0,0,0,0,0,0,0,0,0,3,18,20,18,16,14,14,15,16,15,13,16,22,21,19,21,23,22,20,14,9,7,8,10,11,15,17
-67,118,8,0,0,0,8,32,32,33,32,31,30,29,27,26,26,27,26,25,24,23,23,22,20,19,18,19,19,19,19,20,20,10,21,22,22,22,22,22,22,21,22,23,23,21,21,22,23,23,24,24,25,25,25,25,25,27,28,28,7,0,0,0,0
-65,43,1,0,0,0,8,30,30,31,31,30,28,28,26,26,26,26,26,25,23,22,22,22,20,20,20,20,20,19,20,21,21,11,22,22,22,21,21,21,21,21,21,22,22,20,21,21,22,23,23,23,23,22,23,23,25,26,25,25,6,0,0,0,0
-52,114,14,28,28,27,26,24,22,18,17,17,18,21,23,26,28,30,32,32,31,28,24,20,15,11,7,7,1,0,0,0,0,0,0,0,0,0,3,10,12,13,15,15,16,16,16,16,15,15,16,16,15,16,17,16,17,16,16,17,18,18,19,22,24
-78,114,14,32,31,28,25,21,18,15,10,5,8,12,18,22,26,29,31,33,32,31,28,23,18,14,9,6,1,0,0,0,0,0,0,0,0,0,7,27,27,26,22,18,13,9,6,8,12,15,18,21,22,23,21,19,16,12,7,4,8,12,17,23,28
-71,114,14,35,33,30,27,24,20,17,15,14,13,12,12,13,13,12,12,13,14,16,18,17,17,17,17,15,3,0,0,0,0,0,0,0,0,0,5,18,14,8,2,6,14,20,27,33,37,40,42,42,39,38,33,25,19,12,7,9,17,23,28,33,35
-71,114,14,38,36,33,31,27,24,21,17,15,14,13,12,12,10,10,11,12,13,15,16,17,18,17,16,14,3,0,0,0,0,0,0,0,0,0,5,19,15,8,4,7,15,22,29,34,38,41,44,43,39,37,33,27,20,15,11,12,17,23,29,33,36
-65,118,8,0,0,0,7,26,26,27,27,25,25,24,23,22,22,23,24,23,22,21,20,20,19,19,19,19,18,18,19,20,20,11,20,20,20,20,19,19,19,18,18,18,18,17,17,17,17,18,17,17,17,17,16,16,17,17,17,17,5,0,0,0,0
-67,43,1,0,0,0,6,27,27,27,27,26,24,24,23,21,21,21,21,21,19,18,18,18,17,17,17,17,17,17,18,19,20,9,19,20,21,20,20,20,20,20,18,17,19,19,20,21,21,22,22,22,22,22,22,22,23,23,23,23,6,0,0,0,0
-53,114,14,19,19,18,17,15,13,11,11,10,11,13,14,17,17,18,20,19,19,18,16,14,11,8,5,3,1,0,0,0,0,0,0,0,0,0,1,6,6,8,9,10,12,13,14,15,15,15,14,13,13,12,11,9,10,10,11,11,12,14,15,17,18
-77,114,14,32,32,31,31,28,26,21,17,14,13,13,15,21,26,29,32,33,33,34,33,29,25,20,13,10,2,0,0,0,0,0,0,0,0,0,7,28,28,27,24,21,16,10,7,7,10,16,20,23,24,23,22,20,18,14,9,3,4,8,13,20,25
-70,114,14,23,15,10,9,12,15,19,22,25,27,26,26,24,23,20,17,14,12,10,10,10,12,13,15,16,5,0,0,0,0,0,0,0,0,0,3,13,13,14,16,19,21,25,27,28,28,27,27,24,19,14,11,9,12,18,25,32,36,39,40,41,41
-67,118,8,0,0,0,4,17,17,18,18,17,16,16,17,16,17,17,17,17,16,16,16,16,15,15,15,16,16,15,16,17,17,7,16,16,16,16,16,16,15,15,16,17,14,12,13,13,13,17,22,25,28,27,18,20,21,26,29,14,1,0,0,0,0
-65,43,1,0,0,0,4,19,19,21,20,19,19,18,17,17,17,18,18,17,16,16,17,17,16,16,16,16,17,17,18,19,19,9,20,20,21,20,20,20,20,20,20,20,21,22,22,23,24,25,25,24,24,24,25,26,27,27,27,27,6,0,0,0,0
-66,163,8,24,24,24,23,23,23,23,21,21,23,23,24,24,25,26,26,26,25,25,25,25,25,25,24,25,5,0,0,0,0,0,0,0,0,0,3,15,15,15,16,16,15,15,15,16,16,17,17,17,16,16,17,16,16,17,17,17,18,19,20,21,21
-65,163,8,22,22,21,20,21,21,20,20,21,21,21,20,22,24,23,22,26,25,23,27,24,17,19,20,15,4,0,0,0,0,0,0,0,0,0,3,14,15,15,15,14,14,14,14,14,15,15,16,16,16,15,15,15,14,15,16,16,17,16,18,19,20
-54,114,14,18,17,17,16,15,13,12,10,10,11,13,15,17,18,19,20,19,19,18,15,13,10,6,5,4,1,0,0,0,0,0,0,0,0,0,0,3,4,5,6,6,7,8,8,9,9,9,9,9,9,9,9,9,9,8,8,9,10,10,11,12,13
-79,114,14,27,29,28,28,28,25,19,15,13,9,8,9,12,14,17,23,28,29,27,26,26,24,18,15,12,2,0,0,0,0,0,0,0,0,0,5,24,26,26,24,19,14,9,5,2,10,15,20,22,24,26,26,24,21,17,15,11,4,4,7,13,18
-71,114,14,33,25,17,12,12,16,22,27,32,35,36,36,33,29,25,20,13,7,5,9,14,17,20,22,23,5,0,0,0,0,0,0,0,0,0,3,8,5,1,2,9,14,19,25,29,31,32,33,31,28,24,18,11,5,8,17,26,34,39,44,48,49
-86,114,14,31,33,34,33,27,24,20,14,11,8,6,6,11,13,12,14,15,15,14,12,9,7,5,3,5,2,0,0,0,0,0,0,0,0,0,3,12,10,7,6,4,1,4,7,9,12,15,19,21,21,19,18,16,13,11,8,5,6,8,12,20,26
-71,114,14,31,23,16,10,10,13,18,24,27,30,31,31,29,25,21,16,10,6,6,10,14,17,19,21,21,5,0,0,0,0,0,0,0,0,0,2,7,4,1,5,9,14,19,23,26,28,30,31,29,27,22,17,11,6,8,15,23,29,35,39,42,43
-65,118,8,0,0,0,4,19,19,20,20,18,17,16,15,14,14,15,15,14,13,13,14,14,14,14,16,16,16,17,18,19,21,11,22,23,24,23,23,24,24,23,24,26,26,26,26,27,28,29,29,29,29,29,31,31,32,32,32,32,8,0,0,0,0
-65,43,1,0,0,0,7,30,30,31,31,29,28,28,27,26,25,25,25,24,22,21,22,21,19,19,19,19,19,19,20,21,21,10,22,23,23,22,22,22,23,22,21,21,22,23,24,25,25,25,26,25,25,26,26,26,26,27,28,29,6,0,0,0,0
-65,43,1,0,0,0,7,27,27,28,28,26,25,24,23,22,22,23,22,22,20,19,20,18,17,17,17,17,17,17,18,19,20,10,21,22,21,21,21,22,22,22,21,22,22,21,21,22,24,25,24,24,23,23,24,24,25,26,26,26,7,0,0,0,0
-53,114,14,17,17,16,14,12,11,8,6,6,7,9,11,13,16,16,18,17,17,15,13,11,8,5,2,1,1,0,0,0,0,0,0,0,0,0,2,5,6,7,7,7,8,8,9,10,10,11,11,11,11,11,11,10,9,8,7,8,7,9,10,11,13
-80,114,14,38,36,33,29,25,21,14,9,9,14,21,26,29,31,35,39,41,41,39,36,30,24,16,9,4,1,0,0,0,0,0,0,0,0,0,4,20,22,22,21,20,19,16,15,15,17,18,19,22,23,21,18,14,10,7,6,8,15,22,27,33,39
-52,114,14,34,35,33,31,28,24,21,16,13,13,15,20,24,28,31,33,34,34,31,28,23,18,12,7,3,0,0,0,0,0,0,0,0,0,0,3,13,14,14,16,16,17,18,19,20,21,22,23,24,24,24,23,22,20,18,17,16,16,17,19,22,25
-79,114,14,39,36,32,28,24,18,12,9,10,14,17,21,27,31,33,34,35,33,33,31,26,19,13,10,7,1,0,0,0,0,0,0,0,0,0,5,20,19,20,19,17,15,15,14,14,15,17,19,20,19,18,17,14,11,7,6,9,15,22,28,33,36
-69,114,14,23,21,19,20,23,25,27,28,29,30,28,26,23,19,15,12,9,7,9,11,14,17,19,19,18,4,0,0,0,0,0,0,0,0,0,2,11,8,7,8,12,15,19,23,26,28,29,29,27,24,21,16,12,12,15,19,23,27,30,32,34,33
-83,114,14,33,34,36,37,32,28,25,22,19,19,18,16,18,18,19,19,17,16,17,15,11,10,10,10,11,3,0,0,0,0,0,0,0,0,0,3,12,12,10,8,8,7,12,20,22,22,25,27,29,28,26,21,18,16,10,8,9,8,8,14,20,27
-65,118,8,0,0,0,6,21,22,23,23,22,21,21,21,21,21,22,22,22,22,22,22,22,21,22,22,22,22,22,23,25,25,13,26,27,27,26,25,26,26,25,24,24,25,25,26,27,27,28,28,28,27,27,28,28,29,29,29,29,8,0,0,0,0
-64,163,8,0,0,0,5,18,18,19,19,18,17,17,16,16,16,17,17,16,16,15,16,16,15,15,16,16,17,17,18,19,19,10,22,22,22,22,23,24,24,24,24,25,26,25,26,28,29,30,31,30,31,31,32,33,33,33,33,33,8,0,0,0,0
-63,163,8,0,0,0,4,16,17,17,18,17,16,15,15,14,15,15,16,15,14,14,15,14,14,15,15,16,16,17,18,19,20,10,22,23,23,23,23,24,24,24,24,24,26,27,27,29,30,31,31,31,31,31,32,32,33,33,33,33,7,0,0,0,0
-64,163,8,0,0,0,4,17,17,18,18,16,15,16,16,16,15,16,16,16,15,15,16,15,15,16,16,16,17,18,19,20,20,11,22,23,24,24,24,24,25,26,25,24,26,26,25,29,31,33,32,31,31,32,33,32,33,35,34,33,8,0,0,0,0
-63,163,8,0,0,0,4,18,19,19,19,18,17,17,16,16,16,17,17,17,17,16,17,17,16,16,17,17,18,18,20,22,23,11,25,25,26,26,26,27,28,27,27,28,29,30,31,33,33,35,35,35,35,35,36,36,37,38,37,37,9,0,0,0,0
-88,114,14,12,11,8,7,5,2,1,5,7,6,8,10,10,8,7,10,12,10,6,4,4,4,6,7,6,1,0,0,0,0,0,0,0,0,0,1,4,3,4,5,5,9,13,14,16,18,17,16,15,15,13,11,8,4,2,0,3,7,9,13,18,22
-55,114,14,31,26,21,15,10,8,13,17,24,29,33,36,36,35,34,32,29,23,18,12,5,0,5,10,14,3,0,0,0,0,0,0,0,0,0,1,6,7,10,14,18,21,25,28,29,28,28,26,23,20,15,10,5,3,8,13,19,24,28,31,34,35
-77,114,14,38,39,37,33,30,25,18,13,7,4,11,18,23,28,32,35,37,36,34,30,25,19,13,8,7,2,0,0,0,0,0,0,0,0,0,4,20,20,17,13,12,11,13,17,21,23,26,28,29,28,26,25,21,14,9,4,3,10,17,23,29,34
-72,114,14,22,16,9,2,4,10,16,22,27,32,34,34,34,32,29,25,20,13,7,6,10,14,19,22,24,6,0,0,0,0,0,0,0,0,0,2,13,15,18,21,22,24,25,25,23,19,17,14,11,6,4,6,11,16,21,25,30,33,34,36,36,36
-86,114,14,19,23,23,19,20,24,26,30,31,29,27,24,19,15,11,7,9,9,9,9,10,9,10,10,12,4,0,0,0,0,0,0,0,0,0,2,8,9,9,9,10,11,13,12,8,10,16,16,15,16,17,16,18,16,14,14,16,17,15,13,14,18
-65,118,8,0,0,0,5,22,23,24,24,24,22,22,22,21,22,22,22,22,21,20,20,19,18,18,18,18,18,17,18,19,19,10,20,21,21,20,20,20,21,20,21,22,22,21,21,22,23,24,23,23,24,25,25,25,26,26,27,27,6,0,0,0,0
-63,43,1,0,0,0,5,21,21,23,22,21,21,22,22,21,21,22,23,22,21,21,21,21,20,21,20,21,21,23,24,25,24,12,26,27,27,27,26,27,27,26,25,25,27,27,27,28,28,29,30,29,28,28,28,29,29,30,29,28,6,0,0,0,0
-58,114,14,43,41,37,32,26,19,12,7,9,16,21,26,30,33,35,36,35,32,30,26,20,15,9,3,2,1,0,0,0,0,0,0,0,0,0,5,19,18,18,19,20,23,26,30,32,33,34,35,33,31,28,25,20,16,11,9,11,16,22,28,34,39
-81,114,14,36,32,30,28,27,24,20,16,13,14,15,18,23,27,32,38,42,43,41,37,33,26,18,13,12,3,0,0,0,0,0,0,0,0,0,5,22,24,24,20,15,10,5,5,9,14,18,20,21,22,23,23,18,13,8,3,5,10,15,22,29,31
-69,114,14,19,21,24,27,31,33,34,33,32,29,25,20,14,9,3,3,8,13,16,20,22,22,21,21,20,5,0,0,0,0,0,0,0,0,0,2,9,10,9,10,13,16,20,23,24,24,24,24,23,22,21,21,21,23,25,26,29,29,29,27,26,23
-85,114,14,17,19,21,20,22,26,27,26,26,27,24,22,19,15,13,11,10,9,9,10,11,11,12,12,10,2,0,0,0,0,0,0,0,0,0,2,10,11,10,11,15,18,17,16,18,18,15,14,14,13,15,17,15,15,15,17,18,18,17,16,15,17
-63,118,8,0,0,0,4,17,16,17,17,16,16,16,15,15,15,16,16,17,15,15,16,16,15,15,15,16,16,16,17,18,18,8,18,19,19,18,18,19,19,18,18,18,19,18,21,22,19,19,24,26,25,27,31,30,24,16,17,18,5,0,0,0,0
-62,43,1,0,0,0,6,23,24,25,25,24,23,22,22,22,22,23,24,24,23,23,24,23,21,21,22,22,22,22,23,25,25,13,25,26,26,26,25,26,26,27,27,27,27,26,27,28,29,30,31,30,30,30,30,30,30,31,31,31,8,0,0,0,0
-58,114,14,25,22,21,20,20,21,23,26,27,29,29,30,29,27,24,21,18,15,11,8,8,9,10,12,15,3,0,0,0,0,0,0,0,0,0,5,21,24,27,30,32,32,33,33,31,28,25,22,19,15,14,14,15,16,19,22,25,28,30,30,31,32
-79,114,14,36,35,33,29,24,20,15,11,7,7,12,17,23,29,33,37,39,39,39,36,29,22,15,8,5,1,0,0,0,0,0,0,0,0,0,4,20,21,21,21,20,18,17,15,14,16,19,21,22,23,22,21,19,16,13,10,7,11,16,21,28,34
-72,114,14,24,22,22,23,26,29,31,32,32,33,31,28,25,20,16,12,9,9,15,19,23,25,27,27,27,6,0,0,0,0,0,0,0,0,0,4,18,15,11,6,5,10,17,23,27,29,32,34,33,29,26,23,20,17,15,18,23,26,28,32,34,36
-72,114,14,23,19,19,19,23,26,29,30,31,31,29,28,25,19,15,10,6,8,13,18,23,26,27,27,27,6,0,0,0,0,0,0,0,0,0,5,18,13,10,3,4,10,17,23,28,31,32,32,31,29,25,21,18,15,15,18,22,26,29,31,33,33
-63,118,8,0,0,0,5,20,20,21,21,19,18,18,18,17,18,18,19,18,17,17,18,18,17,17,18,18,18,18,20,21,22,11,22,23,23,23,23,24,24,24,23,23,25,25,26,27,28,29,29,29,29,29,29,29,29,30,29,28,7,0,0,0,0
-61,43,1,0,0,0,5,20,20,22,21,20,20,20,20,20,21,22,23,22,22,22,22,21,21,21,21,21,21,21,22,24,24,11,24,24,24,23,23,22,22,22,21,21,22,21,21,22,22,23,23,22,21,21,21,21,22,22,21,20,5,0,0,0,0
-56,114,14,33,30,26,22,18,15,13,13,16,20,24,27,28,29,30,30,28,26,22,18,13,10,7,8,10,3,0,0,0,0,0,0,0,0,0,4,14,15,16,18,21,24,27,29,31,31,30,30,28,25,22,18,15,11,11,12,16,20,24,27,31,34
-79,114,14,38,37,31,25,22,19,18,15,14,17,19,23,29,32,35,39,41,42,40,37,32,24,17,10,7,2,0,0,0,0,0,0,0,0,0,4,13,13,11,10,9,9,11,13,15,17,19,23,22,21,20,20,16,12,7,3,3,11,19,25,30,33
-56,114,14,33,31,27,23,19,15,12,13,16,19,23,26,29,30,31,31,29,27,24,19,15,11,7,8,10,3,0,0,0,0,0,0,0,0,0,4,14,14,16,18,21,24,27,30,32,31,31,30,28,25,21,17,14,11,10,11,15,19,24,28,31,34
-71,114,14,13,7,8,15,22,28,32,35,37,36,35,31,27,21,14,7,5,9,15,19,23,25,26,27,27,7,0,0,0,0,0,0,0,0,0,3,11,12,14,15,18,21,23,25,25,26,25,24,23,21,20,17,16,15,16,19,24,28,30,32,32,32
-85,114,14,25,25,25,26,26,22,19,19,19,18,16,13,12,10,12,14,15,13,12,13,12,11,12,12,11,2,0,0,0,0,0,0,0,0,0,2,10,12,13,13,15,16,17,19,19,16,16,20,21,20,21,22,19,15,12,10,12,14,12,13,18,22
-66,118,8,0,0,0,6,25,26,27,28,27,26,27,26,26,26,28,28,27,26,25,25,24,22,21,22,22,22,22,22,23,23,11,22,23,23,22,21,21,21,21,20,20,20,19,19,20,21,22,21,20,19,21,21,21,21,21,20,21,4,0,0,0,0
-63,43,1,0,0,0,5,23,23,24,24,23,22,22,21,21,22,22,22,22,20,20,20,20,19,18,19,19,18,18,19,20,20,10,21,22,23,22,23,24,24,23,23,25,25,25,25,26,27,28,29,29,28,28,29,29,30,30,30,30,7,0,0,0,0
-52,114,14,35,35,32,30,25,21,14,9,6,9,15,21,27,30,33,34,35,33,31,26,21,15,9,4,1,1,0,0,0,0,0,0,0,0,0,3,12,12,11,10,8,8,10,13,16,17,19,22,23,23,22,20,18,14,11,8,7,9,13,18,24,27
-78,114,14,33,34,33,32,29,25,21,16,11,9,11,16,22,26,29,32,34,35,35,33,30,25,19,14,9,2,0,0,0,0,0,0,0,0,0,5,23,23,21,19,16,12,6,1,7,11,16,20,24,26,27,26,23,19,15,12,6,1,7,13,19,25
-71,114,14,18,21,24,26,27,27,26,23,20,16,12,7,4,5,9,13,16,18,20,21,20,19,17,15,14,4,0,0,0,0,0,0,0,0,0,2,8,5,5,8,14,18,22,25,27,28,29,28,27,25,22,20,16,13,14,15,17,19,19,20,19,17
-86,114,14,22,24,24,23,25,26,26,25,24,21,21,19,17,14,11,11,10,6,5,9,12,10,9,12,17,5,0,0,0,0,0,0,0,0,0,3,12,10,10,11,11,10,8,10,12,15,17,16,15,16,17,14,9,7,8,11,12,11,10,10,12,14
-71,114,14,24,27,29,32,34,34,33,31,26,21,16,10,6,6,10,16,20,24,26,26,25,25,22,19,17,4,0,0,0,0,0,0,0,0,0,2,8,5,6,10,16,21,26,31,34,35,35,35,34,31,28,26,21,18,17,19,21,23,23,24,24,24
-62,118,8,0,0,0,5,21,21,21,21,21,20,20,19,19,19,20,20,20,19,19,20,19,18,19,18,18,18,18,19,21,21,10,21,22,22,22,21,22,22,22,21,21,22,22,23,24,24,25,25,25,25,25,25,25,25,26,26,26,6,0,0,0,0
-63,163,8,0,0,0,5,21,22,23,23,21,21,21,20,20,21,22,22,22,21,20,21,20,20,20,20,20,20,20,21,22,23,12,24,25,25,24,24,24,25,24,23,23,24,24,24,25,25,26,26,25,25,25,25,26,26,26,26,26,6,0,0,0,0
-64,43,1,0,0,0,5,17,17,18,18,17,17,17,17,17,17,18,18,18,18,18,19,18,17,18,18,19,19,19,19,21,22,11,23,24,24,22,22,24,23,23,23,24,24,23,24,24,25,26,26,25,25,26,26,26,26,26,26,26,7,0,0,0,0
-51,114,14,38,38,36,33,29,25,19,14,8,7,10,16,21,25,30,33,35,34,33,29,25,20,15,9,5,1,0,0,0,0,0,0,0,0,0,4,19,19,18,17,15,14,14,16,18,21,25,27,29,29,29,28,25,21,17,14,11,12,14,18,24,28
-77,114,14,40,41,37,32,29,25,20,14,7,1,6,12,17,22,27,30,31,30,31,29,26,22,16,12,8,1,0,0,0,0,0,0,0,0,0,5,23,23,22,19,15,12,11,11,13,17,22,26,29,29,29,29,28,24,19,12,7,8,14,20,25,28
-72,114,14,19,19,20,22,24,26,26,26,24,23,20,18,16,15,14,15,16,18,20,21,22,21,20,19,17,4,0,0,0,0,0,0,0,0,0,5,20,20,20,20,20,21,21,20,20,21,22,24,24,24,23,23,21,19,20,22,24,23,23,25,25,25
-84,114,14,19,31,28,29,34,33,27,26,26,24,23,21,15,8,5,8,9,12,15,18,18,18,18,15,13,3,0,0,0,0,0,0,0,0,0,1,1,4,11,12,16,23,26,25,29,32,30,26,22,20,20,22,22,18,15,13,14,17,17,15,14,17
-69,118,8,0,0,0,9,35,34,35,34,30,28,27,25,24,22,21,21,18,16,14,13,11,10,10,10,10,10,10,12,13,14,8,17,18,19,19,20,20,22,22,22,23,24,24,25,26,27,28,29,28,28,29,30,30,30,30,30,29,8,0,0,0,0
-65,163,8,0,0,0,5,21,22,22,23,22,21,21,22,22,22,23,23,23,22,21,22,22,21,21,21,21,21,21,21,23,23,12,25,25,25,24,24,25,25,25,25,27,26,26,26,27,28,29,29,27,28,28,29,29,30,30,29,29,7,0,0,0,0
-65,43,1,0,0,0,6,23,23,24,23,21,21,20,20,19,19,20,20,18,17,17,17,17,16,17,18,18,18,19,21,23,23,12,24,25,25,25,26,27,27,26,25,25,26,27,28,29,30,31,31,30,30,30,30,30,30,31,31,29,8,0,0,0,0
-55,114,14,31,26,20,13,6,3,9,16,22,28,34,37,39,39,39,38,35,30,25,20,13,7,3,7,11,4,0,0,0,0,0,0,0,0,0,2,8,8,11,15,19,23,27,30,31,30,29,28,25,20,14,8,4,6,13,20,26,30,33,35,38,40
-80,114,14,30,31,30,29,27,25,22,17,11,5,2,12,20,26,31,35,37,36,35,33,29,24,18,13,10,2,0,0,0,0,0,0,0,0,0,6,27,26,24,21,17,13,11,12,15,18,21,24,25,24,23,23,21,16,9,5,5,10,14,18,23,30
-70,114,14,13,7,9,13,20,24,28,30,31,31,30,26,23,18,14,10,8,11,13,16,18,18,19,19,19,5,0,0,0,0,0,0,0,0,0,1,5,3,3,8,13,18,23,27,29,31,30,29,24,19,13,5,2,10,18,25,31,35,38,37,36,35
-84,114,14,18,18,15,18,24,28,29,30,32,33,32,30,27,23,19,15,11,9,8,9,11,13,15,16,16,5,0,0,0,0,0,0,0,0,0,2,15,18,19,20,20,16,13,12,12,13,12,13,15,16,17,16,18,22,26,28,26,20,20,21,17,16
-63,118,8,0,0,0,5,22,22,24,23,22,21,21,21,20,21,22,22,21,21,20,21,21,20,20,21,21,21,21,22,24,24,12,26,27,27,26,26,27,27,26,26,27,28,27,28,29,29,30,30,30,29,29,30,30,31,31,31,31,7,0,0,0,0
-64,163,8,0,0,0,5,24,24,25,25,23,22,22,20,20,22,23,23,22,21,21,23,22,21,22,22,22,23,23,25,26,26,13,28,29,29,29,28,29,29,28,27,27,29,29,30,30,31,33,33,33,32,32,33,34,34,35,34,33,8,0,0,0,0
-64,163,8,0,0,0,5,19,20,20,20,19,19,18,18,18,18,18,19,18,18,17,17,18,17,18,18,18,18,18,19,21,22,11,23,23,23,23,23,23,23,23,23,23,24,24,23,25,26,26,27,27,26,26,27,27,27,28,28,28,8,0,0,0,0
-63,43,1,0,0,0,5,20,20,21,21,20,19,19,19,19,19,20,20,19,19,18,19,18,18,18,18,18,18,18,18,20,21,11,21,22,23,22,22,23,22,22,23,23,23,23,23,23,24,25,24,24,24,24,24,24,24,24,23,23,5,0,0,0,0
-57,114,14,23,23,22,22,22,24,25,27,29,30,31,30,30,30,30,30,28,25,23,20,18,16,14,15,17,5,0,0,0,0,0,0,0,0,0,2,10,11,14,16,17,18,19,19,19,17,15,12,9,7,6,8,10,13,16,19,21,23,24,24,25,25
-84,114,14,22,30,30,33,39,36,28,25,31,37,34,33,37,35,29,23,20,18,16,14,9,4,12,18,10,0,0,0,0,0,0,0,0,0,0,4,14,14,15,10,10,12,9,8,16,20,20,19,18,15,17,18,19,23,28,25,26,28,24,22,19,17
-72,114,14,30,24,19,17,17,19,23,26,30,34,35,35,34,30,25,21,15,11,8,10,14,18,20,21,21,5,0,0,0,0,0,0,0,0,0,5,18,15,11,8,8,10,16,22,26,29,31,30,29,27,24,19,13,10,12,18,24,30,34,38,41,43
-84,114,14,22,25,25,27,29,28,29,32,34,36,35,33,30,26,22,19,14,12,12,11,12,13,13,14,15,4,0,0,0,0,0,0,0,0,0,7,25,20,18,19,17,13,11,11,9,7,9,11,14,17,18,20,22,22,22,22,22,24,26,28,27,26
-62,118,8,0,0,0,6,24,24,25,25,23,23,22,22,22,22,22,23,22,21,20,21,21,20,20,21,21,22,21,22,24,25,12,26,26,26,27,25,26,27,26,26,27,27,26,26,28,29,29,29,28,28,28,28,27,27,27,26,26,6,0,0,0,0
-63,163,8,0,0,0,5,18,18,19,19,17,17,16,16,16,16,16,16,16,15,16,16,17,15,15,16,17,17,18,18,19,20,10,21,23,23,21,20,21,23,23,23,24,24,23,24,25,25,26,27,26,26,25,27,27,27,27,27,27,7,0,0,0,0
-62,43,1,0,0,0,5,22,22,23,23,22,21,20,19,19,19,20,21,19,19,18,19,19,18,18,18,18,18,18,19,20,21,10,22,22,23,23,23,23,23,23,22,22,23,23,24,25,26,27,27,27,27,27,27,27,28,28,28,27,5,0,0,0,0
-56,114,14,18,15,13,13,16,19,23,27,30,34,35,36,36,34,32,31,28,24,20,16,13,10,9,12,14,3,0,0,0,0,0,0,0,0,0,2,7,9,11,14,16,18,20,20,20,18,16,13,10,6,1,4,8,12,16,21,23,25,26,27,27,27
-79,114,14,33,31,30,27,21,14,7,3,1,5,12,18,23,26,30,30,29,29,27,25,20,16,14,13,16,3,0,0,0,0,0,0,0,0,0,5,21,22,21,17,11,7,5,10,15,20,25,28,29,26,24,21,18,11,4,5,13,18,23,29,35,39
-68,114,14,28,19,12,7,8,13,18,22,27,31,32,32,30,28,24,20,15,8,3,3,7,11,13,17,19,5,0,0,0,0,0,0,0,0,0,3,8,6,3,5,10,14,19,24,27,29,29,30,28,25,19,13,5,3,12,20,27,34,39,42,45,45
-86,114,14,14,14,13,11,13,20,23,23,26,28,28,25,23,19,19,17,13,9,7,11,14,15,16,17,16,4,0,0,0,0,0,0,0,0,0,2,9,10,13,14,15,17,17,16,12,9,10,12,10,8,7,10,13,15,17,20,19,15,13,14,15,20
-62,118,8,0,0,0,4,20,20,21,21,20,19,20,20,20,20,20,21,20,19,19,20,20,19,18,18,19,19,19,20,21,21,10,22,23,23,23,22,23,23,23,23,23,24,24,24,25,26,26,26,26,26,26,26,26,27,27,27,26,6,0,0,0,0
-64,43,1,0,0,0,4,20,20,22,22,20,19,20,19,19,19,20,20,19,18,18,19,18,17,17,17,17,17,18,18,20,20,9,20,22,22,21,21,22,22,21,20,20,22,21,22,23,24,25,25,25,25,25,25,25,25,26,26,26,6,0,0,0,0
-64,163,8,26,26,25,25,25,25,25,24,25,25,24,25,25,26,27,27,26,26,26,26,26,24,26,25,25,6,0,0,0,0,0,0,0,0,0,5,16,17,17,18,18,17,18,18,18,19,20,20,20,20,20,20,19,19,19,19,20,20,20,21,22,23
-54,114,14,29,30,28,26,24,21,18,17,15,15,16,19,23,26,28,31,32,31,31,27,24,20,15,9,5,0,0,0,0,0,0,0,0,0,0,2,9,10,12,15,18,21,24,26,28,28,27,27,25,23,21,20,18,17,16,17,18,20,22,22,25,26
-80,114,14,34,31,28,23,20,17,13,11,12,16,20,24,23,24,27,30,31,29,26,23,19,13,8,5,7,2,0,0,0,0,0,0,0,0,0,5,23,23,22,18,14,11,12,15,17,19,24,28,29,27,26,24,21,16,9,1,5,13,20,27,32,35
-86,114,14,19,18,15,14,13,8,6,10,13,16,17,18,20,22,23,20,19,17,14,10,6,2,1,4,7,2,0,0,0,0,0,0,0,0,0,3,11,11,12,17,22,25,24,22,20,19,19,17,17,14,9,8,9,8,5,6,11,14,16,18,21,24
-69,114,14,39,39,37,37,35,34,32,30,26,23,20,15,10,6,6,9,13,18,22,24,26,26,26,24,23,6,0,0,0,0,0,0,0,0,0,2,7,6,7,10,13,18,22,26,29,31,32,33,32,30,27,24,21,17,13,12,14,17,21,25,30,32
-86,114,14,21,19,17,16,14,13,12,9,11,14,15,16,18,19,19,17,16,16,14,9,6,5,4,6,10,2,0,0,0,0,0,0,0,0,0,4,15,15,13,14,15,14,15,18,17,16,16,14,13,14,12,7,4,4,7,8,7,8,10,15,18,20
-66,118,8,0,0,0,7,28,29,30,30,28,26,26,24,24,24,24,24,22,21,21,21,19,18,18,18,18,18,19,19,21,22,11,22,22,22,22,21,22,23,22,20,19,21,22,22,24,25,26,27,27,27,27,27,28,29,30,31,31,8,0,0,0,0
-65,43,1,0,0,0,7,27,26,29,28,26,25,24,23,23,23,24,24,23,21,21,22,21,21,21,21,22,23,22,24,25,25,13,26,27,27,26,26,26,25,25,24,24,26,26,26,28,30,31,32,32,32,33,33,34,35,36,36,36,9,0,0,0,0
-78,114,14,32,32,28,26,26,24,20,13,5,5,9,16,21,23,27,26,27,26,26,27,25,20,16,12,9,2,0,0,0,0,0,0,0,0,0,5,24,25,26,23,18,15,15,13,14,20,27,30,31,33,30,22,18,19,16,10,10,19,24,26,29,31
-54,114,14,16,16,15,13,12,11,9,8,7,9,10,12,14,15,17,17,17,15,15,12,10,7,5,2,0,0,0,0,0,0,0,0,0,0,0,2,8,9,10,10,10,10,9,9,9,9,9,10,10,10,11,11,11,11,11,11,10,10,10,11,12,13
-79,114,14,33,32,31,27,23,18,13,9,6,5,8,13,18,21,25,30,32,33,32,29,25,21,17,13,12,3,0,0,0,0,0,0,0,0,0,7,26,26,23,20,18,16,15,14,16,18,22,26,28,28,27,24,20,18,13,7,8,14,20,25,31,34
-72,114,14,26,19,13,11,13,18,23,27,31,33,34,34,31,29,25,21,17,15,13,13,14,13,13,13,14,3,0,0,0,0,0,0,0,0,0,4,16,17,19,20,21,23,24,26,27,26,25,23,20,17,14,12,14,17,21,26,30,34,37,39,42,42
-85,114,14,18,17,17,17,18,20,20,19,21,24,25,25,26,26,23,18,16,14,11,8,6,6,7,11,13,3,0,0,0,0,0,0,0,0,0,3,14,15,14,13,12,11,11,12,14,15,13,12,12,10,8,7,8,8,8,10,13,13,11,11,12,14
-65,118,8,0,0,0,4,16,17,17,17,16,16,15,15,14,14,15,15,16,15,15,15,15,15,16,17,17,17,17,19,20,20,10,20,21,22,22,21,22,22,21,20,20,23,22,23,24,25,27,27,28,28,27,29,29,30,31,31,31,8,0,0,0,0
-66,43,1,0,0,0,6,24,24,25,25,23,23,24,23,23,23,23,25,24,23,23,23,21,20,21,20,21,21,20,21,21,21,10,21,20,20,20,19,18,18,18,17,18,18,18,18,19,20,21,22,22,22,22,23,23,24,25,26,26,7,0,0,0,0
-53,114,14,28,26,24,21,19,17,15,15,16,19,22,25,27,29,29,30,29,27,25,20,16,12,7,4,3,1,0,0,0,0,0,0,0,0,0,2,9,11,13,15,16,17,18,18,18,17,16,16,16,15,14,15,16,16,17,18,19,20,21,23,24,25
-79,114,14,38,40,37,32,27,22,18,12,7,8,11,17,22,26,29,30,31,31,31,29,23,18,13,8,1,1,0,0,0,0,0,0,0,0,0,6,23,23,25,24,20,16,13,12,13,16,18,21,23,25,25,22,21,18,13,7,5,10,16,21,27,27
-69,114,14,20,16,17,18,22,25,28,31,33,33,33,29,26,22,17,11,8,10,14,17,20,22,23,23,22,5,0,0,0,0,0,0,0,0,0,1,3,1,4,6,10,14,18,21,23,24,23,23,20,16,12,11,10,13,18,24,28,31,33,35,36,35
-69,114,14,21,18,18,18,22,26,30,33,35,35,34,31,27,22,15,11,9,11,15,20,22,24,24,24,24,5,0,0,0,0,0,0,0,0,0,1,6,3,1,6,10,15,20,23,26,27,27,25,22,18,15,11,10,12,18,24,29,32,35,36,36,37
-66,118,8,0,0,0,5,24,23,24,24,23,22,21,21,20,20,21,21,20,19,19,19,19,19,19,19,19,19,19,19,21,21,11,22,22,23,22,22,22,22,22,23,24,24,23,23,25,27,28,29,28,29,30,30,31,31,32,33,32,8,0,0,0,0
-64,43,1,0,0,0,4,14,14,15,16,15,15,15,16,16,17,19,19,19,19,19,20,20,20,20,21,21,21,22,23,25,25,13,25,26,26,26,25,26,26,26,26,28,28,26,27,28,29,30,31,30,30,31,31,32,32,33,32,32,8,0,0,0,0
-52,114,14,19,17,15,14,13,11,9,9,10,12,14,15,17,17,17,18,17,16,14,12,9,7,5,3,3,1,0,0,0,0,0,0,0,0,0,1,6,7,8,9,10,11,12,13,13,13,13,13,13,12,11,11,10,9,10,10,12,12,13,14,16,17
-78,114,14,39,36,34,31,27,22,16,12,8,8,12,18,25,30,32,34,34,35,34,31,27,23,17,12,9,3,0,0,0,0,0,0,0,0,0,4,21,21,21,18,15,14,14,17,20,20,21,24,27,26,24,20,17,13,7,2,9,16,22,27,33,38
-51,114,14,29,27,25,22,20,17,14,14,15,18,21,23,25,27,27,27,27,24,21,18,14,10,6,4,3,1,0,0,0,0,0,0,0,0,0,2,10,11,13,15,16,18,20,21,22,22,22,21,20,19,18,17,15,15,15,16,18,19,22,23,26,27
-78,114,14,40,38,35,30,27,23,18,13,8,6,11,18,23,27,30,33,36,36,31,28,25,22,17,12,9,2,0,0,0,0,0,0,0,0,0,6,23,22,22,20,17,15,13,14,17,20,23,25,25,24,22,20,17,13,5,3,10,18,24,28,33,36
-70,114,14,26,21,20,20,22,25,27,29,32,33,33,33,31,27,23,18,13,8,6,8,10,13,15,16,18,4,0,0,0,0,0,0,0,0,0,2,11,10,6,5,6,11,15,19,22,24,25,25,23,20,16,12,9,9,14,21,27,33,36,38,39,40
-84,114,14,29,31,33,33,31,30,32,31,29,27,23,18,19,20,18,19,22,21,17,14,16,15,12,11,12,2,0,0,0,0,0,0,0,0,0,5,23,21,19,20,21,18,13,10,10,14,17,17,16,18,21,20,17,20,22,20,15,14,15,16,17,23
-63,118,8,0,0,0,4,17,18,20,19,18,19,18,18,17,18,18,19,19,18,18,18,18,18,19,19,19,20,19,20,22,23,11,22,23,23,23,23,23,24,23,23,23,24,24,25,26,26,27,28,29,28,28,29,29,29,30,30,30,8,0,0,0,0
-65,163,8,0,0,0,5,21,21,22,22,21,20,21,21,21,21,22,22,21,21,21,22,22,21,21,21,22,22,22,23,24,24,13,25,26,25,23,23,23,23,22,22,21,22,21,21,21,22,22,22,23,22,22,22,22,23,23,23,22,6,0,0,0,0
-67,43,1,0,0,0,5,23,24,25,24,22,21,20,19,18,18,18,19,17,17,16,17,18,17,17,17,17,18,18,20,21,22,11,22,22,22,22,22,23,23,23,21,20,22,23,22,24,24,25,26,26,26,27,27,28,29,30,30,31,7,0,0,0,0
-52,114,14,30,29,28,27,25,22,20,17,17,17,19,22,24,26,28,29,29,28,26,24,21,17,12,8,6,2,0,0,0,0,0,0,0,0,0,4,14,15,16,17,18,18,20,20,21,20,21,21,22,21,21,22,21,20,19,20,20,20,21,22,24,26
-77,114,14,34,35,32,28,24,19,13,8,4,7,12,17,22,24,26,30,32,31,29,25,21,16,12,8,6,2,0,0,0,0,0,0,0,0,0,6,27,25,25,23,19,17,15,15,16,19,24,28,30,31,31,30,26,21,15,10,7,8,13,18,24,30
-70,114,14,30,25,20,17,17,19,22,25,29,32,34,32,31,28,25,20,14,10,8,9,12,14,16,18,19,5,0,0,0,0,0,0,0,0,0,2,7,5,3,4,8,13,18,22,25,28,29,29,28,25,22,17,11,7,8,14,21,27,33,36,39,39
-70,114,14,30,24,20,18,18,21,25,29,33,36,37,36,35,32,28,23,17,14,11,12,15,17,19,20,21,5,0,0,0,0,0,0,0,0,0,2,8,7,5,4,7,13,17,22,26,29,30,29,28,24,20,16,9,4,8,16,23,29,34,38,41,43
-65,118,8,0,0,0,4,14,15,16,16,15,15,15,15,16,16,17,18,17,17,17,17,17,18,18,18,18,19,19,19,21,21,11,22,23,23,23,22,22,22,22,24,25,25,23,24,25,27,28,29,28,28,28,29,29,30,30,30,30,8,0,0,0,0
-65,43,1,0,0,0,3,15,15,15,15,14,14,14,14,14,15,16,17,17,16,16,17,17,17,18,18,19,19,19,20,22,22,11,23,24,23,22,22,23,23,23,23,23,24,23,23,25,26,27,27,27,27,27,27,28,29,30,30,30,7,0,0,0,0
-54,114,14,27,27,27,25,23,20,17,14,13,14,16,19,24,26,28,30,30,29,27,24,20,16,11,6,2,0,0,0,0,0,0,0,0,0,0,3,11,13,14,15,16,16,17,17,16,15,16,16,17,16,17,18,18,17,17,17,17,17,17,18,20,21
-78,114,14,47,42,34,29,23,14,8,8,14,21,27,35,40,42,45,46,45,41,37,30,21,13,7,9,12,2,0,0,0,0,0,0,0,0,0,9,38,39,40,39,35,32,30,27,26,27,31,34,35,36,38,37,33,29,26,27,30,33,37,39,40,46
-71,114,14,26,27,28,28,28,27,25,22,19,15,10,7,3,2,5,8,11,14,15,16,15,15,14,14,13,3,0,0,0,0,0,0,0,0,0,3,10,8,6,9,14,19,24,28,31,31,32,32,30,27,23,20,17,14,14,16,19,21,22,23,23,24
-85,114,14,23,22,21,23,22,21,20,19,18,17,16,15,16,16,14,12,11,10,9,8,7,9,11,12,11,2,0,0,0,0,0,0,0,0,0,2,11,14,16,15,16,17,15,12,11,14,17,16,17,20,19,17,18,19,19,16,16,17,15,16,21,22
-65,118,8,0,0,0,4,16,17,17,17,16,16,16,16,16,17,18,18,18,18,18,21,20,20,21,21,22,23,23,24,27,27,14,29,29,28,28,27,28,28,27,28,29,29,28,28,30,31,32,32,31,31,31,32,32,33,34,34,34,9,0,0,0,0
-65,118,8,0,0,0,3,13,14,16,16,14,13,13,13,13,14,15,14,16,15,16,18,18,18,18,18,19,19,20,21,21,22,11,24,24,24,23,23,23,23,24,25,26,24,25,25,25,26,27,29,28,28,27,28,29,30,30,30,29,7,0,0,0,0
-68,163,8,0,0,0,5,20,20,20,19,17,16,16,15,14,13,13,12,12,12,12,13,15,15,15,16,17,18,19,20,22,23,11,24,25,25,25,24,25,26,25,23,23,25,26,26,28,29,30,31,31,31,31,33,34,35,36,35,35,9,0,0,0,0
-66,43,1,0,0,0,3,9,9,9,9,8,8,7,7,8,8,7,8,8,8,8,8,8,9,9,10,10,10,10,11,11,12,6,13,12,12,12,12,12,11,11,11,11,10,9,9,10,11,14,16,13,8,15,15,13,17,16,14,18,3,0,0,0,0
-54,114,14,29,30,29,27,25,22,19,16,15,16,18,21,24,27,28,29,30,29,27,24,19,15,11,7,4,1,0,0,0,0,0,0,0,0,0,2,11,13,14,15,15,15,16,16,15,15,15,16,16,17,18,18,18,18,18,17,17,17,18,19,21,23
-77,114,14,34,33,29,24,20,17,11,6,7,11,16,22,26,29,31,33,33,31,29,25,21,16,13,11,10,2,0,0,0,0,0,0,0,0,0,6,26,25,24,22,19,17,15,13,14,18,22,24,25,25,26,26,25,20,18,17,16,15,17,21,27,30
-70,114,14,13,8,9,13,17,23,25,27,29,29,28,26,23,19,16,14,10,9,9,11,13,13,13,13,14,3,0,0,0,0,0,0,0,0,0,3,16,18,19,21,22,23,25,25,23,21,18,15,11,8,6,10,15,20,24,29,33,35,35,36,35,34
-85,114,14,24,25,25,25,22,19,19,20,21,22,21,20,21,21,20,19,16,12,12,12,10,7,6,9,14,4,0,0,0,0,0,0,0,0,0,4,16,12,11,14,14,14,14,14,16,17,17,18,18,13,9,12,13,9,7,8,10,11,13,16,20,24
-70,114,14,15,9,8,13,19,23,27,30,31,31,30,28,25,21,18,16,13,10,9,11,13,14,16,15,15,4,0,0,0,0,0,0,0,0,0,5,19,20,22,24,26,27,29,29,29,26,24,20,15,9,7,8,13,19,25,30,33,36,38,39,37,35
-68,118,8,0,0,0,6,26,26,26,25,23,21,20,19,18,17,17,17,16,14,14,14,15,14,14,15,16,17,18,19,21,22,11,24,24,24,23,23,24,23,23,22,22,23,25,26,26,27,28,29,29,30,30,31,31,32,34,35,34,8,0,0,0,0
-68,118,8,0,0,0,7,25,25,25,24,22,21,20,19,18,17,17,17,16,15,14,14,14,14,14,14,16,17,17,18,20,21,11,22,23,24,22,21,22,22,23,24,25,25,24,24,26,26,27,27,27,27,28,29,30,31,31,31,32,8,0,0,0,0
-64,163,8,0,0,0,3,11,11,12,12,12,12,12,13,13,13,14,15,15,16,17,18,18,18,19,20,20,21,21,22,23,24,12,25,25,25,25,25,26,26,25,25,25,26,26,27,28,29,31,31,31,31,32,32,33,34,34,35,35,9,0,0,0,0
-71,43,1,0,0,0,7,30,30,29,28,26,24,22,21,20,20,18,18,17,16,15,14,12,12,12,12,13,13,13,15,15,16,8,17,17,17,16,17,17,17,17,18,18,19,18,19,20,21,22,23,23,24,25,27,28,30,31,31,30,7,0,0,0,0
-70,43,1,0,0,0,7,30,30,30,30,28,26,25,23,21,21,20,19,18,16,15,15,14,14,13,13,13,13,14,15,17,17,8,18,18,18,18,18,18,18,16,15,15,17,18,19,20,21,22,23,24,25,26,28,28,30,31,31,32,8,0,0,0,0
-53,114,14,21,21,20,19,18,16,14,13,12,12,13,15,16,18,19,20,20,20,19,17,14,11,8,5,3,1,0,0,0,0,0,0,0,0,0,2,9,10,12,13,13,13,13,13,13,12,12,12,12,13,13,14,15,14,14,14,14,13,13,14,15,16
-79,114,14,33,32,28,23,18,13,7,1,7,13,17,21,25,28,31,32,34,32,27,21,16,12,6,4,7,2,0,0,0,0,0,0,0,0,0,5,21,23,22,20,17,14,10,8,12,15,19,22,25,25,25,25,22,19,17,14,12,15,19,25,31,32
-54,114,14,16,16,15,14,14,12,11,9,8,9,9,11,13,14,15,16,17,15,15,13,10,8,6,4,2,1,0,0,0,0,0,0,0,0,0,2,8,8,9,10,10,10,10,11,11,10,10,10,11,11,11,12,12,12,12,12,11,11,10,10,12,13
-72,114,14,23,16,12,12,15,21,26,28,31,34,34,32,29,25,21,17,14,12,14,17,18,19,20,21,21,6,0,0,0,0,0,0,0,0,0,1,3,2,3,6,11,15,18,21,24,24,25,25,22,18,14,8,3,7,13,21,28,33,37,40,41,41
-85,114,14,27,25,22,22,22,20,18,16,15,14,14,15,15,13,12,13,11,8,7,4,4,6,6,5,4,2,0,0,0,0,0,0,0,0,0,3,15,15,17,21,18,14,16,18,18,21,21,19,22,25,23,19,15,14,15,11,9,10,13,14,15,16
-64,118,8,0,0,0,4,17,17,18,18,18,18,18,18,19,19,21,22,22,22,22,22,22,22,22,22,23,23,22,23,25,25,13,26,26,26,26,25,25,25,25,25,25,25,24,25,26,27,28,28,27,27,27,28,29,30,31,31,31,8,0,0,0,0
-66,43,1,0,0,0,3,12,12,12,12,11,11,12,12,12,12,13,14,13,14,15,17,18,17,18,19,20,20,20,22,24,24,12,26,26,27,26,26,27,27,27,26,28,28,28,29,30,31,33,33,32,32,33,34,35,35,37,37,36,8,0,0,0,0
-52,114,14,26,27,26,25,23,21,18,16,16,17,19,22,25,27,29,31,31,29,27,23,18,14,10,5,4,1,0,0,0,0,0,0,0,0,0,3,13,14,15,16,15,15,15,14,13,12,13,14,15,16,18,19,19,19,19,19,19,18,18,18,20,22
-80,114,14,34,32,29,25,21,14,8,5,8,14,21,25,28,30,31,32,33,32,30,26,21,14,8,3,7,2,0,0,0,0,0,0,0,0,0,5,25,24,24,22,18,14,10,4,6,10,14,18,20,22,23,21,20,18,14,10,9,10,15,22,29,31
-71,114,14,22,19,18,20,22,25,27,30,31,32,31,27,24,19,16,12,7,3,4,8,10,12,13,14,14,3,0,0,0,0,0,0,0,0,0,3,8,7,6,9,12,16,19,22,24,25,25,23,20,17,13,13,13,14,18,23,29,32,34,36,39,38
-85,114,14,25,25,26,24,21,20,19,21,21,21,18,16,19,18,15,12,10,9,8,7,6,7,7,7,7,1,0,0,0,0,0,0,0,0,0,4,15,16,15,15,17,16,14,17,21,25,26,24,24,25,24,19,13,13,15,12,12,12,14,18,24,27
-70,114,14,22,17,16,17,20,24,27,29,30,30,29,26,23,18,15,11,7,4,5,8,11,12,14,15,15,3,0,0,0,0,0,0,0,0,0,1,7,6,6,10,13,17,21,24,25,25,25,23,21,17,14,12,11,14,18,23,29,33,36,37,37,37
-66,118,8,0,0,0,4,16,16,16,16,14,13,13,13,13,12,13,14,14,13,14,15,15,15,15,16,16,17,18,20,21,22,11,22,23,23,22,22,23,24,24,24,25,26,25,26,28,29,30,31,31,31,32,32,33,34,35,35,35,9,0,0,0,0
-65,163,8,0,0,0,4,18,18,19,19,18,17,17,16,16,16,17,17,17,16,16,17,16,16,16,16,17,17,17,18,20,21,10,22,22,22,21,21,22,23,22,21,21,23,24,25,25,26,27,28,28,28,28,29,30,31,32,32,32,7,0,0,0,0
-66,163,8,0,0,0,5,24,24,25,26,24,24,23,23,22,23,23,24,23,21,22,23,22,22,22,23,23,22,21,23,23,24,11,23,24,24,23,23,23,23,22,20,20,22,22,21,23,24,24,25,24,24,24,24,25,26,27,27,27,6,0,0,0,0
-65,43,1,0,0,0,4,18,18,19,19,18,17,17,16,16,16,16,16,16,15,15,16,16,16,16,16,17,16,16,18,19,20,10,21,21,22,21,20,21,21,21,20,19,20,21,21,22,23,23,24,24,24,24,25,25,26,26,26,27,6,0,0,0,0
-65,43,1,0,0,0,4,18,18,19,19,18,17,17,16,16,16,17,17,16,16,15,16,16,15,15,15,16,16,17,18,19,20,10,20,21,21,21,20,21,21,20,20,20,21,20,21,22,23,24,24,23,23,24,24,25,25,26,26,28,6,0,0,0,0
-53,114,14,19,19,18,17,16,14,11,8,7,6,8,10,13,15,17,18,19,18,17,15,13,10,7,4,2,1,0,0,0,0,0,0,0,0,0,3,9,10,10,9,9,9,8,8,9,9,11,13,13,13,15,15,14,13,12,11,9,9,9,9,11,13
-79,114,14,32,32,30,27,23,19,14,8,8,10,13,19,23,26,29,33,34,32,29,25,21,15,10,5,1,0,0,0,0,0,0,0,0,0,0,5,21,22,21,17,13,10,9,8,12,15,20,24,24,25,25,22,19,15,9,7,2,5,12,17,21,24
-52,114,14,29,30,28,27,25,22,17,14,12,11,13,17,21,24,26,29,29,30,28,25,22,18,12,8,4,1,0,0,0,0,0,0,0,0,0,2,13,13,13,12,12,11,10,11,12,13,15,17,19,20,21,21,21,19,18,16,15,14,13,14,18,20
-78,114,14,35,34,30,27,22,17,11,6,4,10,16,22,28,31,33,35,34,32,27,23,18,12,5,1,4,1,0,0,0,0,0,0,0,0,0,6,24,26,25,21,17,14,11,10,13,17,21,24,24,25,25,23,20,16,12,8,3,7,14,21,27,31
-72,114,14,26,20,16,17,21,26,31,34,36,37,38,36,33,29,26,20,14,11,10,14,18,21,23,24,26,7,0,0,0,0,0,0,0,0,0,2,6,4,0,4,9,16,20,24,28,29,30,30,28,25,19,16,12,11,16,22,28,33,37,40,42,43
-86,114,14,21,20,18,16,17,19,20,20,21,20,19,19,17,16,15,13,13,11,8,6,6,6,7,9,12,3,0,0,0,0,0,0,0,0,0,2,10,12,12,12,15,16,13,12,11,14,16,17,18,18,19,19,17,17,16,14,14,15,15,18,20,22
-65,118,8,0,0,0,5,21,22,23,23,21,20,21,20,20,20,20,20,20,19,19,20,19,19,19,19,19,19,19,20,22,22,12,23,23,24,23,23,23,23,23,23,25,25,23,24,25,26,27,27,27,27,27,27,28,28,29,29,29,8,0,0,0,0
-65,163,8,0,0,0,5,18,19,20,20,20,20,19,18,17,18,20,20,20,19,19,20,19,18,18,18,20,20,19,21,23,23,12,25,25,25,24,25,25,25,25,25,26,26,25,26,27,28,30,30,29,30,31,31,32,33,33,33,33,8,0,0,0,0
-64,43,1,0,0,0,2,10,10,12,13,12,12,11,11,12,12,13,13,13,13,13,14,14,14,14,14,14,14,14,14,16,16,8,16,16,16,16,16,15,16,15,15,16,16,16,16,17,17,17,17,17,17,17,17,17,17,18,18,18,4,0,0,0,0
-52,114,14,21,22,21,19,18,16,13,11,8,8,10,13,16,18,20,22,22,22,20,18,14,12,8,4,2,0,0,0,0,0,0,0,0,0,0,3,10,10,10,9,9,8,8,8,9,9,11,13,13,14,16,16,15,14,13,12,10,10,9,10,12,14
-80,114,14,37,38,35,28,22,17,13,7,6,11,17,22,25,27,30,31,32,31,28,24,17,10,3,3,6,2,0,0,0,0,0,0,0,0,0,7,31,32,31,29,24,19,14,10,8,13,19,22,25,25,24,23,21,16,11,7,7,11,15,22,31,37
-85,114,14,29,30,27,23,20,20,22,25,23,18,18,19,17,13,12,11,10,9,12,8,2,6,12,14,11,3,0,0,0,0,0,0,0,0,0,4,16,19,19,22,22,19,21,25,22,18,19,23,25,24,20,20,16,12,13,16,18,19,18,20,25,28
-71,114,14,33,32,31,31,29,25,22,18,15,12,10,8,8,10,13,15,17,18,19,19,19,18,16,14,13,3,0,0,0,0,0,0,0,0,0,3,11,6,5,11,17,23,29,33,36,38,39,39,37,35,33,32,29,25,21,19,19,21,22,24,26,28
-64,118,8,0,0,0,5,19,20,20,20,19,18,18,18,17,17,18,19,18,17,17,18,18,18,18,18,19,19,19,20,22,23,12,24,24,24,24,24,25,25,25,26,27,27,26,27,28,29,30,31,31,31,31,31,32,33,34,33,33,9,0,0,0,0
-61,163,8,0,0,0,4,18,18,19,19,19,18,18,18,18,18,20,20,20,19,19,21,21,20,20,21,21,22,22,23,25,25,13,27,27,28,27,26,27,26,27,27,27,28,28,28,30,30,31,31,31,31,31,31,31,31,32,32,33,8,0,0,0,0
-61,163,8,0,0,0,3,14,15,16,17,16,15,15,15,15,15,16,17,17,16,16,17,16,16,17,18,18,18,18,19,21,22,11,21,23,23,21,21,21,22,22,22,23,23,24,24,24,25,26,26,25,26,25,26,26,26,26,26,26,6,0,0,0,0
-62,163,8,0,0,0,7,25,26,27,28,27,26,25,25,25,25,26,26,26,26,24,25,25,24,24,24,24,24,23,24,26,27,13,27,27,27,27,26,26,26,25,25,25,26,25,25,26,26,26,27,27,26,25,26,26,26,27,26,26,7,0,0,0,0
-63,43,1,0,0,0,4,16,16,18,18,17,16,16,16,17,18,18,19,19,18,19,19,20,19,19,19,20,21,21,22,23,24,12,25,26,26,26,25,25,26,26,27,28,28,27,28,29,31,32,32,31,31,32,32,34,34,35,34,34,8,0,0,0,0
-63,163,8,27,27,27,27,28,28,28,27,26,27,29,29,30,30,31,31,30,29,29,30,29,29,29,29,28,7,0,0,0,0,0,0,0,0,0,3,11,11,12,13,13,13,14,14,15,15,16,16,17,16,16,18,18,19,19,20,20,20,21,22,24,25
-53,114,14,20,20,19,18,17,15,14,12,12,12,14,15,18,19,20,21,21,20,18,16,13,10,7,3,2,0,0,0,0,0,0,0,0,0,0,2,10,11,12,13,13,13,13,13,13,12,12,11,12,12,13,14,15,15,15,15,15,15,15,15,16,17
-78,114,14,33,33,29,24,20,12,7,4,6,10,17,22,25,28,31,32,30,29,27,23,19,14,9,4,0,1,0,0,0,0,0,0,0,0,0,4,21,22,21,20,18,16,14,12,10,13,14,17,19,19,19,19,18,16,16,15,15,15,19,24,28,29
-72,114,14,13,17,20,24,26,27,27,26,25,22,19,17,15,13,12,11,11,12,12,13,14,14,14,14,15,4,0,0,0,0,0,0,0,0,0,6,24,25,26,26,24,22,21,18,14,10,9,11,15,18,21,24,25,27,28,29,30,29,27,24,21,18
-86,114,14,21,23,24,24,22,22,24,25,22,22,24,22,20,19,16,13,13,10,7,8,7,7,12,16,15,4,0,0,0,0,0,0,0,0,0,3,14,17,18,20,21,19,19,19,21,23,23,23,21,16,14,14,14,14,10,5,7,12,15,17,18,20
-63,118,8,0,0,0,4,15,16,16,16,15,15,15,15,15,15,15,15,15,14,14,16,16,15,15,16,17,17,17,18,20,20,11,22,22,21,20,21,22,23,22,21,22,23,23,23,25,26,27,27,27,27,27,27,27,28,29,28,28,7,0,0,0,0
-65,163,8,0,0,0,4,17,18,18,18,18,17,17,17,17,17,17,17,17,17,17,17,16,16,16,16,16,16,17,17,19,20,10,20,21,21,21,20,21,21,21,21,22,23,22,22,23,24,25,26,25,25,25,26,27,28,28,28,28,7,0,0,0,0
-66,43,1,0,0,0,5,18,19,19,19,18,18,17,16,16,17,17,18,18,17,17,18,18,18,18,18,19,20,20,21,23,22,12,24,25,26,25,23,24,24,24,23,22,24,24,25,26,27,28,28,28,27,28,28,29,30,31,30,30,7,0,0,0,0
-52,114,14,18,17,16,16,13,12,9,7,7,8,11,13,15,16,18,19,18,17,16,14,11,8,5,2,1,1,0,0,0,0,0,0,0,0,0,2,7,7,8,8,7,8,8,8,9,9,10,11,11,12,12,12,12,11,10,10,9,9,10,11,12,13
-77,114,14,32,33,29,25,21,16,10,5,4,12,17,21,24,27,31,34,35,33,30,27,22,17,11,6,5,1,0,0,0,0,0,0,0,0,0,7,27,26,24,21,17,12,8,7,10,15,18,21,24,26,24,21,18,15,12,8,7,11,14,19,25,29
-71,114,14,35,27,19,12,9,12,18,23,29,33,35,37,35,33,30,26,20,15,11,10,12,15,18,21,23,5,0,0,0,0,0,0,0,0,0,3,10,8,5,6,8,12,17,21,25,28,31,33,32,29,25,20,14,7,2,12,21,29,35,40,43,45
-86,114,14,20,20,14,12,13,14,15,16,15,13,14,16,15,13,12,10,10,7,7,6,5,6,6,7,8,1,0,0,0,0,0,0,0,0,0,4,13,11,11,10,9,12,16,17,18,19,19,19,19,17,14,13,13,10,7,7,10,15,16,14,12,10
-65,118,8,0,0,0,5,24,25,26,26,24,23,23,22,22,22,22,22,21,20,19,19,19,18,18,18,18,18,17,18,20,21,10,20,20,20,19,19,20,20,19,19,19,20,20,20,20,21,21,22,21,21,21,21,21,21,23,23,23,5,0,0,0,0
-70,163,8,0,0,0,3,10,9,8,7,6,6,6,6,6,7,8,10,10,10,11,13,14,14,15,16,17,18,18,19,21,22,11,23,24,24,25,23,23,24,24,26,28,27,25,26,27,28,30,31,30,30,30,31,32,33,33,33,34,8,0,0,0,0
-74,43,1,0,0,0,8,34,33,33,32,30,28,26,23,22,21,21,20,18,16,15,15,14,12,12,11,11,12,13,13,13,13,7,13,14,14,13,13,14,15,15,19,21,20,19,20,22,23,24,26,25,26,28,30,32,33,33,34,34,8,0,0,0,0
-53,114,14,19,19,18,17,16,15,13,12,10,10,12,13,15,16,18,19,19,18,18,16,13,11,8,5,2,1,0,0,0,0,0,0,0,0,0,2,8,9,10,10,11,11,11,10,10,10,10,11,12,11,12,13,13,13,13,13,13,13,13,13,14,14
-88,114,14,24,23,19,16,16,15,13,12,11,10,11,15,17,16,14,14,13,11,11,9,8,6,5,7,8,2,0,0,0,0,0,0,0,0,0,1,6,7,8,11,18,23,20,22,29,29,21,18,19,16,14,12,5,2,4,7,10,13,16,18,20,22
-72,114,14,22,21,23,27,30,32,32,32,31,30,28,24,21,18,14,9,5,7,10,14,17,19,20,21,21,5,0,0,0,0,0,0,0,0,0,2,7,5,6,10,15,20,23,26,27,28,27,27,25,22,18,16,14,14,16,21,26,29,32,32,33,33
-88,114,14,26,23,20,19,19,18,16,12,11,10,7,7,8,10,11,9,8,8,7,6,5,4,4,3,5,2,0,0,0,0,0,0,0,0,0,3,10,8,6,9,13,13,13,13,16,19,19,18,14,13,16,14,10,3,1,2,4,5,10,16,19,20
-64,118,8,0,0,0,4,18,19,20,20,19,19,20,19,18,20,20,21,21,20,21,22,21,20,21,21,22,23,23,23,25,26,13,26,26,26,26,25,25,25,25,25,25,25,24,25,25,26,26,26,26,26,26,26,26,26,27,27,27,6,0,0,0,0
-64,163,8,0,0,0,6,21,21,22,22,21,20,20,20,20,21,21,21,21,20,20,21,21,21,21,21,21,22,22,23,24,25,13,25,26,26,25,25,25,25,25,25,26,26,24,24,25,27,27,28,26,26,26,26,27,28,29,29,29,8,0,0,0,0
-64,163,8,0,0,0,5,20,21,22,22,21,21,20,20,20,21,21,22,21,21,20,21,21,21,21,21,23,23,23,23,25,25,12,26,26,27,26,26,25,26,24,24,24,25,25,25,26,27,28,28,27,27,27,27,28,29,29,29,29,7,0,0,0,0
-64,43,1,0,0,0,6,24,24,25,25,25,24,24,23,23,24,24,25,25,23,23,24,24,23,23,23,23,23,23,24,26,26,13,26,26,26,25,24,25,25,24,23,23,24,23,23,24,24,25,25,25,25,24,24,25,25,26,26,26,6,0,0,0,0
-50,114,14,28,29,28,26,24,22,19,17,15,14,17,20,23,25,27,29,29,28,26,22,18,14,10,5,4,1,0,0,0,0,0,0,0,0,0,3,14,15,15,15,14,14,13,13,13,15,17,19,21,22,23,23,23,22,20,19,18,17,16,17,20,21
-79,114,14,35,33,29,26,22,16,9,4,3,8,13,17,23,28,33,35,37,36,34,29,24,20,15,9,6,1,0,0,0,0,0,0,0,0,0,5,21,22,21,19,15,11,9,10,12,14,17,20,21,21,20,18,16,13,10,8,7,11,19,24,29,32
-51,114,14,19,19,18,18,17,15,13,11,9,10,10,12,13,16,17,18,19,18,16,14,12,9,7,4,3,0,0,0,0,0,0,0,0,0,0,2,9,10,10,9,9,8,8,8,8,10,11,13,14,14,15,15,15,14,13,12,11,11,10,11,11,13
-78,114,14,66,62,55,48,42,31,17,13,30,23,23,36,46,54,59,65,66,64,60,55,47,38,27,18,13,3,0,0,0,0,0,0,0,0,0,10,40,37,36,30,23,19,15,19,24,28,33,40,41,40,41,37,31,25,18,13,14,21,32,42,51,56
-74,114,14,17,10,5,7,14,21,27,33,38,41,42,42,40,34,30,23,16,8,5,12,19,25,29,32,34,8,0,0,0,0,0,0,0,0,0,3,13,15,15,15,17,19,19,19,17,15,14,12,11,9,7,7,7,9,12,16,19,22,27,30,30,31
-85,114,14,21,22,23,23,23,23,24,25,25,23,20,17,16,16,16,15,14,14,9,5,9,11,10,10,11,3,0,0,0,0,0,0,0,0,0,6,21,21,25,25,24,22,22,22,22,20,16,14,14,14,15,14,12,11,12,14,14,13,14,16,17,18
-64,118,8,0,0,0,5,18,19,19,19,18,17,17,17,16,16,18,18,17,17,17,18,19,18,19,20,20,21,21,23,25,24,12,26,26,27,26,27,27,27,27,29,30,29,28,28,30,31,32,33,32,33,32,33,34,35,35,35,35,8,0,0,0,0
-65,163,8,0,0,0,4,18,18,19,18,18,17,18,17,17,18,18,18,17,16,16,17,17,17,17,18,18,19,19,20,22,22,11,23,23,23,23,23,24,24,23,22,22,23,24,25,26,28,28,29,28,29,29,30,30,30,31,31,32,8,0,0,0,0
-65,163,8,0,0,0,4,17,18,19,19,19,18,18,17,17,17,18,19,18,17,17,18,17,17,18,18,18,19,19,20,21,23,11,23,23,23,23,23,24,24,24,23,23,25,24,25,26,27,29,30,29,29,29,30,31,32,32,32,32,8,0,0,0,0
-65,43,1,0,0,0,4,18,18,20,20,19,18,18,17,18,18,18,18,18,17,16,16,16,16,17,17,18,18,18,19,21,21,10,22,23,24,23,23,23,22,23,22,23,23,24,24,26,26,27,27,27,28,28,28,28,29,30,30,31,7,0,0,0,0
-52,114,14,18,18,18,17,16,15,13,12,11,10,11,12,13,15,17,17,18,17,17,15,13,10,8,5,4,1,0,0,0,0,0,0,0,0,0,2,8,9,9,9,8,8,8,8,7,7,9,10,12,12,13,14,14,14,13,12,12,11,11,10,11,12
-84,114,14,22,25,24,24,25,27,26,23,21,21,19,16,17,15,13,12,13,13,12,12,14,16,15,13,13,3,0,0,0,0,0,0,0,0,0,5,20,21,22,22,23,23,20,19,20,21,22,24,22,19,19,20,20,21,18,15,14,17,16,15,16,19
-71,114,14,25,23,23,23,23,25,24,23,24,21,19,17,15,15,14,15,16,18,20,22,22,22,21,20,19,5,0,0,0,0,0,0,0,0,0,4,15,11,7,7,11,16,23,29,32,34,35,36,35,32,29,25,19,15,15,18,23,29,32,34,35,34
-64,118,8,0,0,0,4,17,17,18,18,18,18,18,18,18,19,19,20,21,20,20,21,22,22,22,21,22,23,23,24,26,26,13,26,27,27,26,26,27,27,26,25,25,26,26,27,28,28,29,29,28,28,28,29,29,31,31,31,31,8,0,0,0,0
-64,43,1,0,0,0,2,8,8,9,10,10,10,11,11,10,11,12,13,13,13,13,15,15,15,17,17,17,18,18,20,21,22,10,22,23,23,23,23,24,24,23,22,21,24,23,23,25,26,27,28,27,27,27,28,28,29,29,30,30,7,0,0,0,0
-53,114,14,16,16,15,14,13,13,11,9,9,10,11,12,14,15,16,18,18,18,17,14,12,9,6,4,2,1,0,0,0,0,0,0,0,0,0,2,8,9,9,9,9,9,9,9,8,7,7,7,9,9,10,12,12,12,12,12,12,11,10,10,11,12
-79,114,14,37,36,33,27,23,17,11,6,1,8,15,22,28,33,37,39,37,34,31,27,21,16,11,6,6,1,0,0,0,0,0,0,0,0,0,7,27,26,25,22,17,13,11,9,12,16,20,22,23,22,21,19,16,13,8,3,7,13,19,24,29,33
-72,114,14,17,8,6,11,17,21,25,28,29,29,29,28,27,23,20,17,12,9,7,8,11,12,14,16,17,5,0,0,0,0,0,0,0,0,0,5,16,15,15,18,22,26,30,33,35,34,32,29,24,18,12,6,8,15,24,31,37,41,43,44,43,41
-86,114,14,24,22,20,21,19,17,19,21,20,18,16,15,16,15,14,15,13,11,11,11,10,11,12,15,18,5,0,0,0,0,0,0,0,0,0,4,16,19,24,25,22,19,21,25,26,24,22,22,21,18,17,15,13,13,15,16,16,17,18,19,20,23
-64,118,8,0,0,0,5,24,25,26,26,25,25,25,24,23,24,25,25,25,23,23,23,23,22,23,22,22,22,21,22,24,25,11,23,24,24,23,22,22,22,21,20,19,21,21,20,20,21,21,21,21,20,20,20,20,22,22,22,21,5,0,0,0,0
-65,43,1,0,0,0,4,17,17,17,18,17,16,16,15,16,16,17,17,17,17,16,17,17,17,17,17,18,18,18,20,22,22,11,23,23,24,23,23,24,23,23,23,22,24,24,25,25,26,27,27,27,27,28,28,28,28,30,30,30,7,0,0,0,0
-78,114,14,35,33,31,27,22,18,13,7,2,6,13,21,28,33,38,39,38,38,36,32,27,21,14,9,6,1,0,0,0,0,0,0,0,0,0,5,22,24,24,21,16,11,9,9,11,14,20,23,24,22,21,19,16,13,10,9,11,13,18,23,28,29
-52,114,14,18,18,18,17,16,14,13,11,10,10,10,11,13,15,16,18,17,17,16,15,12,9,6,4,2,0,0,0,0,0,0,0,0,0,0,3,9,9,10,10,9,9,9,8,8,8,9,10,12,12,13,14,14,13,13,12,12,11,10,10,11,12
-77,114,14,33,32,30,26,21,16,10,6,1,7,14,21,26,31,35,37,40,39,36,32,26,21,15,9,7,2,0,0,0,0,0,0,0,0,0,10,34,34,27,20,18,16,12,10,12,15,19,23,24,24,23,22,18,14,12,10,9,12,17,23,28,31
-73,114,14,19,10,5,10,17,25,31,34,36,36,35,33,29,25,19,13,7,2,6,12,16,19,21,22,22,5,0,0,0,0,0,0,0,0,0,1,3,4,7,9,11,14,19,21,24,25,25,24,23,20,17,11,7,5,11,18,25,30,35,39,41,41
-87,114,14,23,22,20,21,21,16,12,10,9,8,6,5,6,9,10,12,12,13,14,12,9,7,7,7,7,2,0,0,0,0,0,0,0,0,0,3,13,12,14,14,9,11,13,13,17,19,21,24,22,18,14,14,12,10,8,5,5,8,9,13,16,18
-64,118,8,0,0,0,4,16,16,16,17,16,15,15,15,15,15,16,16,16,15,15,16,15,15,15,15,15,16,16,16,17,17,9,18,18,18,18,18,18,18,17,17,18,18,17,17,18,18,18,18,19,19,19,19,19,20,21,21,20,5,0,0,0,0
-64,163,8,0,0,0,6,24,25,26,26,24,24,24,23,23,23,24,24,24,23,22,23,23,21,21,22,22,22,21,22,24,25,13,25,24,24,24,23,23,23,22,22,23,23,23,23,24,24,25,25,25,25,25,26,25,25,26,26,27,7,0,0,0,0
-63,163,8,0,0,0,5,21,21,22,22,22,21,22,22,22,23,23,24,24,22,22,23,23,23,23,22,22,22,22,23,24,24,12,24,24,24,23,22,23,23,22,22,21,22,22,22,23,23,23,23,23,23,22,23,23,23,24,23,24,6,0,0,0,0
-63,163,8,0,0,0,5,21,21,21,22,22,22,22,21,21,23,24,23,23,22,22,23,22,22,22,22,22,22,22,23,24,25,12,23,24,24,23,23,23,23,22,20,21,21,21,21,21,22,22,23,22,23,23,23,22,23,24,23,23,5,0,0,0,0
-63,43,1,0,0,0,4,16,17,18,18,18,18,18,18,18,18,19,21,20,19,19,20,20,19,19,19,19,19,19,20,21,21,10,21,21,21,20,20,20,20,18,17,17,18,18,18,19,19,20,20,19,19,19,20,20,20,21,21,21,5,0,0,0,0
-52,114,14,26,26,25,24,23,21,19,17,16,16,17,20,22,24,26,27,28,27,25,22,18,14,10,6,5,1,0,0,0,0,0,0,0,0,0,4,14,15,16,16,15,15,14,13,12,13,14,16,18,18,20,21,22,21,20,19,19,17,16,16,18,20
-78,114,14,37,34,31,28,24,18,10,4,0,5,11,18,24,28,31,34,35,35,34,31,25,18,12,9,9,2,0,0,0,0,0,0,0,0,0,6,25,27,25,23,21,17,15,12,12,13,17,21,23,23,22,20,18,16,13,10,9,13,19,26,32,33
-73,114,14,25,30,34,35,38,39,38,35,32,28,23,19,15,12,11,15,19,23,27,29,30,29,29,27,25,7,0,0,0,0,0,0,0,0,0,5,18,15,11,7,5,8,13,17,20,23,25,26,27,26,25,25,23,20,19,20,19,19,18,16,14,14
-86,114,14,26,23,23,23,23,17,16,15,11,8,6,9,12,13,12,13,14,13,12,11,10,9,8,9,11,3,0,0,0,0,0,0,0,0,0,4,17,18,16,18,19,19,21,23,24,23,24,26,25,23,19,17,17,14,10,10,10,10,12,17,20,21
-73,114,14,28,33,37,39,42,43,41,38,34,30,24,18,13,8,7,10,14,18,22,25,28,28,27,26,25,6,0,0,0,0,0,0,0,0,0,4,15,14,12,8,5,8,11,16,20,24,25,27,28,28,28,26,24,23,21,19,20,19,17,16,15,16
-63,118,8,0,0,0,5,22,23,23,24,23,23,22,22,22,23,24,24,23,22,22,24,23,21,21,22,22,22,22,22,24,24,12,24,24,24,23,23,24,23,22,22,23,23,22,22,23,24,24,24,23,24,24,24,25,25,25,26,26,6,0,0,0,0
-63,43,1,0,0,0,6,24,25,26,26,25,25,25,25,24,25,26,26,26,24,25,25,24,24,24,24,24,24,24,26,26,26,13,27,28,27,26,26,26,26,25,24,26,26,25,25,26,27,27,27,27,27,26,26,27,27,28,29,29,7,0,0,0,0
-64,163,8,25,25,24,23,23,23,22,22,23,22,21,21,21,22,23,22,22,21,21,21,20,20,20,20,19,4,0,0,0,0,0,0,0,0,0,3,13,14,16,16,16,17,17,17,18,19,20,20,20,19,19,20,20,19,20,20,21,21,21,22,24,24
-89,114,14,2,6,5,4,6,8,10,11,11,10,8,6,6,4,4,4,2,5,4,5,6,5,4,5,8,2,0,0,0,0,0,0,0,0,0,2,10,10,10,12,13,12,12,11,8,5,2,3,3,3,4,8,13,16,18,17,17,17,16,13,8,6
-53,114,14,16,17,16,16,14,13,11,9,9,8,10,12,14,15,17,17,18,17,17,14,11,8,5,3,3,1,0,0,0,0,0,0,0,0,0,2,9,10,10,9,9,7,7,6,7,7,8,9,10,11,12,13,13,13,12,11,10,10,9,8,10,11
-78,114,14,37,34,30,25,22,19,15,9,5,7,12,18,21,25,30,33,35,35,33,29,26,19,12,10,7,1,0,0,0,0,0,0,0,0,0,7,26,26,25,22,18,12,10,12,15,22,26,27,27,26,25,26,21,15,11,7,8,14,21,26,32,35
-73,114,14,16,11,7,7,11,16,21,26,29,33,35,35,34,31,26,23,18,12,5,1,6,12,17,21,22,5,0,0,0,0,0,0,0,0,0,5,20,21,22,22,20,19,17,16,15,13,13,13,15,15,17,18,19,20,21,23,26,26,26,27,26,25
-87,114,14,15,16,17,21,20,17,17,18,21,20,15,11,12,12,10,10,10,10,10,12,12,13,13,13,14,3,0,0,0,0,0,0,0,0,0,5,18,20,22,22,19,19,21,21,18,18,18,17,19,19,17,15,15,13,13,9,8,8,10,9,10,12
-63,118,8,0,0,0,6,23,24,24,25,24,23,23,23,22,24,25,25,24,23,23,23,23,22,22,22,22,22,22,22,25,25,13,26,26,26,24,24,25,25,23,23,23,24,24,25,25,25,26,26,26,26,26,27,26,27,27,27,27,7,0,0,0,0
-64,43,1,0,0,0,5,20,20,22,22,21,21,21,21,21,22,22,23,23,22,22,23,22,21,21,21,22,22,22,23,25,25,13,26,26,26,25,25,25,25,25,25,25,25,25,25,26,26,28,28,27,27,27,28,28,28,30,29,29,7,0,0,0,0
-64,43,1,0,0,0,5,19,19,19,20,19,20,19,18,19,19,19,20,19,19,19,20,20,19,19,20,20,21,20,21,22,22,12,23,23,23,22,23,23,22,22,26,28,26,22,24,25,24,25,24,24,24,25,25,25,25,26,26,26,7,0,0,0,0
-51,114,14,27,29,28,28,26,23,21,19,16,16,18,20,23,25,27,29,29,28,27,24,21,16,12,7,5,2,0,0,0,0,0,0,0,0,0,3,14,15,15,14,14,13,12,12,12,13,15,18,20,22,23,24,24,23,22,20,19,17,15,15,18,20
-78,114,14,38,36,33,29,24,18,13,6,2,8,14,20,23,26,30,32,33,34,32,29,25,21,15,9,7,2,0,0,0,0,0,0,0,0,0,6,25,27,26,24,21,17,13,11,12,17,21,24,26,27,27,24,20,15,12,8,8,12,19,26,32,34
-71,114,14,13,16,19,23,28,30,29,29,28,25,20,16,10,5,5,9,14,18,22,24,26,25,24,23,21,6,0,0,0,0,0,0,0,0,0,3,14,13,11,11,13,16,19,22,23,23,23,23,21,20,18,18,17,17,19,22,25,26,26,26,25,23
-86,114,14,22,25,25,23,23,23,21,19,18,17,13,10,12,10,6,5,7,6,6,4,2,6,9,10,10,2,0,0,0,0,0,0,0,0,0,4,16,16,18,19,16,16,19,20,19,21,24,23,22,19,13,14,13,7,4,5,3,4,7,11,16,21
-65,118,8,0,0,0,4,17,18,19,19,18,17,18,18,17,17,18,19,19,18,18,18,18,17,17,17,18,18,18,19,20,21,10,21,21,22,21,20,21,21,21,21,21,22,22,22,23,24,25,25,25,25,25,26,26,27,28,28,28,7,0,0,0,0
-65,118,8,0,0,0,5,19,21,21,22,21,21,21,20,20,20,21,22,21,20,20,21,20,20,20,20,20,21,21,21,23,23,12,24,25,25,24,24,25,25,24,23,23,24,24,25,27,28,28,29,29,29,29,30,30,31,32,32,32,7,0,0,0,0
-63,163,8,0,0,0,5,21,22,23,24,23,22,22,22,23,23,24,24,24,23,23,24,24,23,23,23,23,24,23,24,26,26,12,26,26,26,25,24,25,24,24,24,25,24,24,23,24,25,26,27,26,25,26,26,26,27,28,27,26,6,0,0,0,0
-63,163,8,0,0,0,5,21,21,23,24,23,22,22,22,22,23,24,24,24,23,23,23,24,23,23,23,23,24,23,25,25,26,13,26,26,26,25,25,25,25,24,23,22,24,23,24,25,25,25,25,25,25,25,26,26,26,26,26,26,6,0,0,0,0
-62,163,8,0,0,0,6,21,21,22,22,22,21,21,21,21,22,24,24,22,22,21,22,21,21,21,21,21,21,21,22,24,24,12,23,24,24,23,23,23,23,22,21,21,22,21,22,22,22,24,23,23,22,22,23,23,23,23,23,23,5,0,0,0,0
-63,43,1,0,0,0,5,19,19,22,21,20,20,20,19,20,21,21,21,21,20,20,21,21,20,20,20,20,20,20,21,22,23,11,23,23,23,22,21,22,22,21,21,20,21,22,21,22,23,24,24,23,23,23,23,23,23,24,24,24,5,0,0,0,0
-63,43,1,0,0,0,4,19,19,21,21,20,20,20,20,20,20,21,21,21,20,20,21,21,20,20,20,20,20,20,21,23,23,11,23,23,23,23,22,23,22,22,22,23,23,21,21,22,23,24,23,23,23,23,23,23,23,24,24,24,5,0,0,0,0
-52,114,14,28,29,28,27,25,22,20,17,15,16,17,20,23,26,28,30,31,29,28,25,21,16,11,6,5,1,0,0,0,0,0,0,0,0,0,3,14,15,15,15,14,13,13,12,11,11,13,15,17,18,19,21,22,21,20,19,18,17,15,16,18,19
-78,114,14,34,31,27,23,19,14,9,5,5,9,14,19,24,27,29,30,31,30,28,25,21,14,10,5,5,2,0,0,0,0,0,0,0,0,0,6,24,24,24,23,20,17,17,18,19,21,24,27,27,26,26,24,19,15,10,10,13,17,21,27,33,34
-72,114,14,26,20,14,13,15,18,21,23,26,28,29,29,29,27,25,22,18,13,8,2,3,7,11,13,15,4,0,0,0,0,0,0,0,0,0,4,14,10,7,7,9,12,18,24,28,29,31,32,31,27,23,18,13,8,10,17,26,32,35,38,41,42
-85,114,14,18,18,19,19,22,23,19,18,17,18,18,17,15,14,15,13,10,8,8,8,9,8,9,10,8,2,0,0,0,0,0,0,0,0,0,3,12,17,18,11,8,10,13,17,18,19,19,19,20,20,19,19,16,13,12,11,10,9,8,8,12,13
-63,118,8,0,0,0,4,19,19,21,21,20,20,20,19,19,19,20,21,20,19,19,21,20,20,20,20,20,20,20,22,23,23,12,23,23,23,22,22,23,23,22,22,21,21,21,22,23,24,24,23,24,23,23,24,24,24,25,25,25,6,0,0,0,0
-63,43,1,0,0,0,4,18,19,20,21,20,20,19,20,20,20,21,22,21,20,19,20,20,18,19,19,20,20,19,20,23,23,11,25,25,24,24,23,24,24,24,22,23,25,23,24,25,26,28,28,27,27,27,28,27,28,29,29,29,7,0,0,0,0
-63,43,1,0,0,0,4,17,18,19,20,19,18,18,18,18,18,18,20,20,18,18,19,19,18,19,19,19,19,19,20,21,21,11,21,22,23,23,22,22,22,21,21,21,22,22,22,23,24,25,26,25,25,24,25,25,26,27,26,25,6,0,0,0,0
-52,114,14,26,28,28,27,26,23,20,17,13,14,15,18,21,24,26,28,29,29,27,24,20,16,12,7,4,1,0,0,0,0,0,0,0,0,0,3,12,13,13,13,12,12,11,10,10,10,11,14,16,17,20,20,20,19,18,17,16,14,13,14,16,18
-77,114,14,38,35,32,29,24,19,13,9,6,9,16,20,24,29,31,33,33,32,30,26,23,19,13,8,5,1,0,0,0,0,0,0,0,0,0,4,18,18,15,13,14,13,13,16,20,22,24,26,25,23,21,18,14,11,8,7,12,18,21,27,32,35
-72,114,14,26,17,9,5,10,17,23,28,32,34,33,31,28,24,18,13,7,3,7,11,15,18,19,20,21,5,0,0,0,0,0,0,0,0,0,1,3,1,4,9,13,18,22,26,28,28,28,28,27,24,20,16,11,8,11,17,24,31,36,41,43,44
-88,114,14,14,16,18,17,17,16,15,11,9,10,10,9,5,4,6,4,3,5,5,6,10,9,7,7,8,2,0,0,0,0,0,0,0,0,0,3,8,9,11,11,12,13,14,14,12,12,16,16,10,8,8,8,9,10,7,4,2,3,5,7,8,14
-72,114,14,25,17,10,6,11,18,23,28,31,33,33,30,27,24,18,13,7,1,5,10,16,18,19,20,21,6,0,0,0,0,0,0,0,0,0,2,5,4,5,8,13,18,21,25,26,27,28,28,27,25,22,19,16,11,10,16,23,30,35,39,41,42
-64,118,8,0,0,0,4,17,18,19,20,19,18,18,18,18,18,19,19,19,18,18,19,19,19,19,19,20,21,21,22,23,23,11,24,26,26,25,25,26,26,25,24,25,26,25,25,26,28,29,29,29,29,29,29,30,30,31,30,30,7,0,0,0,0
-64,163,8,0,0,0,5,18,19,20,21,21,20,20,20,20,20,22,22,22,21,21,22,21,20,21,21,22,22,22,23,25,26,13,26,27,27,26,26,26,27,26,27,28,28,26,27,28,29,29,29,29,29,28,29,29,29,30,30,30,8,0,0,0,0
-63,163,8,0,0,0,3,15,15,16,17,15,15,14,14,14,15,16,16,16,15,14,16,15,15,15,16,16,17,17,17,19,19,10,20,22,22,21,20,21,21,21,21,22,22,22,22,23,24,24,25,24,24,24,25,25,25,26,26,26,6,0,0,0,0
-63,163,8,0,0,0,4,17,18,18,19,18,17,17,17,17,17,18,18,18,17,17,18,18,17,18,18,18,18,18,20,21,22,11,23,24,24,23,24,25,24,24,22,22,25,25,26,27,28,29,29,29,28,28,29,29,29,30,30,30,7,0,0,0,0
-68,163,8,0,0,0,6,26,26,26,27,25,23,23,21,21,21,21,21,21,19,19,19,18,17,17,17,18,18,17,19,21,21,10,22,23,23,22,22,22,21,20,20,21,21,20,20,21,22,23,22,22,22,22,22,23,24,24,24,25,6,0,0,0,0
-62,43,1,0,0,0,3,13,13,14,15,14,14,14,14,14,15,17,17,17,17,17,18,19,18,19,19,20,21,21,21,23,24,12,25,25,25,25,25,25,26,25,25,25,26,26,27,29,29,30,30,30,30,30,30,30,30,31,31,31,8,0,0,0,0
-89,114,14,5,5,7,10,12,13,12,6,1,5,8,5,4,3,3,4,4,3,4,6,6,6,6,4,3,1,0,0,0,0,0,0,0,0,0,1,6,6,6,7,9,8,5,5,6,3,1,2,6,8,9,11,12,11,10,12,15,17,15,11,7,7
-55,114,14,22,19,16,14,15,18,22,26,31,35,37,39,40,39,36,34,31,26,21,16,10,7,9,12,16,4,0,0,0,0,0,0,0,0,0,2,9,12,16,19,22,23,25,26,25,23,20,17,12,7,2,4,9,14,19,23,27,29,30,31,32,31
-73,114,14,29,29,28,26,25,24,21,20,20,18,17,17,15,12,9,5,1,4,8,12,14,16,18,19,20,4,0,0,0,0,0,0,0,0,0,5,17,15,15,18,22,26,30,35,37,37,36,35,32,27,21,18,15,14,16,19,21,24,26,27,28,29
-87,114,14,15,17,18,23,23,24,25,25,26,25,21,18,16,13,10,7,5,5,6,9,12,14,14,15,19,5,0,0,0,0,0,0,0,0,0,3,10,14,16,15,18,19,17,16,14,14,13,10,9,10,11,12,13,12,13,14,13,14,15,13,12,13
-68,118,8,0,0,0,4,17,18,18,18,17,17,17,17,18,19,20,21,21,20,19,20,20,21,20,20,21,22,22,22,24,24,13,25,26,26,25,25,25,25,24,23,22,23,24,23,24,25,25,25,25,25,25,25,26,26,27,27,27,7,0,0,0,0
-67,163,8,0,0,0,3,13,13,14,15,13,13,13,13,13,12,12,14,14,14,14,14,15,14,14,15,15,15,16,16,18,19,9,20,19,21,20,19,21,21,20,20,19,21,21,21,23,24,24,23,24,23,23,23,23,24,26,26,25,6,0,0,0,0
-65,43,1,0,0,0,5,20,21,22,21,20,20,20,20,20,20,21,21,21,20,20,20,20,19,19,21,21,21,21,23,24,24,13,25,26,26,26,26,26,26,26,25,25,26,26,26,27,28,28,28,28,27,27,27,28,28,28,28,27,7,0,0,0,0
-56,114,14,18,19,19,18,17,16,14,12,10,10,10,11,13,15,16,18,18,18,18,16,14,11,9,6,4,1,0,0,0,0,0,0,0,0,0,2,11,12,13,13,13,12,11,11,11,11,11,12,12,13,14,14,14,14,13,13,12,11,10,11,12,14
-76,114,14,37,34,29,22,17,9,3,5,11,17,22,27,30,33,35,34,33,32,30,25,19,13,9,8,10,3,0,0,0,0,0,0,0,0,0,5,20,21,21,19,17,18,17,18,21,23,24,25,25,23,20,16,15,11,8,10,15,21,25,28,31,32
-73,114,14,24,17,11,6,1,4,10,14,19,25,29,33,34,35,34,34,31,26,20,13,8,3,6,12,16,4,0,0,0,0,0,0,0,0,0,5,20,21,22,23,25,26,27,28,29,27,24,22,18,14,9,4,3,9,15,22,27,31,34,36,39,39
-89,114,14,13,17,21,23,24,25,25,28,30,29,25,22,20,17,15,14,10,6,3,5,8,9,9,10,11,3,0,0,0,0,0,0,0,0,0,3,12,12,11,7,5,5,4,6,12,12,10,10,9,8,11,13,14,13,11,12,12,10,7,2,2,6
-64,118,8,0,0,0,5,20,21,23,23,22,22,21,21,21,21,22,22,22,21,21,22,21,20,19,19,19,19,19,20,21,21,11,21,21,21,20,20,19,19,19,19,20,20,19,19,20,20,21,21,20,20,20,20,20,20,20,20,20,5,0,0,0,0
-62,163,8,0,0,0,7,26,27,28,29,27,26,26,26,26,27,28,28,27,26,25,26,25,24,24,23,23,23,22,23,25,25,13,24,24,24,23,23,23,23,22,22,22,22,21,22,22,22,22,22,21,22,21,21,21,22,22,22,21,6,0,0,0,0
-61,163,8,0,0,0,7,25,25,26,26,25,25,25,24,24,25,26,27,26,25,25,26,25,24,25,25,24,24,24,25,27,27,14,27,28,28,27,27,27,27,26,25,25,26,26,26,27,27,28,28,27,26,25,25,25,25,25,24,23,6,0,0,0,0
-61,163,8,0,0,0,6,23,23,24,24,23,23,23,22,23,23,24,24,24,23,23,24,23,22,22,22,22,23,22,23,25,25,13,25,25,25,25,24,25,25,24,23,23,24,23,24,24,25,25,25,24,23,23,23,22,22,23,22,21,6,0,0,0,0
-62,43,1,0,0,0,5,24,25,25,26,24,24,24,24,24,24,26,26,25,24,24,24,24,23,22,23,23,24,23,24,25,26,13,26,26,26,25,25,26,25,24,24,24,24,24,24,24,25,26,26,24,24,23,22,23,23,23,22,21,5,0,0,0,0
-62,43,1,0,0,0,5,24,24,25,25,24,24,24,24,24,24,25,26,25,24,24,24,24,23,23,23,23,24,23,24,25,25,12,26,26,26,26,25,26,26,25,24,24,24,24,24,25,25,25,25,24,24,24,24,23,22,22,22,21,5,0,0,0,0
-59,114,14,27,29,29,29,29,27,26,23,21,20,20,20,21,23,24,26,26,26,24,22,18,14,10,5,2,0,0,0,0,0,0,0,0,0,0,2,12,15,17,19,20,20,21,20,19,17,17,16,15,16,16,19,19,20,21,21,22,21,19,18,20,21
-69,114,14,26,26,27,27,28,30,30,30,31,30,29,27,24,20,16,14,12,13,16,20,23,24,24,24,24,6,0,0,0,0,0,0,0,0,0,4,16,16,15,14,15,16,18,20,23,26,27,29,30,29,29,28,27,26,26,27,27,29,31,32,32,31
-85,114,14,7,13,14,17,20,24,27,25,22,22,24,25,21,17,13,6,2,1,4,7,12,15,15,17,21,6,0,0,0,0,0,0,0,0,0,3,10,9,10,12,11,8,7,8,9,12,13,15,14,12,13,14,11,8,9,10,12,9,5,2,1,4
-62,118,8,0,0,0,5,19,19,20,20,19,18,18,18,19,19,19,20,19,17,17,17,17,17,16,16,16,16,16,16,17,17,8,18,17,17,17,18,17,17,15,15,16,17,16,15,15,16,17,15,14,13,8,12,21,24,24,30,33,9,0,0,0,0
-61,163,8,0,0,0,5,18,18,19,19,18,18,18,17,18,18,19,19,19,18,18,19,19,18,19,19,19,19,19,20,22,23,12,25,25,25,24,24,25,25,25,25,24,25,25,25,27,28,28,28,28,28,28,28,28,29,29,29,29,7,0,0,0,0
-61,163,8,0,0,0,4,18,18,20,20,20,19,19,19,19,19,20,20,19,19,19,20,20,19,20,20,20,21,21,22,24,25,12,26,26,26,26,26,26,27,26,26,26,27,27,27,29,30,31,30,30,30,30,30,30,31,31,30,30,7,0,0,0,0
-63,163,8,0,0,0,6,22,23,23,23,22,21,21,20,20,21,21,21,21,21,20,20,21,20,20,21,21,22,22,24,26,26,14,27,28,29,28,28,29,29,28,28,29,30,29,30,31,32,34,34,34,34,33,34,34,34,35,35,35,10,0,0,0,0
-61,43,1,0,0,0,5,20,21,21,22,21,21,21,21,21,21,22,22,22,21,21,22,22,22,21,21,21,21,21,22,24,24,12,24,24,23,24,24,24,24,24,24,24,24,23,24,25,25,26,26,25,24,24,25,25,25,25,24,24,6,0,0,0,0
-61,163,8,0,0,0,5,19,20,22,22,21,20,20,21,21,22,22,22,22,22,21,23,22,21,21,22,22,22,22,23,24,24,12,24,25,25,24,24,24,25,24,23,23,24,24,24,25,25,26,26,25,25,25,25,25,25,25,25,24,6,0,0,0,0
-54,114,14,41,41,38,34,29,22,15,7,6,12,20,27,33,37,40,41,41,38,34,28,21,15,8,4,7,2,0,0,0,0,0,0,0,0,0,2,12,12,12,12,12,13,14,17,19,21,23,24,25,24,23,22,19,16,12,9,8,12,16,21,27,32
-87,114,14,9,13,14,17,22,24,23,21,19,17,14,12,12,12,8,2,1,3,8,13,13,11,9,7,11,4,0,0,0,0,0,0,0,0,0,4,15,12,11,13,15,16,17,17,16,16,19,22,20,17,15,13,10,6,6,6,5,5,2,3,7,8
-72,114,14,28,29,31,33,34,32,32,31,30,29,27,24,22,20,17,14,11,10,12,15,18,21,23,23,23,5,0,0,0,0,0,0,0,0,0,4,13,11,10,9,6,2,4,7,10,14,19,23,25,27,28,28,27,25,24,25,25,26,25,25,25,25
-87,114,14,11,14,18,20,20,24,24,25,25,23,20,18,15,14,10,9,5,1,1,5,9,10,7,8,10,3,0,0,0,0,0,0,0,0,0,2,12,15,16,15,15,15,15,19,24,23,22,21,17,15,15,12,9,7,5,3,3,3,3,3,4,6
-60,118,8,0,0,0,5,22,23,24,24,23,22,22,22,22,24,24,24,24,23,23,24,23,22,22,22,22,23,22,24,24,25,12,25,26,25,25,25,25,25,25,24,25,25,25,26,26,28,28,28,28,27,27,28,27,28,28,27,27,6,0,0,0,0
-64,43,1,0,0,0,4,19,19,20,20,19,19,18,17,17,17,18,18,18,17,17,17,17,16,15,16,16,17,17,19,20,21,9,22,22,22,22,22,23,24,22,22,24,24,24,24,25,26,26,27,26,26,26,26,26,26,26,26,26,6,0,0,0,0
-77,114,14,38,39,37,34,30,27,21,16,12,10,12,14,20,25,28,30,31,32,31,27,24,21,15,10,7,2,0,0,0,0,0,0,0,0,0,7,24,23,21,18,13,9,6,9,12,15,19,23,25,24,23,22,21,18,12,6,2,5,12,18,24,28
-56,114,14,31,30,29,26,24,20,16,13,12,15,19,24,28,32,34,37,37,35,34,30,25,20,14,9,6,1,0,0,0,0,0,0,0,0,0,3,14,15,17,18,18,18,18,17,16,15,15,15,16,16,17,18,19,18,18,18,19,18,18,19,22,24
-78,114,14,37,37,35,33,31,27,22,17,12,10,13,18,23,26,31,35,36,35,32,29,26,22,16,10,7,1,0,0,0,0,0,0,0,0,0,5,20,21,20,17,13,9,5,8,12,17,22,24,26,26,26,26,24,20,14,9,4,7,14,19,24,27
-72,114,14,25,20,18,19,21,25,29,33,36,38,38,37,34,30,24,17,10,3,5,11,17,20,22,24,25,6,0,0,0,0,0,0,0,0,0,1,6,6,6,7,8,12,15,18,20,22,23,24,22,21,20,19,18,18,20,24,28,32,35,38,40,40
-88,114,14,11,15,16,17,20,22,20,21,22,20,16,15,13,8,4,1,3,5,9,12,13,13,15,16,17,4,0,0,0,0,0,0,0,0,0,3,13,14,17,17,14,12,13,15,15,12,8,6,7,11,10,8,6,7,12,13,12,11,10,9,8,6
-60,118,8,0,0,0,7,28,28,29,29,28,28,27,26,26,27,27,28,27,26,26,27,26,24,24,24,24,24,24,25,26,27,14,27,27,28,27,26,26,27,26,26,26,28,27,27,29,29,30,30,29,29,29,29,30,29,29,29,29,7,0,0,0,0
-64,163,8,0,0,0,5,26,26,27,27,26,25,25,25,24,24,24,24,23,22,21,21,20,18,19,18,18,17,17,18,19,20,10,21,20,20,21,20,21,21,20,20,22,22,20,21,22,22,24,24,23,23,23,23,23,23,23,23,24,5,0,0,0,0
-64,163,8,0,0,0,7,27,27,29,28,28,27,26,25,25,25,26,26,25,24,23,23,23,22,22,22,22,23,22,24,24,25,12,26,26,26,26,26,26,27,27,27,28,27,27,28,29,29,31,31,30,30,29,30,31,31,31,31,30,7,0,0,0,0
-63,43,1,0,0,0,5,23,24,25,25,24,24,23,22,22,22,24,24,24,21,21,21,21,19,19,20,19,19,19,20,22,23,11,23,23,23,22,22,23,23,22,21,22,23,21,22,23,24,25,25,24,24,24,25,25,25,25,25,25,6,0,0,0,0
-90,114,14,12,13,13,8,4,3,1,6,9,5,5,8,10,9,8,8,8,6,4,4,7,8,6,3,5,2,0,0,0,0,0,0,0,0,0,1,6,3,3,6,8,8,8,10,12,14,14,13,13,15,15,12,8,7,6,3,3,6,9,13,17,17
-53,114,14,33,30,26,21,16,9,2,6,13,20,25,31,34,35,37,37,34,31,27,21,15,10,7,7,11,2,0,0,0,0,0,0,0,0,0,1,9,8,7,6,7,9,13,17,19,21,24,25,24,23,21,19,16,12,7,5,7,12,17,22,27,30
-77,114,14,37,35,33,30,25,20,14,10,4,5,10,15,20,25,28,30,31,31,31,28,23,18,14,9,5,1,0,0,0,0,0,0,0,0,0,7,25,26,24,21,18,15,13,16,17,22,25,27,28,27,26,25,22,17,12,6,4,10,16,22,28,30
-68,114,14,37,38,38,39,39,37,34,30,25,19,13,8,3,1,6,10,12,15,16,17,18,17,16,14,14,4,0,0,0,0,0,0,0,0,0,3,8,5,3,9,14,18,24,28,31,33,33,33,34,33,31,29,28,28,26,25,24,24,21,19,21,23
-88,114,14,24,24,22,23,22,18,20,21,18,15,12,11,10,8,8,7,7,9,10,10,11,12,12,9,10,3,0,0,0,0,0,0,0,0,0,3,13,9,9,11,11,11,10,14,14,10,9,12,14,12,11,11,10,7,5,4,3,2,3,6,11,14
-70,114,14,33,36,38,39,38,36,32,28,23,17,12,8,5,1,5,8,11,14,16,18,19,17,16,15,14,4,0,0,0,0,0,0,0,0,0,2,9,5,5,9,13,19,24,29,30,31,32,33,33,31,30,30,29,26,25,25,24,23,20,19,20,22
-64,118,8,0,0,0,6,25,25,25,26,26,25,25,24,24,24,25,25,25,24,23,23,23,21,21,21,21,21,20,21,23,23,12,24,24,24,23,23,24,24,23,23,23,25,24,25,26,26,26,28,27,26,27,27,27,27,28,29,28,7,0,0,0,0
-63,163,8,0,0,0,5,25,26,28,28,27,27,26,25,26,26,27,28,27,25,24,25,25,23,23,23,23,23,22,22,24,24,12,24,25,25,24,24,24,24,23,22,21,22,22,23,23,24,25,25,25,25,24,25,26,25,25,25,24,5,0,0,0,0
-63,163,8,0,0,0,7,27,27,30,30,29,28,28,27,27,27,29,29,28,27,27,27,27,25,25,25,25,25,25,25,26,26,13,26,26,26,26,25,26,26,26,25,26,26,25,26,26,26,27,27,27,26,26,27,27,27,28,26,26,7,0,0,0,0
-64,43,1,0,0,0,6,22,22,23,24,22,22,22,22,21,21,23,23,22,21,20,21,20,19,19,18,19,19,18,19,20,20,11,21,21,21,21,21,21,21,21,21,21,22,22,22,24,24,25,26,25,24,25,25,26,26,27,27,27,7,0,0,0,0
-64,43,1,0,0,0,5,21,22,22,23,21,21,21,21,21,21,21,22,21,20,19,19,19,17,17,17,17,17,18,18,19,20,9,19,20,20,21,20,21,21,21,21,21,22,21,21,22,24,24,24,24,24,25,25,25,25,26,26,26,6,0,0,0,0
-54,114,14,21,20,18,16,13,10,5,2,4,8,12,15,18,19,21,21,21,20,19,16,12,10,7,5,4,0,0,0,0,0,0,0,0,0,0,1,5,5,4,3,2,4,5,7,9,12,13,14,14,14,13,13,11,8,6,4,3,5,8,11,14,16
-76,114,14,36,35,32,29,26,20,15,11,8,10,15,20,25,26,29,31,33,32,31,29,24,19,14,9,4,1,0,0,0,0,0,0,0,0,0,4,20,21,18,15,12,12,13,16,19,21,24,27,27,26,25,23,19,14,9,2,5,13,17,22,27,32
-72,114,14,21,18,16,14,13,14,16,18,20,24,25,26,26,25,24,22,21,19,17,16,15,14,14,15,15,5,0,0,0,0,0,0,0,0,0,3,13,15,17,18,20,22,23,24,24,22,20,16,12,7,2,5,10,14,19,24,28,31,33,35,35,35
-86,114,14,15,17,18,20,21,23,26,28,28,28,26,23,18,12,9,8,6,4,3,5,10,12,13,14,14,2,0,0,0,0,0,0,0,0,0,1,3,9,11,9,12,13,12,13,17,18,17,14,11,11,13,15,14,12,11,12,13,14,12,9,9,10
-62,118,8,0,0,0,6,25,25,27,26,26,25,25,24,24,25,25,25,25,23,23,24,23,22,22,22,22,23,22,24,26,25,13,26,26,26,26,25,26,26,26,25,25,26,26,26,27,29,30,30,29,29,29,30,30,30,31,31,31,8,0,0,0,0
-64,163,8,0,0,0,6,26,26,27,28,26,26,25,25,24,24,25,25,25,24,23,23,22,21,22,22,21,21,20,21,24,24,11,24,25,25,23,22,24,23,22,21,20,21,22,22,23,23,23,24,23,23,23,23,23,23,24,24,23,5,0,0,0,0
-63,43,1,0,0,0,5,21,21,22,23,21,20,20,20,20,20,20,20,20,19,19,19,18,18,17,17,17,17,17,19,20,19,9,20,20,20,20,19,20,20,19,19,20,20,19,19,20,20,20,21,20,20,19,20,20,20,19,19,19,4,0,0,0,0
-78,114,14,35,32,28,25,22,17,10,4,2,9,14,19,24,29,32,35,36,35,32,29,24,18,11,8,5,1,0,0,0,0,0,0,0,0,0,5,18,17,18,16,15,13,14,15,18,21,24,25,24,23,22,20,14,9,6,5,10,16,21,25,29,31
-69,114,14,22,22,21,23,25,25,26,26,25,25,23,20,18,15,14,12,13,14,16,18,18,18,17,16,15,4,0,0,0,0,0,0,0,0,0,2,7,8,8,10,13,16,20,23,25,26,26,25,24,23,22,20,20,19,22,26,28,30,30,30,32,32
-64,118,8,0,0,0,7,26,26,28,28,26,25,24,24,23,24,24,24,24,23,22,22,22,21,20,20,20,21,20,21,22,23,12,23,23,23,23,22,22,22,22,22,22,22,21,21,22,22,22,23,22,22,22,22,22,22,23,23,23,6,0,0,0,0
-65,163,8,0,0,0,5,24,24,25,26,26,25,24,23,23,23,23,24,23,22,21,21,21,20,20,19,19,20,19,20,22,22,11,21,21,22,21,20,21,20,19,19,20,20,19,18,19,20,20,20,21,21,20,19,20,21,21,21,21,5,0,0,0,0
-65,43,1,0,0,0,6,24,25,26,27,25,25,24,24,24,24,25,25,24,23,23,23,23,21,21,21,22,22,21,22,24,24,12,24,25,25,24,24,24,23,23,23,23,23,23,23,24,24,25,25,25,25,26,26,26,27,28,28,27,7,0,0,0,0
-55,114,14,27,25,22,20,17,15,15,17,21,26,30,34,37,38,39,39,37,35,30,24,17,11,5,5,10,3,0,0,0,0,0,0,0,0,0,2,10,11,13,15,16,18,19,20,21,20,19,18,17,15,14,12,12,13,13,16,19,21,23,25,27,28
-79,114,14,34,32,29,24,22,22,20,16,16,16,14,14,19,22,26,31,32,30,28,24,20,17,13,7,4,0,0,0,0,0,0,0,0,0,0,5,20,21,18,15,13,13,14,16,19,21,26,28,25,24,21,16,13,10,6,1,9,18,23,26,30,36
-87,114,14,16,19,19,18,17,18,23,28,28,24,24,25,21,18,17,11,3,2,4,5,7,8,10,10,12,2,0,0,0,0,0,0,0,0,0,2,9,10,12,12,13,12,13,19,23,20,15,9,11,11,9,13,14,13,12,15,15,11,14,14,13,14
-70,114,14,36,35,35,33,32,30,27,25,26,27,27,29,30,30,28,26,23,19,15,11,9,10,13,16,16,4,0,0,0,0,0,0,0,0,0,3,11,9,6,2,2,6,11,15,17,19,21,23,24,23,23,22,21,18,17,19,22,24,26,30,33,36
-87,114,14,11,13,14,16,16,18,20,24,28,26,23,22,18,14,12,8,2,0,3,7,10,11,14,19,20,5,0,0,0,0,0,0,0,0,0,4,15,13,15,21,25,25,20,19,19,17,14,11,11,11,9,11,15,17,13,12,13,18,20,17,15,15
-66,118,8,0,0,0,5,21,22,24,23,22,21,21,21,21,22,23,22,22,22,21,21,20,19,19,19,19,19,18,19,19,20,10,19,20,20,20,20,20,21,20,20,21,21,20,21,21,22,22,23,22,22,23,22,23,23,24,24,24,6,0,0,0,0
-65,163,8,0,0,0,5,23,23,25,26,25,24,24,24,24,25,25,26,25,23,23,24,24,22,21,21,21,21,21,21,22,23,10,22,22,22,22,21,21,21,20,19,18,19,19,18,19,21,21,20,20,20,20,21,21,21,22,21,21,5,0,0,0,0
-65,163,8,0,0,0,5,23,24,25,26,25,25,25,25,25,26,27,27,26,25,24,24,23,22,22,22,22,22,22,22,23,24,12,23,23,23,23,22,21,21,21,20,19,20,21,20,21,21,22,21,22,22,21,21,22,21,21,21,21,5,0,0,0,0
-65,43,1,0,0,0,5,23,24,26,26,25,24,24,24,23,23,24,25,24,22,21,21,21,20,19,19,19,19,19,20,21,22,11,22,22,22,20,20,20,20,19,18,18,19,19,20,20,20,20,21,21,20,20,20,20,20,20,20,20,5,0,0,0,0
-58,114,14,19,21,22,24,26,27,27,27,27,28,29,30,32,34,35,36,37,35,34,30,26,21,15,10,8,3,0,0,0,0,0,0,0,0,0,3,16,17,18,18,18,17,16,14,11,7,6,7,10,13,16,19,21,22,23,23,23,22,20,17,16,14
-78,114,14,37,36,30,24,19,13,8,7,10,13,17,22,26,29,30,31,31,29,27,22,16,12,7,3,7,2,0,0,0,0,0,0,0,0,0,4,17,18,17,15,12,13,15,19,22,26,28,29,28,27,25,21,15,11,7,10,17,23,28,31,36,39
-57,114,14,15,17,19,21,22,22,22,22,22,24,24,25,26,28,30,33,34,33,32,29,25,21,16,11,8,1,0,0,0,0,0,0,0,0,0,2,12,13,15,16,17,17,17,15,12,10,7,6,5,8,11,14,16,17,18,20,21,20,18,17,16,15
-71,114,14,36,33,30,27,24,20,18,17,18,20,22,25,27,27,26,26,23,19,14,10,7,6,8,10,12,3,0,0,0,0,0,0,0,0,0,2,7,6,3,1,4,7,11,15,18,21,24,25,26,25,24,22,18,15,12,12,15,20,24,28,31,33
-87,114,14,8,10,13,14,17,20,23,27,28,25,22,21,17,14,13,11,7,3,5,7,10,12,14,14,12,2,0,0,0,0,0,0,0,0,0,2,11,14,14,16,17,17,15,14,15,14,13,15,13,7,9,15,17,16,16,17,17,17,17,17,16,13
-63,118,8,0,0,0,4,16,17,17,18,18,18,17,16,16,16,16,18,17,17,17,16,15,14,15,15,15,15,15,16,17,17,9,17,17,17,17,16,18,17,16,16,16,15,14,15,16,16,16,19,20,18,20,16,17,16,12,20,28,9,0,0,0,0
-63,163,8,0,0,0,7,27,27,29,29,28,27,27,26,26,26,28,29,28,27,26,26,26,25,24,24,24,24,23,24,26,27,14,26,26,26,25,24,25,24,24,24,24,24,23,24,24,24,25,24,25,24,24,25,24,25,26,25,25,7,0,0,0,0
-63,43,1,0,0,0,7,25,25,27,28,26,25,25,25,25,25,26,26,26,25,24,24,23,23,23,22,22,22,22,23,24,24,12,24,24,25,24,22,23,23,22,23,23,23,22,21,22,23,23,24,22,22,21,22,22,23,23,22,22,6,0,0,0,0
-58,114,14,31,31,28,26,21,18,16,16,19,26,32,38,42,46,47,48,46,43,39,31,23,15,7,5,11,4,0,0,0,0,0,0,0,0,0,1,4,5,6,7,9,11,13,14,15,16,17,17,16,15,14,12,10,8,7,7,10,13,15,19,24,27
-78,114,14,38,37,33,30,26,22,16,9,3,3,11,17,22,26,29,31,34,33,30,26,21,15,11,7,8,2,0,0,0,0,0,0,0,0,0,5,22,23,22,19,16,14,13,15,18,22,24,26,26,26,25,24,20,14,10,8,8,13,18,22,27,31
-67,114,14,39,39,37,34,31,26,21,16,12,9,11,13,15,17,17,18,18,17,16,14,13,12,11,11,10,2,0,0,0,0,0,0,0,0,0,2,8,5,2,5,11,17,23,28,31,33,35,37,37,35,33,30,26,22,18,15,14,15,19,23,27,29
-85,114,14,20,18,17,16,17,18,21,25,27,28,26,23,23,21,17,13,9,7,5,5,9,11,11,11,13,3,0,0,0,0,0,0,0,0,0,2,10,12,13,14,15,16,15,15,20,18,14,13,9,6,7,13,17,20,21,20,18,19,22,22,20,23
-68,114,14,41,40,39,37,34,30,23,18,13,10,11,12,15,16,17,17,17,16,16,14,13,12,12,12,11,2,0,0,0,0,0,0,0,0,0,3,11,6,2,7,13,19,26,31,35,38,40,42,41,39,36,34,30,24,20,18,16,17,20,23,29,32
-63,118,8,0,0,0,7,24,25,26,26,25,23,23,23,23,23,24,25,24,22,22,23,22,21,21,21,21,21,22,22,23,24,12,25,25,25,24,24,25,25,24,24,24,25,24,24,25,26,27,26,26,26,26,26,27,28,28,27,27,7,0,0,0,0
-62,43,1,0,0,0,5,17,18,19,20,18,18,18,18,18,19,20,20,20,19,19,20,20,19,19,19,19,20,19,21,21,22,12,23,23,23,23,23,24,23,22,22,23,24,23,24,25,25,26,26,26,26,26,26,27,27,28,27,26,7,0,0,0,0
-58,114,14,17,19,20,22,24,25,26,27,29,29,31,31,33,34,35,37,37,37,34,31,26,21,15,11,9,3,0,0,0,0,0,0,0,0,0,3,13,14,16,16,15,15,15,14,11,8,6,3,4,7,9,12,15,17,18,19,22,22,20,18,17,16
-78,114,14,40,37,31,28,23,19,13,6,4,9,14,19,26,30,33,34,32,30,28,25,20,13,8,5,5,1,0,0,0,0,0,0,0,0,0,4,21,22,19,14,13,12,14,17,21,23,27,30,30,28,25,23,20,15,10,8,11,16,21,26,31,34
-84,114,14,19,20,18,18,21,24,23,22,21,23,24,20,18,17,17,13,8,5,5,9,10,10,11,14,16,4,0,0,0,0,0,0,0,0,0,2,12,18,19,17,18,19,18,16,14,12,13,12,12,12,11,15,20,23,22,21,23,22,19,18,18,20
-71,114,14,28,22,18,13,10,9,13,15,18,22,26,29,30,29,28,27,23,19,15,10,6,5,7,10,12,3,0,0,0,0,0,0,0,0,0,4,18,18,20,21,23,25,27,30,31,31,30,29,26,22,17,11,7,9,15,22,30,35,38,40,42,44
-84,114,14,19,20,21,24,26,28,31,30,29,29,26,24,20,15,14,12,11,8,10,13,15,17,18,19,20,5,0,0,0,0,0,0,0,0,0,2,13,17,19,19,17,17,17,15,12,10,9,9,13,14,14,16,19,20,21,24,28,27,20,17,16,15
-64,118,8,0,0,0,5,23,24,25,25,24,24,23,22,23,23,24,24,23,22,22,22,22,21,21,21,21,21,21,21,23,23,11,23,23,23,22,22,22,21,21,21,21,21,21,21,22,23,23,23,24,24,22,22,22,23,24,24,23,6,0,0,0,0
-64,118,8,0,0,0,5,21,21,22,22,22,21,20,20,20,21,21,22,21,19,19,20,19,18,18,18,19,19,19,19,21,21,10,20,21,21,20,20,20,19,18,22,26,22,18,19,19,18,19,20,20,20,19,19,18,19,19,19,19,4,0,0,0,0
-67,163,8,0,0,0,3,14,14,14,15,14,14,14,13,12,12,12,12,11,11,11,11,10,10,11,12,12,12,12,13,13,14,7,15,15,15,16,16,17,17,16,15,15,16,16,16,17,19,20,15,12,15,17,15,15,18,16,21,22,5,0,0,0,0
-66,163,8,0,0,0,5,23,23,24,24,22,21,21,21,21,21,21,21,20,19,19,20,20,17,17,18,19,19,18,19,21,22,11,24,25,24,23,23,23,24,24,23,23,24,23,23,24,26,26,26,25,25,26,26,26,27,28,28,27,7,0,0,0,0
-66,163,8,0,0,0,5,22,23,24,23,22,22,22,20,20,21,21,21,21,19,19,19,19,17,18,18,18,18,18,19,22,22,10,22,23,24,23,23,23,23,22,23,23,24,23,23,24,25,25,27,26,26,25,26,26,26,27,27,28,6,0,0,0,0
-66,163,8,0,0,0,5,22,23,24,24,23,22,21,21,21,21,21,21,21,20,19,20,19,19,19,19,19,19,17,19,21,23,11,22,22,23,22,22,24,23,22,22,22,22,22,23,24,24,25,26,26,26,26,26,26,27,27,26,27,6,0,0,0,0
-64,43,1,0,0,0,5,22,23,24,24,23,22,22,22,22,22,22,23,21,21,20,20,20,18,18,18,18,18,17,18,19,18,9,19,20,19,19,18,18,18,18,17,16,17,17,17,18,19,19,19,19,19,19,20,20,20,22,21,21,5,0,0,0,0
-75,114,14,34,34,32,27,22,18,14,8,6,10,13,17,21,24,26,28,29,29,27,25,22,18,14,10,7,2,0,0,0,0,0,0,0,0,0,4,18,17,15,13,11,10,13,17,20,23,26,28,27,27,23,21,17,12,7,3,4,9,13,20,26,30
-52,114,14,36,34,32,27,22,16,9,2,6,15,22,28,34,36,39,40,39,37,34,28,21,16,10,6,6,1,0,0,0,0,0,0,0,0,0,2,11,10,8,5,5,7,10,14,17,20,21,23,24,22,21,19,16,11,7,3,4,10,15,20,26,30
-76,114,14,36,34,30,25,22,18,15,11,7,7,11,16,21,25,27,30,31,31,29,26,24,19,15,10,6,2,0,0,0,0,0,0,0,0,0,4,19,18,16,14,12,11,14,17,20,24,27,30,30,29,27,24,20,14,9,4,4,11,17,21,25,28
-70,114,14,20,14,14,17,21,25,28,32,33,34,33,32,28,23,18,12,8,7,11,15,19,22,23,23,24,6,0,0,0,0,0,0,0,0,0,2,8,7,8,10,14,17,20,24,26,26,27,26,24,21,17,16,16,19,24,29,33,37,39,40,40,39
-90,114,14,14,16,18,17,13,10,11,13,13,13,13,14,14,17,18,13,7,6,5,3,6,8,8,9,10,3,0,0,0,0,0,0,0,0,0,2,12,9,7,11,13,12,11,11,10,8,6,7,7,5,9,10,7,4,3,3,3,1,4,8,9,9
-65,118,8,0,0,0,6,26,26,27,27,26,25,24,24,24,24,24,24,24,23,22,23,22,21,21,21,21,21,21,22,24,24,12,24,25,25,25,25,25,25,24,24,24,25,24,25,26,27,28,28,27,27,26,27,27,28,29,29,29,7,0,0,0,0
-64,163,8,0,0,0,6,25,25,26,25,24,23,22,22,22,22,23,23,22,21,21,21,20,20,20,20,20,20,19,21,23,22,11,23,23,23,23,23,23,23,23,22,22,23,23,23,25,25,26,26,26,26,26,27,26,27,27,27,27,7,0,0,0,0
-65,163,8,0,0,0,4,19,20,21,21,20,19,19,18,18,18,19,19,18,17,17,18,17,17,17,17,17,18,17,19,20,20,10,21,21,21,21,20,21,21,21,20,21,21,21,21,22,23,23,23,23,22,23,23,24,24,25,24,24,6,0,0,0,0
-68,43,1,0,0,0,5,21,21,21,20,19,18,17,17,17,17,17,17,16,15,15,16,15,15,16,17,17,17,17,19,20,21,10,21,21,22,22,22,23,24,24,22,21,23,24,25,26,26,28,28,29,30,30,31,31,31,32,31,31,8,0,0,0,0
-53,114,14,20,20,18,15,13,9,6,2,3,8,12,16,19,22,23,24,25,24,21,18,14,10,7,2,1,1,0,0,0,0,0,0,0,0,0,3,9,8,7,6,5,6,7,9,11,12,13,14,15,14,14,13,11,9,6,4,3,5,8,10,13,15
-76,114,14,39,38,33,27,23,18,14,10,8,11,17,23,26,28,31,32,32,32,31,27,23,17,12,8,6,2,0,0,0,0,0,0,0,0,0,5,21,19,17,14,12,12,14,17,22,25,28,30,29,29,27,24,20,15,10,3,5,14,21,28,34,37
-72,114,14,29,28,27,27,26,25,24,23,22,22,22,21,21,19,17,13,10,5,4,5,9,12,13,15,17,4,0,0,0,0,0,0,0,0,0,2,9,7,4,5,7,12,17,22,26,28,30,32,32,31,30,28,25,23,21,21,24,26,29,29,30,31
-85,114,14,15,20,23,25,28,30,29,27,24,22,18,15,14,12,9,7,7,10,14,15,15,15,15,15,14,3,0,0,0,0,0,0,0,0,0,3,16,18,20,20,17,14,12,10,10,12,11,9,6,7,12,18,19,18,21,21,21,19,15,13,12,8
-72,114,14,23,22,22,24,24,23,24,24,23,23,22,21,21,19,17,14,10,6,4,7,11,13,15,16,18,5,0,0,0,0,0,0,0,0,0,1,6,4,2,4,7,11,14,18,21,22,23,25,25,25,25,24,22,21,21,22,23,25,26,27,28,29
-65,118,8,0,0,0,7,26,26,28,28,27,26,25,25,24,24,25,25,24,23,23,23,23,22,22,22,22,22,21,22,23,24,12,24,24,24,22,21,22,22,22,21,21,22,21,21,22,23,23,23,24,23,23,24,24,24,25,25,25,6,0,0,0,0
-65,43,1,0,0,0,3,13,14,15,16,15,14,14,14,14,14,15,16,15,15,15,15,16,15,15,16,17,18,18,18,20,20,10,22,23,22,22,22,24,24,24,25,26,26,25,25,26,28,29,30,30,30,30,30,31,31,32,32,32,8,0,0,0,0
-88,114,14,7,8,9,11,12,12,13,12,11,8,7,5,3,1,1,0,3,6,5,7,9,10,9,8,9,2,0,0,0,0,0,0,0,0,0,2,10,9,9,8,8,9,8,6,3,3,4,4,8,11,11,12,13,12,12,14,14,15,14,8,3,2
-53,114,14,39,38,35,30,25,19,12,5,7,15,24,30,36,40,44,45,46,44,40,34,28,21,14,7,5,1,0,0,0,0,0,0,0,0,0,4,16,15,14,12,11,11,12,14,17,19,21,24,25,24,24,23,20,16,13,10,8,12,15,21,27,32
-76,114,14,38,37,33,29,25,21,14,7,0,6,12,17,23,27,29,32,35,34,31,28,24,19,14,10,7,1,0,0,0,0,0,0,0,0,0,7,25,24,21,18,15,12,10,13,17,21,26,29,31,29,27,25,22,17,12,5,5,13,19,24,30,34
-70,114,14,23,22,24,26,27,28,28,29,29,29,28,28,26,23,21,18,14,10,8,7,10,13,16,18,19,4,0,0,0,0,0,0,0,0,0,2,10,10,9,7,7,9,10,12,14,16,17,20,20,20,21,21,21,21,22,25,27,28,29,29,30,29
-88,114,14,10,9,13,18,18,20,24,23,19,16,15,13,7,8,8,6,7,7,9,11,10,8,7,7,7,2,0,0,0,0,0,0,0,0,0,1,8,11,12,10,7,7,10,8,6,5,5,6,7,6,9,14,15,13,12,13,13,10,6,3,7,10
-64,118,8,0,0,0,3,14,15,16,16,15,15,15,15,16,16,17,18,18,18,19,20,21,20,21,21,22,23,23,25,27,27,14,29,29,30,29,29,30,30,30,31,33,33,31,32,33,34,36,36,35,35,36,36,37,37,38,37,37,9,0,0,0,0
-62,43,1,0,0,0,6,21,21,22,23,22,21,21,21,21,21,22,22,22,21,21,21,21,20,20,21,21,21,21,21,23,24,12,24,25,25,24,24,25,26,25,25,26,27,26,26,27,28,29,29,28,28,28,28,28,27,28,27,26,7,0,0,0,0
-56,114,14,33,30,25,20,16,12,10,14,19,25,30,34,36,36,36,35,32,28,23,17,11,4,2,7,9,3,0,0,0,0,0,0,0,0,0,2,7,8,9,11,13,15,18,20,22,22,23,23,22,20,18,16,12,10,9,11,14,18,22,25,29,31
-76,114,14,36,34,31,27,23,18,13,8,6,9,14,19,24,27,30,32,32,31,29,26,21,15,9,5,2,1,0,0,0,0,0,0,0,0,0,3,15,13,12,9,8,9,13,18,23,25,26,29,30,29,27,23,18,13,8,3,3,10,15,20,27,31
-87,114,14,16,20,21,20,21,21,22,22,20,19,18,17,13,11,13,12,10,7,4,6,10,12,11,10,7,1,0,0,0,0,0,0,0,0,0,2,9,8,9,8,7,7,7,6,8,9,9,11,11,12,13,14,14,13,11,10,10,9,7,9,10,8
-70,114,14,32,33,32,30,27,24,19,14,10,6,5,6,7,8,10,10,11,13,14,14,15,14,12,10,9,2,0,0,0,0,0,0,0,0,0,4,15,12,7,7,11,15,22,28,32,35,37,38,37,35,32,29,24,19,13,8,8,10,14,18,22,25
-87,114,14,13,14,18,18,18,21,23,23,22,22,19,17,15,16,12,9,6,4,5,8,10,11,11,10,10,2,0,0,0,0,0,0,0,0,0,2,8,5,3,3,8,10,8,7,9,9,8,7,10,15,15,13,11,10,11,10,9,8,6,5,7,9
-63,118,8,0,0,0,4,14,14,15,15,14,13,13,13,14,15,15,17,16,16,16,17,18,17,19,20,20,21,22,23,24,25,13,27,28,29,29,28,29,29,29,29,30,31,31,31,33,33,34,36,34,34,34,34,35,35,34,33,33,9,0,0,0,0
-63,163,8,0,0,0,2,9,9,10,9,9,8,8,8,7,8,9,10,11,12,12,13,13,14,15,16,17,18,18,19,21,22,10,24,24,26,25,25,27,27,27,27,27,29,29,30,32,33,33,33,33,32,32,32,33,33,34,34,33,7,0,0,0,0
-65,43,1,0,0,0,6,26,26,26,26,24,24,24,23,22,22,23,23,21,20,20,20,19,18,18,19,19,19,19,19,21,21,10,21,22,22,21,21,23,23,22,21,21,22,22,23,25,26,27,28,28,28,28,29,29,29,30,29,29,7,0,0,0,0
-51,114,14,36,37,34,31,27,22,15,9,4,7,13,21,26,30,34,36,37,36,33,30,25,19,14,10,7,1,0,0,0,0,0,0,0,0,0,4,15,13,10,7,2,2,6,12,16,19,23,26,27,27,26,25,22,18,13,8,2,4,10,16,23,27
-77,114,14,37,34,29,23,18,13,7,5,8,13,19,23,25,26,27,28,29,30,27,24,19,15,13,10,6,2,0,0,0,0,0,0,0,0,0,8,34,24,4,10,11,12,17,20,24,28,29,30,29,27,26,23,18,11,6,5,9,18,24,30,34,36
-51,114,14,36,36,34,31,26,21,16,8,4,7,14,21,26,30,34,36,37,36,34,29,24,19,14,8,7,1,0,0,0,0,0,0,0,0,0,4,14,12,9,6,2,2,7,12,16,19,23,25,27,27,26,25,21,17,13,7,2,4,11,16,23,26
-76,114,14,37,34,28,24,19,13,9,6,8,13,17,20,23,26,29,30,30,29,26,23,21,17,14,8,5,1,0,0,0,0,0,0,0,0,0,4,17,16,13,11,12,13,14,18,21,24,26,28,28,27,25,21,17,11,5,3,9,15,22,27,32,35
-69,114,14,23,23,25,26,28,28,28,28,27,25,24,23,22,20,18,17,16,15,14,14,14,14,16,16,17,4,0,0,0,0,0,0,0,0,0,5,21,22,21,21,20,19,18,18,18,18,18,19,20,21,23,25,26,28,30,32,34,34,34,32,30,29
-84,114,14,15,17,22,27,30,32,35,38,39,37,30,24,21,18,15,13,10,8,7,10,14,17,17,15,15,3,0,0,0,0,0,0,0,0,0,5,21,22,25,25,26,27,24,20,15,12,10,11,9,10,15,19,19,25,28,26,23,20,18,17,16,18
-67,118,8,0,0,0,7,27,28,28,29,28,26,25,25,24,24,25,24,23,21,21,21,21,18,18,18,18,18,17,17,18,18,9,19,19,19,18,18,19,19,19,19,19,20,20,21,22,23,24,24,24,24,24,25,26,26,27,26,26,7,0,0,0,0
-65,43,1,0,0,0,4,17,18,19,20,19,18,17,17,16,16,18,18,18,17,17,17,17,17,18,18,18,18,18,20,22,22,11,24,24,25,25,25,26,26,25,25,27,27,27,28,30,30,31,32,32,32,32,33,33,33,34,35,35,8,0,0,0,0
-65,163,8,28,28,28,28,29,28,28,27,28,29,29,31,32,33,34,35,34,34,34,33,33,33,34,33,33,8,0,0,0,0,0,0,0,0,0,4,14,14,15,16,16,16,16,16,16,17,18,18,18,17,17,18,18,18,18,19,19,21,21,23,25,25
-56,114,14,25,22,16,11,9,10,14,18,24,29,32,35,37,36,35,34,32,27,23,18,12,6,1,5,9,2,0,0,0,0,0,0,0,0,0,3,15,17,19,19,21,23,24,25,25,23,22,20,19,17,15,14,15,16,20,23,26,29,30,31,32,33
-76,114,14,37,36,33,28,25,21,16,12,10,14,18,22,27,30,33,35,36,36,34,29,25,20,12,5,2,1,0,0,0,0,0,0,0,0,0,5,21,18,16,12,8,5,7,11,17,21,24,27,28,28,27,24,20,14,9,5,7,12,17,22,28,31
-74,114,14,24,20,18,19,20,22,25,28,31,33,34,33,30,24,19,13,7,5,7,12,17,21,22,23,24,5,0,0,0,0,0,0,0,0,0,2,7,10,14,17,21,24,26,27,27,25,25,24,23,22,21,20,19,20,23,26,29,32,34,36,38,39
-63,118,8,0,0,0,5,20,21,22,23,21,21,21,20,20,20,21,22,22,21,20,22,21,20,21,20,20,21,20,21,22,23,11,22,23,23,22,22,22,22,22,22,24,24,23,22,23,24,25,26,26,26,26,26,26,28,28,28,27,7,0,0,0,0
-68,43,1,0,0,0,3,18,18,19,19,17,17,16,15,15,15,14,14,13,13,12,12,13,12,13,14,14,15,15,16,19,20,10,21,23,23,22,21,22,23,23,22,22,24,25,26,27,27,29,29,29,29,29,29,29,29,30,30,31,7,0,0,0,0
-76,114,14,38,37,34,31,27,21,14,9,6,10,15,20,25,28,30,33,35,35,33,30,25,20,15,9,5,1,0,0,0,0,0,0,0,0,0,5,20,19,18,14,11,7,5,8,13,18,22,26,27,27,26,24,21,17,12,7,0,7,15,21,27,31
-54,114,14,37,36,33,29,24,18,10,2,6,15,23,30,35,40,42,43,44,41,38,33,27,21,17,13,13,3,0,0,0,0,0,0,0,0,0,3,12,11,9,6,4,5,7,10,13,16,18,20,22,22,22,21,19,16,12,7,5,7,12,17,22,27
-76,114,14,39,39,37,33,29,23,17,11,8,12,17,22,27,32,36,38,37,36,34,31,27,22,16,8,4,1,0,0,0,0,0,0,0,0,0,5,21,20,16,12,7,4,5,8,14,19,23,26,29,29,28,27,24,19,14,9,2,7,14,20,28,33
-73,114,14,18,18,19,21,25,26,27,28,30,31,33,32,30,28,26,24,20,16,13,13,14,17,19,20,21,5,0,0,0,0,0,0,0,0,0,3,12,9,5,5,6,10,14,16,19,20,21,23,24,24,23,24,24,24,26,29,30,30,30,29,28,27
-88,114,14,15,14,14,16,16,19,20,22,23,24,23,22,19,17,12,7,4,3,5,7,9,12,14,14,13,4,0,0,0,0,0,0,0,0,0,2,11,13,12,11,14,18,18,17,16,14,12,9,7,5,3,1,4,8,9,7,7,9,11,13,16,15
-66,118,8,0,0,0,7,28,28,29,29,28,27,26,25,24,24,25,25,24,22,21,21,21,20,19,19,20,20,20,20,21,22,11,22,22,22,22,21,22,23,22,23,24,24,23,23,25,25,26,26,26,26,26,26,28,28,29,28,28,7,0,0,0,0
-63,163,8,0,0,0,5,23,23,25,26,24,24,24,25,25,25,26,26,27,25,25,26,26,25,25,25,25,26,26,26,28,27,13,27,28,28,27,26,27,27,25,24,25,26,26,26,28,28,29,29,28,28,29,29,29,29,29,29,28,7,0,0,0,0
-63,163,8,0,0,0,4,18,19,20,20,19,19,19,18,19,19,20,22,21,20,19,20,20,19,19,19,19,19,20,21,22,21,10,21,22,22,21,21,21,20,19,20,21,20,20,20,20,21,22,22,22,22,22,22,22,23,23,23,23,5,0,0,0,0
-62,43,1,0,0,0,5,18,18,19,20,18,18,18,18,17,18,18,19,19,18,18,18,18,16,17,18,18,18,18,20,21,21,11,22,23,23,22,22,23,23,23,23,24,25,25,25,26,27,28,28,28,28,28,28,29,29,29,29,29,8,0,0,0,0
-52,114,14,34,35,34,31,27,22,15,9,1,6,13,20,27,31,35,37,37,36,34,29,23,17,10,5,5,2,0,0,0,0,0,0,0,0,0,2,9,8,6,4,1,3,6,10,13,16,19,21,22,21,21,21,19,16,13,9,4,2,7,12,19,23
-79,114,14,37,36,32,30,29,26,22,15,11,8,8,15,20,24,28,32,34,34,32,29,25,23,18,12,8,2,0,0,0,0,0,0,0,0,0,5,20,20,18,16,12,11,11,11,15,19,23,26,26,26,26,26,24,19,13,7,3,6,13,19,25,32
-70,114,14,17,13,14,15,17,17,19,20,20,20,19,17,14,12,8,6,3,3,6,9,11,13,14,14,14,3,0,0,0,0,0,0,0,0,0,2,9,10,14,19,25,30,35,39,42,41,39,36,31,26,20,15,13,14,19,25,29,32,34,34,34,33
-88,114,14,10,13,13,15,18,20,22,21,19,17,15,12,8,9,10,10,10,9,12,15,15,15,13,12,12,3,0,0,0,0,0,0,0,0,0,1,6,7,8,10,12,15,14,11,13,13,15,17,14,10,9,8,8,9,8,10,12,12,10,8,8,5
-72,114,14,27,23,17,11,9,9,13,18,21,25,27,29,28,25,22,18,13,8,4,7,11,14,19,23,26,7,0,0,0,0,0,0,0,0,0,1,2,2,8,13,18,23,28,32,34,36,35,34,29,25,19,13,8,8,13,19,26,30,33,38,39,39
-62,118,8,0,0,0,5,21,21,22,21,20,20,19,18,18,18,19,19,19,18,18,18,18,17,17,17,17,18,17,19,19,20,10,21,21,21,21,21,22,22,22,21,21,23,23,24,25,26,26,27,26,26,26,26,26,26,27,26,26,6,0,0,0,0
-64,163,8,0,0,0,6,21,21,23,23,22,21,21,20,20,20,21,21,20,19,19,19,19,18,18,18,19,19,19,20,20,21,11,22,22,23,22,22,22,22,22,22,22,23,23,23,24,25,25,26,25,25,25,26,26,26,26,26,25,7,0,0,0,0
-64,43,1,0,0,0,5,20,21,21,21,20,19,19,19,18,18,19,19,19,19,19,20,20,19,20,20,22,22,21,22,24,25,13,25,26,26,25,25,26,26,25,24,24,26,26,26,27,29,29,30,29,29,29,29,29,30,31,30,30,7,0,0,0,0
-64,163,8,27,26,26,25,25,26,25,25,25,26,24,24,25,26,28,27,26,26,25,24,24,25,25,24,23,5,0,0,0,0,0,0,0,0,0,2,13,13,13,14,14,14,14,14,15,15,16,17,17,17,17,18,18,17,19,19,20,22,22,23,25,25
-91,114,14,11,9,9,7,3,0,3,8,11,6,5,8,9,10,12,11,8,9,9,9,5,1,1,5,8,2,0,0,0,0,0,0,0,0,0,1,3,2,2,1,4,5,6,11,14,13,12,12,10,10,12,10,6,3,2,2,2,7,12,14,14,16
-52,114,14,39,40,37,33,29,24,18,14,13,15,19,25,30,34,36,38,38,37,35,30,25,19,12,6,2,0,0,0,0,0,0,0,0,0,0,4,20,19,18,15,12,9,10,11,14,19,23,27,29,29,30,30,28,25,21,18,15,14,15,19,25,29
-76,114,14,38,38,36,33,30,26,22,16,10,6,9,14,20,26,30,34,35,36,35,31,26,23,19,14,13,3,0,0,0,0,0,0,0,0,0,5,19,18,16,13,9,5,6,10,14,19,23,26,26,24,23,22,19,17,15,10,2,10,14,17,26,31
-71,114,14,29,32,34,33,33,32,29,26,21,19,16,12,10,9,7,5,3,2,3,6,9,12,13,13,15,3,0,0,0,0,0,0,0,0,0,5,24,21,14,8,7,11,14,19,25,30,34,36,38,39,40,40,37,33,29,26,21,18,16,14,15,17
-87,114,14,15,12,14,19,21,22,20,18,17,17,17,14,12,9,5,4,6,6,6,6,8,9,8,5,5,1,0,0,0,0,0,0,0,0,0,5,17,16,16,16,17,17,18,18,17,16,18,19,18,17,17,15,15,16,13,10,13,14,12,13,14,18
-64,118,8,0,0,0,6,26,27,28,28,27,26,25,24,25,26,26,26,26,25,24,24,24,23,22,23,23,21,21,22,23,24,12,24,24,24,22,22,22,22,22,21,21,21,21,21,22,22,23,24,23,22,23,23,24,24,24,24,23,6,0,0,0,0
-64,118,8,0,0,0,6,26,28,29,29,27,27,26,26,26,26,26,27,26,25,24,25,24,22,21,21,23,23,21,22,24,24,12,24,24,24,23,22,22,22,22,21,21,21,21,21,23,23,23,22,22,22,22,23,23,23,24,24,24,5,0,0,0,0
-63,163,8,0,0,0,5,17,18,18,18,17,17,17,16,16,16,17,17,17,16,16,17,16,15,16,16,16,16,16,18,19,19,9,19,20,20,19,19,19,19,19,18,20,21,21,22,21,23,24,21,22,26,24,23,19,18,21,23,27,8,0,0,0,0
-63,163,8,0,0,0,5,17,17,18,18,17,16,16,16,16,16,16,17,17,16,16,16,17,16,16,16,16,16,17,17,18,19,10,20,20,20,19,18,19,19,17,14,15,18,18,19,20,20,19,20,19,20,22,26,27,27,25,18,9,2,0,0,0,0
-63,43,1,0,0,0,2,8,8,9,9,8,8,8,7,7,7,8,8,7,7,7,7,7,7,7,7,7,7,7,7,8,7,4,8,8,8,8,8,8,8,8,8,8,8,8,8,8,8,9,9,8,8,8,9,9,9,9,8,8,1,0,0,0,0
-78,114,14,38,37,34,31,26,19,13,7,4,8,13,20,24,27,29,31,31,29,27,23,17,12,6,3,5,2,0,0,0,0,0,0,0,0,0,4,15,13,12,11,11,12,14,18,22,24,26,28,28,26,24,21,16,11,6,6,9,15,20,26,31,34
-52,114,14,38,37,33,28,23,16,8,0,8,16,23,30,35,38,42,43,42,40,38,32,25,19,12,8,8,2,0,0,0,0,0,0,0,0,0,4,16,15,13,11,9,9,11,15,19,22,25,28,28,28,27,25,21,16,11,7,6,11,16,22,28,32
-77,114,14,41,39,34,30,26,20,14,9,3,7,14,17,21,24,27,30,31,29,26,23,17,12,7,5,7,2,0,0,0,0,0,0,0,0,0,5,16,15,13,10,8,10,13,18,21,24,27,28,27,26,25,23,19,15,9,5,6,14,20,25,30,32
-71,114,14,18,13,9,10,12,15,19,21,25,26,27,27,26,25,23,20,16,12,8,7,9,11,14,17,19,4,0,0,0,0,0,0,0,0,0,3,12,12,13,14,16,19,20,22,23,22,21,19,15,11,8,7,8,13,17,22,27,31,33,34,34,33
-88,114,14,12,13,13,14,18,20,22,24,25,24,21,17,16,14,10,6,6,6,7,10,10,8,8,12,14,3,0,0,0,0,0,0,0,0,0,4,18,19,20,19,20,22,22,21,17,17,17,15,12,8,6,4,6,7,8,10,14,16,15,16,17,16
-64,118,8,0,0,0,5,23,23,25,25,23,23,23,22,22,23,23,24,23,22,21,21,21,21,21,20,20,20,21,21,22,22,10,23,24,24,23,23,23,24,23,22,23,23,22,22,23,23,24,24,24,23,23,23,24,24,24,23,23,5,0,0,0,0
-62,43,1,0,0,0,5,20,20,21,21,21,20,20,20,20,20,20,21,21,20,19,19,19,18,18,18,18,19,18,19,20,21,10,21,21,21,22,21,21,22,21,20,20,22,21,22,23,24,24,24,24,22,22,23,23,23,24,23,23,5,0,0,0,0
-55,114,14,32,33,32,31,30,29,27,27,26,26,25,25,25,26,26,26,26,25,24,22,20,18,16,14,13,3,0,0,0,0,0,0,0,0,0,5,24,26,27,29,29,27,27,25,22,20,19,18,20,21,23,26,27,29,30,31,31,31,30,28,29,30
-77,114,14,33,32,27,23,19,12,6,5,10,16,21,27,30,32,34,36,37,35,30,26,22,17,10,5,3,1,0,0,0,0,0,0,0,0,0,2,13,14,15,13,12,13,13,15,17,19,21,22,23,21,18,15,12,10,5,4,7,15,20,23,28,33
-68,114,14,23,16,9,4,4,11,17,22,26,29,31,32,31,28,26,22,17,13,10,6,6,8,10,12,13,3,0,0,0,0,0,0,0,0,0,1,9,12,15,17,20,23,24,26,26,25,23,22,18,14,10,5,5,9,14,21,26,31,34,37,38,37
-87,114,14,13,13,13,14,14,15,18,20,20,22,22,18,15,12,6,1,4,6,8,8,10,15,18,19,15,3,0,0,0,0,0,0,0,0,0,2,9,10,11,15,18,18,20,22,24,23,22,18,15,12,9,5,4,9,11,13,15,18,20,19,17,15
-69,114,14,14,6,1,8,15,20,24,28,30,32,32,30,28,25,21,16,10,5,5,8,12,16,19,22,23,6,0,0,0,0,0,0,0,0,0,2,10,10,12,13,15,17,19,20,19,18,18,17,13,10,6,5,8,12,18,23,27,31,33,33,33,32
-63,118,8,0,0,0,5,19,20,20,20,19,18,18,18,18,18,18,19,18,17,17,17,17,16,16,16,16,17,17,18,19,18,10,20,21,21,21,21,22,22,22,21,22,24,24,24,26,26,27,27,27,27,27,27,27,27,28,27,26,7,0,0,0,0
-62,43,1,0,0,0,6,28,28,29,30,28,27,27,26,26,26,26,26,25,24,23,23,22,21,20,20,20,20,19,20,21,21,10,22,22,22,22,22,23,23,22,22,24,24,24,24,25,25,26,26,25,26,26,26,25,25,26,25,25,6,0,0,0,0
-53,114,14,27,28,27,27,27,26,25,24,24,24,25,25,26,26,27,27,27,26,25,22,19,17,15,13,12,3,0,0,0,0,0,0,0,0,0,5,23,24,25,25,25,24,24,22,21,20,20,22,24,26,28,30,31,31,31,30,29,28,26,25,24,24
-76,114,14,33,30,25,18,12,7,7,13,21,26,32,36,39,40,41,42,41,37,33,27,20,11,6,6,9,3,0,0,0,0,0,0,0,0,0,3,11,13,14,15,16,17,18,20,21,20,19,18,18,15,12,9,5,2,7,13,18,23,25,28,33,37
-70,114,14,33,35,34,33,33,31,28,25,21,19,17,16,14,14,13,13,14,14,15,17,17,17,18,18,18,4,0,0,0,0,0,0,0,0,0,1,0,4,9,14,18,22,27,31,34,33,33,32,30,27,26,26,25,24,24,23,25,26,26,26,27,28
-85,114,14,14,18,21,23,24,25,27,29,27,25,20,16,12,7,3,0,4,10,15,17,20,22,21,21,21,5,0,0,0,0,0,0,0,0,0,4,14,15,22,28,29,29,28,26,24,18,13,10,5,8,13,16,18,22,24,23,22,21,18,16,15,13
-62,118,8,0,0,0,6,23,23,24,24,22,22,21,21,21,21,21,21,20,19,18,18,18,16,17,17,17,18,17,18,19,20,10,21,22,23,23,23,23,24,24,24,25,25,25,25,26,27,27,28,27,27,27,27,28,28,29,28,28,7,0,0,0,0
-61,43,1,0,0,0,5,18,18,19,19,18,18,18,18,18,18,19,21,21,20,20,21,21,21,21,21,21,22,22,24,25,26,13,27,28,28,28,28,29,29,29,28,29,30,30,30,32,34,35,35,35,35,34,34,35,35,35,35,34,8,0,0,0,0
-75,114,14,36,35,31,26,21,16,13,14,17,23,29,34,37,38,39,40,38,36,32,27,21,15,12,10,10,2,0,0,0,0,0,0,0,0,0,4,16,14,12,11,11,11,13,17,22,23,23,25,28,26,22,18,13,7,2,7,13,19,24,29,34,38
-54,114,14,16,16,16,19,20,22,23,23,24,24,23,22,21,20,19,19,18,18,17,15,15,13,12,12,12,3,0,0,0,0,0,0,0,0,0,3,10,12,15,17,18,19,20,20,17,15,13,11,10,10,12,15,18,21,23,25,26,26,24,23,21,20
-74,114,14,34,32,27,23,20,16,13,13,16,21,26,30,32,34,36,36,35,32,28,24,19,14,11,11,12,3,0,0,0,0,0,0,0,0,0,2,12,10,10,7,7,10,13,17,19,21,25,26,25,22,20,17,14,9,6,6,10,15,21,25,30,34
