-60,46,2,28,28,26,26,24,23,21,21,20,21,19,19,19,19,19,19,18,17,15,15,14,14,13,13,12,3,0,0,0,0,0,0,0,0,0,4,19,21,22,23,22,23,23,23,24,25,27,27,27,26,25,25,26,24,25,25,25,25,25,27,30,30
-60,98,6,28,28,27,25,24,23,21,21,21,21,20,19,19,19,20,20,18,17,16,15,15,14,14,13,13,3,0,0,0,0,0,0,0,0,0,5,20,20,22,23,23,23,23,23,24,26,27,28,27,26,26,26,25,24,24,25,25,26,26,28,30,29
-58,131,5,24,24,23,22,21,21,20,19,20,20,19,18,19,20,20,20,19,18,17,17,16,16,16,15,14,3,0,0,0,0,0,0,0,0,0,4,16,17,19,19,19,19,19,19,21,22,23,23,23,21,21,21,21,19,20,20,20,21,22,23,24,24
-59,163,8,28,27,26,24,24,24,21,21,22,22,21,22,22,23,23,22,22,20,19,19,17,17,17,16,15,3,0,0,0,0,0,0,0,0,0,4,18,19,21,22,22,22,22,23,24,25,26,26,26,25,24,25,25,23,23,23,23,24,25,26,28,28
-61,114,14,27,26,25,24,22,21,20,20,20,20,19,19,19,18,19,19,17,16,15,14,13,13,13,13,11,2,0,0,0,0,0,0,0,0,0,4,19,20,21,22,22,22,23,23,24,26,27,28,27,26,25,26,25,23,23,24,24,24,25,26,27,27
-65,125,20,32,31,30,29,28,28,26,25,25,25,24,23,23,23,23,21,21,20,19,17,17,16,15,15,14,4,0,0,0,0,0,0,0,0,0,7,24,25,26,27,28,30,29,30,30,32,33,33,33,32,32,32,31,30,30,30,31,32,32,33,33,33
-64,125,20,27,26,26,25,24,24,23,22,21,21,20,19,19,19,19,19,18,17,16,16,15,14,13,12,12,3,0,0,0,0,0,0,0,0,0,5,20,21,22,23,24,24,24,24,25,26,26,26,26,26,25,25,25,25,25,25,25,26,26,27,28,29
-66,125,20,29,28,27,27,25,24,23,23,23,23,21,20,20,19,19,18,18,17,16,15,13,12,12,11,11,3,0,0,0,0,0,0,0,0,0,7,24,24,25,27,26,28,29,29,29,30,31,30,30,29,29,29,28,28,28,28,28,29,29,30,31,31
-66,125,20,25,24,23,22,21,21,20,19,18,18,18,17,17,17,17,16,15,14,13,12,11,10,10,9,9,2,0,0,0,0,0,0,0,0,0,6,21,21,22,23,23,24,25,25,25,26,27,27,26,26,25,26,26,24,24,25,25,25,25,26,27,27
-66,125,20,27,26,24,24,22,21,21,19,19,19,18,18,17,17,16,15,15,14,13,12,11,10,9,9,7,1,0,0,0,0,0,0,0,0,0,5,21,22,22,24,24,24,26,25,26,27,28,28,27,26,26,26,26,25,25,25,25,25,25,26,27,28
-64,125,20,28,27,26,26,25,25,24,23,22,22,22,22,22,22,22,21,20,19,18,17,16,15,14,13,13,3,0,0,0,0,0,0,0,0,0,4,17,18,19,20,21,21,22,22,24,24,25,25,25,25,25,25,24,24,25,25,26,25,25,27,28,29
-65,125,20,24,24,24,23,22,21,21,21,20,19,19,19,19,19,19,18,17,16,15,14,14,14,13,12,11,2,0,0,0,0,0,0,0,0,0,3,15,15,16,18,18,19,20,20,20,21,22,23,22,22,22,22,21,21,22,22,23,23,24,24,24,24
-65,125,20,27,27,27,25,24,24,23,22,21,22,22,21,21,21,21,21,20,19,18,17,17,16,15,14,14,3,0,0,0,0,0,0,0,0,0,4,17,17,19,20,20,21,22,22,23,24,25,25,24,24,24,25,24,24,24,25,25,25,26,27,27,27
-65,125,20,24,23,22,21,21,20,20,19,18,19,18,18,18,18,18,17,16,16,15,14,13,13,12,11,11,2,0,0,0,0,0,0,0,0,0,3,14,14,15,16,17,18,19,19,20,20,21,22,21,21,21,21,21,20,20,20,21,22,22,23,25,25
-63,125,20,26,26,26,24,24,23,23,23,22,22,21,21,20,19,20,20,19,18,17,16,15,15,14,13,13,3,0,0,0,0,0,0,0,0,0,4,16,18,18,19,20,20,21,21,22,23,24,24,24,23,23,24,23,23,24,24,24,24,24,25,26,27
-64,125,20,28,28,27,27,26,25,24,23,23,23,22,22,22,22,22,21,21,20,19,17,16,15,15,14,13,3,0,0,0,0,0,0,0,0,0,4,19,19,20,21,22,22,24,24,24,25,27,27,26,26,26,26,26,25,26,27,26,26,27,28,30,30
-64,125,20,30,30,29,27,26,26,24,24,24,24,22,22,22,22,21,21,20,19,18,17,17,15,14,14,14,4,0,0,0,0,0,0,0,0,0,5,20,21,22,23,23,25,25,26,26,27,28,29,28,27,27,28,28,27,27,27,28,28,28,30,31,31
-64,125,20,29,29,27,26,26,25,24,22,21,21,21,20,20,20,19,19,18,18,17,16,15,14,13,12,12,3,0,0,0,0,0,0,0,0,0,4,20,21,21,22,23,24,25,25,25,26,27,27,27,27,27,26,26,26,26,27,27,27,28,29,30,30
-64,125,20,29,29,28,27,26,25,25,24,24,24,22,22,21,21,21,20,19,18,17,16,15,15,14,13,13,4,0,0,0,0,0,0,0,0,0,6,22,22,23,24,24,25,26,27,27,28,28,28,27,27,27,29,28,27,28,27,28,28,28,29,30,30
-64,125,20,29,28,28,27,26,25,23,23,24,22,21,20,20,19,19,19,19,17,16,16,14,14,13,12,12,3,0,0,0,0,0,0,0,0,0,6,22,23,24,25,25,27,27,27,28,28,30,30,30,29,29,29,28,28,28,29,29,29,30,30,31,31
-64,125,20,31,30,29,28,27,27,25,24,23,23,22,22,22,22,21,20,20,18,18,16,15,13,13,13,13,3,0,0,0,0,0,0,0,0,0,5,24,24,26,27,28,28,30,29,30,31,32,33,32,32,31,31,31,30,30,30,30,30,31,32,33,33
-64,125,20,28,28,27,25,25,24,23,22,23,22,20,19,19,19,19,18,18,17,16,15,14,13,12,12,11,3,0,0,0,0,0,0,0,0,0,6,22,23,24,25,25,25,26,27,27,28,29,29,29,27,27,27,27,27,27,28,27,27,28,29,29,30
-64,125,20,27,27,26,25,25,24,22,21,20,20,20,19,19,19,18,18,17,16,15,14,13,12,11,11,10,3,0,0,0,0,0,0,0,0,0,6,22,23,24,25,25,26,27,27,28,29,30,30,29,28,27,27,27,27,27,27,27,28,28,29,29,28
-64,125,20,28,27,26,25,25,23,22,21,20,20,20,20,19,18,18,17,16,16,15,13,13,11,11,11,10,3,0,0,0,0,0,0,0,0,0,5,22,23,23,25,25,26,27,27,28,28,29,29,29,29,28,27,27,27,27,27,27,26,27,28,29,30
-65,125,20,27,26,25,24,23,22,21,20,20,19,18,18,18,17,16,16,15,14,13,13,12,11,11,10,10,3,0,0,0,0,0,0,0,0,0,6,22,23,23,24,25,26,26,27,27,28,29,29,28,27,27,27,27,26,26,26,26,27,27,27,28,28
-65,125,20,27,27,26,25,24,23,23,22,22,21,19,18,18,18,17,17,16,15,14,13,12,12,12,11,10,3,0,0,0,0,0,0,0,0,0,6,23,24,25,26,27,28,28,28,28,29,30,30,29,28,28,28,28,27,28,27,27,28,28,29,29,28
-67,125,20,29,28,26,25,25,23,22,22,21,20,19,19,19,19,19,18,17,16,15,14,14,13,12,12,12,3,0,0,0,0,0,0,0,0,0,6,25,26,27,28,29,29,30,30,31,31,32,32,32,32,32,31,31,29,29,29,29,29,29,29,31,31
-65,125,20,27,26,25,24,24,23,21,20,20,19,19,19,19,18,18,17,17,16,15,15,14,12,12,12,11,3,0,0,0,0,0,0,0,0,0,6,23,23,24,25,26,27,28,28,27,28,30,30,30,30,29,29,28,27,28,28,28,27,27,27,28,29
-64,125,20,29,29,27,26,25,24,22,22,21,21,20,20,19,18,19,18,18,17,16,16,15,14,13,13,13,3,0,0,0,0,0,0,0,0,0,6,23,24,25,26,27,28,29,29,30,30,31,31,31,31,31,30,29,28,29,29,29,29,29,29,30,30
-62,125,20,26,26,25,24,23,22,21,20,19,19,19,18,18,18,18,18,18,17,16,15,15,14,14,14,13,3,0,0,0,0,0,0,0,0,0,5,24,24,25,26,26,26,28,28,28,29,30,30,30,29,28,28,27,27,27,27,27,27,27,27,29,29
-63,125,20,30,29,28,26,25,23,22,23,22,21,21,20,20,19,19,19,18,18,17,17,17,16,16,14,14,4,0,0,0,0,0,0,0,0,0,6,26,26,28,28,29,30,31,32,32,33,34,34,33,32,31,32,31,30,30,31,31,30,31,31,32,32
-63,125,20,26,25,23,22,22,21,20,19,19,18,18,17,17,17,16,16,15,16,15,14,14,13,13,13,13,3,0,0,0,0,0,0,0,0,0,5,23,24,25,25,25,26,26,27,28,28,29,28,28,28,28,27,26,25,25,26,26,26,26,26,27,27
-63,125,20,23,22,20,20,19,18,17,16,16,16,15,15,15,14,14,14,14,13,13,13,12,12,11,11,11,2,0,0,0,0,0,0,0,0,0,4,20,21,21,23,22,23,24,24,25,25,26,26,25,24,24,24,23,22,23,23,24,24,23,24,24,24
-66,125,20,24,23,22,21,21,20,18,17,17,17,16,15,15,15,15,15,14,14,14,13,13,13,13,12,13,2,0,0,0,0,0,0,0,0,0,6,24,25,26,27,27,28,28,28,29,29,29,30,29,28,28,26,26,26,26,26,26,26,26,26,26,26
-67,125,20,26,25,24,22,21,20,19,18,18,17,15,15,15,14,13,13,12,12,12,11,10,11,10,10,10,2,0,0,0,0,0,0,0,0,0,7,29,29,31,32,32,33,34,34,35,35,35,36,35,33,32,32,31,30,30,30,30,29,29,30,30,29
-64,125,20,28,27,26,23,22,21,19,19,19,18,16,15,15,14,14,13,13,12,10,10,9,8,8,7,7,2,0,0,0,0,0,0,0,0,0,6,26,27,29,30,29,30,30,30,30,32,34,34,33,31,30,31,30,28,27,28,27,27,27,28,29,29
-66,125,20,26,25,25,23,23,22,21,21,21,20,19,18,18,18,17,17,17,16,14,15,14,13,12,12,11,3,0,0,0,0,0,0,0,0,0,5,20,21,21,22,23,23,24,24,24,26,26,26,25,25,25,24,25,24,24,24,24,24,25,26,27,27
-67,125,20,26,25,24,23,23,22,21,21,22,21,20,19,19,19,19,18,17,17,15,15,14,14,13,11,11,2,0,0,0,0,0,0,0,0,0,5,20,21,21,23,24,23,24,24,25,26,27,27,26,26,26,25,25,24,25,25,25,25,25,26,26,25
-61,125,20,33,33,31,30,29,28,26,26,25,26,26,26,26,27,28,27,26,24,23,22,22,21,20,19,19,5,0,0,0,0,0,0,0,0,0,6,22,23,25,26,26,26,26,26,27,29,31,31,31,30,29,30,30,28,28,28,28,29,29,31,33,33
-65,125,20,28,28,27,26,26,25,25,25,25,24,23,23,23,23,23,23,23,22,21,20,19,19,18,17,17,4,0,0,0,0,0,0,0,0,0,4,19,20,21,22,22,24,24,25,25,26,26,27,27,25,25,26,26,25,25,26,25,26,27,28,28,28
-64,125,20,27,26,26,25,24,24,24,24,24,23,22,22,22,22,23,22,21,20,20,19,19,18,17,16,16,4,0,0,0,0,0,0,0,0,0,5,20,21,21,22,22,22,24,24,25,25,26,26,26,25,25,25,24,24,24,25,25,25,25,26,26,26
-65,125,20,27,27,27,25,25,25,24,25,26,25,22,20,21,22,22,22,22,21,20,19,19,18,18,17,16,3,0,0,0,0,0,0,0,0,0,5,20,20,21,23,23,24,25,25,25,26,27,27,27,26,26,26,25,25,25,26,26,26,28,29,28,27
-65,125,20,25,25,24,23,23,22,21,21,20,21,21,20,20,20,20,20,20,20,18,17,17,17,16,15,15,3,0,0,0,0,0,0,0,0,0,4,18,19,20,21,21,22,23,23,23,23,24,24,24,23,23,23,23,23,23,23,23,23,24,25,25,25
-63,125,20,30,30,29,29,28,27,27,26,25,25,25,25,25,25,25,25,25,25,24,23,22,20,20,19,18,4,0,0,0,0,0,0,0,0,0,6,23,22,24,25,25,25,26,27,26,28,29,29,29,29,28,27,27,27,27,28,28,28,28,29,30,30
-59,121,38,30,29,28,27,26,25,24,24,25,25,23,24,25,25,26,26,25,23,22,21,20,20,20,19,19,4,0,0,0,0,0,0,0,0,0,5,21,22,24,25,24,24,24,24,25,26,27,28,27,26,26,26,26,24,24,25,25,26,26,28,29,29
-64,125,20,24,24,23,24,23,22,22,21,21,21,20,20,20,20,20,20,20,19,18,18,17,16,16,16,15,3,0,0,0,0,0,0,0,0,0,5,18,18,19,20,20,21,21,22,22,23,24,24,23,23,22,22,22,22,22,22,22,23,23,24,25,25
-64,125,20,29,29,27,26,26,25,24,24,25,24,23,23,23,23,23,23,23,21,20,20,20,20,19,18,18,5,0,0,0,0,0,0,0,0,0,6,21,21,23,24,24,25,25,26,26,27,27,27,26,25,25,26,25,25,26,26,27,27,27,28,28,28
-65,121,38,30,29,27,26,26,25,24,22,21,21,21,23,24,23,24,25,23,22,22,21,21,21,21,19,19,5,0,0,0,0,0,0,0,0,0,6,24,25,27,27,27,27,27,28,28,30,31,32,31,29,28,29,29,26,25,27,27,27,27,28,29,28
-70,125,20,25,25,23,22,22,22,21,21,22,22,20,20,20,20,20,20,20,19,19,18,17,17,17,16,16,5,0,0,0,0,0,0,0,0,0,5,22,23,24,25,25,25,27,27,27,28,28,29,27,26,26,26,26,25,25,25,25,26,25,26,28,28
-65,125,20,25,25,24,23,22,22,21,21,21,21,20,19,21,20,21,21,20,19,19,19,18,18,18,17,16,4,0,0,0,0,0,0,0,0,0,3,16,15,16,17,18,19,20,20,21,21,22,22,22,21,22,23,23,22,21,22,23,24,24,25,26,27
-64,125,20,24,23,23,22,22,21,21,20,20,20,19,19,19,19,19,19,19,19,18,18,17,17,16,15,15,3,0,0,0,0,0,0,0,0,0,3,14,15,15,16,17,17,18,18,19,19,20,20,20,20,20,20,20,20,20,21,21,22,23,23,24,24
-63,125,20,29,28,26,25,24,23,22,22,21,20,19,19,18,17,17,17,17,16,15,15,15,13,13,13,13,2,0,0,0,0,0,0,0,0,0,6,27,27,28,30,30,30,31,32,32,32,33,33,32,32,32,32,31,29,30,30,30,30,30,30,31,31
-65,125,20,29,29,27,27,25,24,23,22,21,21,21,21,20,20,20,19,19,19,18,17,16,15,15,14,14,4,0,0,0,0,0,0,0,0,0,6,26,27,28,29,29,30,31,31,31,31,31,32,32,31,31,31,30,29,29,29,29,29,30,31,32,31
-60,125,20,29,29,27,25,24,22,21,20,20,20,19,18,18,18,18,18,17,16,15,14,14,13,13,13,13,4,0,0,0,0,0,0,0,0,0,6,24,25,27,28,27,28,28,27,27,29,31,31,31,30,28,29,28,26,26,27,27,27,28,29,30,30
-65,125,20,27,26,25,25,24,23,22,21,20,21,20,20,20,20,20,19,18,17,17,16,15,14,14,14,13,3,0,0,0,0,0,0,0,0,0,5,22,22,24,24,25,25,26,26,27,27,28,28,28,27,27,27,26,26,26,27,26,26,27,27,29,29
-65,125,20,25,25,25,23,22,21,21,21,21,20,19,18,18,18,18,18,17,17,16,16,15,14,14,13,13,4,0,0,0,0,0,0,0,0,0,6,21,22,22,23,23,23,24,25,25,26,26,26,26,26,25,25,24,24,24,24,24,25,25,26,27,27
-65,125,20,30,29,27,26,25,24,23,23,23,23,21,21,20,20,20,20,19,19,17,17,16,16,15,14,14,4,0,0,0,0,0,0,0,0,0,5,23,24,25,26,27,28,28,28,29,30,30,31,30,30,29,29,28,28,28,28,29,29,29,30,31,31
-60,125,20,32,31,29,27,26,25,24,23,23,24,22,21,21,22,22,21,20,19,18,17,17,16,15,14,14,4,0,0,0,0,0,0,0,0,0,6,24,25,27,28,27,27,28,28,28,30,32,32,31,30,30,31,30,28,28,29,29,29,29,31,33,33
-64,125,20,27,26,25,25,24,23,22,21,20,21,21,20,20,19,19,18,18,18,17,17,15,14,14,14,14,4,0,0,0,0,0,0,0,0,0,5,22,23,23,24,24,25,26,26,27,27,27,28,27,27,27,26,26,26,26,26,26,27,27,28,28,29
-64,125,20,24,23,22,22,21,20,19,18,17,17,17,17,16,16,16,16,15,15,14,13,12,12,12,11,11,2,0,0,0,0,0,0,0,0,0,4,19,19,20,21,21,21,22,22,22,23,24,24,24,23,23,23,22,22,22,22,22,23,23,24,25,25
-64,125,20,30,29,29,28,26,25,24,24,24,24,22,22,22,21,21,20,20,20,19,17,17,16,16,15,14,4,0,0,0,0,0,0,0,0,0,7,25,25,26,26,28,28,29,29,29,30,30,30,30,30,30,29,29,29,29,30,30,29,30,31,32,32
-65,125,20,29,28,27,26,25,24,23,23,23,22,20,20,20,19,19,18,18,17,16,16,15,14,14,14,14,3,0,0,0,0,0,0,0,0,0,5,22,23,24,25,26,27,27,27,28,28,29,29,28,28,28,28,27,27,27,28,28,29,29,29,30,30
-64,125,20,28,28,26,25,25,24,22,22,20,20,20,19,19,19,19,18,18,17,16,16,15,14,14,14,13,4,0,0,0,0,0,0,0,0,0,6,24,24,25,26,26,27,28,28,28,28,29,30,30,29,28,28,27,26,27,28,28,28,28,29,30,30
-60,125,20,34,33,32,30,29,27,25,24,24,25,24,24,24,24,24,24,23,21,19,19,17,17,17,16,16,4,0,0,0,0,0,0,0,0,0,5,24,25,27,28,28,29,29,29,28,29,31,33,32,31,30,31,30,29,28,29,29,29,29,32,35,35
-64,125,20,29,29,28,26,26,25,24,23,23,22,21,20,20,20,19,19,19,18,17,17,16,16,15,14,14,3,0,0,0,0,0,0,0,0,0,5,23,24,25,26,27,27,28,28,29,29,29,29,29,28,28,27,27,27,28,28,28,29,29,29,31,31
-64,125,20,30,30,29,28,27,25,24,23,22,22,22,22,21,21,21,20,20,19,18,18,17,16,15,15,15,4,0,0,0,0,0,0,0,0,0,6,24,24,26,27,27,27,28,28,28,28,29,30,30,29,29,29,28,28,28,28,28,29,29,30,31,32
-60,125,20,30,30,28,27,26,25,23,22,22,22,22,21,22,21,22,21,20,19,18,17,16,16,16,15,14,3,0,0,0,0,0,0,0,0,0,5,21,22,24,26,25,25,26,26,26,27,29,30,29,28,28,28,28,26,26,27,26,27,28,30,31,31
-60,125,20,31,31,29,28,26,26,24,24,23,23,22,22,23,23,23,22,21,20,19,18,17,17,17,16,16,4,0,0,0,0,0,0,0,0,0,6,23,24,26,27,26,26,26,26,27,28,30,31,30,29,29,29,28,27,28,28,28,27,28,30,32,32
-60,125,20,35,34,34,31,30,29,27,25,27,26,25,24,24,25,25,26,24,23,21,20,19,19,19,17,17,4,0,0,0,0,0,0,0,0,0,7,26,26,28,30,29,30,29,29,30,32,34,35,34,32,31,32,31,30,30,31,31,31,32,34,36,35
-65,125,20,27,25,25,24,23,22,21,21,21,20,19,18,18,18,18,18,17,17,16,15,14,14,13,13,12,3,0,0,0,0,0,0,0,0,0,5,21,21,21,22,23,23,24,24,24,25,26,26,26,24,24,25,24,24,24,24,25,26,26,27,27,27
-64,125,20,30,29,28,26,25,25,24,23,23,22,21,21,21,20,20,20,20,18,18,18,16,16,15,14,14,3,0,0,0,0,0,0,0,0,0,5,22,24,25,25,26,26,27,28,28,28,29,30,30,29,28,29,28,28,28,28,28,29,29,30,31,32
-65,125,20,25,24,23,22,21,21,20,18,17,17,18,17,17,17,17,16,16,16,14,14,14,12,12,12,12,2,0,0,0,0,0,0,0,0,0,4,19,20,21,21,22,23,24,24,24,24,25,25,25,25,25,25,24,23,23,24,24,24,25,25,27,27
-65,125,20,30,29,28,26,25,25,24,22,22,22,22,22,21,21,21,19,18,18,17,17,15,14,14,14,14,4,0,0,0,0,0,0,0,0,0,6,24,25,26,25,26,27,28,29,29,29,29,30,29,29,29,29,29,27,28,28,29,29,29,30,31,32
-65,125,20,26,25,25,24,23,22,21,20,20,20,19,19,19,19,18,18,17,17,16,15,15,14,14,13,13,4,0,0,0,0,0,0,0,0,0,6,22,22,23,24,24,24,24,25,25,26,26,26,26,26,26,26,25,24,24,25,25,25,26,27,27,28
-64,125,20,25,25,24,23,22,21,20,19,19,19,18,18,17,17,17,17,16,16,15,14,14,14,13,13,12,3,0,0,0,0,0,0,0,0,0,5,21,21,22,23,23,24,24,24,24,25,26,25,25,24,24,24,23,23,24,24,24,24,25,25,26,27
-64,125,20,26,26,24,24,23,22,21,21,21,20,19,19,19,18,18,18,17,17,16,16,16,15,14,14,14,4,0,0,0,0,0,0,0,0,0,5,21,22,23,23,24,24,25,25,25,25,26,26,25,25,25,25,24,24,24,25,25,25,25,26,27,27
-65,125,20,26,25,25,24,23,22,21,20,20,19,19,18,18,18,18,18,18,18,16,16,15,14,14,14,14,4,0,0,0,0,0,0,0,0,0,5,21,21,22,23,23,24,25,25,26,26,27,26,26,25,25,25,25,24,24,25,25,26,26,26,27,28
-62,125,20,24,24,23,23,22,21,20,19,18,19,19,18,18,18,18,18,18,17,16,15,15,14,14,14,13,3,0,0,0,0,0,0,0,0,0,5,21,21,22,22,23,23,24,24,25,25,25,25,25,25,25,24,24,23,23,23,23,24,24,24,26,26
-63,125,20,28,28,27,26,25,24,23,21,20,21,20,20,19,20,20,20,19,18,17,17,16,16,16,15,15,3,0,0,0,0,0,0,0,0,0,5,23,23,24,25,26,27,28,28,28,29,30,30,29,28,28,27,27,26,27,28,28,28,28,29,30,30
-63,125,20,23,22,22,21,20,20,19,18,17,17,18,17,17,17,18,17,16,16,16,15,14,14,13,13,12,3,0,0,0,0,0,0,0,0,0,5,19,20,20,21,22,23,23,22,23,24,25,25,24,24,23,23,22,22,22,23,23,23,23,24,24,24
-63,125,20,25,25,24,23,23,22,20,20,20,20,18,18,18,18,18,17,17,17,15,15,14,13,13,13,13,3,0,0,0,0,0,0,0,0,0,5,22,23,24,24,25,26,26,26,26,27,27,27,27,26,26,26,25,25,26,26,26,25,26,27,27,29
-63,125,20,26,25,25,23,22,22,20,19,18,18,18,18,18,18,17,17,16,16,15,14,14,13,12,12,12,3,0,0,0,0,0,0,0,0,0,5,22,23,23,24,24,25,26,26,26,27,28,28,27,27,26,26,25,25,26,26,26,25,26,26,27,27
-62,125,20,29,28,27,26,25,24,23,22,21,21,21,20,20,20,20,20,19,19,18,17,16,15,15,15,14,3,0,0,0,0,0,0,0,0,0,5,23,24,25,26,26,27,27,27,27,28,28,28,28,27,27,27,27,26,27,27,27,28,28,29,30,30
-63,125,20,30,29,28,27,26,26,25,23,23,22,22,21,22,22,22,20,20,19,18,18,17,16,16,16,16,4,0,0,0,0,0,0,0,0,0,6,25,25,26,27,28,28,29,29,29,29,30,30,30,29,29,29,28,28,28,28,28,29,29,30,31,32
-63,125,20,26,26,25,24,23,22,21,21,20,20,19,19,19,19,19,19,18,17,16,16,15,15,15,14,14,4,0,0,0,0,0,0,0,0,0,5,22,22,23,24,24,24,25,25,26,26,26,26,26,25,25,25,25,24,24,24,24,26,26,26,27,27
-62,125,20,30,28,27,27,26,26,25,24,23,23,22,22,22,21,21,21,20,20,19,18,18,16,16,15,15,4,0,0,0,0,0,0,0,0,0,6,24,25,26,26,26,28,28,28,28,28,29,29,29,29,29,28,28,26,27,28,28,29,29,30,32,31
-63,125,20,29,28,27,26,25,25,25,24,23,23,22,21,21,21,20,20,19,19,18,17,16,15,15,14,14,3,0,0,0,0,0,0,0,0,0,5,22,23,24,24,25,26,27,27,28,28,29,29,28,28,28,28,27,27,27,27,28,28,29,29,30,30
-63,125,20,23,23,22,21,21,21,20,20,20,19,18,18,18,18,18,17,16,16,15,14,13,13,13,12,12,3,0,0,0,0,0,0,0,0,0,5,18,19,20,20,21,21,21,22,22,23,23,23,23,22,22,22,22,22,22,23,22,23,23,24,25,25
-63,125,20,27,27,26,25,24,23,22,22,22,21,20,20,19,19,18,18,17,17,16,16,15,15,14,14,14,4,0,0,0,0,0,0,0,0,0,6,21,22,23,24,24,24,25,25,26,26,26,26,26,26,26,26,25,25,25,25,26,26,25,26,28,29
-63,125,20,27,27,26,25,25,23,23,22,22,21,21,20,20,20,20,20,19,18,17,16,16,15,15,14,13,3,0,0,0,0,0,0,0,0,0,5,21,22,23,24,24,24,26,25,26,27,27,27,27,26,26,26,25,25,25,26,26,26,27,28,29,28
-62,125,20,29,29,27,26,26,24,24,23,22,22,22,21,21,21,21,19,19,18,18,18,17,16,15,15,14,3,0,0,0,0,0,0,0,0,0,5,22,24,25,25,26,26,27,28,28,28,29,29,29,29,28,28,27,27,28,28,28,28,28,29,31,32
-58,125,20,33,33,31,30,29,27,25,24,25,25,24,22,23,24,24,24,23,21,20,18,18,17,17,16,15,3,0,0,0,0,0,0,0,0,0,5,24,25,27,28,28,28,28,28,28,30,33,34,32,30,30,31,30,29,29,30,30,30,31,33,34,34
-63,125,20,26,26,25,24,23,22,22,21,20,20,19,19,19,18,18,17,17,17,15,15,14,13,13,13,13,3,0,0,0,0,0,0,0,0,0,4,20,20,21,22,22,24,24,23,24,24,25,25,25,25,25,24,24,24,24,24,25,25,25,26,27,28
-59,125,20,27,26,25,23,22,22,21,18,17,18,19,18,18,19,19,19,18,17,16,16,14,13,13,13,13,3,0,0,0,0,0,0,0,0,0,5,20,20,22,24,22,23,22,22,23,24,26,26,26,24,23,24,24,22,21,22,22,23,24,24,26,26
-62,125,20,30,30,29,27,27,26,24,24,24,24,22,22,22,22,21,21,20,19,19,18,16,16,16,15,14,4,0,0,0,0,0,0,0,0,0,6,24,24,24,26,27,27,27,28,29,29,30,30,29,28,28,28,28,28,29,29,29,28,29,30,31,32
-63,125,20,23,22,22,21,20,20,19,18,17,17,17,16,16,16,16,16,15,14,14,13,13,12,12,11,11,2,0,0,0,0,0,0,0,0,0,4,18,19,19,20,20,20,21,21,22,22,23,22,22,21,21,22,21,21,21,21,21,22,22,23,24,24
-59,125,20,31,31,30,28,27,25,24,23,23,23,21,20,21,21,22,22,21,19,18,17,17,17,16,15,14,4,0,0,0,0,0,0,0,0,0,6,23,24,26,27,26,26,27,26,27,28,30,31,30,27,27,28,28,27,27,27,27,27,29,30,31,30
-63,125,20,26,26,25,24,23,22,22,21,21,20,19,19,18,18,18,18,18,16,16,15,14,14,13,13,12,3,0,0,0,0,0,0,0,0,0,5,21,21,22,22,23,24,25,25,25,26,26,26,25,25,24,25,25,24,25,25,25,26,26,27,27,28
-62,125,20,29,28,27,26,25,24,23,23,21,21,21,20,20,20,20,19,18,17,17,16,16,14,13,13,13,2,0,0,0,0,0,0,0,0,0,5,23,24,24,25,25,26,26,27,27,27,28,29,28,27,27,27,27,26,26,26,27,28,28,29,29,30
-63,125,20,27,26,25,24,24,23,22,20,20,20,20,20,20,19,18,17,17,17,17,15,15,14,13,13,13,3,0,0,0,0,0,0,0,0,0,5,21,21,23,24,23,24,25,25,25,25,26,26,26,26,26,26,25,25,25,25,25,26,26,27,27,28
-62,125,20,29,28,27,27,26,25,24,22,22,21,21,21,20,20,21,19,19,19,17,17,16,15,15,14,13,3,0,0,0,0,0,0,0,0,0,6,23,23,25,25,26,26,27,27,28,28,29,29,29,28,28,28,28,27,27,28,28,28,27,29,30,31
-63,125,20,26,25,24,24,23,22,21,19,19,19,19,19,18,18,17,17,17,16,15,14,14,13,13,13,12,3,0,0,0,0,0,0,0,0,0,5,20,21,22,22,23,23,24,24,24,25,25,25,25,24,24,24,24,24,24,25,25,25,26,27,28,28
-58,125,20,31,30,29,27,26,24,24,23,22,23,22,22,22,22,22,21,21,19,18,17,16,16,16,16,15,4,0,0,0,0,0,0,0,0,0,6,23,24,25,27,26,26,26,26,26,28,30,31,30,29,29,29,28,26,26,26,27,27,27,29,31,32
-62,125,20,26,26,25,24,24,23,22,21,20,20,20,20,20,19,19,19,18,17,17,16,15,14,14,14,13,4,0,0,0,0,0,0,0,0,0,6,22,22,23,23,24,24,24,24,25,26,26,27,26,25,25,25,25,25,24,25,25,25,26,27,28,28
-63,125,20,26,25,24,23,23,21,21,20,19,19,19,19,18,18,18,17,16,17,16,15,14,13,13,13,12,3,0,0,0,0,0,0,0,0,0,5,20,21,22,22,23,24,24,24,25,25,25,25,26,25,25,25,25,24,24,24,24,24,25,26,27,28
-63,125,20,26,25,24,23,22,21,21,21,21,20,18,18,18,18,18,17,17,15,15,15,14,14,13,12,12,2,0,0,0,0,0,0,0,0,0,5,20,21,21,23,23,24,24,25,25,25,26,26,26,24,25,25,24,23,24,25,24,25,25,26,27,27
-62,125,20,28,26,26,25,24,23,21,21,21,21,20,19,19,19,19,18,18,17,16,16,15,14,14,13,13,4,0,0,0,0,0,0,0,0,0,5,21,22,23,23,24,25,25,25,25,26,26,27,26,25,25,26,25,24,25,25,25,26,26,27,27,27
-62,125,20,29,28,27,26,25,24,23,22,22,21,20,20,20,19,19,19,19,17,17,16,15,15,15,14,13,2,0,0,0,0,0,0,0,0,0,5,23,23,24,25,25,26,26,27,27,28,28,28,28,27,28,28,27,26,26,27,27,27,29,30,30,30
-62,125,20,29,27,27,27,26,25,23,22,22,22,20,19,19,20,20,20,19,19,17,16,15,15,15,14,13,2,0,0,0,0,0,0,0,0,0,5,23,23,24,24,25,26,26,27,28,29,29,28,28,27,26,26,27,26,26,27,28,27,29,30,30,29
-63,125,20,29,28,27,26,25,24,24,23,22,22,21,21,21,21,20,20,19,18,18,17,16,15,15,14,13,3,0,0,0,0,0,0,0,0,0,5,23,24,25,25,26,26,27,27,27,28,29,29,29,28,27,27,26,26,27,28,28,27,27,28,30,31
-62,125,20,30,29,28,28,26,25,24,24,23,23,22,21,21,21,21,20,19,18,18,17,17,16,15,15,14,4,0,0,0,0,0,0,0,0,0,6,23,24,25,26,27,27,28,28,29,30,30,30,30,29,29,29,29,29,29,28,29,29,30,31,31,31
-63,125,20,26,25,24,23,22,22,21,19,20,19,18,18,18,18,17,17,17,15,14,14,13,13,13,12,12,2,0,0,0,0,0,0,0,0,0,4,19,20,21,21,23,23,24,24,24,25,26,26,25,25,24,24,24,24,24,24,24,25,25,25,26,27
-63,125,20,26,25,24,24,23,22,20,21,21,19,18,18,18,18,17,17,17,16,15,14,13,13,13,12,11,2,0,0,0,0,0,0,0,0,0,4,20,21,21,22,22,23,24,24,24,24,25,25,25,24,24,24,23,24,24,24,25,24,25,26,27,26
-62,125,20,27,27,26,24,24,23,22,22,21,21,20,20,20,19,19,18,18,17,17,16,15,14,14,14,13,4,0,0,0,0,0,0,0,0,0,6,22,22,23,24,24,24,25,25,25,25,25,26,26,25,25,25,25,24,24,25,25,26,26,27,28,29
-63,125,20,27,27,26,25,24,23,22,22,21,20,19,19,19,18,18,17,17,17,16,16,15,14,14,14,13,4,0,0,0,0,0,0,0,0,0,5,22,22,23,23,24,25,25,25,26,26,27,27,27,26,26,26,25,25,25,26,26,26,26,27,28,28
-63,125,20,27,26,25,24,23,22,22,21,20,20,20,20,20,19,19,18,18,17,17,16,15,14,14,14,13,4,0,0,0,0,0,0,0,0,0,6,21,22,22,23,23,23,24,25,25,25,25,26,26,25,25,25,25,24,25,25,25,25,26,27,27,28
-62,125,20,27,27,26,24,24,23,22,22,21,21,20,20,19,19,19,19,18,18,17,16,15,15,15,14,14,4,0,0,0,0,0,0,0,0,0,6,21,21,22,23,24,24,24,24,24,25,26,26,26,25,25,25,24,24,24,25,25,25,26,27,27,27
-63,125,20,25,25,24,23,23,22,21,21,20,20,19,19,19,18,18,17,17,17,16,15,14,13,13,13,12,2,0,0,0,0,0,0,0,0,0,5,20,21,21,21,22,23,24,25,24,24,25,25,25,24,24,24,23,24,24,24,24,25,25,26,26,26
-63,125,20,26,26,24,24,23,22,21,21,21,20,19,19,19,19,18,18,18,17,16,15,15,15,13,12,12,3,0,0,0,0,0,0,0,0,0,5,21,21,22,23,23,24,24,24,24,25,26,26,25,25,25,25,25,24,24,24,25,24,25,26,27,28
-63,125,20,26,26,25,24,23,22,21,20,19,18,18,18,18,18,17,17,16,16,15,15,14,13,13,13,13,3,0,0,0,0,0,0,0,0,0,4,19,20,21,22,22,23,23,24,24,24,25,25,25,25,25,25,24,24,24,24,25,25,25,26,27,28
-63,125,20,30,29,27,26,26,26,24,24,24,23,22,22,22,21,21,19,19,19,18,17,16,15,15,15,15,3,0,0,0,0,0,0,0,0,0,5,23,24,25,25,26,26,27,27,28,28,28,28,28,28,28,28,27,27,27,28,29,29,29,29,31,31
-62,125,20,29,28,27,26,26,25,23,22,21,21,21,21,21,21,20,20,19,18,17,16,15,14,14,14,14,3,0,0,0,0,0,0,0,0,0,5,22,22,24,25,25,25,27,26,26,27,28,28,28,28,28,27,26,26,26,27,27,28,28,29,30,31
-63,125,20,26,25,25,24,23,22,21,20,20,20,19,18,18,18,18,18,17,16,16,14,14,14,13,12,12,3,0,0,0,0,0,0,0,0,0,4,20,21,21,22,22,23,23,24,24,25,26,26,26,25,24,24,24,24,24,24,24,25,25,26,27,28
-63,125,20,28,27,25,24,23,23,22,21,20,21,20,20,20,18,18,19,17,17,17,16,16,15,14,13,13,3,0,0,0,0,0,0,0,0,0,5,21,21,22,23,23,24,25,25,25,26,26,26,26,25,25,25,26,25,25,25,26,25,25,27,29,28
-62,125,20,27,27,25,25,24,22,22,21,21,21,20,20,20,19,19,19,18,18,17,16,15,15,14,13,13,4,0,0,0,0,0,0,0,0,0,5,21,21,22,23,23,24,25,24,25,26,26,26,26,25,25,25,25,24,25,25,25,25,26,27,28,28
-63,125,20,30,30,29,28,27,26,24,23,24,23,22,22,21,21,21,21,20,19,18,17,17,16,15,14,14,4,0,0,0,0,0,0,0,0,0,6,24,24,25,25,26,27,28,28,28,29,30,30,29,29,29,29,28,28,28,28,28,28,30,31,31,31
-62,125,20,27,26,25,24,23,22,21,21,20,20,19,19,19,18,18,18,17,17,17,15,14,14,13,13,13,3,0,0,0,0,0,0,0,0,0,5,20,21,21,22,23,24,25,24,25,25,26,26,26,25,25,25,25,24,25,25,25,25,26,26,27,27
-58,125,20,31,31,30,28,27,25,24,23,23,24,23,22,22,22,23,22,21,20,18,18,17,17,16,15,15,4,0,0,0,0,0,0,0,0,0,6,23,24,26,26,26,26,25,25,25,28,29,30,29,28,27,28,27,26,26,27,27,27,28,30,32,31
-62,125,20,27,27,26,25,24,23,22,21,20,21,20,20,20,19,19,19,18,18,17,16,15,15,14,14,13,4,0,0,0,0,0,0,0,0,0,5,21,22,22,23,23,24,24,24,24,25,26,26,25,25,24,25,24,24,25,25,25,26,26,27,28,28
-62,125,20,27,26,25,24,23,23,21,22,21,21,19,19,19,18,18,18,18,17,16,16,15,14,14,13,12,3,0,0,0,0,0,0,0,0,0,5,20,21,21,22,23,24,24,24,24,25,26,26,26,24,24,25,24,24,24,25,25,25,25,26,27,27
-58,125,20,34,34,31,29,28,27,26,25,24,24,24,24,24,23,24,23,22,20,19,19,17,17,16,15,15,3,0,0,0,0,0,0,0,0,0,5,24,25,27,28,27,27,28,28,29,30,32,32,32,31,30,31,30,28,28,29,29,30,30,33,34,34
-62,125,20,27,27,26,25,24,23,23,22,20,20,20,21,20,19,19,18,18,17,17,16,15,15,14,14,13,3,0,0,0,0,0,0,0,0,0,5,21,22,23,23,23,24,25,25,25,25,26,26,26,26,26,26,25,25,25,25,25,25,26,27,27,28
-63,125,20,29,28,28,27,26,25,24,22,21,21,21,21,20,20,20,19,18,18,17,16,15,14,14,14,13,2,0,0,0,0,0,0,0,0,0,5,22,23,24,24,25,25,26,26,27,28,29,28,27,27,27,28,27,26,27,28,28,28,28,30,30,29
-63,125,20,30,29,28,27,26,25,24,24,24,23,22,21,20,21,21,20,20,19,18,17,16,15,15,14,14,3,0,0,0,0,0,0,0,0,0,5,23,23,24,25,25,26,27,26,27,27,28,28,28,27,27,27,27,26,26,27,27,28,29,30,30,30
-62,125,20,25,25,24,23,23,22,21,20,19,19,19,18,18,18,18,18,17,16,15,15,14,13,13,12,12,3,0,0,0,0,0,0,0,0,0,5,20,20,21,21,21,23,23,23,24,24,25,25,25,23,23,23,24,23,23,24,24,25,25,25,26,26
-62,125,20,26,25,24,24,23,22,21,21,21,21,20,19,19,19,18,18,17,16,16,15,14,14,13,12,12,2,0,0,0,0,0,0,0,0,0,5,20,21,21,22,23,23,24,24,24,25,26,25,25,24,24,24,24,24,24,24,24,24,25,26,27,27
-58,125,20,30,30,28,28,26,25,23,22,21,22,22,22,22,22,22,22,21,20,18,17,16,15,15,14,14,4,0,0,0,0,0,0,0,0,0,5,23,23,24,25,25,26,26,25,25,25,28,29,29,28,27,27,27,26,26,26,26,26,26,29,31,31
-62,125,20,27,26,25,24,23,23,22,21,22,21,20,20,20,19,19,19,17,17,17,16,15,14,14,14,13,3,0,0,0,0,0,0,0,0,0,6,21,21,22,23,23,24,24,25,25,25,25,25,25,25,25,25,25,25,25,25,26,26,26,26,28,28
-63,125,20,27,27,26,25,23,22,22,21,20,20,20,19,19,19,18,18,18,17,16,16,15,14,14,13,13,4,0,0,0,0,0,0,0,0,0,6,21,21,22,24,24,24,25,25,25,25,26,26,26,26,25,25,25,25,25,25,26,26,26,27,28,27
-63,125,20,27,26,25,24,24,23,21,21,22,21,20,20,20,19,19,19,18,17,17,15,15,15,13,13,13,3,0,0,0,0,0,0,0,0,0,6,21,21,23,23,24,24,25,25,25,25,26,26,25,25,25,25,25,25,25,25,26,26,27,27,28,28
-63,125,20,27,26,25,24,24,23,22,21,21,21,20,20,20,20,19,18,18,17,17,16,15,14,14,13,13,4,0,0,0,0,0,0,0,0,0,6,21,22,23,23,23,24,24,24,25,25,26,26,26,26,26,25,25,25,25,25,25,26,26,27,28,29
-58,125,20,34,33,31,29,28,27,25,26,26,25,24,24,24,24,24,24,22,21,20,18,18,17,17,16,16,4,0,0,0,0,0,0,0,0,0,6,25,25,27,28,28,28,28,28,29,31,32,33,32,30,30,31,30,28,28,28,29,30,31,33,34,34
-63,125,20,28,27,25,24,24,22,22,21,21,21,20,20,20,19,19,18,18,17,16,16,15,14,13,13,13,3,0,0,0,0,0,0,0,0,0,5,21,22,22,23,24,25,25,25,25,25,26,26,26,26,26,25,25,24,25,25,25,26,26,26,28,29
-63,125,20,31,29,29,28,26,25,25,25,24,24,23,21,22,21,21,21,21,19,19,18,17,17,17,15,15,4,0,0,0,0,0,0,0,0,0,6,23,25,26,26,26,27,28,27,28,30,30,30,29,28,28,28,28,28,28,29,29,29,30,31,31,31
-62,125,20,26,26,24,24,23,22,22,20,19,20,19,19,19,18,18,18,17,16,16,15,14,14,13,13,12,3,0,0,0,0,0,0,0,0,0,5,21,21,21,22,23,23,24,24,24,24,26,26,25,24,24,24,24,23,24,24,24,24,25,27,27,27
-63,125,20,30,29,27,26,26,25,23,23,21,22,22,21,21,20,20,19,19,18,17,17,17,16,15,14,14,3,0,0,0,0,0,0,0,0,0,5,23,24,24,25,25,26,26,27,28,28,29,28,28,28,27,27,27,26,27,27,27,28,28,30,31,32
-63,125,20,27,26,25,24,24,23,22,21,20,20,19,19,19,19,18,18,18,16,16,15,15,14,14,13,13,4,0,0,0,0,0,0,0,0,0,6,21,22,23,24,24,24,25,25,25,25,26,25,25,25,24,25,25,25,25,25,25,25,26,27,27,27
-63,125,20,30,30,28,28,26,26,25,24,24,23,23,22,22,21,21,21,20,20,19,18,17,16,16,15,15,5,0,0,0,0,0,0,0,0,0,6,24,25,26,26,26,27,28,28,29,29,30,30,29,29,29,29,29,28,29,28,29,29,29,30,31,31
-63,125,20,26,26,24,24,23,21,21,21,21,19,19,19,19,19,18,18,17,16,16,15,14,14,13,12,12,3,0,0,0,0,0,0,0,0,0,5,20,21,21,22,22,23,23,24,25,24,25,26,25,24,25,25,24,23,24,25,25,25,25,26,26,26
-58,125,20,31,30,27,26,25,24,23,22,22,21,21,21,21,21,21,21,20,18,17,16,16,15,14,14,13,3,0,0,0,0,0,0,0,0,0,5,22,23,24,25,25,25,25,25,26,27,28,29,29,28,27,28,27,25,25,25,25,26,26,28,30,30
-63,125,20,27,27,25,24,23,23,21,20,20,21,20,19,19,19,19,18,18,17,17,16,15,15,14,13,13,3,0,0,0,0,0,0,0,0,0,5,20,21,22,23,23,24,24,25,25,25,27,27,25,25,25,25,25,25,25,25,25,25,26,27,28,27
-63,125,20,27,26,25,25,24,23,22,21,20,20,20,19,19,19,19,18,18,17,16,16,15,15,14,14,14,4,0,0,0,0,0,0,0,0,0,5,21,22,23,23,24,24,25,25,25,26,26,26,26,25,25,25,25,25,25,25,26,26,26,27,27,28
-63,125,20,27,26,26,25,24,23,22,21,21,21,20,19,19,20,19,18,18,18,18,16,16,14,14,14,13,3,0,0,0,0,0,0,0,0,0,5,22,22,23,22,23,24,25,24,25,26,26,26,26,25,25,25,25,24,25,25,25,25,26,26,27,28
-63,125,20,29,28,27,26,25,24,24,23,22,22,22,21,21,21,21,20,19,19,18,18,17,16,15,14,13,3,0,0,0,0,0,0,0,0,0,5,23,23,24,25,25,25,26,27,27,27,29,29,28,28,28,27,26,26,27,26,27,28,28,29,30,30
-63,125,20,26,25,25,24,23,22,21,21,21,20,19,18,19,19,18,18,17,16,16,15,14,14,13,13,12,3,0,0,0,0,0,0,0,0,0,5,20,21,21,22,22,23,23,24,25,25,25,25,24,24,24,24,24,23,23,23,24,25,25,26,26,26
-62,125,20,27,26,25,25,24,23,22,21,21,21,20,19,19,19,19,19,18,18,17,16,16,15,15,14,14,4,0,0,0,0,0,0,0,0,0,6,21,22,23,23,23,24,24,24,25,25,26,26,25,25,25,25,25,24,24,25,25,25,26,27,28,28
-63,125,20,30,29,29,27,27,26,25,25,25,24,23,22,21,22,21,21,20,20,18,18,17,17,15,15,15,4,0,0,0,0,0,0,0,0,0,6,24,24,25,26,26,27,28,28,28,29,29,29,29,28,28,28,27,27,28,28,28,29,29,30,31,31
-63,125,20,27,26,25,24,22,22,21,20,21,20,19,19,19,18,18,18,17,17,16,15,14,14,13,13,12,2,0,0,0,0,0,0,0,0,0,5,21,21,22,22,23,24,24,24,25,25,26,26,25,25,25,25,24,24,24,24,24,25,26,27,27,27
-62,125,20,30,29,28,27,26,25,24,24,23,22,22,22,21,20,20,20,19,19,17,17,17,15,15,15,14,3,0,0,0,0,0,0,0,0,0,5,23,24,25,25,25,26,27,27,28,28,29,29,29,29,28,28,27,26,27,28,28,28,28,30,30,30
-63,125,20,25,25,25,23,23,22,22,21,20,20,19,19,19,19,19,17,16,16,15,15,14,13,12,12,13,2,0,0,0,0,0,0,0,0,0,5,21,21,21,22,23,23,24,23,24,24,24,25,25,25,25,24,24,24,24,24,24,25,25,25,26,26
-62,125,20,26,26,26,25,24,22,22,21,21,21,20,20,19,19,19,18,18,18,17,16,15,15,14,13,13,3,0,0,0,0,0,0,0,0,0,5,21,22,23,23,24,24,24,25,25,26,26,26,26,26,25,26,25,24,25,25,25,25,26,27,28,27
-63,125,20,30,30,28,27,26,25,24,24,24,23,21,21,21,21,21,20,19,19,18,17,16,15,16,15,14,3,0,0,0,0,0,0,0,0,0,5,23,23,24,25,26,27,27,28,28,29,29,29,29,28,28,29,28,28,27,27,28,28,29,29,30,30
-63,125,20,26,26,25,24,23,22,21,21,20,20,19,18,18,18,18,17,17,17,15,14,14,13,13,13,12,2,0,0,0,0,0,0,0,0,0,5,20,20,22,22,23,23,24,24,25,25,26,26,25,25,25,25,24,23,24,24,24,24,25,26,27,26
-63,125,20,29,28,27,26,25,24,24,23,22,22,21,20,20,20,20,20,19,18,17,16,15,15,14,14,13,2,0,0,0,0,0,0,0,0,0,5,22,23,24,24,26,26,27,27,28,28,29,29,29,27,26,27,26,27,27,27,27,28,29,29,30,29
-63,125,20,29,28,26,25,25,25,24,24,23,22,22,22,21,21,20,20,19,18,18,17,16,15,14,14,14,3,0,0,0,0,0,0,0,0,0,5,23,23,24,25,25,26,26,27,27,28,28,28,29,27,27,27,27,26,27,27,27,28,28,29,30,30
-63,125,20,30,28,27,26,26,25,24,23,22,22,21,21,21,20,20,19,19,18,17,17,16,15,14,14,13,3,0,0,0,0,0,0,0,0,0,5,23,23,24,25,25,26,26,27,28,28,28,28,28,28,28,28,28,27,26,27,27,28,28,30,30,30
-63,125,20,30,30,29,29,27,26,24,24,24,24,23,22,22,21,21,21,20,19,18,18,17,16,16,15,14,4,0,0,0,0,0,0,0,0,0,6,24,24,26,26,27,27,28,28,28,29,30,30,29,28,28,29,29,28,29,29,29,29,30,30,31,31
-63,125,20,30,29,29,27,26,25,25,24,24,23,22,21,21,21,22,21,21,19,18,18,17,16,15,15,15,4,0,0,0,0,0,0,0,0,0,6,24,25,25,26,27,27,28,29,29,30,30,30,29,29,29,29,29,28,28,28,28,29,30,31,31,31
-62,125,20,27,26,25,24,24,22,22,20,20,20,19,19,19,18,18,18,18,16,16,15,14,13,13,13,13,3,0,0,0,0,0,0,0,0,0,5,20,21,22,22,23,24,24,25,25,26,26,26,26,25,25,25,25,24,25,25,25,25,26,27,27,27
-62,125,20,29,28,27,26,25,24,23,22,23,22,21,20,20,20,20,20,18,18,17,16,16,15,14,13,13,3,0,0,0,0,0,0,0,0,0,5,22,23,24,24,25,26,27,27,27,28,28,28,28,27,27,27,26,26,27,27,27,27,28,29,30,29
-58,125,20,30,29,27,26,25,24,23,22,22,22,21,21,21,21,22,21,20,19,17,17,16,15,15,14,14,3,0,0,0,0,0,0,0,0,0,5,22,23,24,25,25,25,26,25,25,26,28,29,28,28,27,27,26,25,25,26,26,26,26,28,30,31
-63,125,20,26,26,24,24,22,22,21,21,19,20,19,19,19,18,18,18,17,17,16,16,15,14,13,12,12,3,0,0,0,0,0,0,0,0,0,5,20,21,22,22,23,23,23,24,25,26,26,26,25,25,24,24,24,24,24,25,25,25,26,26,26,27
-62,125,20,29,28,28,27,25,24,23,23,23,22,21,20,20,21,20,19,18,18,17,17,15,15,15,13,13,3,0,0,0,0,0,0,0,0,0,5,23,23,24,25,25,26,26,27,27,28,29,29,29,28,27,28,27,27,27,27,27,28,28,29,30,30
-63,125,20,27,27,25,25,23,23,22,22,21,21,20,19,19,19,19,18,17,17,17,16,15,15,14,13,13,3,0,0,0,0,0,0,0,0,0,5,21,22,23,23,25,24,24,25,26,26,26,27,26,26,25,26,25,24,25,26,26,25,27,27,27,27
-63,125,20,26,26,25,24,24,22,21,20,19,19,19,20,20,18,18,18,17,17,16,15,14,13,13,13,13,3,0,0,0,0,0,0,0,0,0,5,20,21,22,23,23,25,25,25,25,25,26,26,26,26,25,25,25,24,25,25,25,25,24,25,27,28
-63,125,20,26,25,24,23,23,22,21,20,19,19,19,18,18,18,18,18,17,16,15,15,14,14,13,13,12,3,0,0,0,0,0,0,0,0,0,5,20,21,22,22,23,23,24,24,25,25,25,26,25,25,24,24,24,24,23,23,24,25,25,26,26,27
-63,125,20,31,30,29,27,26,26,25,23,23,23,23,22,22,21,21,21,20,19,18,18,17,17,16,15,15,4,0,0,0,0,0,0,0,0,0,6,24,24,26,26,27,27,28,29,29,30,30,30,30,29,29,29,28,28,28,28,29,30,30,30,31,31
-63,125,20,26,25,24,23,23,22,20,19,19,19,19,18,18,17,17,17,16,16,15,14,14,12,12,12,12,2,0,0,0,0,0,0,0,0,0,5,20,21,21,22,23,23,24,23,24,25,26,26,25,25,23,24,24,23,23,24,24,24,24,26,26,26
-62,125,20,25,25,24,23,23,22,21,20,19,19,19,18,18,18,18,17,17,16,15,15,14,14,13,12,12,3,0,0,0,0,0,0,0,0,0,5,20,20,21,21,22,23,24,24,24,25,26,26,26,25,25,26,24,23,24,24,24,24,25,25,26,27
-63,125,20,25,25,24,23,22,21,20,19,18,18,18,17,17,17,17,17,16,16,15,14,13,13,13,13,11,2,0,0,0,0,0,0,0,0,0,5,20,20,21,22,22,23,24,24,25,24,25,25,25,24,24,24,23,24,24,24,24,25,25,26,26,26
-63,125,20,24,24,23,23,23,21,20,19,18,19,18,18,18,18,18,16,16,16,15,14,13,13,12,12,12,2,0,0,0,0,0,0,0,0,0,4,20,21,21,22,22,23,23,24,24,24,24,26,25,25,25,25,24,24,24,25,25,25,24,25,26,27
-63,125,20,26,26,25,24,23,21,20,19,19,19,18,18,18,18,18,17,17,16,16,15,14,14,13,12,12,3,0,0,0,0,0,0,0,0,0,5,20,21,22,23,23,24,24,25,24,25,25,25,25,25,25,25,25,24,24,24,25,25,26,26,26,25
-63,125,20,25,25,23,23,22,21,20,19,19,19,18,18,18,17,17,17,16,16,15,14,13,12,12,12,12,3,0,0,0,0,0,0,0,0,0,4,19,20,20,22,23,24,24,24,24,24,25,26,25,25,25,25,24,24,24,25,24,24,24,25,26,27
-63,125,20,26,26,25,25,23,22,21,21,21,20,19,18,18,19,17,17,17,16,15,15,14,13,13,13,12,3,0,0,0,0,0,0,0,0,0,5,21,21,21,23,24,24,24,25,25,25,26,26,26,25,25,25,25,25,25,25,25,25,26,26,27,27
-63,125,20,27,27,26,25,24,23,22,22,22,21,20,19,19,19,18,18,17,17,16,15,15,14,14,13,13,4,0,0,0,0,0,0,0,0,0,6,22,22,23,24,24,25,25,25,25,26,27,27,26,26,26,25,25,25,25,26,26,26,27,27,28,28
-62,125,20,26,25,25,24,23,22,21,20,20,20,19,19,19,19,19,18,18,17,16,15,15,14,14,13,13,3,0,0,0,0,0,0,0,0,0,6,21,22,22,23,23,24,24,23,25,25,25,26,25,25,24,25,24,23,24,24,24,25,25,26,27,27
-58,125,20,33,32,32,30,29,26,26,25,25,25,23,22,22,23,24,24,23,21,19,18,18,18,17,16,15,3,0,0,0,0,0,0,0,0,0,6,25,25,27,29,28,29,29,29,30,32,34,34,33,31,30,31,31,29,29,29,30,30,31,33,34,33
-63,125,20,30,29,28,27,26,25,24,23,22,22,22,21,21,21,21,20,20,18,18,17,17,16,15,15,14,4,0,0,0,0,0,0,0,0,0,6,24,25,25,26,27,28,28,28,29,30,30,31,30,29,28,29,29,28,29,29,29,30,30,31,31,31
-62,125,20,29,28,28,26,25,25,24,23,23,22,21,20,20,21,21,20,19,19,18,17,17,15,15,14,13,2,0,0,0,0,0,0,0,0,0,5,23,23,24,25,25,27,26,27,28,29,29,30,29,28,27,27,27,27,27,27,28,29,29,30,30,30
-63,125,20,27,26,24,23,23,22,21,19,19,19,19,19,18,18,17,17,17,17,16,15,14,14,13,12,12,3,0,0,0,0,0,0,0,0,0,5,21,21,22,22,23,24,24,25,25,25,26,26,26,25,25,25,25,24,25,25,25,25,26,27,27,27
-62,125,20,24,24,23,22,22,21,20,19,18,18,18,17,17,17,17,16,16,15,14,14,13,13,13,12,12,3,0,0,0,0,0,0,0,0,0,5,19,20,21,22,22,22,22,23,23,24,24,24,23,22,22,23,23,23,23,23,23,23,24,25,25,25
-59,125,20,30,30,27,27,25,24,24,22,21,22,22,21,21,22,22,21,19,18,18,17,16,15,15,14,14,3,0,0,0,0,0,0,0,0,0,5,22,23,25,25,25,25,25,25,25,27,29,29,29,28,27,28,27,26,25,25,26,27,27,28,30,30
-63,125,20,30,29,28,27,26,25,24,24,24,23,21,21,21,21,21,20,19,17,17,17,16,15,15,15,14,4,0,0,0,0,0,0,0,0,0,6,24,24,25,26,26,27,26,27,28,28,28,29,28,28,27,27,27,27,27,28,28,28,28,30,30,31
-63,125,20,28,28,27,26,25,24,24,23,23,22,21,21,20,20,20,20,19,19,18,17,16,15,15,14,14,3,0,0,0,0,0,0,0,0,0,5,23,24,24,25,25,25,27,27,27,28,28,28,28,28,27,27,27,26,27,28,28,28,27,28,30,29
-63,125,20,24,23,23,22,22,21,20,19,19,19,17,17,16,16,16,16,15,15,14,14,13,13,12,12,12,3,0,0,0,0,0,0,0,0,0,5,19,19,20,21,21,22,23,23,23,23,24,23,23,22,22,22,22,22,22,23,23,23,24,24,24,24
-63,125,20,31,30,29,28,27,25,24,23,22,22,22,22,22,21,21,21,20,19,18,17,17,16,16,15,15,3,0,0,0,0,0,0,0,0,0,6,23,24,25,26,27,28,28,29,29,29,29,31,29,29,29,29,28,28,28,29,29,30,30,31,31,31
-63,125,20,27,27,25,25,24,22,22,21,22,21,20,20,20,18,18,17,17,17,17,16,15,14,13,13,13,3,0,0,0,0,0,0,0,0,0,5,21,21,22,23,24,24,25,25,25,26,27,27,27,27,26,26,26,25,26,26,26,26,26,27,28,28
-62,125,20,29,28,27,26,25,25,24,22,21,21,21,20,20,20,20,19,19,18,17,16,16,15,14,14,14,3,0,0,0,0,0,0,0,0,0,5,22,23,24,25,26,26,27,27,28,28,29,29,28,27,28,28,27,26,27,28,28,29,29,30,31,31
-58,125,20,33,33,31,29,28,27,25,24,23,24,23,22,23,22,24,23,21,20,19,18,17,16,16,15,15,3,0,0,0,0,0,0,0,0,0,5,24,25,27,29,28,28,29,28,29,30,32,33,32,31,30,31,30,28,29,29,29,29,30,33,34,34
-63,125,20,23,23,22,21,20,19,19,18,18,18,17,17,17,17,17,17,16,14,14,14,13,13,12,12,12,3,0,0,0,0,0,0,0,0,0,5,18,19,20,21,21,22,22,23,23,23,24,24,24,23,23,23,23,22,22,22,23,23,23,24,24,25
-62,125,20,29,28,27,26,26,24,23,22,22,21,20,20,19,19,19,19,19,18,17,16,15,14,14,14,13,3,0,0,0,0,0,0,0,0,0,4,22,22,23,25,25,26,27,27,27,28,29,29,28,28,28,28,27,27,27,28,28,27,28,29,30,30
-63,125,20,24,23,22,21,21,20,19,18,16,17,18,17,17,17,16,15,15,15,14,13,13,12,12,11,12,3,0,0,0,0,0,0,0,0,0,5,18,19,20,21,21,22,23,23,23,23,24,24,24,24,23,23,22,22,23,23,23,23,23,24,24,25
-63,125,20,26,25,24,23,22,22,21,21,20,20,19,18,18,18,17,17,16,15,15,14,13,13,13,13,12,2,0,0,0,0,0,0,0,0,0,4,21,21,22,22,23,23,24,25,25,25,26,26,26,25,25,25,24,24,24,24,25,26,26,26,27,28
-63,125,20,24,23,22,20,20,19,19,19,18,18,17,16,16,16,16,16,15,14,14,14,13,12,12,11,11,3,0,0,0,0,0,0,0,0,0,4,19,19,20,20,20,21,21,22,22,23,23,23,22,22,22,22,22,22,21,23,22,22,23,23,24,24
-62,125,20,30,29,27,26,26,25,24,23,21,22,21,21,21,21,21,20,19,18,17,17,16,15,15,15,15,4,0,0,0,0,0,0,0,0,0,6,23,24,25,25,25,26,28,28,28,28,29,30,29,28,28,27,27,27,28,28,28,28,28,29,31,31
-63,125,20,27,26,25,25,23,23,22,20,20,20,19,18,18,18,19,18,18,17,17,16,15,15,14,13,13,3,0,0,0,0,0,0,0,0,0,5,21,22,23,24,24,24,25,26,26,27,26,26,26,25,25,25,26,25,25,25,25,26,27,27,28,28
-63,125,20,27,26,25,25,24,22,21,21,21,20,19,19,19,19,19,18,18,17,16,16,15,15,14,14,13,3,0,0,0,0,0,0,0,0,0,6,22,23,23,24,24,25,25,25,26,26,26,26,26,25,25,25,25,25,25,25,26,26,26,27,28,28
-63,125,20,31,30,28,27,27,26,25,24,23,23,22,22,21,21,21,20,20,19,19,18,17,16,16,15,15,4,0,0,0,0,0,0,0,0,0,6,24,25,26,26,26,27,28,28,28,28,29,29,29,29,29,29,28,28,28,29,29,29,29,30,32,32
-63,125,20,32,32,31,30,29,29,26,25,24,25,25,24,23,23,23,22,21,20,20,18,18,17,17,17,16,3,0,0,0,0,0,0,0,0,0,6,27,28,28,29,30,30,30,31,31,31,32,32,32,32,32,32,31,30,30,31,31,32,32,33,34,35
-62,125,20,27,26,25,24,24,23,21,21,20,20,20,20,19,19,19,18,18,18,16,15,15,14,14,14,13,4,0,0,0,0,0,0,0,0,0,5,21,22,22,24,24,24,25,25,25,26,26,26,26,26,25,26,25,25,25,26,25,26,25,26,28,28
-62,125,20,28,27,26,25,24,24,22,21,22,22,21,20,20,19,19,19,18,18,16,16,15,14,14,13,12,2,0,0,0,0,0,0,0,0,0,5,22,21,23,24,25,25,26,26,26,27,28,27,27,26,26,27,26,25,26,26,27,27,27,28,29,29
-62,125,20,24,24,23,22,21,20,19,19,18,19,17,17,17,17,17,16,16,15,15,14,13,12,12,11,11,2,0,0,0,0,0,0,0,0,0,4,20,19,20,21,22,22,23,22,23,24,24,24,24,24,23,24,23,22,23,24,24,24,24,24,26,26
-63,125,20,24,24,23,22,22,20,20,19,18,18,18,17,17,17,17,17,16,15,15,14,13,12,12,12,12,2,0,0,0,0,0,0,0,0,0,4,19,20,21,21,21,22,23,22,23,24,24,24,24,24,23,23,22,22,23,23,24,24,24,24,25,26
-63,125,20,29,28,28,27,26,25,24,23,22,22,21,21,21,20,20,20,19,19,18,17,17,16,15,15,15,4,0,0,0,0,0,0,0,0,0,6,23,24,25,26,26,27,27,28,28,28,28,28,29,27,27,27,27,27,27,28,28,28,29,29,30,30
-63,125,20,25,25,24,23,22,21,21,20,20,19,19,19,19,18,18,17,16,16,16,14,14,13,13,13,12,3,0,0,0,0,0,0,0,0,0,5,20,21,22,23,22,23,23,24,25,25,25,25,25,25,25,25,25,24,24,24,25,25,24,25,26,28
-63,125,20,24,24,23,22,21,20,20,19,19,18,17,17,17,17,16,16,16,15,15,14,13,12,12,12,11,2,0,0,0,0,0,0,0,0,0,4,18,20,20,21,22,23,24,23,23,23,23,24,23,24,24,23,23,22,23,24,24,23,23,24,26,27
-63,125,20,29,28,27,27,26,25,24,23,21,22,22,22,21,21,21,20,20,19,18,17,17,16,15,15,15,4,0,0,0,0,0,0,0,0,0,6,23,24,25,25,25,26,27,27,27,27,28,29,28,27,28,28,27,27,27,27,27,27,28,29,30,31
-62,125,20,28,28,27,26,25,24,23,21,21,21,20,20,20,20,19,19,18,18,17,16,16,15,15,14,13,3,0,0,0,0,0,0,0,0,0,5,22,23,24,24,25,25,26,26,27,27,27,27,27,26,26,26,25,25,26,26,26,26,27,28,29,28
-62,125,20,29,28,27,25,25,24,23,22,21,21,21,22,21,21,20,20,19,18,17,17,16,16,14,14,14,4,0,0,0,0,0,0,0,0,0,5,22,24,25,26,25,26,26,27,28,28,29,29,29,28,28,28,28,27,27,27,27,28,27,29,31,31
-64,125,20,24,24,22,21,21,21,20,19,19,18,17,17,17,17,17,17,16,15,15,14,13,13,12,11,11,2,0,0,0,0,0,0,0,0,0,4,19,20,20,21,21,22,23,23,23,24,25,25,24,24,24,23,23,22,22,23,23,24,24,24,25,26
-62,125,20,28,28,27,26,26,25,23,22,22,22,22,21,21,20,20,20,20,19,18,17,16,15,15,15,14,4,0,0,0,0,0,0,0,0,0,6,23,24,24,25,25,26,27,27,27,28,28,28,28,28,27,27,27,26,27,28,28,27,27,29,30,31
-62,125,20,32,32,30,29,28,26,26,24,23,23,23,23,23,23,22,22,21,20,19,19,18,17,16,16,15,3,0,0,0,0,0,0,0,0,0,6,25,26,26,27,28,29,30,30,29,30,31,32,30,30,31,31,30,29,30,30,30,30,31,32,33,34
-62,125,20,29,28,26,25,24,24,24,22,21,21,21,20,20,20,20,20,19,18,17,16,16,15,14,14,13,3,0,0,0,0,0,0,0,0,0,5,22,23,24,24,26,25,26,27,27,28,29,29,27,27,27,28,28,27,27,27,27,27,28,28,29,29
-64,125,20,29,28,26,25,25,25,23,22,20,21,20,20,20,20,19,19,19,18,17,17,15,15,14,14,13,3,0,0,0,0,0,0,0,0,0,5,23,23,25,25,25,26,27,27,27,28,28,28,28,27,27,27,28,27,26,27,27,27,28,29,29,29
-63,125,20,31,30,30,30,29,28,26,26,25,24,24,23,23,22,23,23,22,21,20,18,18,17,17,17,16,4,0,0,0,0,0,0,0,0,0,7,26,26,27,28,29,30,30,30,30,32,32,31,31,31,30,30,30,30,30,31,31,31,31,32,33,33
-63,125,20,28,28,26,25,24,24,23,22,21,21,21,21,20,19,19,19,18,18,17,16,16,15,14,14,14,3,0,0,0,0,0,0,0,0,0,5,23,23,23,24,24,25,26,26,27,27,27,28,27,27,27,27,27,25,25,26,27,27,27,28,29,29
-63,125,20,28,27,26,25,25,24,23,22,21,20,20,20,20,19,19,19,18,18,16,16,15,14,14,14,14,3,0,0,0,0,0,0,0,0,0,5,21,22,23,24,25,26,26,26,26,26,27,28,28,27,27,27,27,26,27,27,27,27,27,28,30,31
-63,125,20,25,24,24,23,22,21,20,19,18,18,17,17,17,16,17,17,16,15,14,14,13,12,12,12,12,3,0,0,0,0,0,0,0,0,0,4,19,19,21,22,22,23,23,23,24,24,25,25,24,24,24,24,24,23,24,24,24,24,24,25,26,26
-64,125,20,25,25,24,23,21,20,19,14,13,16,19,19,19,18,17,17,17,17,15,15,14,14,13,13,12,3,0,0,0,0,0,0,0,0,0,5,21,21,22,22,23,24,23,23,25,25,25,25,24,24,24,25,24,24,24,24,25,25,25,26,28,28
-63,125,20,28,28,27,26,25,24,23,22,21,21,21,20,20,20,20,19,19,18,17,16,15,15,14,14,14,3,0,0,0,0,0,0,0,0,0,5,22,23,24,25,25,25,26,26,26,27,27,28,27,27,26,26,26,26,26,26,27,27,27,28,30,30
-62,125,20,29,28,27,26,26,25,24,23,22,22,22,22,21,21,20,20,19,19,18,18,17,16,15,15,15,4,0,0,0,0,0,0,0,0,0,6,23,23,24,25,25,26,26,26,27,27,28,29,28,28,27,27,27,26,26,27,27,27,27,28,30,30
-63,125,20,28,27,26,25,24,23,23,22,21,21,21,21,20,20,20,19,19,19,17,16,15,15,15,13,13,3,0,0,0,0,0,0,0,0,0,5,22,23,23,24,25,25,26,26,26,26,27,28,28,28,27,27,26,26,26,26,26,26,26,28,30,30
-63,125,20,29,28,27,26,25,25,24,23,22,21,21,21,21,20,21,20,19,18,18,17,16,14,14,14,14,4,0,0,0,0,0,0,0,0,0,6,23,23,25,25,25,26,27,27,28,28,28,29,29,29,28,28,27,26,27,27,27,27,28,29,30,31
-59,125,20,33,33,31,28,28,26,25,24,24,24,23,22,22,23,24,23,22,21,19,18,18,17,16,16,15,3,0,0,0,0,0,0,0,0,0,5,25,25,27,29,28,28,28,28,29,30,31,32,31,30,30,30,30,28,28,28,29,29,29,32,33,33
-63,125,20,27,27,26,25,25,24,23,22,22,22,20,20,20,20,20,20,18,17,17,16,16,15,15,13,13,3,0,0,0,0,0,0,0,0,0,5,23,23,23,24,25,25,26,26,27,27,28,28,27,27,27,27,26,25,26,26,26,27,27,28,29,29
-64,125,20,24,24,23,22,22,22,20,20,20,19,19,19,18,17,17,17,17,15,15,14,13,13,13,13,12,3,0,0,0,0,0,0,0,0,0,5,20,21,21,22,22,21,22,24,24,24,24,25,24,24,24,24,24,24,24,24,24,24,24,25,26,26
-64,125,20,29,29,28,27,26,25,24,23,23,23,22,21,21,21,20,20,20,19,18,18,17,16,15,15,15,4,0,0,0,0,0,0,0,0,0,6,23,24,25,25,26,26,27,28,28,29,29,28,28,28,28,28,27,26,27,27,27,28,29,29,30,30
-64,125,20,28,28,26,26,26,25,24,24,23,22,22,22,22,21,20,20,19,19,18,17,16,15,15,14,14,4,0,0,0,0,0,0,0,0,0,6,23,23,25,25,25,26,27,27,27,28,28,29,29,28,28,28,27,26,26,28,27,28,27,28,29,30
-63,125,20,25,24,24,23,22,21,20,20,20,19,18,18,17,17,17,17,16,16,15,14,13,13,12,12,12,2,0,0,0,0,0,0,0,0,0,5,20,20,21,22,22,23,23,23,24,24,24,25,24,23,23,23,23,23,23,24,24,24,24,25,26,27
-64,125,20,31,30,29,28,27,26,25,24,23,23,22,22,22,22,21,20,20,19,19,18,17,16,15,15,15,3,0,0,0,0,0,0,0,0,0,5,25,26,26,27,28,28,29,30,30,31,30,31,30,30,30,30,30,29,28,29,30,30,30,32,33,33
-63,125,20,25,24,24,23,22,22,21,19,19,19,19,18,18,18,17,17,16,16,15,15,14,13,12,12,12,3,0,0,0,0,0,0,0,0,0,5,20,20,21,22,22,23,23,23,23,23,24,25,24,24,24,23,24,23,23,23,24,24,24,25,26,26
-63,125,20,28,27,26,25,25,24,22,22,22,21,20,20,20,19,19,19,18,18,17,16,15,14,14,13,13,3,0,0,0,0,0,0,0,0,0,5,23,23,24,24,25,25,25,26,26,26,27,27,27,27,27,27,26,26,26,26,26,27,27,28,29,29
-62,125,20,28,27,26,25,24,24,22,21,21,20,19,19,19,19,19,18,18,17,16,15,15,14,14,13,13,2,0,0,0,0,0,0,0,0,0,5,22,22,24,24,24,25,25,26,26,27,27,27,27,27,27,26,26,26,26,26,27,27,27,28,29,29
-63,125,20,29,27,27,26,25,24,24,22,22,21,21,20,20,20,19,19,18,18,17,16,15,15,14,14,14,3,0,0,0,0,0,0,0,0,0,5,22,23,24,24,25,26,27,27,27,27,28,28,28,28,28,28,27,26,27,27,26,27,26,29,30,31
-63,125,20,25,25,24,22,22,22,21,20,20,19,18,18,18,18,17,17,16,16,15,14,14,14,13,13,12,3,0,0,0,0,0,0,0,0,0,5,20,21,22,22,23,23,23,24,24,24,25,25,25,24,24,24,24,24,24,24,23,25,25,26,27,26
-62,125,20,30,29,28,27,26,25,24,23,22,22,21,21,21,20,20,20,19,19,18,17,16,15,15,15,14,4,0,0,0,0,0,0,0,0,0,6,23,24,25,25,26,27,27,27,28,28,28,29,28,28,28,28,28,27,28,28,28,28,28,29,30,31
-62,125,20,29,28,27,26,25,24,23,22,22,22,20,20,20,20,20,19,18,17,17,16,15,14,14,14,14,3,0,0,0,0,0,0,0,0,0,5,23,23,24,24,26,27,27,27,27,27,28,29,28,28,28,28,27,26,27,27,27,28,28,29,30,30
-63,125,20,26,25,24,24,23,22,21,20,20,19,19,18,18,18,18,18,17,16,15,14,13,13,13,13,13,4,0,0,0,0,0,0,0,0,0,5,20,21,22,23,23,24,25,25,25,25,26,26,26,25,25,25,25,24,24,25,25,25,25,26,27,26
-63,125,20,25,25,25,23,22,21,21,20,21,19,18,18,17,17,17,17,17,16,15,14,13,13,13,12,11,3,0,0,0,0,0,0,0,0,0,5,21,21,21,22,22,23,23,23,24,25,26,26,25,24,24,24,24,23,24,24,24,25,25,26,26,26
-62,125,20,29,28,27,26,25,24,23,23,23,22,21,21,20,20,20,19,19,18,17,16,16,15,15,14,14,3,0,0,0,0,0,0,0,0,0,5,22,23,25,25,26,26,26,26,26,28,28,28,28,27,27,27,27,26,27,26,27,28,28,29,29,29
-62,125,20,29,28,27,26,24,24,22,22,22,21,21,20,20,20,19,19,18,18,17,16,15,14,14,14,14,3,0,0,0,0,0,0,0,0,0,5,22,23,24,25,25,26,26,26,27,28,28,28,28,27,27,27,27,26,27,27,27,28,28,29,29,30
-59,125,20,35,34,32,31,29,28,26,26,26,26,24,24,24,24,25,24,23,21,20,19,18,18,18,17,16,4,0,0,0,0,0,0,0,0,0,7,26,27,29,30,29,29,29,29,29,31,33,34,33,32,31,32,31,29,29,30,30,30,30,33,35,35
-63,125,20,28,27,26,25,24,23,22,22,22,21,20,20,20,19,18,18,18,17,16,15,15,13,13,13,13,3,0,0,0,0,0,0,0,0,0,5,23,23,23,24,24,25,25,26,26,26,27,27,27,28,27,27,26,25,25,26,26,26,27,28,30,30
-63,125,20,25,24,24,23,22,22,21,21,21,19,19,18,18,18,18,17,17,16,15,15,15,14,13,12,11,3,0,0,0,0,0,0,0,0,0,5,20,21,22,23,23,23,23,23,24,25,25,25,25,24,24,25,24,23,23,24,24,25,25,26,26,27
-63,125,20,25,25,24,23,23,21,20,21,20,19,19,18,18,18,18,17,17,16,16,15,14,13,13,12,11,3,0,0,0,0,0,0,0,0,0,5,20,21,21,22,22,23,23,23,24,25,26,25,25,24,24,24,23,23,23,24,24,24,24,25,26,27
-63,125,20,29,27,27,26,25,24,24,22,21,21,21,21,20,19,19,19,19,18,16,16,16,15,15,15,14,3,0,0,0,0,0,0,0,0,0,5,23,23,24,24,25,26,26,26,27,28,29,29,28,27,27,27,27,26,27,27,28,28,28,29,30,29
-63,125,20,27,27,26,25,24,23,22,22,22,21,19,19,19,19,19,19,18,17,16,15,15,14,14,13,12,2,0,0,0,0,0,0,0,0,0,5,22,22,23,24,24,25,25,26,27,27,27,27,27,27,26,26,26,26,26,26,27,26,26,28,29,29
-64,125,20,28,27,26,25,24,23,23,22,22,22,21,21,21,20,20,18,17,17,17,15,15,14,13,13,13,3,0,0,0,0,0,0,0,0,0,5,22,23,23,24,25,25,26,27,27,27,28,28,28,27,27,27,26,26,26,26,27,27,27,28,30,30
-65,125,20,25,24,24,23,23,22,20,19,19,19,18,18,18,17,17,17,17,15,15,15,14,13,13,12,12,3,0,0,0,0,0,0,0,0,0,5,19,21,21,22,23,23,23,24,24,25,26,26,26,25,24,24,24,24,23,23,24,25,25,26,27,27
-65,125,20,28,28,27,26,24,24,24,23,23,22,21,19,20,20,20,20,18,17,17,17,16,14,14,13,13,3,0,0,0,0,0,0,0,0,0,5,23,23,24,25,25,26,26,26,26,26,27,27,27,26,26,26,26,26,26,27,27,27,27,28,29,29
-64,125,20,26,26,25,23,23,22,21,20,20,20,19,19,19,19,18,18,17,16,15,15,14,14,13,13,12,3,0,0,0,0,0,0,0,0,0,5,20,21,23,23,23,23,23,24,24,25,26,25,25,25,24,25,24,25,25,24,24,25,25,26,28,28
-64,125,20,29,29,28,27,26,25,24,22,21,22,22,21,21,21,21,19,19,18,18,17,16,15,15,15,14,4,0,0,0,0,0,0,0,0,0,6,23,24,25,25,26,27,28,28,28,29,29,29,29,28,28,27,27,27,28,28,28,28,29,30,30,30
-65,125,20,25,24,24,23,22,21,21,21,20,19,18,18,18,18,18,17,16,16,15,15,14,13,12,12,12,2,0,0,0,0,0,0,0,0,0,5,20,20,22,22,23,23,22,23,24,24,24,25,25,24,24,23,23,22,23,24,24,24,24,24,25,27
-65,125,20,26,25,24,23,23,22,21,20,19,19,18,18,18,17,17,17,17,16,15,14,14,13,13,13,13,4,0,0,0,0,0,0,0,0,0,5,21,21,22,22,22,23,24,24,24,25,25,25,25,25,25,25,25,24,25,24,24,25,25,26,27,28
-65,125,20,26,26,25,23,23,22,21,20,19,19,20,20,19,18,18,17,17,16,15,15,14,14,13,13,13,2,0,0,0,0,0,0,0,0,0,5,20,21,21,22,23,22,22,23,24,24,25,25,25,25,24,24,23,23,23,24,25,25,25,25,26,27
-63,125,20,28,28,28,27,26,25,24,22,21,22,22,21,21,21,21,19,19,19,17,17,17,15,15,15,14,3,0,0,0,0,0,0,0,0,0,5,23,23,24,25,26,26,27,27,26,27,28,29,29,28,28,27,27,26,28,28,27,27,28,29,31,32
-63,125,20,25,25,24,23,23,22,21,20,18,19,19,17,17,17,17,17,16,15,15,14,13,13,13,12,12,2,0,0,0,0,0,0,0,0,0,4,20,20,21,22,22,23,23,24,24,24,24,25,24,24,23,23,24,24,24,24,24,24,24,26,27,27
-63,125,20,27,26,26,25,23,22,22,21,20,20,19,19,18,19,19,18,18,17,15,15,14,14,13,13,13,4,0,0,0,0,0,0,0,0,0,5,20,21,22,23,24,24,25,25,25,26,27,27,26,26,25,26,25,25,25,26,26,26,26,27,27,27
-58,125,20,31,30,29,27,26,24,24,23,24,23,22,20,21,21,21,22,20,19,17,17,17,16,16,14,14,3,0,0,0,0,0,0,0,0,0,5,22,22,24,26,25,25,25,25,26,28,30,30,29,27,27,28,28,26,26,26,26,27,28,30,31,31
-62,125,20,27,26,25,24,23,22,21,22,21,21,20,20,20,20,19,18,17,17,17,15,15,14,13,13,13,3,0,0,0,0,0,0,0,0,0,5,21,22,23,23,23,24,25,24,25,25,26,26,25,25,25,25,25,24,24,25,25,25,26,26,28,28
-62,125,20,30,29,28,26,26,25,24,23,22,22,21,21,21,21,20,20,19,18,17,17,16,15,15,14,14,3,0,0,0,0,0,0,0,0,0,5,23,23,24,25,25,25,26,26,28,28,28,28,28,28,27,28,26,26,26,27,28,28,29,30,31,31
-62,125,20,27,27,25,25,24,23,22,21,20,20,20,19,19,19,18,17,17,17,16,15,15,14,13,13,13,4,0,0,0,0,0,0,0,0,0,5,20,21,22,23,23,24,25,25,25,26,26,26,26,25,25,25,25,25,25,26,26,26,26,27,28,28
-62,125,20,27,27,25,24,24,23,22,21,21,20,19,19,19,18,18,18,17,16,15,15,15,14,13,13,13,4,0,0,0,0,0,0,0,0,0,5,20,21,22,23,24,24,24,25,25,25,26,26,26,26,26,25,25,25,25,25,25,25,25,26,27,27
-62,125,20,29,29,28,27,25,25,24,22,21,21,21,21,20,20,20,20,19,18,17,16,15,15,15,14,13,3,0,0,0,0,0,0,0,0,0,5,22,23,25,25,26,26,27,27,27,28,29,29,28,28,27,28,27,27,27,28,28,28,29,30,30,30
-63,125,20,29,29,29,28,26,25,25,24,24,23,22,21,21,21,21,20,20,19,18,18,17,16,16,15,14,4,0,0,0,0,0,0,0,0,0,6,24,24,25,25,26,26,28,27,27,28,29,29,28,28,27,28,27,28,27,27,28,27,28,30,31,31
-63,125,20,31,31,29,27,26,26,25,25,25,24,23,22,22,22,21,20,20,19,18,18,17,17,16,15,15,4,0,0,0,0,0,0,0,0,0,6,24,25,26,26,27,27,28,28,29,29,30,30,30,29,29,28,27,27,27,28,29,29,29,30,31,32
-63,125,20,30,29,29,28,26,26,24,24,24,22,21,21,21,21,21,20,19,19,17,17,16,16,16,15,14,4,0,0,0,0,0,0,0,0,0,5,23,24,25,25,25,26,27,27,28,29,30,30,29,29,29,29,28,27,28,27,28,28,29,29,30,30
-63,125,20,29,29,28,27,26,25,24,24,24,23,22,21,21,21,20,20,19,18,18,17,16,15,15,14,14,3,0,0,0,0,0,0,0,0,0,5,23,24,25,25,26,26,26,26,27,27,28,28,28,26,26,26,26,26,26,27,28,28,29,29,30,30
-62,125,20,30,29,28,27,25,25,24,24,23,22,21,20,20,20,20,20,19,18,17,16,16,15,15,14,14,3,0,0,0,0,0,0,0,0,0,5,22,23,24,25,26,26,27,27,28,29,29,28,28,27,27,27,27,27,27,28,28,28,28,29,30,31
-63,125,20,29,29,28,26,25,25,24,23,22,21,20,20,20,20,20,19,19,18,18,17,16,15,15,14,14,3,0,0,0,0,0,0,0,0,0,5,22,23,24,25,25,26,27,27,27,28,28,28,28,28,27,27,27,27,27,28,27,28,28,30,30,30
-62,125,20,25,25,24,23,23,21,19,18,19,19,19,19,19,19,19,18,18,17,16,16,15,14,14,13,13,3,0,0,0,0,0,0,0,0,0,5,21,21,22,22,22,24,24,24,24,24,25,25,25,24,24,24,24,23,23,23,24,25,24,25,26,27
-63,125,20,29,29,28,27,27,26,25,24,22,22,22,22,22,22,21,20,20,20,19,18,17,16,15,15,14,4,0,0,0,0,0,0,0,0,0,6,23,24,25,26,26,27,29,28,28,28,29,29,29,28,28,29,28,28,28,28,29,29,28,30,31,32
-62,125,20,26,25,25,23,23,22,21,20,20,20,19,18,18,18,18,18,18,17,16,15,14,13,13,13,13,2,0,0,0,0,0,0,0,0,0,4,20,21,21,22,23,24,24,24,24,25,26,26,25,24,24,24,24,24,24,24,25,24,25,26,27,27
-63,125,20,26,25,25,24,23,23,21,21,21,21,19,19,19,19,19,18,17,16,16,15,15,14,14,13,13,3,0,0,0,0,0,0,0,0,0,5,20,21,21,22,23,24,24,24,24,26,26,26,26,24,24,24,24,24,25,25,25,25,26,27,27,27
-63,125,20,23,23,22,21,20,20,19,18,19,18,17,17,17,17,17,16,16,14,14,14,12,12,12,12,11,2,0,0,0,0,0,0,0,0,0,5,18,18,19,20,20,21,21,21,22,22,22,22,22,21,21,21,21,21,21,21,22,22,23,23,23,24
-63,125,20,31,30,28,27,27,26,25,24,23,23,22,23,22,22,22,20,20,19,19,18,17,16,15,15,15,4,0,0,0,0,0,0,0,0,0,7,24,24,25,26,26,27,28,29,28,29,30,29,29,30,29,29,29,27,27,28,28,29,29,30,31,31
-63,125,20,26,25,24,24,23,22,21,21,21,20,19,19,18,18,17,18,17,16,15,14,15,14,13,13,12,2,0,0,0,0,0,0,0,0,0,4,19,20,21,22,23,23,24,24,24,25,26,25,25,24,24,25,24,24,24,25,25,25,26,26,26,26
-62,125,20,27,26,25,25,24,23,22,22,22,21,20,20,20,19,19,18,18,17,16,16,15,14,14,14,14,4,0,0,0,0,0,0,0,0,0,6,21,22,23,23,24,24,24,25,25,25,25,26,26,26,25,25,25,24,25,25,25,26,26,27,28,28
-62,125,20,25,25,24,23,23,22,21,20,19,19,19,19,19,18,18,17,17,17,15,15,14,13,13,13,12,3,0,0,0,0,0,0,0,0,0,5,21,21,21,22,22,23,24,24,24,25,26,26,25,25,24,24,24,24,24,24,24,24,24,25,26,26
-63,125,20,28,27,27,26,25,25,24,23,23,22,21,20,20,20,20,20,19,18,18,17,16,16,15,14,13,3,0,0,0,0,0,0,0,0,0,6,23,23,24,25,25,25,26,27,27,29,29,29,28,27,26,27,26,26,26,27,27,28,28,29,29,29
-62,125,20,29,29,26,25,25,24,23,23,24,23,22,21,21,21,21,20,19,18,17,17,16,15,15,14,14,3,0,0,0,0,0,0,0,0,0,5,23,23,24,24,26,26,26,27,27,29,29,29,28,28,27,27,27,26,26,27,27,28,28,29,30,31
-63,125,20,29,29,28,27,26,25,24,24,23,22,21,20,21,21,20,20,19,19,18,17,17,15,15,14,13,3,0,0,0,0,0,0,0,0,0,5,23,23,25,25,25,26,27,27,28,28,29,29,29,28,28,27,27,27,28,28,27,27,27,29,31,31
-62,125,20,27,26,25,24,24,23,22,22,22,21,20,20,19,19,19,19,18,17,16,16,15,14,14,13,14,4,0,0,0,0,0,0,0,0,0,6,22,22,23,23,23,23,25,25,25,26,26,26,26,26,26,25,25,25,25,25,25,25,26,26,27,27
-62,125,20,30,30,28,27,27,26,25,24,22,23,23,23,22,22,21,20,20,20,18,18,17,16,16,16,15,4,0,0,0,0,0,0,0,0,0,5,24,25,26,26,27,27,27,28,29,28,29,29,29,29,29,29,28,27,27,28,29,29,29,30,31,31
-62,125,20,31,29,29,28,27,26,25,24,23,23,22,22,21,21,22,20,20,19,18,18,17,16,15,15,14,4,0,0,0,0,0,0,0,0,0,6,24,24,25,26,27,27,28,28,29,30,30,30,29,28,28,28,29,28,28,28,28,29,30,31,31,31
-63,125,20,31,30,29,28,27,26,25,24,24,24,22,21,21,21,21,20,20,19,19,18,17,16,16,15,15,4,0,0,0,0,0,0,0,0,0,6,24,24,25,26,26,27,28,28,28,30,30,30,29,28,28,29,28,27,28,29,28,28,29,31,31,30
-63,125,20,27,27,25,24,24,23,22,22,22,21,20,20,19,19,18,18,17,17,16,16,15,14,14,13,13,4,0,0,0,0,0,0,0,0,0,5,21,21,23,24,24,25,25,25,25,25,26,26,26,26,26,26,25,25,25,25,26,26,26,27,28,28
-63,125,20,26,25,24,24,22,22,22,21,20,20,19,19,20,18,18,17,17,16,16,15,14,13,13,13,13,3,0,0,0,0,0,0,0,0,0,5,21,21,22,22,22,23,24,24,24,25,25,26,25,25,25,25,24,24,24,24,25,26,26,26,27,28
-63,125,20,28,28,28,27,26,25,24,22,22,21,21,20,20,20,21,21,19,18,17,17,16,16,15,14,14,3,0,0,0,0,0,0,0,0,0,6,23,24,25,25,26,25,26,27,28,29,30,30,29,27,27,28,27,26,26,27,28,28,29,30,30,29
-63,125,20,31,30,29,27,26,25,25,24,22,22,22,22,21,20,20,20,19,19,18,18,17,16,16,15,15,4,0,0,0,0,0,0,0,0,0,6,24,25,25,26,27,27,28,28,28,29,29,29,29,29,28,28,28,27,28,28,28,29,29,30,31,32
-63,125,20,30,29,28,27,26,25,25,24,23,22,21,21,21,21,20,20,19,19,17,17,16,15,15,14,14,3,0,0,0,0,0,0,0,0,0,5,24,24,25,26,26,27,28,28,28,29,30,30,30,29,28,28,28,27,27,28,28,29,29,29,31,31
-63,125,20,29,29,28,27,25,25,24,24,24,23,21,21,21,21,20,20,19,18,17,17,16,15,15,14,13,3,0,0,0,0,0,0,0,0,0,5,23,24,25,25,26,26,26,28,28,28,29,29,29,27,27,27,27,27,27,27,27,28,29,30,31,30
-62,125,20,26,25,25,24,23,22,22,21,21,20,20,19,18,18,18,17,17,16,15,15,15,14,13,13,12,3,0,0,0,0,0,0,0,0,0,5,21,21,23,23,23,23,24,25,25,24,26,26,26,25,25,25,24,24,25,25,25,26,26,26,27,27
-62,125,20,30,29,29,28,26,26,24,24,23,23,23,21,21,21,20,20,19,19,18,18,17,16,15,15,15,4,0,0,0,0,0,0,0,0,0,6,24,25,25,26,26,28,28,29,28,30,30,30,30,28,28,29,28,28,28,28,29,29,30,31,31,31
-62,125,20,30,28,27,27,26,25,24,24,24,23,22,22,21,21,21,20,20,19,18,17,17,16,15,15,15,4,0,0,0,0,0,0,0,0,0,6,24,24,25,26,26,27,28,28,29,29,30,30,30,29,28,29,28,28,27,28,28,29,29,30,32,32
-62,125,20,27,26,25,24,23,22,21,21,20,19,20,19,19,18,18,18,17,16,16,16,15,13,13,14,14,4,0,0,0,0,0,0,0,0,0,5,21,22,22,23,24,25,25,25,25,25,26,27,26,26,26,26,26,25,25,25,25,26,26,27,28,28
-63,125,20,26,25,24,23,23,22,21,20,19,19,19,18,18,17,17,17,16,16,15,15,14,13,12,12,12,3,0,0,0,0,0,0,0,0,0,5,20,21,22,22,23,24,24,24,25,24,24,25,25,25,24,24,24,24,24,25,25,25,25,26,27,27
-63,125,20,26,26,25,23,23,23,22,20,21,20,19,18,18,18,18,18,17,17,16,15,15,14,14,13,13,3,0,0,0,0,0,0,0,0,0,6,21,21,23,24,23,24,25,25,26,27,28,27,26,26,25,26,25,25,25,25,26,27,28,28,28,28
-63,125,20,30,30,29,27,26,26,25,24,23,23,22,21,20,20,21,20,20,19,18,17,17,16,16,15,14,4,0,0,0,0,0,0,0,0,0,6,24,24,25,26,27,27,28,29,29,30,30,30,29,28,28,28,28,28,28,28,29,30,30,31,31,31
-63,125,20,30,29,29,27,26,26,25,23,23,23,23,21,20,21,21,20,19,18,18,18,17,17,16,15,14,3,0,0,0,0,0,0,0,0,0,6,24,24,25,25,26,27,28,28,29,30,31,30,29,29,28,29,29,28,28,28,29,29,30,30,30,30
-63,125,20,29,28,27,26,26,25,23,23,24,23,21,20,20,20,20,20,19,18,17,16,16,16,14,13,14,3,0,0,0,0,0,0,0,0,0,5,23,23,25,25,26,26,27,26,27,28,28,28,28,27,27,27,27,26,28,28,28,28,28,29,30,31
-63,125,20,30,30,29,27,26,25,25,23,22,22,22,21,21,21,21,20,20,19,19,18,17,16,15,15,14,4,0,0,0,0,0,0,0,0,0,6,24,24,25,27,27,28,27,28,29,29,30,30,30,30,30,30,29,28,28,28,29,29,29,30,31,31
-63,125,20,23,23,23,21,21,19,18,17,16,16,16,17,16,16,15,15,14,14,13,13,12,11,11,11,10,2,0,0,0,0,0,0,0,0,0,4,18,18,19,20,20,21,22,22,22,21,23,23,23,22,22,22,22,21,22,22,22,22,22,23,23,24
-62,125,20,30,29,28,28,27,25,25,23,23,23,22,22,21,21,21,20,20,19,18,18,17,16,15,15,15,4,0,0,0,0,0,0,0,0,0,6,24,24,25,26,26,27,28,28,28,30,30,30,30,29,28,29,28,28,28,28,28,29,29,30,31,31
-63,125,20,24,23,23,22,21,21,20,19,19,19,18,17,17,17,17,16,16,15,15,14,14,13,13,12,12,3,0,0,0,0,0,0,0,0,0,5,19,20,20,21,21,21,21,22,22,23,23,23,23,22,22,22,22,22,22,22,23,23,24,24,25,26
-62,125,20,27,27,26,24,23,23,22,21,21,21,20,20,19,19,19,19,18,17,17,16,15,15,14,13,13,4,0,0,0,0,0,0,0,0,0,6,21,22,22,23,23,23,25,25,25,26,27,26,26,25,25,26,25,25,25,25,25,25,26,27,28,28
-63,125,20,26,26,25,24,24,23,22,21,20,20,20,19,19,19,19,19,18,18,17,16,15,15,14,14,13,4,0,0,0,0,0,0,0,0,0,6,21,22,23,23,24,24,24,24,25,26,26,26,26,25,25,25,25,24,24,25,25,26,26,27,28,28
-62,125,20,26,25,24,23,22,22,21,20,19,19,19,19,19,18,18,17,17,16,16,15,14,13,13,12,12,3,0,0,0,0,0,0,0,0,0,5,20,21,22,22,23,23,23,24,25,25,25,25,25,25,25,25,24,24,24,25,25,25,25,26,27,28
-62,125,20,25,24,23,23,22,22,21,20,19,19,18,18,18,17,17,17,17,16,15,15,14,14,13,12,11,2,0,0,0,0,0,0,0,0,0,5,20,20,21,21,23,23,23,23,23,25,25,26,25,25,24,25,24,24,24,24,24,25,25,26,26,27
-62,125,20,26,25,24,23,22,22,21,20,19,19,18,17,17,17,17,17,16,15,15,14,14,13,13,12,11,2,0,0,0,0,0,0,0,0,0,4,20,20,21,22,23,23,24,24,25,25,26,26,26,25,24,24,24,24,24,24,24,25,25,26,27,27
-62,125,20,26,25,24,23,23,22,21,20,19,19,19,19,19,18,18,17,17,16,15,15,14,13,13,13,12,3,0,0,0,0,0,0,0,0,0,5,20,21,22,22,22,23,23,23,24,24,25,25,25,24,24,24,24,23,23,24,24,25,24,25,26,27
-63,125,20,25,25,25,23,23,21,21,21,21,20,19,18,18,18,18,18,18,17,16,15,15,14,13,12,12,3,0,0,0,0,0,0,0,0,0,5,21,21,22,22,23,23,24,24,24,26,26,26,26,24,25,24,24,24,24,25,24,25,25,26,27,27
-63,125,20,24,23,22,21,21,20,20,19,19,18,18,17,17,17,17,17,16,15,15,14,14,14,12,12,12,3,0,0,0,0,0,0,0,0,0,5,19,19,21,21,22,22,22,22,23,23,24,23,23,22,22,23,22,22,22,23,23,23,24,25,24,24
-63,125,20,25,26,24,23,21,21,21,20,20,20,19,18,17,18,18,18,17,16,15,15,14,14,13,12,12,3,0,0,0,0,0,0,0,0,0,5,20,20,22,22,23,23,24,24,24,26,26,25,24,24,24,25,24,23,24,24,24,25,25,26,28,28
-63,125,20,21,21,21,20,20,18,18,17,18,17,16,16,15,15,15,15,14,14,14,13,12,11,11,10,10,2,0,0,0,0,0,0,0,0,0,3,17,18,18,20,20,20,21,21,22,22,22,23,22,21,21,21,22,21,20,21,21,21,22,22,22,22
-62,125,20,26,26,25,24,23,22,21,21,21,20,19,19,19,19,18,17,17,17,16,15,14,14,13,13,12,3,0,0,0,0,0,0,0,0,0,5,21,21,22,22,23,24,25,25,25,26,26,26,26,26,25,25,25,24,25,25,25,25,26,26,27,27
-63,125,20,27,26,25,24,24,23,22,21,21,20,20,19,19,19,18,18,18,17,17,16,15,15,14,14,13,4,0,0,0,0,0,0,0,0,0,6,21,22,23,24,24,24,25,25,25,27,27,27,27,25,26,25,25,24,24,25,25,25,26,27,27,28
-63,125,20,25,24,23,23,21,21,20,19,19,18,19,18,18,18,18,17,17,16,15,15,14,13,12,12,12,2,0,0,0,0,0,0,0,0,0,4,20,20,21,22,22,23,23,24,24,24,25,25,25,25,25,25,24,24,24,24,24,24,25,26,27,27
-63,125,20,26,25,25,24,23,22,22,21,21,21,19,18,18,18,18,18,17,17,16,15,14,14,13,13,12,3,0,0,0,0,0,0,0,0,0,5,21,21,22,23,24,24,24,24,25,25,26,26,25,25,25,24,25,24,25,25,25,25,25,26,26,26
-62,125,20,26,26,25,24,24,22,21,21,21,20,19,19,18,18,17,18,17,16,15,15,14,14,14,12,12,3,0,0,0,0,0,0,0,0,0,5,20,21,21,23,23,24,25,24,25,25,26,26,26,25,25,25,25,24,24,25,24,25,25,26,27,27
-63,125,20,31,30,29,28,27,26,25,24,24,23,22,21,21,21,21,21,20,19,19,18,17,17,16,15,15,4,0,0,0,0,0,0,0,0,0,6,23,24,26,27,27,28,28,29,29,29,30,30,29,29,29,29,28,28,28,29,29,30,30,31,31,31
-63,125,20,26,25,25,24,23,22,22,22,22,21,19,19,19,19,19,19,18,17,17,16,15,15,14,13,13,4,0,0,0,0,0,0,0,0,0,6,22,22,23,23,24,24,24,25,26,26,27,27,27,25,25,25,25,24,24,25,26,25,26,27,27,27
-62,125,20,26,26,25,23,22,22,21,20,20,19,18,18,18,18,18,18,17,16,15,14,14,13,13,13,12,2,0,0,0,0,0,0,0,0,0,4,20,20,21,22,22,23,24,24,25,25,25,26,25,24,24,24,24,23,24,24,25,25,25,26,27,27
-62,125,20,28,27,26,25,26,25,24,23,23,22,21,21,21,20,20,19,19,18,17,17,16,15,14,13,14,3,0,0,0,0,0,0,0,0,0,5,22,23,24,25,26,26,27,27,27,27,28,29,29,28,28,28,27,27,27,27,27,28,28,29,30,31
-63,125,20,25,25,25,23,22,21,20,20,19,19,19,18,18,18,18,18,17,16,16,15,14,14,13,13,12,3,0,0,0,0,0,0,0,0,0,5,21,21,21,22,23,23,23,24,25,25,25,25,25,24,24,25,24,23,23,24,24,24,25,25,26,25
-62,125,20,28,27,27,25,24,24,23,22,21,21,19,19,19,19,19,19,17,17,17,16,15,15,14,13,13,2,0,0,0,0,0,0,0,0,0,4,21,22,22,24,24,25,26,26,26,27,28,28,28,26,26,25,26,25,25,26,26,27,29,29,29,29
-64,125,20,26,26,25,23,23,22,21,20,20,20,18,18,18,18,18,18,17,17,16,15,14,13,13,13,12,2,0,0,0,0,0,0,0,0,0,4,20,21,21,22,23,23,24,24,24,25,26,26,26,25,25,25,24,24,24,25,25,25,25,27,28,28
-63,125,20,30,29,27,26,26,25,24,23,23,22,22,21,21,21,20,20,19,19,18,17,16,16,14,14,14,4,0,0,0,0,0,0,0,0,0,5,22,24,26,26,27,26,27,27,28,28,29,30,30,30,29,29,28,27,27,28,29,29,29,30,31,31
-63,125,20,26,25,24,23,23,22,22,21,21,21,20,20,20,19,19,18,18,17,16,16,15,14,14,13,13,4,0,0,0,0,0,0,0,0,0,6,21,22,22,22,24,24,24,25,25,25,25,26,26,26,25,25,25,25,24,24,25,26,26,27,28,29
-64,125,20,26,25,24,24,23,22,21,21,21,20,19,19,19,17,17,17,17,17,16,15,14,14,13,13,12,2,0,0,0,0,0,0,0,0,0,5,20,21,21,22,23,24,24,24,25,25,26,26,26,25,25,25,24,24,25,25,25,25,25,26,27,28
-64,125,20,30,29,28,26,25,24,25,23,21,22,22,22,21,21,21,20,18,18,17,17,17,15,14,14,14,4,0,0,0,0,0,0,0,0,0,5,23,24,25,26,26,26,27,28,28,29,29,30,30,30,29,29,28,28,28,28,28,29,29,29,30,31
-64,125,20,25,25,24,23,23,21,20,19,19,19,19,19,19,17,17,16,16,15,15,14,13,13,12,12,11,2,0,0,0,0,0,0,0,0,0,4,19,20,21,22,23,23,24,24,24,24,25,25,25,25,25,24,24,23,24,24,24,23,25,26,27,27
-63,125,20,26,25,24,23,23,22,21,21,21,20,19,18,18,18,18,18,17,16,16,15,15,14,13,13,12,3,0,0,0,0,0,0,0,0,0,5,21,21,22,22,23,23,24,24,25,25,26,26,26,24,24,25,24,24,24,24,25,25,26,27,27,26
-64,125,20,29,28,27,26,25,24,22,22,21,20,20,20,20,19,19,18,18,17,16,15,15,15,14,13,13,2,0,0,0,0,0,0,0,0,0,5,22,24,24,24,24,26,26,27,28,27,28,28,28,28,27,27,26,26,27,27,27,28,28,29,30,31
-64,125,20,26,26,24,23,22,22,20,19,18,18,18,18,18,17,17,16,16,15,15,14,13,13,13,13,12,2,0,0,0,0,0,0,0,0,0,5,20,21,22,22,22,24,24,25,25,26,25,26,26,25,25,25,25,24,24,24,24,25,25,26,27,28
-64,125,20,29,29,28,27,26,24,23,22,21,21,21,20,20,20,21,19,18,18,17,17,16,15,14,14,14,3,0,0,0,0,0,0,0,0,0,5,22,22,24,24,25,26,26,27,27,28,28,29,28,28,28,28,27,27,27,27,27,28,28,29,30,31
-64,125,20,29,29,28,27,26,25,24,24,24,23,22,22,21,21,21,20,19,18,18,17,16,16,15,14,14,3,0,0,0,0,0,0,0,0,0,5,23,24,24,25,26,26,27,28,28,28,29,29,29,28,28,28,28,27,27,27,28,29,29,30,30,31
-63,125,20,26,25,25,24,23,22,21,20,20,20,19,18,18,18,18,18,18,17,16,15,15,14,13,13,12,3,0,0,0,0,0,0,0,0,0,5,21,20,21,22,23,23,23,24,25,25,26,26,25,24,24,24,24,24,24,24,24,24,25,26,26,26
-64,125,20,26,26,25,25,24,23,21,21,20,20,20,19,19,19,19,18,18,17,16,16,15,14,14,13,13,4,0,0,0,0,0,0,0,0,0,5,21,21,22,23,24,24,24,25,25,26,26,26,26,26,26,25,25,24,25,25,25,26,26,27,28,28
-64,125,20,26,26,25,24,23,23,22,22,21,20,20,20,19,19,19,19,18,17,16,16,15,14,14,13,13,4,0,0,0,0,0,0,0,0,0,6,22,22,22,23,23,23,25,25,25,26,27,26,26,26,25,26,25,25,25,25,25,25,25,26,27,28
-63,125,20,26,26,26,25,24,23,22,20,21,21,20,20,19,19,19,18,18,17,16,16,15,14,14,14,13,3,0,0,0,0,0,0,0,0,0,6,22,22,22,23,23,24,24,25,25,25,26,26,26,25,25,25,24,25,25,25,25,25,26,27,28,28
-63,125,20,26,26,25,23,23,22,21,20,19,19,19,18,18,18,18,18,17,16,15,15,14,13,13,13,12,2,0,0,0,0,0,0,0,0,0,4,20,21,21,22,23,23,23,24,24,24,25,26,25,25,25,25,24,24,24,24,25,25,25,26,27,28
-61,125,20,30,29,28,27,26,25,24,23,23,23,21,21,21,21,21,21,20,19,18,17,16,15,15,14,13,2,0,0,0,0,0,0,0,0,0,5,23,23,24,25,26,27,27,27,27,29,29,29,29,28,26,28,27,27,27,28,28,29,30,30,31,31
-63,125,20,29,29,28,27,26,25,25,24,23,22,22,21,21,21,21,20,20,19,18,17,16,15,15,14,14,4,0,0,0,0,0,0,0,0,0,5,22,23,25,25,26,27,28,28,29,29,30,30,29,29,29,29,28,28,28,29,29,28,28,29,30,30
-63,125,20,29,29,28,27,26,25,24,24,24,23,22,22,22,20,20,20,19,19,18,18,17,16,15,14,13,3,0,0,0,0,0,0,0,0,0,5,23,23,25,25,26,25,26,27,27,28,29,28,29,28,28,27,26,26,26,27,28,28,28,30,30,30
-63,125,20,26,26,25,25,24,23,22,21,20,21,21,20,19,19,19,19,18,17,17,16,16,15,14,14,13,4,0,0,0,0,0,0,0,0,0,6,21,22,22,23,23,24,24,24,24,25,26,26,26,25,25,25,25,24,24,25,25,26,26,27,28,29
-63,125,20,26,26,25,24,22,22,22,20,20,20,19,18,18,18,18,18,16,15,15,15,15,14,13,13,12,3,0,0,0,0,0,0,0,0,0,5,21,20,21,22,23,23,24,24,24,25,25,25,25,25,25,25,25,24,24,24,25,25,26,27,28,27
-63,125,20,27,27,25,25,23,23,22,21,21,21,20,20,20,19,19,18,18,17,16,16,15,14,14,14,13,3,0,0,0,0,0,0,0,0,0,6,22,21,23,23,23,24,25,25,25,26,25,26,26,25,25,25,25,25,25,24,26,26,27,27,28,29
-63,125,20,26,26,24,23,23,22,21,21,21,19,19,19,18,19,19,18,17,17,16,15,14,14,13,12,12,2,0,0,0,0,0,0,0,0,0,5,20,21,21,22,23,23,23,23,23,24,25,25,25,24,24,24,23,24,25,25,25,25,25,26,27,27
-63,125,20,29,29,27,26,25,24,23,23,22,22,21,20,20,19,19,19,19,18,17,17,15,14,14,14,13,2,0,0,0,0,0,0,0,0,0,5,22,22,24,24,24,26,26,26,27,27,28,28,28,28,27,27,27,26,26,27,27,28,28,29,30,30
-63,125,20,26,26,25,24,23,22,21,21,20,19,19,19,19,19,18,17,17,16,16,15,14,13,13,12,12,2,0,0,0,0,0,0,0,0,0,5,20,20,22,22,23,23,24,24,24,25,25,25,25,26,25,25,25,24,24,24,25,26,25,26,27,27
-63,125,20,30,30,29,28,27,26,25,25,24,23,22,22,22,22,21,20,19,19,18,17,17,16,16,15,15,4,0,0,0,0,0,0,0,0,0,6,24,24,25,26,26,26,26,27,29,28,29,29,29,29,28,28,27,27,27,28,29,29,29,30,32,32
-63,125,20,27,26,24,23,23,22,21,20,19,19,19,19,19,18,18,17,17,17,15,14,14,14,13,12,12,3,0,0,0,0,0,0,0,0,0,5,21,21,21,22,23,24,24,25,25,25,25,25,25,25,25,25,25,24,24,24,25,25,25,26,27,28
-63,125,20,30,30,29,27,26,25,24,23,22,22,22,21,21,21,21,20,20,19,19,17,17,16,15,15,15,4,0,0,0,0,0,0,0,0,0,6,24,24,24,26,26,27,27,28,29,29,29,29,29,29,28,28,28,28,28,28,28,29,29,30,32,32
-63,125,20,30,30,28,27,26,25,24,23,22,21,21,21,21,21,21,20,19,19,17,16,16,15,15,14,15,3,0,0,0,0,0,0,0,0,0,5,23,23,25,25,26,26,27,27,27,28,29,29,29,29,28,28,28,27,27,27,28,28,28,30,30,31
-63,125,20,29,29,29,27,26,25,24,23,23,23,21,21,21,21,21,20,19,18,18,16,16,16,15,14,14,3,0,0,0,0,0,0,0,0,0,5,23,24,24,25,26,26,27,27,28,28,28,28,28,28,27,28,28,27,27,27,27,29,29,30,31,32
-61,125,20,27,26,25,25,24,23,22,21,21,20,19,19,18,18,18,18,17,17,16,15,14,13,13,12,12,2,0,0,0,0,0,0,0,0,0,5,20,20,21,22,23,23,24,24,24,25,26,26,25,25,25,25,25,24,25,25,25,25,26,27,28,28
-63,125,20,27,27,26,25,24,23,22,22,22,21,20,20,20,19,19,19,18,17,17,16,15,15,14,13,13,4,0,0,0,0,0,0,0,0,0,6,21,22,23,23,23,24,25,25,25,26,27,26,26,25,25,26,25,25,25,25,25,25,26,27,27,27
-63,125,20,25,25,23,23,22,22,21,20,20,20,19,19,19,18,18,18,17,16,15,15,14,13,13,12,12,3,0,0,0,0,0,0,0,0,0,5,20,20,21,22,22,23,23,24,24,24,25,26,25,24,24,24,25,24,24,24,24,25,25,26,27,27
-63,125,20,30,29,28,27,26,25,25,23,23,22,22,21,21,21,21,21,20,19,18,17,17,16,15,15,14,4,0,0,0,0,0,0,0,0,0,6,24,24,25,26,26,26,27,27,28,28,29,29,29,28,27,28,28,27,27,28,29,29,29,30,31,31
-63,125,20,23,23,22,20,19,20,18,18,18,18,17,16,16,16,16,16,15,14,14,13,13,12,11,11,10,2,0,0,0,0,0,0,0,0,0,4,18,18,19,19,20,20,20,21,23,23,23,23,23,22,22,22,22,21,21,21,22,23,24,23,23,23
-63,125,20,30,30,28,27,27,26,24,24,24,24,22,22,22,21,20,20,20,19,18,17,16,15,15,14,14,4,0,0,0,0,0,0,0,0,0,6,24,24,25,25,26,27,28,28,28,29,29,29,29,29,29,29,27,28,28,28,28,29,29,31,32,32
-63,125,20,31,30,29,28,27,26,25,25,24,23,22,22,22,21,21,20,20,19,18,18,17,16,16,15,15,4,0,0,0,0,0,0,0,0,0,6,24,24,25,25,26,27,27,27,28,28,28,29,29,28,28,28,28,28,28,28,29,29,30,31,32,32
-63,125,20,30,28,28,26,25,25,24,23,22,22,21,21,21,20,20,20,18,18,17,17,16,14,14,13,13,3,0,0,0,0,0,0,0,0,0,5,22,22,23,25,25,25,26,27,28,28,29,29,28,28,27,27,27,26,27,27,27,28,28,30,31,31
-63,125,20,30,29,29,28,27,26,24,24,24,23,23,22,22,21,21,21,20,19,18,18,17,16,15,15,14,4,0,0,0,0,0,0,0,0,0,5,23,24,25,26,26,27,28,27,28,28,29,29,28,28,28,28,28,28,28,29,29,29,30,30,31,32
-62,125,20,30,30,29,28,27,26,25,25,24,24,23,22,22,21,21,22,21,20,18,18,17,16,16,15,14,4,0,0,0,0,0,0,0,0,0,6,24,24,25,25,26,26,28,28,28,29,30,30,29,29,29,28,28,28,28,28,29,29,30,31,32,33
-62,125,20,30,30,29,28,27,26,24,25,25,24,22,21,21,21,21,21,20,20,19,18,16,16,16,15,14,4,0,0,0,0,0,0,0,0,0,6,24,24,25,26,26,27,28,29,29,30,31,31,31,30,29,29,29,28,29,29,29,30,30,30,31,32
-63,125,20,31,29,28,27,27,25,24,24,23,22,22,21,22,22,21,20,19,19,18,17,16,16,15,15,15,4,0,0,0,0,0,0,0,0,0,6,23,24,25,26,27,27,28,28,28,29,29,29,29,29,28,28,28,27,27,28,28,29,29,30,31,32
-63,125,20,29,29,28,27,26,25,24,24,23,23,22,20,20,21,21,20,20,19,18,17,17,16,15,14,14,4,0,0,0,0,0,0,0,0,0,5,23,24,25,26,25,26,27,27,28,29,30,30,29,28,27,28,27,26,28,28,28,28,29,30,30,30
-63,125,20,30,30,28,27,27,26,25,25,24,23,22,22,22,21,21,21,20,20,18,17,17,16,16,14,14,4,0,0,0,0,0,0,0,0,0,6,23,25,25,26,26,27,28,28,28,29,30,30,30,29,29,29,29,28,28,29,28,28,29,31,32,32
-63,125,20,30,29,28,27,26,25,25,25,24,23,22,21,21,21,21,20,19,18,18,17,17,16,15,14,14,4,0,0,0,0,0,0,0,0,0,6,23,24,26,26,27,26,27,28,30,30,30,30,30,29,29,29,28,28,28,28,28,30,30,29,30,30
-63,125,20,25,25,25,23,22,21,20,19,20,19,18,18,18,18,18,18,17,16,15,15,14,13,13,12,11,2,0,0,0,0,0,0,0,0,0,4,20,20,21,22,22,23,23,24,24,25,26,25,25,24,24,24,23,23,23,24,23,25,26,26,25,25
-61,125,20,29,29,28,27,26,25,24,23,23,22,21,21,21,21,19,19,19,18,17,17,16,15,15,14,14,3,0,0,0,0,0,0,0,0,0,5,23,24,25,25,25,27,27,27,28,29,30,30,29,28,28,28,28,27,28,28,28,29,29,30,30,31
-63,125,20,25,25,24,23,22,21,20,20,19,18,18,17,18,18,18,17,17,16,16,14,13,13,13,12,11,2,0,0,0,0,0,0,0,0,0,5,20,21,21,22,23,24,23,24,24,25,26,26,26,25,24,24,24,23,23,25,25,25,25,26,27,26
-63,125,20,26,26,26,25,24,23,22,21,21,21,20,19,19,20,18,18,18,17,17,16,15,15,13,13,13,3,0,0,0,0,0,0,0,0,0,5,21,21,23,23,23,24,24,25,26,27,28,27,26,25,25,25,25,24,24,25,26,26,27,28,28,27
-63,125,20,25,24,23,22,21,21,20,19,19,19,18,17,17,17,17,17,16,15,15,14,14,14,13,12,12,3,0,0,0,0,0,0,0,0,0,5,19,20,20,21,21,21,22,22,24,24,25,24,24,23,22,23,23,21,22,23,23,23,24,25,25,24
-63,125,20,29,27,27,26,25,25,23,22,21,21,20,20,19,19,20,19,18,17,17,17,16,14,14,13,13,2,0,0,0,0,0,0,0,0,0,5,23,23,23,25,26,26,26,27,28,29,29,29,29,27,27,27,28,27,26,26,28,29,29,29,30,30
-63,125,20,29,29,28,27,26,25,24,23,23,22,21,21,21,20,20,20,19,18,17,16,16,15,14,14,14,3,0,0,0,0,0,0,0,0,0,5,23,24,25,25,25,26,26,26,27,28,29,28,28,28,28,27,26,26,27,27,27,28,29,30,31,31
-63,125,20,27,26,25,24,24,23,22,21,21,21,20,19,19,19,19,18,17,17,16,16,15,14,13,13,13,3,0,0,0,0,0,0,0,0,0,5,21,22,23,23,24,25,25,25,25,26,26,26,26,26,25,25,26,25,25,25,25,26,26,27,28,28
-63,125,20,26,25,24,23,22,22,21,20,19,19,19,18,18,18,18,17,17,16,15,15,14,14,13,13,12,3,0,0,0,0,0,0,0,0,0,5,21,21,22,22,23,23,23,24,25,25,25,25,25,24,24,24,23,23,23,24,24,25,25,26,27,27
-63,125,20,30,30,29,27,27,26,24,23,22,22,22,21,21,20,21,20,19,18,18,17,16,16,15,14,14,4,0,0,0,0,0,0,0,0,0,6,24,25,25,26,27,28,28,29,29,29,29,29,29,28,28,28,28,28,28,28,29,29,29,30,31,32
-61,125,20,31,31,30,28,27,26,25,24,23,24,23,22,22,22,22,22,20,19,18,18,17,16,16,15,15,4,0,0,0,0,0,0,0,0,0,6,24,25,26,27,28,28,29,29,29,30,31,31,30,30,29,29,29,29,29,30,30,30,30,32,33,33
-63,125,20,30,29,29,27,26,25,25,23,22,23,22,22,21,21,21,20,20,19,18,17,16,15,15,15,14,4,0,0,0,0,0,0,0,0,0,6,23,24,25,25,26,26,28,27,28,28,29,29,29,29,29,28,27,26,27,28,28,28,29,30,30,30
-63,125,20,26,26,24,23,23,23,22,21,21,20,20,20,20,19,19,18,18,17,16,16,15,14,14,13,13,4,0,0,0,0,0,0,0,0,0,6,21,22,23,24,24,24,24,25,25,26,26,26,26,26,26,26,25,25,24,24,25,25,25,27,28,29
-63,125,20,30,29,28,27,27,26,24,23,23,22,22,21,21,20,20,19,19,18,18,17,16,16,15,15,15,4,0,0,0,0,0,0,0,0,0,6,23,24,26,27,27,28,28,29,29,29,30,30,29,29,28,29,29,28,28,29,29,29,29,31,31,32
-61,125,20,31,30,28,27,26,26,25,24,23,22,22,22,22,21,21,20,20,18,18,18,17,15,15,14,14,4,0,0,0,0,0,0,0,0,0,6,23,24,26,27,27,27,28,29,29,30,30,31,30,30,30,30,29,28,28,28,29,29,29,30,31,31
-63,125,20,27,26,25,25,23,22,22,21,21,21,20,19,19,19,19,18,18,17,16,16,15,14,14,13,13,4,0,0,0,0,0,0,0,0,0,6,21,21,22,23,24,25,25,25,25,26,27,26,26,25,25,25,25,25,26,25,25,25,26,28,28,28
-63,125,20,26,25,25,23,23,22,21,20,20,19,19,18,18,18,18,18,16,16,15,15,14,14,14,12,12,2,0,0,0,0,0,0,0,0,0,5,21,21,22,22,23,23,24,25,24,25,26,26,26,25,25,25,24,24,25,25,25,25,26,26,27,28
-63,125,20,25,25,24,23,22,21,20,20,19,19,18,17,17,17,17,17,17,15,14,14,13,13,13,12,11,2,0,0,0,0,0,0,0,0,0,4,20,20,21,22,22,23,24,24,24,25,25,25,25,24,23,24,24,23,24,24,24,24,26,26,26,26
-63,125,20,26,26,25,24,23,22,21,20,20,20,19,18,18,17,17,17,17,17,16,15,15,13,13,13,13,3,0,0,0,0,0,0,0,0,0,5,21,21,23,23,23,24,25,25,25,26,27,27,26,25,25,26,25,24,25,25,25,25,25,26,28,28
-63,125,20,30,30,28,27,26,25,24,23,23,22,21,21,21,20,20,20,19,18,17,17,16,15,15,15,15,4,0,0,0,0,0,0,0,0,0,6,23,24,25,26,26,27,28,28,29,29,30,30,29,29,30,29,29,29,29,28,29,29,29,30,32,33
-63,125,20,26,26,24,23,22,21,20,20,20,19,19,19,19,18,18,17,17,16,16,15,14,13,13,12,13,2,0,0,0,0,0,0,0,0,0,4,19,21,21,22,23,23,23,24,25,25,26,26,26,25,25,25,24,24,24,25,25,25,26,26,27,27
-63,125,20,24,23,22,22,21,20,20,18,18,18,17,17,17,17,16,16,15,16,15,14,14,13,13,12,12,3,0,0,0,0,0,0,0,0,0,5,19,19,20,21,21,22,23,23,23,24,24,24,24,23,22,22,23,22,22,22,23,24,24,25,25,25
-63,125,20,26,26,25,24,22,22,21,21,21,20,19,18,19,19,18,17,17,16,15,14,14,13,13,13,12,3,0,0,0,0,0,0,0,0,0,5,20,21,21,23,23,23,24,25,25,25,26,27,26,25,25,25,24,24,24,24,25,25,25,27,27,27
-63,125,20,23,22,21,21,21,20,19,18,17,17,17,16,16,16,16,16,15,15,14,13,12,12,11,11,10,2,0,0,0,0,0,0,0,0,0,4,18,19,19,20,20,20,21,22,22,22,24,24,23,23,22,21,21,21,22,23,23,22,22,23,23,22
-63,125,20,26,25,24,24,23,22,21,20,20,20,20,18,18,18,18,18,17,16,16,15,14,14,13,12,12,3,0,0,0,0,0,0,0,0,0,5,20,21,22,23,23,24,24,24,25,25,26,26,26,24,24,24,24,24,24,24,24,24,25,25,26,27
-63,125,20,30,29,29,28,25,26,25,24,23,23,22,22,22,21,21,20,20,19,19,17,17,16,15,15,15,3,0,0,0,0,0,0,0,0,0,6,24,24,26,26,26,27,28,28,28,29,30,30,30,29,29,29,29,27,27,29,29,29,29,31,31,32
-63,125,20,25,25,24,22,22,21,20,19,18,18,18,17,17,17,17,17,16,16,15,14,13,13,12,12,11,2,0,0,0,0,0,0,0,0,0,4,20,20,21,22,22,23,24,24,24,24,25,25,25,24,24,24,24,24,24,24,24,24,24,26,27,27
-63,125,20,30,30,28,27,26,25,24,24,24,23,22,21,21,21,21,21,20,19,18,18,17,17,16,15,14,4,0,0,0,0,0,0,0,0,0,6,24,24,25,26,27,27,28,28,29,29,30,30,29,29,29,29,29,28,28,28,29,29,30,30,31,32
-63,125,20,26,26,25,23,23,22,21,21,21,20,19,19,18,18,18,17,17,17,16,15,14,13,13,12,13,3,0,0,0,0,0,0,0,0,0,5,21,21,22,22,23,23,24,24,25,25,26,25,25,25,24,25,24,24,24,24,25,26,25,25,26,26
-63,125,20,29,29,28,27,26,25,24,23,23,22,21,21,21,21,21,19,19,19,17,17,16,15,14,14,14,4,0,0,0,0,0,0,0,0,0,5,23,23,25,25,26,27,28,28,28,28,29,30,30,30,30,29,29,28,28,28,28,28,28,29,32,32
-63,125,20,25,25,24,22,22,21,20,19,20,19,18,17,17,17,17,17,16,16,15,14,13,13,12,12,12,3,0,0,0,0,0,0,0,0,0,4,20,20,21,22,22,23,24,24,25,25,26,26,26,25,24,24,24,24,24,24,24,24,24,25,26,27
-63,125,20,26,26,24,23,22,22,21,20,20,19,18,18,18,18,18,17,16,16,15,14,13,13,12,12,12,3,0,0,0,0,0,0,0,0,0,5,20,20,21,22,22,23,23,25,24,25,25,26,25,25,25,25,25,24,24,25,25,25,25,26,26,26
-63,125,20,26,26,26,24,24,23,21,21,20,20,19,19,19,19,19,18,18,17,16,15,15,14,13,13,13,3,0,0,0,0,0,0,0,0,0,5,21,22,23,23,24,24,25,25,25,26,27,27,26,25,25,26,25,25,25,26,25,26,26,28,29,27
-61,125,20,31,30,28,27,26,25,25,23,22,23,21,21,20,20,20,20,19,18,17,16,15,16,15,14,14,3,0,0,0,0,0,0,0,0,0,5,23,24,24,25,25,27,28,28,29,30,30,30,29,29,29,29,28,28,28,28,29,29,29,30,32,32
-63,125,20,30,30,29,28,27,26,24,24,23,23,22,21,21,21,20,20,20,19,18,18,17,16,15,15,14,4,0,0,0,0,0,0,0,0,0,6,24,24,25,26,27,28,28,29,29,29,29,30,29,29,28,28,28,28,28,29,29,29,29,30,31,31
-63,125,20,30,30,29,27,26,26,25,23,23,23,22,21,21,21,21,21,20,19,18,18,17,16,15,15,15,4,0,0,0,0,0,0,0,0,0,6,24,24,26,26,27,27,27,27,28,29,30,30,29,29,28,29,28,27,28,28,28,29,30,30,31,31
-63,125,20,25,24,24,22,22,21,21,20,20,20,19,18,18,18,18,18,17,16,15,15,14,13,13,12,12,3,0,0,0,0,0,0,0,0,0,5,20,21,21,22,22,23,23,23,24,25,25,25,25,24,24,24,24,23,23,24,24,25,25,25,26,25
-63,125,20,30,30,29,27,26,25,24,23,22,23,22,22,22,22,21,20,20,19,18,18,17,17,16,15,15,4,0,0,0,0,0,0,0,0,0,6,24,24,25,26,27,27,28,28,29,30,30,30,30,29,28,29,29,28,28,29,29,29,30,30,31,31
-63,125,20,27,26,25,24,24,23,22,21,20,20,20,19,19,18,18,18,17,17,16,15,15,14,14,14,13,4,0,0,0,0,0,0,0,0,0,6,21,22,23,23,23,24,25,25,25,26,27,26,26,26,26,26,25,24,24,25,26,26,26,26,27,28
-63,125,20,29,28,27,27,26,25,24,22,21,22,21,20,21,20,20,19,19,18,17,17,16,15,14,14,14,3,0,0,0,0,0,0,0,0,0,5,23,24,24,25,25,26,27,27,27,28,29,29,28,28,28,28,27,27,27,27,27,27,28,28,30,31
-63,125,20,26,25,24,24,24,22,21,21,20,20,19,19,19,18,18,17,17,17,15,15,14,14,14,12,12,3,0,0,0,0,0,0,0,0,0,5,21,21,22,23,23,23,24,24,25,26,26,26,26,25,24,24,25,24,24,25,25,25,25,27,27,28
-63,125,20,29,28,27,27,26,25,24,23,23,22,22,22,21,20,20,20,19,19,17,17,17,15,14,14,14,3,0,0,0,0,0,0,0,0,0,5,23,24,24,26,26,26,27,27,27,28,29,29,29,29,28,27,27,27,27,28,28,28,28,29,30,30
-63,125,20,26,25,24,23,23,22,21,21,22,21,19,19,19,19,19,18,17,17,16,16,15,14,14,13,13,4,0,0,0,0,0,0,0,0,0,6,22,22,22,22,23,23,24,25,26,26,26,26,26,25,24,25,25,24,24,24,25,26,27,27,28,29
-63,125,20,29,28,27,27,26,25,23,22,21,21,21,20,20,20,20,19,19,18,17,16,16,15,14,14,13,3,0,0,0,0,0,0,0,0,0,5,23,24,24,25,26,27,27,28,28,28,29,29,29,28,27,28,28,27,27,28,28,28,28,29,30,31
-63,125,20,26,26,25,23,23,22,21,20,19,19,19,19,18,18,18,17,17,16,16,15,14,14,13,12,12,3,0,0,0,0,0,0,0,0,0,5,20,21,22,23,23,24,25,24,24,25,26,26,26,26,25,25,25,24,24,24,25,25,25,25,26,27
-63,125,20,30,29,27,26,25,25,25,23,23,22,22,22,22,21,20,20,20,20,18,18,18,16,16,15,15,4,0,0,0,0,0,0,0,0,0,6,24,24,26,25,26,27,26,28,28,29,30,29,29,29,28,28,28,27,27,27,28,29,29,30,31,32
-63,125,20,29,29,27,26,25,25,24,23,23,23,22,21,21,21,20,20,19,19,17,17,15,15,15,14,13,3,0,0,0,0,0,0,0,0,0,5,23,24,25,26,26,27,27,28,28,28,29,29,29,28,28,28,27,27,28,28,28,29,29,30,30,32
-63,125,20,25,24,24,23,23,21,20,19,19,18,18,18,18,18,18,18,16,16,15,14,13,13,12,12,12,2,0,0,0,0,0,0,0,0,0,4,19,20,21,21,22,23,25,24,24,24,25,26,24,24,24,24,24,23,24,25,24,24,23,26,26,27
-63,125,20,30,29,28,27,26,25,24,24,24,23,22,22,21,21,21,21,20,19,18,18,17,16,16,15,14,4,0,0,0,0,0,0,0,0,0,6,24,24,25,26,26,27,28,28,29,30,30,30,29,28,28,28,28,27,27,28,28,28,29,30,30,30
-63,125,20,26,26,25,23,23,22,21,20,21,21,19,18,18,18,18,17,17,16,15,14,14,13,13,13,12,2,0,0,0,0,0,0,0,0,0,4,20,21,21,22,23,23,24,24,25,26,26,26,26,25,24,25,24,24,24,25,25,25,25,26,26,27
-63,125,20,26,26,25,24,23,22,21,21,21,21,18,18,18,18,18,18,18,16,15,15,14,14,14,13,13,3,0,0,0,0,0,0,0,0,0,5,20,21,22,22,23,23,24,24,25,26,27,26,25,24,24,25,24,23,24,24,24,25,26,27,27,27
-61,125,20,25,24,23,23,22,21,20,20,20,19,18,18,18,18,18,18,17,16,15,15,14,14,13,13,13,4,0,0,0,0,0,0,0,0,0,5,20,20,21,22,22,22,24,24,24,24,25,26,24,24,23,23,23,23,23,24,23,24,24,25,25,25
-63,125,20,28,28,27,26,25,24,23,22,22,22,20,20,21,20,20,19,19,18,17,16,15,15,15,13,13,3,0,0,0,0,0,0,0,0,0,5,22,22,24,24,25,26,26,27,28,29,29,29,28,28,27,27,27,26,26,27,27,28,28,29,30,29
-63,125,20,29,28,27,26,26,25,24,24,24,23,22,22,22,21,21,20,20,19,19,18,17,16,15,15,14,4,0,0,0,0,0,0,0,0,0,6,24,25,25,26,26,26,27,28,28,28,29,29,29,28,28,28,27,26,27,28,28,29,29,29,30,31
-61,125,20,28,27,26,25,25,24,23,22,21,21,20,20,20,19,19,19,18,17,17,16,15,15,14,14,14,4,0,0,0,0,0,0,0,0,0,6,22,23,24,24,24,25,26,26,26,26,27,28,27,26,26,26,26,25,26,26,26,26,27,28,28,29
-63,125,20,26,25,24,23,23,22,21,21,21,21,20,19,19,19,19,19,18,17,16,15,15,15,14,13,13,4,0,0,0,0,0,0,0,0,0,6,21,22,23,23,23,23,24,24,24,26,26,26,26,25,25,26,24,24,24,25,25,25,25,26,27,27
-61,125,20,26,25,24,24,23,23,21,20,20,20,19,19,19,19,19,18,17,17,16,15,15,14,13,13,12,3,0,0,0,0,0,0,0,0,0,5,20,21,22,22,23,23,24,25,26,26,26,26,26,25,25,25,25,24,25,24,25,26,26,26,26,27
-63,125,20,29,27,27,26,24,24,23,22,21,20,20,21,21,19,19,19,18,18,16,16,15,14,14,13,12,2,0,0,0,0,0,0,0,0,0,5,22,22,24,24,25,25,26,26,27,27,28,28,28,27,27,27,26,26,26,26,27,27,27,29,29,30
-61,125,20,31,30,29,28,26,26,25,24,22,23,22,22,22,22,22,21,20,19,19,18,17,16,16,15,14,4,0,0,0,0,0,0,0,0,0,7,24,25,25,26,27,28,29,29,29,30,30,32,31,30,30,30,29,29,28,29,29,29,30,31,32,31
-61,125,20,27,27,24,24,24,23,22,21,19,20,20,20,20,18,18,17,17,17,16,15,14,14,13,13,12,3,0,0,0,0,0,0,0,0,0,5,21,22,23,24,24,25,25,25,26,26,27,28,26,26,26,25,25,26,26,25,26,27,26,27,28,29
-63,125,20,26,25,24,23,23,22,21,20,20,19,19,18,18,18,18,18,17,16,15,15,14,13,13,12,12,3,0,0,0,0,0,0,0,0,0,5,20,21,21,22,22,23,23,24,24,25,26,26,25,24,24,24,24,24,23,24,24,24,25,25,26,26
-63,125,20,27,26,25,24,24,23,22,21,21,20,19,19,19,19,19,18,17,17,16,16,15,14,14,13,13,4,0,0,0,0,0,0,0,0,0,6,21,22,22,23,24,24,25,25,25,26,26,26,26,25,25,25,25,24,25,25,26,26,26,27,28,29
-62,125,20,30,29,28,26,26,25,24,23,23,23,21,20,20,20,20,20,19,18,18,17,16,16,15,14,14,3,0,0,0,0,0,0,0,0,0,5,23,24,25,26,26,28,28,28,28,30,30,30,30,28,28,29,29,28,28,29,29,28,29,29,30,31
-63,125,20,25,24,24,22,22,21,20,20,20,19,17,17,17,17,17,17,17,15,15,14,14,13,13,13,11,2,0,0,0,0,0,0,0,0,0,4,20,20,21,21,22,23,24,24,24,26,26,26,25,24,24,25,24,23,24,24,24,24,25,26,26,26
-63,125,20,26,26,25,24,23,22,21,21,21,20,19,18,18,19,17,17,17,16,16,15,14,14,13,13,12,3,0,0,0,0,0,0,0,0,0,5,21,21,21,23,23,24,24,24,25,26,27,27,26,25,25,25,25,24,25,25,25,25,25,26,26,26
-63,125,20,26,26,25,24,23,22,21,21,20,21,19,18,18,18,18,18,17,17,16,16,15,14,13,13,12,3,0,0,0,0,0,0,0,0,0,5,21,21,22,23,23,24,24,25,26,26,27,27,27,26,26,26,25,25,25,25,25,26,26,27,28,28
-63,125,20,26,25,23,23,22,21,21,20,19,19,18,18,18,17,17,17,17,16,15,14,13,13,12,12,12,3,0,0,0,0,0,0,0,0,0,4,20,20,21,21,23,23,24,24,25,24,25,26,25,25,25,25,24,23,24,25,25,24,25,26,27,28
-63,125,20,27,26,26,25,24,23,22,21,20,20,20,20,19,19,18,18,17,16,16,15,14,14,14,13,13,4,0,0,0,0,0,0,0,0,0,6,21,22,23,23,24,24,25,25,25,26,27,27,26,26,26,25,25,25,25,25,26,26,26,27,27,27
-63,125,20,27,26,25,25,24,23,22,21,21,20,19,19,19,19,18,18,17,17,16,15,15,15,14,13,13,3,0,0,0,0,0,0,0,0,0,5,21,22,22,23,24,25,24,25,24,26,27,27,26,26,25,26,25,24,25,25,25,25,26,28,28,28
-63,125,20,25,25,24,23,22,22,21,20,19,18,18,18,18,17,17,17,17,15,14,14,13,13,13,12,12,3,0,0,0,0,0,0,0,0,0,4,20,20,21,22,22,23,24,24,24,25,26,26,25,24,24,24,24,24,24,24,24,25,25,26,26,26
-63,125,20,27,26,25,24,23,23,22,21,20,19,19,20,20,19,19,18,18,17,16,16,14,13,13,13,13,4,0,0,0,0,0,0,0,0,0,5,21,22,22,23,24,24,25,25,25,26,27,27,26,26,26,26,26,25,25,25,25,25,26,27,28,28
-63,125,20,24,24,23,22,21,21,20,19,19,19,18,18,17,17,16,16,15,15,15,14,14,12,12,12,12,3,0,0,0,0,0,0,0,0,0,5,19,20,20,21,21,22,23,22,23,24,25,25,23,23,23,23,23,22,22,23,23,23,24,24,25,25
-63,125,20,29,29,28,27,26,25,25,23,23,23,22,21,21,21,21,20,20,19,18,17,16,15,15,14,14,4,0,0,0,0,0,0,0,0,0,6,24,24,25,25,26,26,27,28,28,28,30,30,30,29,28,28,28,27,28,28,29,29,30,31,31,30
-63,125,20,26,26,25,24,23,22,21,21,21,20,19,18,18,18,18,18,16,16,15,15,14,13,13,13,13,3,0,0,0,0,0,0,0,0,0,5,21,21,21,23,23,24,24,24,25,26,27,27,26,26,25,26,25,24,25,25,25,26,26,27,27,27
-63,125,20,29,29,26,25,24,24,23,22,21,20,21,20,21,19,19,19,18,17,16,16,14,14,14,14,13,2,0,0,0,0,0,0,0,0,0,5,23,23,23,25,25,26,25,26,27,27,28,28,28,28,27,27,26,26,26,27,27,27,28,29,30,30
-63,125,20,29,29,28,27,26,24,24,23,21,21,21,21,21,20,20,19,19,18,17,17,16,15,14,13,13,3,0,0,0,0,0,0,0,0,0,5,23,24,24,25,25,26,27,27,28,29,29,29,29,28,28,28,27,27,27,28,27,28,29,29,30,30
-63,125,20,29,28,27,26,26,24,23,22,21,21,20,20,20,20,19,19,18,17,17,15,15,14,13,13,13,3,0,0,0,0,0,0,0,0,0,5,23,23,23,24,25,25,25,26,26,28,29,29,29,27,27,27,27,26,26,27,27,27,28,29,30,30
-61,125,20,27,26,25,24,23,22,21,19,19,19,19,19,19,19,18,17,17,16,15,15,14,13,12,12,12,2,0,0,0,0,0,0,0,0,0,4,20,21,22,22,23,24,24,25,25,25,26,27,26,26,26,26,24,23,24,25,25,25,25,27,27,27
-63,125,20,26,25,24,23,23,22,21,20,20,20,19,18,18,18,18,17,17,16,16,14,14,13,13,13,12,2,0,0,0,0,0,0,0,0,0,5,20,21,21,22,23,23,23,24,25,25,26,26,26,25,24,24,24,23,23,24,24,25,25,26,27,26
-63,125,20,26,25,24,23,23,23,21,21,21,21,19,18,18,18,18,18,17,17,16,15,14,13,13,12,12,3,0,0,0,0,0,0,0,0,0,5,21,21,22,23,24,24,24,24,24,24,25,25,24,24,24,24,24,24,24,24,24,25,25,26,26,26
-63,125,20,27,26,24,23,23,22,21,19,19,19,19,19,19,19,18,18,17,17,16,15,15,14,13,13,13,3,0,0,0,0,0,0,0,0,0,5,21,21,21,22,23,23,24,24,25,25,25,26,26,26,26,24,24,24,24,24,24,25,25,26,27,28
-61,125,20,27,26,25,24,24,23,22,20,19,19,20,19,19,20,19,19,17,17,16,16,15,14,14,13,13,2,0,0,0,0,0,0,0,0,0,5,21,21,23,23,23,25,25,25,25,26,26,26,26,26,26,26,25,24,25,25,26,26,26,27,28,28
-63,125,20,26,26,24,23,23,21,20,20,19,19,19,18,17,17,17,17,16,16,15,14,14,12,12,12,12,2,0,0,0,0,0,0,0,0,0,4,19,20,21,22,23,23,24,24,24,25,26,26,25,25,24,24,24,23,23,24,24,24,24,26,27,27
-63,125,20,30,29,27,26,26,25,24,23,22,22,22,22,21,21,20,20,19,18,18,17,16,15,14,14,14,4,0,0,0,0,0,0,0,0,0,6,24,24,25,26,27,27,28,29,29,29,29,30,30,29,29,29,29,28,28,28,29,29,29,29,31,31
-63,125,20,24,24,23,22,21,21,20,20,20,19,18,17,17,17,17,17,16,16,15,14,13,13,13,12,12,3,0,0,0,0,0,0,0,0,0,5,19,20,20,21,22,22,22,22,23,23,23,23,23,23,22,23,22,22,22,23,23,24,24,24,25,26
-61,125,20,31,31,29,28,27,27,25,24,23,23,22,23,22,22,21,20,21,19,18,18,17,16,15,15,15,4,0,0,0,0,0,0,0,0,0,6,24,25,26,27,28,28,28,29,29,30,30,30,30,30,29,30,29,28,28,29,30,30,30,31,32,33
-61,125,20,27,27,26,25,25,24,23,21,21,21,21,21,21,19,19,19,18,18,17,16,15,15,14,14,14,4,0,0,0,0,0,0,0,0,0,6,22,23,24,24,25,25,26,26,27,27,28,28,27,27,27,27,26,25,26,26,26,26,27,28,30,30
-63,125,20,27,26,25,24,23,22,22,21,21,21,20,20,20,19,19,18,18,17,17,16,15,14,14,13,13,4,0,0,0,0,0,0,0,0,0,6,21,22,23,23,23,24,25,24,25,26,26,26,26,25,25,26,25,25,24,25,25,26,27,27,28,27
-61,125,20,24,23,22,21,21,20,18,17,18,17,16,16,16,17,17,16,16,15,14,13,13,12,11,10,10,2,0,0,0,0,0,0,0,0,0,4,18,18,18,19,20,20,21,21,22,23,23,23,23,22,22,21,21,21,21,22,22,22,22,24,24,23
-59,125,20,29,29,27,26,25,24,22,21,21,21,21,21,20,21,21,21,20,18,17,16,15,14,14,14,14,3,0,0,0,0,0,0,0,0,0,5,21,22,24,24,24,25,25,24,25,26,28,29,28,27,26,26,26,25,24,26,25,25,26,27,30,31
-63,125,20,31,30,29,27,26,26,25,24,24,23,22,22,22,22,22,21,20,20,19,18,17,16,16,15,14,4,0,0,0,0,0,0,0,0,0,6,23,25,25,26,26,27,27,28,28,29,29,29,29,28,28,28,28,28,28,29,29,29,29,31,31,31
-61,125,20,28,27,26,25,24,23,23,21,21,20,21,19,19,20,19,18,17,17,17,16,15,14,13,13,13,3,0,0,0,0,0,0,0,0,0,5,21,21,23,23,24,24,24,25,25,26,26,27,26,26,26,26,25,24,25,25,26,26,27,27,28,29
-63,125,20,30,29,28,27,26,26,25,23,22,22,21,21,21,21,21,21,19,18,18,17,16,16,15,15,14,4,0,0,0,0,0,0,0,0,0,5,24,24,24,25,26,26,27,28,28,29,30,30,29,28,28,28,28,27,27,27,29,29,29,29,30,30
-63,125,20,25,25,25,24,22,21,20,20,21,19,18,17,18,18,18,18,17,16,15,14,13,13,13,13,12,2,0,0,0,0,0,0,0,0,0,5,20,20,20,22,22,23,24,23,23,25,25,25,25,24,23,24,23,24,24,24,24,24,25,26,27,27
-63,125,20,30,30,29,28,27,26,25,24,23,23,22,21,21,21,20,20,20,19,18,17,17,16,16,15,15,4,0,0,0,0,0,0,0,0,0,6,23,24,25,26,27,27,28,28,28,29,30,30,29,29,28,28,28,28,28,28,29,29,29,30,31,31
-63,125,20,29,28,28,26,25,24,24,23,22,22,21,20,20,20,20,20,19,18,17,16,15,14,14,14,13,2,0,0,0,0,0,0,0,0,0,5,22,23,24,24,25,25,26,26,26,27,28,28,28,27,27,27,26,26,27,27,27,27,28,29,30,29
-63,125,20,26,24,23,23,22,21,21,20,19,19,19,19,19,18,18,18,17,16,15,15,14,13,13,12,13,3,0,0,0,0,0,0,0,0,0,5,20,21,21,22,22,22,22,23,24,24,25,25,25,24,24,24,24,23,23,24,24,25,24,25,26,27
-63,125,20,29,29,28,27,26,25,24,24,24,23,22,21,21,21,21,20,20,19,18,17,16,15,15,15,14,4,0,0,0,0,0,0,0,0,0,6,23,24,25,25,26,26,27,27,28,28,28,28,28,28,28,28,28,27,27,28,28,28,29,30,31,31
-63,125,20,30,29,29,28,26,25,25,24,24,24,21,21,21,21,21,21,21,19,18,17,17,16,16,15,14,4,0,0,0,0,0,0,0,0,0,6,24,25,25,25,26,27,28,28,28,30,30,30,29,28,28,29,28,27,28,28,28,28,29,31,31,30
-63,125,20,25,25,25,24,22,21,21,20,19,19,19,18,18,18,18,18,17,16,15,15,14,13,13,12,12,3,0,0,0,0,0,0,0,0,0,4,19,20,21,22,22,23,23,24,24,25,25,26,26,24,24,25,25,23,23,23,24,25,24,25,26,26
-61,125,20,31,29,29,28,27,26,25,24,22,22,22,22,22,21,21,21,20,20,19,18,17,16,15,15,14,3,0,0,0,0,0,0,0,0,0,5,23,24,25,26,26,27,27,27,28,28,30,30,30,29,29,28,28,27,28,29,28,28,29,30,31,31
-61,125,20,30,30,27,26,26,25,24,23,22,22,22,21,21,21,21,21,20,19,18,17,16,16,15,14,14,3,0,0,0,0,0,0,0,0,0,5,23,24,24,25,25,26,26,27,27,28,29,29,29,27,27,27,27,26,26,27,27,28,29,29,30,30
-63,125,20,26,26,25,25,23,23,22,21,20,21,19,19,19,19,19,19,18,17,17,16,15,15,15,13,13,3,0,0,0,0,0,0,0,0,0,5,21,21,22,23,23,23,24,25,25,26,26,26,26,26,26,25,25,24,25,25,25,26,26,27,27,28
-61,125,20,28,27,26,25,24,24,22,22,21,21,21,21,21,21,19,19,18,18,17,16,16,15,14,14,14,4,0,0,0,0,0,0,0,0,0,6,22,22,24,24,25,25,26,25,26,25,26,27,27,26,26,26,25,25,25,26,26,27,27,27,29,29
-63,125,20,27,26,25,24,23,23,22,21,21,21,20,19,19,19,19,19,18,17,16,16,15,14,14,14,13,3,0,0,0,0,0,0,0,0,0,5,21,22,22,23,24,24,24,25,24,25,26,26,26,25,25,25,24,25,25,25,25,26,26,27,28,28
-63,125,20,25,25,24,23,23,22,21,21,21,20,19,18,18,18,18,17,17,17,16,15,14,14,13,13,12,3,0,0,0,0,0,0,0,0,0,5,20,21,22,22,22,22,23,23,23,24,25,25,25,25,24,24,23,23,23,24,24,24,24,25,26,27
-63,125,20,29,29,28,28,27,26,25,24,24,23,23,22,22,22,21,21,20,20,19,18,17,16,16,15,15,4,0,0,0,0,0,0,0,0,0,6,23,24,25,26,26,27,28,27,27,28,29,29,28,28,28,28,28,27,28,28,28,28,28,30,32,33
-63,125,20,26,25,25,24,23,22,22,21,21,21,20,19,19,19,19,18,18,17,17,16,15,14,14,13,13,4,0,0,0,0,0,0,0,0,0,6,21,21,22,23,23,24,24,25,25,25,26,26,26,25,25,25,25,25,24,25,25,25,25,26,27,28
-63,125,20,30,30,29,28,27,26,25,25,25,24,22,21,21,21,21,21,20,19,18,18,17,16,16,15,14,4,0,0,0,0,0,0,0,0,0,6,23,24,25,26,26,27,28,28,28,29,29,29,29,28,27,28,28,27,28,28,29,29,29,30,31,31
-61,125,20,27,26,25,24,23,23,22,21,21,21,20,19,19,19,19,19,18,17,16,16,15,14,13,13,12,3,0,0,0,0,0,0,0,0,0,5,21,21,22,23,23,23,24,24,25,25,26,26,26,26,25,26,25,24,25,25,25,25,25,26,27,28
-63,125,20,30,29,27,26,26,25,23,23,21,21,21,20,20,20,20,20,18,18,18,17,16,15,15,14,13,3,0,0,0,0,0,0,0,0,0,5,22,22,24,25,25,26,25,27,27,29,29,28,28,27,26,27,27,27,26,27,27,28,29,30,30,30
-63,125,20,26,26,25,23,23,21,21,20,19,19,18,18,17,18,18,18,17,16,15,14,13,13,13,13,12,2,0,0,0,0,0,0,0,0,0,5,20,20,21,22,22,23,24,24,24,25,27,26,25,24,24,24,24,24,24,24,24,24,25,27,26,26
-61,125,20,26,26,26,25,24,23,22,21,21,21,20,19,19,19,19,19,18,17,17,16,14,14,14,13,12,2,0,0,0,0,0,0,0,0,0,5,21,21,22,23,23,24,25,25,25,26,26,26,26,25,25,25,25,25,25,25,26,25,26,27,27,27
-63,125,20,26,26,25,24,23,23,22,20,20,20,19,19,19,19,19,18,18,17,17,15,15,15,14,13,13,3,0,0,0,0,0,0,0,0,0,5,21,21,23,23,24,24,24,25,24,25,26,26,26,25,25,25,25,24,25,25,25,25,25,27,27,27
-61,125,20,27,27,25,24,24,23,22,21,21,21,19,19,19,19,19,18,18,17,16,16,15,14,14,13,13,3,0,0,0,0,0,0,0,0,0,5,21,22,22,23,23,24,24,24,25,25,25,26,25,25,25,25,24,24,25,25,25,26,26,27,28,28
-63,125,20,26,26,24,24,23,22,21,21,21,20,19,19,19,19,19,18,17,17,16,15,15,14,13,13,12,3,0,0,0,0,0,0,0,0,0,5,20,21,22,22,22,23,24,24,24,24,25,25,25,25,24,24,24,24,24,24,25,25,25,26,27,27
-61,125,20,31,30,29,27,27,26,24,24,22,22,22,22,22,22,21,21,20,19,19,17,16,16,16,15,14,3,0,0,0,0,0,0,0,0,0,5,24,24,25,25,27,27,28,27,28,29,29,29,29,29,28,29,29,28,28,28,28,29,30,31,32,32
-63,125,20,24,24,23,22,22,21,20,19,18,18,18,17,17,17,17,17,16,15,15,14,14,13,13,12,12,3,0,0,0,0,0,0,0,0,0,5,19,19,20,21,21,22,22,22,23,23,23,23,23,23,22,22,22,22,22,23,23,23,24,25,26,26
-61,125,20,28,27,25,24,24,22,22,21,21,21,20,21,19,19,18,18,18,17,16,15,15,14,14,13,13,3,0,0,0,0,0,0,0,0,0,5,21,21,23,24,24,24,24,24,25,25,26,27,27,27,26,25,25,25,25,26,25,26,26,27,28,29
-63,125,20,26,25,25,24,23,22,21,20,19,19,19,19,19,18,19,17,17,17,15,14,14,14,12,12,12,3,0,0,0,0,0,0,0,0,0,5,20,21,21,22,22,23,23,24,24,25,25,25,25,25,24,24,24,23,24,24,25,25,25,26,27,27
-63,125,20,27,26,25,24,22,22,21,20,19,20,20,20,20,19,19,18,17,17,16,16,15,14,13,13,13,4,0,0,0,0,0,0,0,0,0,5,21,21,22,22,23,23,24,24,25,24,25,25,25,25,25,25,24,24,24,24,25,25,25,26,28,29
-63,125,20,29,29,28,27,25,25,24,24,24,23,21,21,20,21,21,20,19,19,18,16,16,16,14,14,13,3,0,0,0,0,0,0,0,0,0,6,22,24,24,24,25,26,26,26,27,28,29,28,27,26,26,27,27,26,27,27,27,28,28,29,31,31
-62,125,20,30,29,29,27,26,26,25,23,22,22,21,21,21,21,21,20,20,19,18,17,16,15,14,14,13,3,0,0,0,0,0,0,0,0,0,5,22,23,24,26,26,27,27,27,28,29,29,29,29,28,28,29,28,27,27,28,28,29,29,31,31,31
-63,125,20,27,26,25,25,24,23,22,21,20,21,20,20,19,19,19,18,18,17,16,16,15,15,14,14,13,4,0,0,0,0,0,0,0,0,0,6,21,21,23,23,23,24,25,25,25,25,26,26,25,25,24,25,25,25,25,25,25,26,26,27,28,28
-63,125,20,30,29,28,26,26,25,24,23,22,21,21,21,20,20,20,19,19,18,17,17,16,15,14,14,14,3,0,0,0,0,0,0,0,0,0,5,22,23,24,25,25,25,26,26,27,27,27,28,27,27,27,27,26,26,26,27,28,28,28,29,30,30
-63,125,20,25,25,24,23,22,22,21,20,20,19,19,18,18,18,18,18,17,16,15,15,14,13,13,12,11,2,0,0,0,0,0,0,0,0,0,5,20,20,21,22,22,22,23,23,24,25,25,25,25,24,24,24,22,23,23,23,23,24,25,26,27,27
-63,125,20,26,26,25,24,24,22,21,21,21,20,20,19,19,19,19,18,18,17,16,15,15,14,14,13,13,4,0,0,0,0,0,0,0,0,0,5,21,21,22,23,23,24,24,25,25,25,26,26,26,26,25,25,25,25,25,25,26,26,26,26,29,29
-63,125,20,28,28,28,27,26,25,23,22,22,21,21,21,20,21,21,20,19,18,17,16,16,15,14,14,14,3,0,0,0,0,0,0,0,0,0,5,22,23,24,24,24,25,26,26,26,26,28,28,28,27,27,26,26,26,26,26,27,27,28,29,30,29
-63,125,20,26,26,25,25,24,23,22,21,21,21,20,20,20,19,19,18,18,17,16,16,15,13,13,13,12,3,0,0,0,0,0,0,0,0,0,5,21,21,22,23,23,24,25,25,25,26,27,26,25,25,25,25,25,24,25,25,25,25,26,27,28,28
-61,125,20,30,30,28,27,26,26,24,23,22,21,21,21,21,21,20,20,20,19,18,17,16,16,15,14,14,3,0,0,0,0,0,0,0,0,0,5,22,24,25,25,26,26,27,27,27,28,29,29,29,28,28,28,27,27,27,29,29,28,28,29,30,31
-63,125,20,27,26,25,24,24,23,22,21,21,20,20,19,19,19,18,18,18,17,16,15,15,15,14,13,13,4,0,0,0,0,0,0,0,0,0,6,21,21,22,23,24,24,24,24,24,25,27,26,25,25,25,25,24,24,25,25,25,26,26,27,28,28
-63,125,20,30,29,28,27,27,25,24,22,21,21,21,21,22,20,20,19,19,19,17,17,16,14,14,14,14,3,0,0,0,0,0,0,0,0,0,5,22,23,24,25,25,26,27,27,27,27,29,28,29,29,29,28,28,27,28,28,28,28,28,29,30,32
-63,125,20,25,25,24,23,22,21,21,19,19,18,18,18,17,17,17,17,16,15,14,14,13,13,13,12,11,2,0,0,0,0,0,0,0,0,0,4,19,20,20,21,21,22,23,23,23,24,24,24,24,24,24,24,24,23,23,23,24,24,25,25,26,26
-63,125,20,29,29,28,27,26,25,24,23,23,22,21,20,20,20,20,19,19,18,17,17,16,15,14,14,14,3,0,0,0,0,0,0,0,0,0,5,22,23,24,25,25,26,26,26,26,27,28,28,27,27,26,27,26,26,27,27,28,28,29,30,30,30
-63,125,20,26,26,24,24,23,22,22,20,21,20,19,19,19,18,18,17,17,16,16,15,14,14,13,13,12,3,0,0,0,0,0,0,0,0,0,5,20,21,22,22,22,23,23,24,24,24,25,25,25,25,25,25,24,24,24,24,25,25,25,26,27,27
-63,125,20,29,29,28,27,26,25,24,24,23,23,22,21,21,20,20,20,19,19,18,17,16,15,14,14,14,3,0,0,0,0,0,0,0,0,0,5,23,23,25,25,25,26,26,27,27,28,29,28,28,28,28,27,27,26,27,27,28,28,28,29,30,30
-63,125,20,30,30,29,28,26,25,24,23,23,22,21,22,22,21,21,20,20,19,18,17,16,16,15,15,14,4,0,0,0,0,0,0,0,0,0,6,23,24,25,26,26,27,28,28,28,29,30,30,29,29,28,28,28,27,28,28,29,29,30,30,31,30
-63,125,20,30,29,28,27,26,26,25,24,23,23,22,22,22,21,21,20,19,19,18,18,17,16,15,15,15,4,0,0,0,0,0,0,0,0,0,6,23,24,25,25,26,26,26,27,27,27,28,29,29,28,28,28,27,27,27,28,28,29,29,30,31,32
-63,125,20,26,25,24,22,22,22,21,19,18,19,18,18,18,17,17,17,16,15,15,14,13,13,12,12,11,2,0,0,0,0,0,0,0,0,0,4,20,20,21,21,22,22,23,23,23,24,24,25,25,24,24,24,23,23,24,24,24,24,24,26,27,27
-62,125,20,24,23,22,21,21,20,19,18,17,18,17,17,16,16,17,16,16,14,13,13,12,12,12,11,11,2,0,0,0,0,0,0,0,0,0,4,18,18,19,20,21,21,21,22,22,23,23,23,23,22,22,22,22,21,21,22,22,23,23,23,24,25
-63,125,20,26,26,25,24,23,22,21,21,21,21,20,19,19,19,19,18,18,17,16,16,15,14,14,13,13,4,0,0,0,0,0,0,0,0,0,6,21,21,22,22,23,23,24,24,24,25,26,26,25,25,25,24,24,24,24,25,25,25,25,26,27,27
-63,125,20,26,26,25,24,24,23,21,21,21,21,19,19,19,19,18,18,17,16,15,15,15,13,13,13,13,3,0,0,0,0,0,0,0,0,0,5,20,21,22,22,22,23,23,24,24,25,25,27,26,25,25,25,25,23,24,24,25,26,26,27,27,28
-63,125,20,26,25,25,24,23,22,21,21,20,19,18,18,18,19,18,18,16,16,15,15,14,13,12,12,12,2,0,0,0,0,0,0,0,0,0,5,19,20,22,22,22,23,22,23,24,25,25,25,25,24,23,23,24,23,23,24,24,24,25,26,27,28
-63,125,20,26,26,25,23,23,23,21,21,21,20,19,18,18,18,18,18,17,17,16,15,14,13,13,12,12,3,0,0,0,0,0,0,0,0,0,5,21,21,21,23,22,23,23,24,24,25,25,26,25,24,24,24,24,24,24,24,24,25,25,26,27,27
-63,125,20,25,25,24,23,22,22,21,21,21,20,19,18,18,18,18,18,17,16,15,14,14,13,13,12,11,2,0,0,0,0,0,0,0,0,0,5,20,20,21,21,22,22,24,23,24,25,25,25,24,24,23,24,23,23,24,24,25,25,25,26,26,25
-63,125,20,29,28,27,26,25,24,23,22,21,21,21,20,20,20,20,19,18,18,17,16,15,15,14,13,13,3,0,0,0,0,0,0,0,0,0,5,22,22,24,24,25,25,26,26,26,27,28,28,27,26,26,27,26,27,26,27,27,28,28,29,29,29
-63,125,20,28,28,27,27,26,25,23,22,21,21,21,21,21,20,20,19,19,18,17,16,15,15,14,14,14,3,0,0,0,0,0,0,0,0,0,5,22,23,24,24,25,25,25,26,27,27,27,28,28,28,27,27,26,25,27,27,27,27,27,29,31,31
-63,125,20,28,28,27,26,25,24,24,23,23,22,20,20,20,19,19,19,18,17,16,16,15,14,13,13,12,2,0,0,0,0,0,0,0,0,0,5,22,22,24,24,24,25,25,26,26,27,28,28,27,26,26,27,26,26,26,27,26,27,28,29,29,29
-63,125,20,26,25,24,23,22,21,21,19,19,19,18,17,17,17,17,17,16,15,15,14,13,13,13,12,12,2,0,0,0,0,0,0,0,0,0,4,19,20,21,21,21,23,23,23,24,24,25,25,24,24,24,24,23,23,23,24,23,24,25,26,26,26
-62,125,20,30,30,28,27,26,25,25,23,22,23,22,21,21,21,21,20,20,19,18,17,17,16,15,14,14,3,0,0,0,0,0,0,0,0,0,5,23,24,25,25,26,26,27,27,28,29,30,30,29,29,28,28,27,28,28,28,29,29,29,30,31,31
-63,125,20,25,25,25,23,23,22,21,20,20,19,19,19,19,18,18,18,17,17,16,15,14,13,12,12,12,3,0,0,0,0,0,0,0,0,0,5,20,20,22,22,22,23,23,24,24,24,25,25,25,25,24,24,23,23,24,24,24,24,25,25,27,27
-63,125,20,27,26,25,24,24,23,22,21,20,20,19,19,19,19,19,18,18,17,17,16,15,14,14,13,13,4,0,0,0,0,0,0,0,0,0,5,20,21,22,23,23,24,24,25,25,25,26,26,25,24,24,25,25,24,24,25,25,25,26,27,27,28
-62,125,20,31,31,29,28,27,26,25,24,23,23,22,22,22,21,21,20,20,20,18,18,17,16,16,15,15,4,0,0,0,0,0,0,0,0,0,6,23,24,26,26,27,28,28,28,28,29,29,29,29,29,29,29,28,28,28,29,29,29,29,31,32,32
-63,125,20,28,28,27,26,25,24,23,22,21,22,21,20,19,19,20,19,19,18,16,16,16,14,14,13,13,3,0,0,0,0,0,0,0,0,0,5,22,22,23,24,24,25,26,25,26,27,28,28,27,26,26,26,25,25,26,27,27,27,28,29,30,30
-63,125,20,26,26,25,23,23,23,22,21,20,20,19,19,19,19,19,18,18,17,16,16,15,14,13,13,12,3,0,0,0,0,0,0,0,0,0,5,20,20,22,22,23,23,24,24,24,25,26,26,25,25,25,24,24,24,24,25,24,25,25,26,27,28
-63,125,20,30,29,28,27,26,26,25,24,23,23,22,22,22,22,21,20,20,19,18,18,17,16,15,15,15,4,0,0,0,0,0,0,0,0,0,6,23,24,25,26,26,26,27,27,27,27,28,29,29,28,28,28,27,26,27,27,28,28,28,29,31,31
-63,125,20,25,25,24,23,22,21,20,20,20,19,18,18,18,18,18,18,17,16,15,15,14,13,13,12,12,2,0,0,0,0,0,0,0,0,0,5,20,20,20,22,22,22,23,23,24,25,26,26,25,23,23,24,24,23,24,24,24,24,25,26,26,27
-63,125,20,25,24,24,23,23,21,20,19,18,18,18,18,18,17,17,17,16,16,15,14,13,13,12,12,11,2,0,0,0,0,0,0,0,0,0,4,19,20,21,21,21,22,22,23,23,23,25,25,25,24,24,23,23,22,23,23,24,24,24,25,26,26
-63,125,20,26,26,25,25,24,22,22,21,20,20,20,19,19,19,19,18,18,18,16,16,15,14,14,13,13,3,0,0,0,0,0,0,0,0,0,5,21,21,23,23,24,24,24,24,24,25,26,26,26,25,25,25,25,24,25,25,25,25,26,26,27,27
-63,125,20,28,28,27,26,25,23,23,22,23,22,21,21,21,21,20,20,19,18,18,17,16,15,14,14,13,3,0,0,0,0,0,0,0,0,0,5,22,22,24,24,25,25,25,26,26,27,28,28,28,27,26,26,26,25,26,26,27,27,27,28,29,30
-61,125,20,26,26,26,25,24,24,22,22,22,21,20,20,19,20,19,19,18,18,17,16,15,14,14,13,13,4,0,0,0,0,0,0,0,0,0,6,21,22,22,23,23,24,25,25,25,25,27,27,26,25,25,25,25,25,25,26,25,26,26,28,29,29
-63,125,20,26,26,25,25,24,23,22,21,21,21,20,19,19,19,18,18,18,17,16,16,15,14,14,14,13,4,0,0,0,0,0,0,0,0,0,5,21,21,22,23,23,24,24,24,25,25,26,26,25,25,25,25,25,24,25,25,25,26,26,26,28,28
-63,125,20,29,28,28,27,26,25,24,24,23,23,22,21,21,21,21,20,20,19,18,17,16,16,15,15,14,4,0,0,0,0,0,0,0,0,0,6,23,23,25,25,26,26,26,26,27,28,28,29,28,28,27,27,26,27,27,28,27,29,29,30,31,31
-61,125,20,26,25,25,23,23,22,21,20,19,19,19,19,18,18,18,17,17,16,15,14,14,13,13,13,12,2,0,0,0,0,0,0,0,0,0,5,20,21,21,22,22,23,24,25,25,25,26,26,25,24,24,24,24,23,24,24,24,24,25,26,28,27
-63,125,20,25,25,23,22,22,21,20,19,19,19,18,18,17,18,18,17,17,16,15,14,14,13,12,11,11,2,0,0,0,0,0,0,0,0,0,5,20,20,21,21,21,22,22,23,23,24,25,25,24,24,24,24,23,23,22,22,23,24,24,25,26,27
-62,125,20,30,29,28,27,26,25,24,23,23,23,22,21,21,21,21,20,19,18,17,17,16,15,15,14,14,3,0,0,0,0,0,0,0,0,0,5,22,23,24,24,25,26,27,27,27,28,29,30,29,28,28,28,28,27,27,28,28,28,29,30,30,30
-63,125,20,29,29,29,27,26,26,25,23,23,23,22,22,22,21,21,21,20,19,18,18,17,16,16,15,15,4,0,0,0,0,0,0,0,0,0,6,23,24,25,26,26,26,26,27,27,28,30,30,29,29,27,28,27,27,27,27,28,28,28,29,30,31
-61,125,20,29,28,27,26,25,24,23,23,22,22,21,21,21,20,20,19,19,19,18,17,15,15,15,14,13,3,0,0,0,0,0,0,0,0,0,5,22,23,24,25,25,26,26,27,27,28,29,29,29,28,28,28,27,26,26,28,27,27,28,29,30,31
-63,125,20,30,29,28,27,26,25,24,23,22,23,22,21,21,21,21,20,20,18,18,17,17,15,15,14,14,4,0,0,0,0,0,0,0,0,0,5,23,23,25,25,26,27,27,27,28,28,29,30,29,28,28,28,27,26,27,27,28,28,28,29,31,31
-63,125,20,26,26,24,23,23,22,21,20,19,19,19,18,18,18,18,17,17,16,15,15,14,14,13,13,13,3,0,0,0,0,0,0,0,0,0,5,19,20,21,22,22,23,24,24,25,25,25,26,25,25,24,25,24,24,24,24,24,24,26,26,26,27
-63,125,20,26,26,25,24,23,23,22,21,21,21,20,19,19,19,18,18,17,17,17,15,15,14,14,13,13,4,0,0,0,0,0,0,0,0,0,5,21,21,22,22,23,24,24,24,25,26,26,26,26,25,25,25,25,24,24,25,25,26,26,27,28,28
-61,125,20,25,24,23,21,21,21,20,19,19,18,18,17,17,17,16,16,15,15,14,13,13,13,12,11,11,2,0,0,0,0,0,0,0,0,0,4,18,19,20,20,21,21,21,22,23,23,23,23,23,23,23,23,23,22,22,22,23,24,24,24,24,24
-62,125,20,30,30,29,27,26,26,24,24,22,22,22,22,22,22,21,20,20,19,18,18,17,15,15,14,14,3,0,0,0,0,0,0,0,0,0,5,23,24,25,25,26,27,27,27,27,28,28,29,29,29,28,28,28,27,27,28,29,29,29,29,31,31
-61,125,20,30,29,28,28,26,26,24,23,22,23,22,22,21,21,21,20,20,19,18,17,17,15,15,14,14,3,0,0,0,0,0,0,0,0,0,5,23,23,24,26,26,27,28,27,28,29,30,30,29,28,27,28,28,28,28,28,28,29,29,29,30,31
-63,125,20,25,25,24,23,22,21,21,19,19,18,18,17,17,17,17,17,16,15,14,14,13,13,13,12,12,2,0,0,0,0,0,0,0,0,0,4,19,20,21,21,22,22,23,23,23,25,25,25,25,24,24,24,23,23,23,23,24,25,25,25,26,26
-61,125,20,28,28,26,25,24,24,22,22,22,22,21,21,19,19,19,19,18,18,17,16,15,15,15,14,13,3,0,0,0,0,0,0,0,0,0,5,21,22,23,24,24,25,26,26,26,26,27,28,26,27,26,27,26,26,26,26,26,26,27,29,29,29
-63,125,20,25,24,24,23,22,21,21,20,19,18,18,17,18,18,18,17,16,16,15,14,13,12,12,12,12,2,0,0,0,0,0,0,0,0,0,4,19,21,21,22,22,22,23,24,24,24,25,25,25,25,25,24,23,23,23,23,24,25,25,25,26,27
-63,125,20,26,25,24,23,22,21,21,19,18,19,18,18,18,18,18,17,17,16,15,14,13,13,12,13,12,2,0,0,0,0,0,0,0,0,0,5,20,20,21,22,23,23,24,23,24,25,25,25,25,24,24,24,24,24,25,24,24,25,25,25,27,27
-63,125,20,27,26,26,25,23,22,22,20,20,21,19,19,19,19,19,18,18,17,16,15,15,14,13,13,13,3,0,0,0,0,0,0,0,0,0,5,21,21,22,23,23,24,25,25,25,26,27,26,26,25,25,25,25,24,25,25,25,26,26,27,27,27
-63,125,20,26,26,25,24,23,23,22,21,20,20,20,19,19,19,19,18,18,17,16,15,15,14,13,13,12,3,0,0,0,0,0,0,0,0,0,6,21,21,23,23,23,24,24,25,25,26,27,27,26,26,25,26,25,25,25,25,25,25,26,26,27,27
-63,125,20,25,25,24,23,22,22,20,20,19,19,18,17,17,17,18,17,16,15,15,14,13,13,12,12,11,2,0,0,0,0,0,0,0,0,0,4,19,20,21,21,22,23,23,24,24,24,25,25,24,24,24,24,24,23,24,24,23,24,25,25,26,26
-61,125,20,28,27,26,26,25,24,23,22,22,22,20,20,20,19,19,19,18,18,17,16,15,15,14,14,14,4,0,0,0,0,0,0,0,0,0,6,22,23,23,24,24,25,25,25,25,25,26,27,26,26,25,25,25,25,26,26,26,26,26,28,29,29
-63,125,20,26,26,25,24,22,22,21,19,19,19,19,18,18,18,18,18,17,16,16,15,14,13,13,12,12,3,0,0,0,0,0,0,0,0,0,5,20,21,22,22,23,23,24,24,25,25,26,26,26,25,25,25,24,25,25,25,24,25,25,26,27,27
-63,125,20,26,26,25,23,23,23,21,21,20,19,19,19,18,18,18,18,16,16,16,15,14,14,13,13,13,3,0,0,0,0,0,0,0,0,0,5,21,21,22,23,23,24,25,25,25,26,26,26,26,24,24,25,25,24,25,25,25,25,26,26,27,28
-61,125,20,30,29,28,27,26,25,24,23,23,23,21,21,21,21,20,20,18,18,18,16,15,14,14,14,14,3,0,0,0,0,0,0,0,0,0,5,23,23,25,26,26,27,28,28,28,28,29,30,29,29,29,29,28,27,28,28,28,28,28,30,31,32
-63,125,20,27,26,26,25,24,23,22,22,22,21,20,19,19,19,19,19,18,17,17,16,15,15,14,13,13,4,0,0,0,0,0,0,0,0,0,6,21,22,23,23,23,24,24,25,25,26,26,26,26,26,25,25,25,25,25,25,25,26,26,27,28,28
-61,125,20,28,27,26,25,24,23,22,22,22,21,21,20,20,20,20,20,18,18,17,16,15,14,14,14,14,4,0,0,0,0,0,0,0,0,0,5,22,22,24,24,25,25,25,25,26,26,27,28,27,27,26,26,26,25,25,25,25,26,26,27,29,30
-63,125,20,31,30,28,27,27,26,25,24,23,23,23,22,22,21,21,20,19,18,18,17,17,16,15,15,15,4,0,0,0,0,0,0,0,0,0,6,24,24,25,26,27,27,27,28,28,28,30,29,29,29,28,28,28,27,27,28,29,29,29,30,31,31
-61,125,20,26,25,24,24,23,22,20,20,19,19,19,17,17,18,18,17,17,17,15,14,13,13,13,13,11,2,0,0,0,0,0,0,0,0,0,4,20,20,22,22,23,24,24,24,24,25,26,26,25,25,25,25,25,24,24,24,24,24,25,27,27,28
-63,125,20,26,25,24,23,22,21,21,20,20,19,18,18,18,17,17,17,16,15,14,14,13,13,13,12,12,3,0,0,0,0,0,0,0,0,0,5,20,20,21,22,22,23,24,24,24,24,25,25,24,24,24,24,24,23,24,24,25,25,25,25,26,27
-62,125,20,25,25,25,24,23,21,21,21,20,19,18,18,18,19,19,19,17,16,16,15,14,14,13,12,12,3,0,0,0,0,0,0,0,0,0,5,21,20,21,22,23,24,24,24,24,25,26,26,25,24,24,24,24,23,24,25,25,25,25,26,26,25
-63,125,20,26,26,25,24,24,23,22,21,21,20,19,19,18,18,18,18,18,16,16,15,14,13,13,13,13,4,0,0,0,0,0,0,0,0,0,5,20,21,22,23,24,24,25,25,25,26,26,27,26,26,25,25,25,25,25,25,25,26,26,27,28,28
-63,125,20,30,29,28,27,26,25,25,23,22,22,21,21,21,21,20,20,19,19,18,17,16,15,15,15,15,4,0,0,0,0,0,0,0,0,0,6,23,24,25,26,27,27,28,28,28,29,29,29,28,28,28,28,28,27,28,28,28,29,29,30,31,31
-63,125,20,25,24,24,22,22,22,21,19,18,19,19,18,18,18,18,18,17,15,15,15,15,14,13,12,12,3,0,0,0,0,0,0,0,0,0,5,20,20,21,22,22,23,24,23,24,24,25,26,24,24,24,25,24,24,24,24,24,25,24,25,26,27
-63,125,20,25,25,24,24,22,22,21,20,19,19,19,18,18,18,18,18,17,16,15,15,14,13,13,12,12,2,0,0,0,0,0,0,0,0,0,4,19,21,21,22,22,23,23,23,24,25,25,25,25,24,24,24,24,23,24,24,23,24,24,26,27,26
-63,125,20,29,29,28,27,26,25,24,23,22,22,21,20,20,20,20,20,20,18,17,17,16,15,15,13,13,3,0,0,0,0,0,0,0,0,0,5,23,24,24,25,25,26,27,27,28,29,29,29,29,28,28,28,27,27,27,28,28,28,28,29,30,29
-63,125,20,29,29,27,26,25,24,23,22,21,21,21,21,21,20,20,19,19,19,17,16,16,14,14,14,14,3,0,0,0,0,0,0,0,0,0,5,22,23,24,24,25,25,26,27,27,27,28,28,28,27,27,27,26,26,26,26,28,28,27,29,30,30
-63,125,20,25,25,24,23,22,21,20,19,19,19,18,17,17,17,17,17,17,16,15,15,14,13,13,12,11,2,0,0,0,0,0,0,0,0,0,4,20,21,21,22,22,23,23,24,24,25,26,26,25,25,24,24,24,24,24,24,24,24,25,25,26,26
-63,125,20,26,25,25,24,23,22,22,22,22,21,19,18,18,19,18,18,17,17,16,16,15,14,13,13,13,3,0,0,0,0,0,0,0,0,0,5,21,21,23,22,23,23,24,25,25,26,26,27,26,25,25,25,25,24,25,25,25,26,26,26,27,27
-63,125,20,29,29,28,28,27,25,24,24,24,24,22,20,20,21,20,20,20,19,18,17,17,16,16,15,14,4,0,0,0,0,0,0,0,0,0,6,23,24,24,25,26,26,27,28,29,29,30,30,29,28,27,27,28,27,27,28,28,29,30,30,30,30
-63,125,20,25,25,24,23,22,21,20,19,20,19,18,18,18,18,18,17,16,15,15,13,13,13,12,12,12,2,0,0,0,0,0,0,0,0,0,4,20,20,20,22,22,23,24,24,24,25,25,25,25,24,24,24,24,23,23,24,23,24,25,26,26,26
-63,125,20,30,29,29,27,26,25,24,22,21,22,22,22,21,21,21,20,20,19,18,17,16,15,15,14,14,4,0,0,0,0,0,0,0,0,0,6,24,24,25,26,26,27,27,28,28,28,29,30,29,29,29,29,28,28,28,28,29,28,29,30,31,31
-63,125,20,29,28,27,26,25,25,23,22,23,22,21,21,21,21,20,19,18,18,17,17,16,15,14,14,13,3,0,0,0,0,0,0,0,0,0,5,22,23,23,25,25,25,26,26,27,28,29,29,28,27,27,27,27,26,26,27,27,28,28,29,30,30
-63,125,20,30,29,28,26,25,25,24,23,22,22,22,22,22,21,21,20,19,19,18,17,16,15,15,15,14,4,0,0,0,0,0,0,0,0,0,6,24,24,24,25,26,26,26,26,27,27,28,28,28,28,28,28,27,27,26,27,28,28,28,30,31,31
-63,125,20,25,25,24,24,23,21,21,20,19,19,19,18,18,18,18,18,17,16,16,15,14,14,13,13,12,3,0,0,0,0,0,0,0,0,0,5,19,21,21,22,22,23,23,23,24,25,25,26,25,24,24,24,23,24,25,25,24,25,25,25,26,27
-63,125,20,26,25,24,23,22,21,21,20,20,19,18,18,18,17,17,17,16,16,15,14,13,13,12,12,12,3,0,0,0,0,0,0,0,0,0,4,20,21,21,22,23,23,24,24,24,24,25,25,24,24,24,24,24,24,24,24,24,24,25,26,27,27
-63,125,20,27,27,27,26,25,23,23,23,23,21,20,20,20,20,20,19,19,18,17,16,15,14,14,13,13,3,0,0,0,0,0,0,0,0,0,5,21,22,23,24,25,25,26,26,27,27,28,27,27,27,27,27,26,26,27,26,27,27,27,28,29,29
-63,125,20,29,28,26,26,25,24,23,23,23,22,21,20,20,20,20,20,18,18,18,16,16,15,14,13,13,3,0,0,0,0,0,0,0,0,0,5,23,23,25,25,25,25,26,26,27,28,28,28,28,27,27,27,27,26,27,27,27,28,28,29,30,29
-63,125,20,29,29,28,28,26,26,24,23,23,23,22,21,21,20,20,20,20,19,18,18,17,16,15,15,14,4,0,0,0,0,0,0,0,0,0,6,23,23,25,25,26,26,27,28,28,28,29,29,29,28,27,28,27,27,28,28,28,28,29,30,31,31
-63,125,20,25,25,24,23,23,22,21,19,19,19,18,18,18,18,18,18,17,17,15,15,14,14,13,12,12,3,0,0,0,0,0,0,0,0,0,5,20,20,21,22,22,23,23,23,24,25,25,25,25,24,24,24,24,23,24,24,25,24,25,25,27,27
-63,125,20,24,24,23,22,21,21,19,17,16,17,17,18,18,17,17,16,16,16,15,14,13,12,12,12,11,3,0,0,0,0,0,0,0,0,0,4,19,19,20,20,21,22,23,23,23,23,24,25,24,24,23,23,23,22,23,23,23,23,22,24,25,26
-63,125,20,25,24,24,23,22,21,19,19,18,18,17,17,17,17,17,17,17,15,15,15,13,13,12,11,11,2,0,0,0,0,0,0,0,0,0,4,19,20,21,21,21,22,23,23,24,24,24,24,24,24,24,24,24,23,23,23,23,24,25,25,26,26
-63,125,20,28,28,27,26,25,24,23,23,23,22,21,20,20,20,19,19,18,18,17,16,15,14,14,14,13,3,0,0,0,0,0,0,0,0,0,5,22,23,23,24,25,26,26,26,27,28,28,29,28,27,27,27,27,26,27,27,27,28,28,29,30,30
-63,125,20,30,30,28,27,27,25,24,24,24,23,21,21,22,21,21,20,20,19,18,17,17,16,15,15,14,4,0,0,0,0,0,0,0,0,0,6,24,24,24,26,26,26,27,28,28,28,29,29,29,28,28,28,28,27,28,28,28,28,29,30,31,30
-63,125,20,29,28,26,25,25,25,23,22,20,20,20,21,21,20,19,18,18,18,17,17,16,15,14,13,13,3,0,0,0,0,0,0,0,0,0,5,22,23,24,25,26,25,27,27,27,27,29,29,29,29,28,28,27,26,27,27,28,28,28,29,30,30
-63,125,20,26,25,24,23,23,22,20,19,18,18,18,18,18,17,17,16,16,16,15,14,14,13,12,12,12,3,0,0,0,0,0,0,0,0,0,4,20,20,21,22,22,23,23,24,24,24,25,25,25,25,24,24,24,23,23,24,24,25,25,25,27,27
-63,125,20,29,29,27,26,25,25,23,23,23,22,20,20,19,20,20,19,18,17,17,17,16,15,15,13,13,3,0,0,0,0,0,0,0,0,0,5,22,22,24,24,25,26,27,26,27,28,29,29,29,28,27,28,28,27,26,27,27,28,28,29,30,30
-61,125,20,27,27,27,26,25,24,22,21,20,21,20,19,19,19,19,19,19,18,17,16,15,15,15,14,13,4,0,0,0,0,0,0,0,0,0,6,22,22,23,24,24,25,26,26,25,27,28,28,26,26,26,26,25,25,26,26,26,26,27,28,28,27
-63,125,20,26,25,24,24,23,21,20,20,20,20,19,18,18,18,18,17,17,16,15,14,13,13,13,12,11,2,0,0,0,0,0,0,0,0,0,4,19,20,21,22,22,23,24,24,24,25,25,26,25,24,24,24,24,24,25,25,25,25,26,26,27,27
-63,125,20,26,26,25,24,23,22,21,20,20,20,19,19,19,19,18,18,17,17,16,15,15,14,14,13,13,4,0,0,0,0,0,0,0,0,0,5,20,21,22,23,23,23,25,25,25,25,26,26,26,25,25,25,25,24,25,25,25,25,25,26,27,27
-63,125,20,28,27,27,26,25,24,22,22,23,22,21,20,20,20,20,19,19,18,17,16,15,15,14,13,13,3,0,0,0,0,0,0,0,0,0,5,22,22,23,24,25,26,26,26,27,27,28,28,28,28,26,26,26,26,27,27,27,27,27,29,30,29
-63,125,20,27,27,26,24,23,22,21,20,20,20,20,19,18,18,18,18,17,17,16,15,15,14,14,13,13,4,0,0,0,0,0,0,0,0,0,6,21,21,22,23,23,24,24,25,25,25,26,27,26,25,25,25,25,25,25,26,26,26,26,27,27,27
-63,125,20,29,29,27,26,25,25,24,23,23,22,22,21,21,20,20,19,19,18,17,17,15,15,14,14,14,4,0,0,0,0,0,0,0,0,0,5,23,24,24,25,25,26,27,28,28,29,29,30,30,29,29,29,28,27,28,28,28,28,28,29,31,31
-63,125,20,28,28,28,26,26,24,23,22,22,21,21,20,20,20,20,19,19,18,16,16,16,14,14,13,13,3,0,0,0,0,0,0,0,0,0,5,22,24,24,25,25,26,27,27,27,27,28,29,28,28,28,28,27,27,28,28,27,27,28,29,31,31
-63,125,20,26,25,25,24,23,22,21,19,19,20,19,18,18,18,18,17,17,16,15,15,14,13,13,12,12,3,0,0,0,0,0,0,0,0,0,5,20,20,21,22,23,24,24,24,24,25,25,25,25,25,24,24,24,24,24,24,24,24,25,26,27,27
-63,125,20,25,25,23,22,22,21,21,19,18,18,18,18,17,17,17,17,16,15,14,14,13,12,12,11,11,2,0,0,0,0,0,0,0,0,0,5,20,20,21,21,22,23,24,23,23,24,25,26,25,24,24,24,23,23,24,24,24,24,24,25,26,26
-61,125,20,27,25,25,24,23,22,21,21,21,20,19,17,18,18,18,17,17,16,15,14,13,13,13,12,12,2,0,0,0,0,0,0,0,0,0,4,20,21,21,22,23,24,24,24,25,25,26,26,26,25,25,25,24,24,24,25,24,25,25,26,27,28
-63,125,20,25,24,23,23,22,21,20,19,18,18,18,18,18,17,17,17,16,16,15,14,14,13,12,12,12,3,0,0,0,0,0,0,0,0,0,4,19,20,21,21,21,22,22,23,23,23,25,25,25,25,24,24,23,22,23,24,24,25,24,25,26,26
-63,125,20,30,29,28,27,26,25,25,23,22,22,22,21,21,21,21,20,19,19,18,17,17,16,15,14,14,4,0,0,0,0,0,0,0,0,0,6,23,24,24,25,26,27,28,28,29,29,30,30,29,29,29,29,28,27,28,28,28,29,29,30,31,30
-63,125,20,28,28,27,26,26,25,23,23,23,22,21,20,20,20,20,19,19,18,17,16,15,15,14,14,13,3,0,0,0,0,0,0,0,0,0,5,23,23,24,24,25,25,26,26,26,27,28,28,28,27,27,27,26,26,26,27,27,27,28,28,29,30
-63,125,20,27,26,25,24,23,22,21,21,21,21,20,18,19,19,19,18,18,17,16,16,15,14,14,13,12,4,0,0,0,0,0,0,0,0,0,5,21,21,22,23,24,24,24,25,26,26,27,26,26,25,25,25,25,25,25,25,25,26,26,27,27,27
-63,125,20,25,25,23,22,22,21,21,20,20,19,18,17,18,17,17,17,16,16,15,14,13,13,13,11,12,2,0,0,0,0,0,0,0,0,0,4,19,20,21,21,21,22,23,23,24,24,25,25,25,24,24,24,24,23,23,24,24,24,24,25,26,27
-63,125,20,26,25,24,24,23,22,22,20,20,19,19,19,18,18,18,17,17,17,15,14,14,13,13,13,13,3,0,0,0,0,0,0,0,0,0,5,20,21,22,22,22,24,24,24,24,25,26,26,25,25,24,24,24,24,24,24,24,24,24,26,26,27
-62,125,20,30,29,28,27,26,25,24,23,23,22,22,21,21,20,20,19,19,18,17,17,16,15,14,14,14,3,0,0,0,0,0,0,0,0,0,5,23,24,25,26,26,26,27,27,27,29,30,30,29,29,28,28,27,27,27,28,28,28,29,30,31,31
-63,125,20,26,26,24,23,23,22,21,21,20,19,18,18,18,18,18,18,17,16,16,14,13,13,13,13,12,3,0,0,0,0,0,0,0,0,0,5,20,21,21,23,23,23,24,24,25,25,26,26,26,25,25,25,25,24,24,24,25,25,26,26,26,26
-63,125,20,26,26,25,24,23,22,21,20,20,20,19,19,18,18,18,18,18,17,16,16,14,14,13,13,13,4,0,0,0,0,0,0,0,0,0,5,21,22,22,23,23,24,25,25,25,26,26,26,26,26,25,25,25,25,25,25,25,26,26,26,27,27
-63,125,20,26,26,25,24,24,23,22,22,21,21,20,19,19,19,19,19,17,17,16,16,15,14,14,13,12,3,0,0,0,0,0,0,0,0,0,5,21,21,22,23,23,24,24,24,25,25,26,26,25,25,25,25,25,25,25,25,25,25,25,27,27,27
-62,125,20,30,29,29,28,27,25,24,23,22,22,22,20,20,20,20,20,20,19,18,17,16,16,15,14,14,3,0,0,0,0,0,0,0,0,0,5,22,24,24,25,26,27,28,28,28,29,30,30,29,28,28,28,27,28,28,28,28,29,30,30,31,31
-61,125,20,28,26,26,25,24,23,22,21,20,21,20,19,19,19,19,18,18,17,16,15,15,14,13,13,13,3,0,0,0,0,0,0,0,0,0,5,21,22,22,23,24,25,25,25,26,26,27,27,27,26,26,26,26,25,25,25,26,26,26,27,28,28
-63,125,20,27,27,25,24,23,23,22,21,19,20,20,19,18,18,18,18,17,17,16,16,15,14,14,13,13,3,0,0,0,0,0,0,0,0,0,5,21,22,22,23,24,25,24,25,24,26,26,26,26,25,25,26,25,24,25,25,26,25,26,27,28,28
-62,125,20,32,31,29,27,27,26,25,24,24,23,23,22,22,22,21,20,20,19,18,17,17,16,16,14,14,4,0,0,0,0,0,0,0,0,0,6,24,24,25,26,26,27,28,29,29,29,30,30,30,30,30,30,29,28,28,28,29,29,29,30,31,32
-62,125,20,31,31,29,28,26,25,25,24,24,24,23,22,22,22,22,21,20,20,19,18,17,16,16,15,15,4,0,0,0,0,0,0,0,0,0,6,24,25,25,27,27,27,28,28,29,29,30,30,30,29,28,29,29,28,28,29,29,29,29,30,31,32
-63,125,20,26,25,25,24,24,22,21,20,20,19,19,19,18,18,18,18,17,16,16,15,14,14,13,13,13,3,0,0,0,0,0,0,0,0,0,6,21,21,22,22,23,23,24,24,24,25,25,26,25,25,25,25,24,23,24,24,25,25,25,26,27,27
-63,125,20,26,26,25,24,23,22,22,21,21,21,20,20,20,19,19,18,18,18,17,16,15,14,14,13,13,4,0,0,0,0,0,0,0,0,0,6,21,22,22,23,23,23,23,23,24,24,25,26,25,25,25,25,25,24,24,24,25,25,25,26,27,28
-62,125,20,30,29,28,27,26,25,24,23,22,23,23,21,21,22,21,21,20,19,18,17,16,16,15,15,14,3,0,0,0,0,0,0,0,0,0,5,23,24,24,25,26,27,28,27,27,28,29,30,30,29,28,28,28,28,28,29,28,28,28,29,31,31
-63,125,20,25,25,25,23,23,22,21,21,20,20,20,19,19,19,19,18,18,17,17,16,15,14,14,13,13,4,0,0,0,0,0,0,0,0,0,5,21,21,22,22,22,24,24,24,24,25,25,25,25,25,24,24,24,24,24,24,25,25,26,27,28,27
-61,125,20,27,26,25,24,24,23,22,21,20,20,19,19,19,18,18,18,18,17,16,16,15,14,13,13,13,2,0,0,0,0,0,0,0,0,0,5,21,21,22,22,23,23,24,25,24,25,26,26,26,26,26,25,24,24,25,25,25,26,26,27,28,28
-63,125,20,28,28,27,27,26,24,23,22,22,22,21,21,21,20,20,20,19,18,17,17,16,15,15,14,13,3,0,0,0,0,0,0,0,0,0,5,22,23,23,24,25,26,26,26,27,27,28,28,28,26,26,27,27,26,26,27,27,27,27,28,29,29
-63,125,20,26,25,25,24,23,23,21,21,21,20,20,19,19,19,18,18,17,17,16,15,15,14,13,13,12,3,0,0,0,0,0,0,0,0,0,6,21,21,22,22,23,23,23,24,24,25,25,25,25,25,25,25,24,24,24,25,24,25,25,27,28,28
-63,125,20,26,26,26,25,23,22,22,21,19,20,19,19,19,19,19,18,18,17,16,16,15,14,14,13,13,4,0,0,0,0,0,0,0,0,0,6,21,21,22,23,23,24,24,25,25,25,26,26,25,25,25,25,24,25,24,24,25,25,25,26,27,26
-63,125,20,26,26,26,24,23,23,21,21,20,20,20,20,19,19,19,18,18,18,16,16,15,14,14,13,13,3,0,0,0,0,0,0,0,0,0,5,21,21,22,22,23,24,24,25,24,25,25,26,26,25,25,25,24,24,25,25,25,25,25,26,27,27
-63,125,20,28,28,27,26,25,24,23,21,21,21,20,20,20,20,20,20,18,18,17,16,15,14,14,13,13,3,0,0,0,0,0,0,0,0,0,5,22,23,23,24,25,26,26,26,27,27,28,28,27,27,26,26,26,26,26,27,27,27,28,29,30,29
-62,125,20,30,30,29,28,27,26,25,24,23,24,24,23,22,22,22,22,21,20,19,18,18,17,16,16,15,4,0,0,0,0,0,0,0,0,0,6,24,25,25,26,26,27,28,28,28,28,30,30,30,29,29,29,28,28,28,28,28,28,29,30,31,31
-63,125,20,26,25,24,23,22,22,21,20,20,19,18,18,18,18,17,17,16,16,15,14,14,13,13,12,12,3,0,0,0,0,0,0,0,0,0,4,19,20,21,22,23,23,23,23,24,24,25,25,24,24,24,24,23,23,24,24,24,25,25,26,27,27
-63,125,20,25,25,25,23,23,21,21,20,20,20,18,18,18,18,18,18,17,17,15,14,14,13,12,12,12,2,0,0,0,0,0,0,0,0,0,4,19,20,21,22,23,23,24,24,23,24,25,25,25,25,25,25,24,23,24,24,25,24,24,25,26,27
-62,125,20,27,26,26,24,24,23,22,21,20,19,19,18,18,18,18,18,17,17,16,15,15,14,14,13,12,3,0,0,0,0,0,0,0,0,0,5,21,20,22,23,23,24,24,24,25,26,26,26,26,25,25,25,25,24,24,25,25,26,26,27,28,28
-63,125,20,29,28,26,26,25,24,23,21,21,21,20,20,20,19,19,19,18,17,17,16,15,14,14,13,13,2,0,0,0,0,0,0,0,0,0,4,22,22,23,24,24,25,25,26,27,28,28,27,27,26,26,26,25,25,26,27,27,27,28,29,29,29
-63,125,20,26,25,25,24,23,22,21,21,21,21,20,19,19,19,19,18,18,17,17,16,15,14,14,13,13,3,0,0,0,0,0,0,0,0,0,6,21,21,22,22,23,23,23,24,24,25,25,25,25,25,24,24,24,24,23,24,24,25,25,26,27,27
-62,125,20,28,27,26,26,25,24,23,22,21,21,21,20,20,20,20,19,19,18,17,16,16,15,15,14,13,4,0,0,0,0,0,0,0,0,0,6,22,22,23,24,24,24,25,25,25,25,27,27,26,25,25,25,25,25,25,25,26,26,27,28,28,29
-63,125,20,26,26,25,25,24,23,22,21,20,20,20,19,19,19,19,18,18,17,16,16,15,14,14,13,13,4,0,0,0,0,0,0,0,0,0,5,21,22,22,23,23,24,25,24,24,24,25,26,25,25,25,25,24,24,25,25,25,25,25,27,28,28
-63,125,20,30,29,28,27,26,25,24,23,24,23,22,21,21,21,21,21,20,19,18,17,17,17,15,14,14,3,0,0,0,0,0,0,0,0,0,6,24,23,25,26,25,27,27,27,28,29,29,29,29,28,27,28,27,27,28,28,27,28,29,30,31,31
-63,125,20,25,25,24,23,21,21,20,19,19,19,18,17,17,17,17,17,16,16,15,14,13,13,12,12,11,3,0,0,0,0,0,0,0,0,0,4,19,19,21,21,22,22,22,23,23,25,25,25,24,24,23,23,23,22,23,24,23,23,24,25,26,27
-62,125,20,27,27,26,25,24,23,22,22,22,21,21,20,20,20,20,19,19,18,17,16,16,15,15,14,14,4,0,0,0,0,0,0,0,0,0,6,22,22,22,23,23,24,24,25,25,26,26,26,26,26,26,26,26,24,25,25,26,25,26,27,28,28
-63,125,20,25,24,24,23,22,21,20,19,20,19,18,17,17,17,17,17,16,15,15,14,13,13,12,12,11,2,0,0,0,0,0,0,0,0,0,4,20,20,20,22,21,22,23,23,23,23,24,24,24,24,23,23,23,23,23,23,23,23,24,25,26,26
-63,125,20,26,26,25,23,23,22,21,20,20,19,19,18,18,17,17,17,16,16,15,14,14,13,12,12,13,3,0,0,0,0,0,0,0,0,0,5,20,20,20,22,23,23,23,24,25,24,25,25,25,24,24,24,24,24,24,25,25,25,25,26,27,28
-63,125,20,29,28,27,27,26,25,24,23,22,22,21,21,21,21,21,20,19,19,17,17,16,16,15,14,14,4,0,0,0,0,0,0,0,0,0,5,23,23,24,25,25,26,27,27,27,28,29,29,29,28,28,28,27,27,27,27,28,28,28,29,31,31
-61,125,20,26,26,25,24,24,23,22,20,19,19,20,19,19,19,19,18,18,16,15,15,14,13,13,12,12,3,0,0,0,0,0,0,0,0,0,5,20,21,22,23,23,24,24,24,25,25,26,26,26,25,25,25,25,24,25,25,25,25,26,26,27,27
-63,125,20,28,27,27,26,25,24,23,22,23,22,20,19,19,20,20,19,19,17,17,16,15,15,14,13,12,3,0,0,0,0,0,0,0,0,0,5,21,22,22,24,24,25,25,25,26,28,29,28,28,27,26,27,26,25,26,27,27,27,28,29,29,29
-63,125,20,29,28,28,27,26,25,24,23,23,22,22,21,21,21,21,20,20,19,18,17,16,15,14,14,14,3,0,0,0,0,0,0,0,0,0,5,22,23,24,24,25,26,27,26,27,28,29,28,27,26,26,27,26,26,27,27,27,27,28,29,30,30
-63,125,20,30,29,28,27,26,25,24,24,24,24,22,21,21,21,21,20,20,19,18,18,17,16,15,15,15,4,0,0,0,0,0,0,0,0,0,6,24,24,25,26,26,27,27,27,27,27,29,29,29,28,27,27,27,27,27,28,28,28,29,30,31,32
-63,125,20,29,29,27,26,26,25,23,23,22,22,21,21,21,20,20,20,19,18,18,17,16,15,15,14,13,3,0,0,0,0,0,0,0,0,0,5,22,23,24,25,25,26,26,27,27,28,28,28,28,28,27,27,27,26,27,27,27,28,28,29,29,29
-63,125,20,26,26,25,24,23,22,21,20,20,20,20,20,19,18,18,18,18,17,16,16,15,14,13,13,13,3,0,0,0,0,0,0,0,0,0,5,21,21,22,22,23,24,23,24,24,25,26,26,26,25,25,25,25,24,24,24,26,26,26,26,27,28
-63,125,20,29,29,27,26,26,25,24,24,23,22,22,21,20,20,20,20,19,18,17,17,16,15,14,14,14,3,0,0,0,0,0,0,0,0,0,5,22,23,24,24,25,25,26,26,27,28,29,29,28,26,26,27,26,26,26,27,27,28,28,29,29,29
-63,125,20,25,24,23,22,23,21,20,19,18,19,17,18,18,17,17,17,17,15,15,14,13,13,13,11,11,2,0,0,0,0,0,0,0,0,0,4,19,19,20,21,22,22,23,23,23,24,25,25,25,24,23,23,23,23,23,23,24,24,24,25,26,27
-62,125,20,30,29,28,27,26,25,23,22,22,21,21,21,20,20,20,19,19,18,17,16,16,14,14,14,14,3,0,0,0,0,0,0,0,0,0,5,23,23,24,24,25,26,26,26,26,27,29,29,29,28,27,27,27,26,26,27,27,28,28,29,30,31
-59,125,20,33,33,32,31,29,27,25,25,26,25,23,21,22,23,24,24,22,20,19,18,17,17,17,16,15,3,0,0,0,0,0,0,0,0,0,6,25,25,27,27,27,28,28,27,27,29,32,32,31,29,28,29,28,28,28,29,29,29,31,32,33,31
-63,125,20,28,28,27,26,25,24,23,23,22,21,20,19,19,19,19,19,19,17,17,16,15,15,14,13,13,2,0,0,0,0,0,0,0,0,0,5,21,22,23,25,25,25,26,26,27,28,28,28,28,26,26,26,26,26,26,27,27,27,28,29,30,30
-63,125,20,26,25,25,25,24,23,22,21,22,21,20,19,19,19,19,18,18,17,17,16,15,15,14,13,13,3,0,0,0,0,0,0,0,0,0,5,21,21,21,22,23,23,24,24,24,25,25,25,25,24,25,25,25,24,24,25,25,25,26,27,27,27
-63,125,20,28,28,27,25,25,25,23,22,21,21,21,20,20,20,19,19,18,18,16,16,15,14,14,13,13,2,0,0,0,0,0,0,0,0,0,5,21,22,23,24,24,25,25,26,27,26,27,27,27,26,26,26,26,25,25,27,27,27,27,29,30,30
-63,125,20,26,25,23,23,22,21,20,19,19,19,18,18,18,18,17,17,16,16,15,14,13,12,12,12,11,2,0,0,0,0,0,0,0,0,0,4,19,20,20,21,21,21,21,23,24,23,24,24,24,24,23,23,23,23,23,24,23,24,24,25,26,26
-63,125,20,27,26,25,24,23,23,22,21,21,21,20,19,18,18,18,18,17,17,17,16,15,15,14,13,13,3,0,0,0,0,0,0,0,0,0,5,21,21,22,23,23,24,24,24,24,26,26,26,25,25,25,25,25,24,24,24,25,25,26,27,27,27
-63,125,20,30,30,29,27,26,25,24,24,23,23,22,22,21,21,20,20,20,19,18,17,17,15,15,15,13,3,0,0,0,0,0,0,0,0,0,6,24,24,25,25,26,26,26,27,28,27,29,29,28,27,27,27,28,27,27,27,28,28,29,30,31,31
-63,125,20,30,29,28,27,26,25,24,23,23,23,22,21,21,20,20,20,19,19,18,18,16,15,14,14,14,4,0,0,0,0,0,0,0,0,0,6,23,24,25,25,25,26,27,27,28,28,29,29,28,28,28,28,28,27,27,28,28,28,29,29,30,30
-63,125,20,26,25,24,24,22,21,21,21,21,20,19,19,19,18,18,18,17,16,15,15,14,13,13,12,12,2,0,0,0,0,0,0,0,0,0,5,20,20,21,21,22,23,24,23,24,25,25,26,26,25,24,25,24,24,24,24,24,25,25,26,28,28
-63,125,20,26,25,24,23,22,21,20,20,18,19,18,17,17,16,16,16,16,16,14,14,13,12,12,12,11,2,0,0,0,0,0,0,0,0,0,4,19,19,20,21,22,22,22,23,24,25,25,25,24,23,23,23,24,23,23,23,24,24,24,26,27,27
-63,125,20,29,28,27,26,25,25,24,23,23,22,21,21,20,20,20,19,19,17,17,17,15,15,14,13,13,3,0,0,0,0,0,0,0,0,0,5,23,23,24,24,25,26,26,26,27,27,28,28,28,27,27,27,27,26,26,26,28,28,29,29,29,29
-63,125,20,30,29,27,26,25,25,25,24,23,22,22,21,21,21,21,19,19,18,17,17,16,15,14,14,13,4,0,0,0,0,0,0,0,0,0,6,22,23,25,25,26,26,27,27,28,28,29,29,29,29,28,29,28,27,27,28,28,29,29,30,31,31
-63,125,20,29,28,28,26,25,25,24,23,22,22,21,21,20,20,20,19,19,18,17,16,16,15,14,14,13,2,0,0,0,0,0,0,0,0,0,6,22,23,24,25,25,25,26,25,27,28,28,29,28,26,27,27,27,26,27,27,27,28,28,28,30,30
-62,125,20,31,31,29,28,27,26,25,24,24,23,23,23,22,22,21,21,20,20,19,18,17,16,16,15,15,4,0,0,0,0,0,0,0,0,0,6,24,25,25,26,27,27,27,28,28,28,29,30,30,29,29,28,28,28,28,29,29,30,30,31,32,33
-61,125,20,26,26,25,24,24,22,21,20,19,19,19,18,18,18,18,18,17,16,16,15,14,13,13,12,12,3,0,0,0,0,0,0,0,0,0,4,20,21,21,22,22,23,23,24,25,25,25,26,25,25,24,25,24,23,24,25,25,25,25,26,27,27
-63,125,20,26,25,25,24,24,23,22,20,20,19,19,18,19,18,19,17,17,16,16,15,14,13,13,12,12,3,0,0,0,0,0,0,0,0,0,5,20,20,21,22,23,24,24,25,25,26,26,26,26,26,25,25,25,24,25,25,25,25,25,26,27,27
-63,125,20,27,27,26,24,24,22,22,21,21,21,19,19,19,19,18,18,17,17,16,15,15,14,14,13,12,3,0,0,0,0,0,0,0,0,0,5,20,21,21,22,23,24,24,24,25,25,26,27,26,25,24,25,25,24,25,25,25,25,26,27,28,28
-63,125,20,26,25,24,23,22,21,20,19,18,18,18,18,17,17,17,17,16,16,15,14,13,13,12,12,11,2,0,0,0,0,0,0,0,0,0,3,19,20,20,21,21,22,22,23,24,23,24,24,24,24,23,23,23,23,23,24,24,25,25,26,27,28
-63,125,20,25,25,24,23,22,22,21,21,20,19,19,19,19,18,18,17,17,17,15,14,14,13,12,12,12,2,0,0,0,0,0,0,0,0,0,5,19,21,21,22,22,23,23,24,23,24,25,25,25,24,24,24,23,23,24,24,25,25,24,25,27,28
-63,125,20,25,25,24,23,23,22,21,20,19,19,18,17,18,18,18,17,17,17,15,14,14,13,13,12,11,2,0,0,0,0,0,0,0,0,0,5,20,20,21,21,22,22,23,23,24,25,25,25,25,24,24,24,24,24,24,24,24,25,25,26,26,26
-63,125,20,27,26,25,24,23,22,21,20,19,19,19,18,18,18,18,18,17,16,15,15,14,14,13,12,12,3,0,0,0,0,0,0,0,0,0,5,20,21,21,22,22,24,23,24,25,26,26,25,25,25,25,25,25,23,24,25,25,25,26,27,27,27
-61,125,20,28,28,26,25,25,24,23,22,21,21,21,21,20,20,19,19,18,18,17,16,16,15,14,14,14,4,0,0,0,0,0,0,0,0,0,6,21,22,23,23,23,24,25,25,26,26,27,27,27,26,26,26,26,24,25,25,26,27,27,28,29,29
-63,125,20,27,26,25,24,23,22,22,21,21,20,19,19,19,18,18,18,17,16,16,15,15,14,13,13,13,4,0,0,0,0,0,0,0,0,0,5,21,20,22,22,23,24,24,25,25,25,26,26,26,26,25,25,25,25,25,25,25,26,26,27,28,28
-63,125,20,26,25,24,23,22,22,21,21,20,20,19,18,18,19,19,18,17,17,16,15,14,14,13,12,12,3,0,0,0,0,0,0,0,0,0,5,20,20,21,22,22,22,22,23,24,25,26,26,25,23,23,24,24,24,24,24,25,24,25,26,26,26
-63,125,20,30,28,27,26,25,24,24,22,21,21,21,21,21,20,20,19,18,18,17,17,16,14,14,13,14,3,0,0,0,0,0,0,0,0,0,5,22,23,24,25,24,26,26,27,27,27,28,28,28,28,28,28,27,27,27,27,28,27,28,29,31,31
-62,125,20,30,30,29,28,27,25,25,24,23,24,23,22,22,22,21,21,21,20,19,17,16,16,15,15,15,4,0,0,0,0,0,0,0,0,0,6,23,24,25,26,26,27,28,28,29,29,30,31,29,29,29,29,29,28,29,29,29,29,30,31,32,32
-63,125,20,25,25,24,23,22,21,20,19,19,18,18,18,17,17,17,17,17,16,15,13,13,13,12,12,11,2,0,0,0,0,0,0,0,0,0,4,19,20,20,21,22,23,23,23,24,25,25,25,25,24,24,24,24,23,24,24,24,24,25,26,27,27
-63,125,20,26,26,25,24,22,22,21,21,21,20,19,18,18,18,18,18,17,16,15,15,14,13,13,13,12,3,0,0,0,0,0,0,0,0,0,5,20,20,21,21,22,23,23,24,24,24,25,26,24,24,24,24,24,24,24,24,25,25,26,26,26,26
-63,125,20,26,25,24,23,23,22,21,20,19,19,19,18,18,18,18,17,17,16,15,15,14,13,13,12,12,3,0,0,0,0,0,0,0,0,0,4,19,20,21,22,22,23,23,23,24,24,25,25,24,24,23,23,23,23,24,24,24,25,25,26,27,27
-61,125,20,27,26,25,24,23,23,22,21,20,20,20,19,19,19,19,18,17,17,16,15,14,13,13,13,12,3,0,0,0,0,0,0,0,0,0,5,20,21,22,22,22,23,24,24,24,25,25,26,26,25,25,24,24,24,24,23,24,25,25,26,27,27
-63,125,20,27,26,25,24,24,23,22,21,20,20,19,19,18,18,18,18,18,17,16,16,15,14,14,13,13,4,0,0,0,0,0,0,0,0,0,5,20,21,22,23,23,24,24,24,25,25,26,26,25,25,24,25,25,24,25,25,25,26,26,27,28,28
-63,125,20,27,26,25,24,24,23,22,21,20,20,20,20,19,19,19,18,17,17,16,15,15,14,13,13,13,4,0,0,0,0,0,0,0,0,0,5,21,21,22,23,23,24,24,24,25,25,26,26,26,25,25,25,25,24,24,25,25,25,25,27,27,27
-63,125,20,25,25,24,23,23,21,20,19,19,19,19,18,18,18,18,17,17,16,15,14,13,12,12,12,12,3,0,0,0,0,0,0,0,0,0,4,20,20,21,21,21,23,23,22,23,23,24,24,24,23,23,23,23,22,23,23,23,23,23,25,27,28
-63,125,20,26,26,25,24,22,22,21,21,20,20,19,19,19,19,19,17,17,17,15,15,15,13,13,12,12,3,0,0,0,0,0,0,0,0,0,5,20,21,22,22,23,23,24,23,24,25,26,26,25,25,25,24,24,23,24,25,24,25,25,26,27,27
-63,125,20,26,25,25,23,22,22,21,20,20,19,19,18,18,18,18,18,17,16,16,15,14,13,12,12,12,2,0,0,0,0,0,0,0,0,0,5,20,21,21,22,21,23,24,24,24,24,25,25,25,24,23,24,23,23,24,24,24,24,25,26,26,27
-63,125,20,26,25,24,23,23,22,21,20,20,20,18,17,17,17,17,17,16,15,15,14,13,13,12,12,11,2,0,0,0,0,0,0,0,0,0,4,20,20,21,21,22,23,22,23,24,25,25,25,25,24,24,24,24,23,23,23,23,24,25,26,27,27
-63,125,20,27,26,25,24,23,23,22,22,21,21,20,20,20,19,19,18,17,17,16,15,15,14,13,13,13,4,0,0,0,0,0,0,0,0,0,6,21,21,22,23,23,23,24,25,25,25,25,26,26,25,25,25,25,24,23,24,25,25,25,26,27,27
-63,125,20,29,29,27,26,26,25,24,24,23,22,22,20,21,21,20,20,19,19,18,17,16,15,14,14,14,3,0,0,0,0,0,0,0,0,0,5,22,23,24,25,26,27,27,28,27,28,29,29,29,28,28,28,27,26,27,28,28,27,28,29,30,30
-63,125,20,29,29,27,26,25,25,24,23,23,22,21,21,21,21,20,19,19,18,18,17,16,15,14,14,14,4,0,0,0,0,0,0,0,0,0,6,23,24,24,25,26,27,27,28,28,29,29,30,30,29,29,29,28,27,27,28,28,28,28,29,30,30
-63,125,20,30,29,28,26,26,25,24,23,23,22,22,21,21,21,21,20,20,19,18,17,16,16,15,14,13,4,0,0,0,0,0,0,0,0,0,6,23,23,25,25,26,27,26,27,27,29,29,29,28,28,27,28,27,27,27,28,28,29,29,30,31,31
-63,125,20,24,24,24,23,22,22,21,20,20,19,18,18,18,18,18,17,17,17,15,14,13,13,13,13,13,3,0,0,0,0,0,0,0,0,0,4,20,20,21,22,22,23,24,24,24,25,25,25,25,25,24,24,24,24,24,24,24,24,24,25,26,26
-63,125,20,28,28,27,26,25,24,23,22,22,21,20,19,19,19,19,18,18,17,16,16,15,14,14,13,13,3,0,0,0,0,0,0,0,0,0,5,21,22,23,24,25,26,27,26,27,28,28,28,27,27,26,27,26,26,26,27,27,27,28,29,30,30
-61,125,20,28,28,26,25,25,24,23,22,22,21,21,21,20,20,19,19,19,17,17,16,15,14,14,14,14,4,0,0,0,0,0,0,0,0,0,5,22,22,23,25,25,24,25,26,26,26,27,26,26,26,26,26,26,25,25,25,26,27,27,28,28,29
-62,125,20,31,29,27,26,26,25,24,23,23,22,21,21,21,21,20,20,19,19,18,17,16,15,14,14,13,3,0,0,0,0,0,0,0,0,0,5,23,24,25,25,26,26,27,28,28,28,29,29,29,29,28,28,28,27,27,27,28,29,29,30,31,31
-63,125,20,25,25,24,23,23,21,20,19,19,18,18,18,18,18,18,17,16,16,15,14,13,13,12,11,12,2,0,0,0,0,0,0,0,0,0,5,20,21,21,22,22,23,24,24,24,25,26,26,24,24,24,24,24,23,23,24,24,24,25,26,27,28
-62,125,20,30,29,28,26,26,25,24,22,22,22,22,21,21,21,21,20,20,19,18,17,16,15,15,15,14,3,0,0,0,0,0,0,0,0,0,5,23,24,24,25,25,26,27,27,28,29,29,29,29,28,28,29,27,27,28,28,27,28,29,30,30,30
-63,125,20,30,29,29,28,27,26,25,24,23,23,22,21,21,21,21,20,20,19,18,17,17,16,16,15,14,4,0,0,0,0,0,0,0,0,0,6,23,24,25,26,27,27,27,28,28,29,29,29,28,28,27,28,28,27,28,28,28,29,30,31,31,31
-63,125,20,25,25,24,23,23,22,21,20,20,20,18,17,17,17,17,17,16,16,15,14,14,13,13,12,12,3,0,0,0,0,0,0,0,0,0,5,20,20,21,22,23,23,24,24,24,24,25,25,25,24,24,24,24,23,24,24,24,24,25,26,27,27
-63,125,20,26,25,25,24,22,21,21,19,19,19,19,17,18,18,18,17,17,16,15,15,14,14,13,12,12,3,0,0,0,0,0,0,0,0,0,5,20,21,21,22,22,23,24,24,25,25,26,26,25,25,24,24,24,24,25,25,24,24,25,26,26,27
-63,125,20,25,24,24,23,22,21,20,19,18,18,18,17,17,17,17,17,17,15,14,13,13,13,13,12,12,2,0,0,0,0,0,0,0,0,0,4,20,20,20,22,22,23,23,24,24,25,25,25,25,25,24,24,23,23,23,24,24,24,25,25,26,27
-62,125,20,29,29,29,28,27,25,24,23,23,22,22,22,22,21,21,20,19,19,18,17,16,15,15,15,15,4,0,0,0,0,0,0,0,0,0,5,23,25,25,26,26,28,28,28,28,28,29,30,29,29,29,29,28,27,28,28,29,28,28,29,31,32
-63,125,20,28,28,27,26,25,24,23,22,21,21,20,20,20,20,19,19,18,17,16,16,15,15,14,14,13,3,0,0,0,0,0,0,0,0,0,5,22,23,24,25,25,26,27,27,27,27,28,28,28,27,27,27,27,26,27,28,28,28,28,29,30,31
-63,125,20,30,29,27,26,26,25,24,24,23,23,22,22,21,21,21,20,20,19,18,17,16,15,15,15,15,4,0,0,0,0,0,0,0,0,0,6,24,24,25,25,26,27,27,27,28,28,29,29,29,28,28,28,28,27,27,28,27,28,28,29,30,31
-63,125,20,26,26,25,24,23,22,21,21,21,21,20,19,19,19,19,19,17,17,17,15,15,14,14,13,13,3,0,0,0,0,0,0,0,0,0,5,21,21,23,23,24,23,24,25,25,26,26,26,26,25,24,25,25,25,25,25,26,25,26,27,27,27
-63,125,20,27,25,25,24,23,22,22,21,21,21,19,19,18,18,18,17,17,17,16,15,14,13,13,13,13,3,0,0,0,0,0,0,0,0,0,5,21,21,23,23,23,23,25,25,25,26,26,27,26,26,25,25,25,25,25,25,25,26,25,26,27,27
-62,125,20,31,30,30,28,27,26,25,25,24,23,22,22,21,21,21,21,20,19,18,18,17,16,16,15,14,4,0,0,0,0,0,0,0,0,0,6,25,25,26,26,27,27,28,28,29,30,30,31,30,30,29,29,29,28,29,28,29,30,30,31,32,32
-63,125,20,25,25,24,23,22,21,21,21,20,19,18,18,18,18,18,17,16,16,15,14,13,13,12,12,12,2,0,0,0,0,0,0,0,0,0,5,20,20,21,22,22,24,23,24,24,25,25,25,25,25,24,24,24,23,23,24,24,25,25,25,26,26
-63,125,20,28,28,27,26,25,24,23,21,21,22,21,20,20,20,20,19,19,18,17,17,16,15,15,14,13,2,0,0,0,0,0,0,0,0,0,5,23,23,24,24,26,26,26,26,27,28,29,29,28,28,27,27,26,26,27,27,27,28,29,29,30,30
-63,125,20,25,25,24,23,22,22,21,20,19,19,18,18,18,18,18,16,16,15,15,14,13,13,13,12,12,3,0,0,0,0,0,0,0,0,0,5,20,21,21,22,22,23,24,24,24,25,25,25,24,24,24,24,24,24,24,24,24,25,25,26,27,26
-62,125,20,29,28,27,26,25,25,23,23,23,22,21,19,20,20,20,20,19,17,17,16,16,15,14,13,12,3,0,0,0,0,0,0,0,0,0,5,22,23,24,25,25,26,27,27,28,30,30,30,29,28,27,28,28,27,27,27,28,28,29,30,30,29
-63,125,20,29,28,27,26,25,24,23,23,23,22,21,20,20,20,20,20,19,18,17,17,16,15,14,14,13,3,0,0,0,0,0,0,0,0,0,5,22,23,23,24,26,26,26,27,27,28,29,28,28,27,27,27,26,26,26,26,27,28,28,29,30,30
-62,125,20,27,26,25,24,23,22,21,21,21,20,19,18,18,18,18,17,17,16,15,15,14,13,13,13,12,3,0,0,0,0,0,0,0,0,0,5,20,21,22,23,23,24,24,25,25,25,26,26,26,25,25,25,24,24,25,25,25,25,26,27,28,28
-63,125,20,26,25,25,24,23,22,21,21,21,21,18,18,18,18,18,18,17,15,15,14,14,13,13,13,12,3,0,0,0,0,0,0,0,0,0,6,20,21,21,23,23,24,25,25,25,26,27,27,26,24,24,24,25,25,24,25,25,25,26,27,27,26
-63,125,20,26,25,24,24,22,21,21,20,20,19,18,18,18,18,18,18,17,16,14,14,13,13,13,12,11,2,0,0,0,0,0,0,0,0,0,5,20,21,21,22,22,23,23,24,25,25,26,26,25,24,24,24,24,24,24,25,24,25,25,26,27,27
-63,125,20,25,25,24,23,22,22,21,20,19,19,18,17,17,18,17,17,16,15,15,14,13,13,13,12,12,3,0,0,0,0,0,0,0,0,0,5,20,20,21,22,22,23,23,23,24,24,25,25,25,23,23,23,23,23,24,24,24,25,25,25,26,26
-61,125,20,28,27,26,25,24,24,23,22,22,21,21,20,19,19,19,18,18,18,17,15,15,15,15,13,12,3,0,0,0,0,0,0,0,0,0,5,21,23,24,24,25,25,26,26,27,27,27,28,27,26,26,27,26,26,26,26,26,27,28,29,29,29
-63,125,20,26,25,24,22,22,21,20,19,18,19,17,17,17,17,17,17,17,15,14,14,13,13,12,11,11,2,0,0,0,0,0,0,0,0,0,4,20,20,21,21,22,23,23,23,24,24,25,26,25,24,24,24,24,23,23,23,24,24,25,25,26,27
-63,125,20,26,26,24,24,23,22,21,20,19,20,19,20,19,18,18,17,17,17,16,15,14,14,13,13,13,3,0,0,0,0,0,0,0,0,0,5,21,21,22,22,23,24,24,25,24,24,25,26,26,26,25,25,25,24,25,25,25,25,25,26,28,28
-63,125,20,25,24,24,23,22,21,20,19,18,19,18,18,17,17,17,17,16,16,15,14,13,13,13,12,11,2,0,0,0,0,0,0,0,0,0,5,20,20,21,21,22,23,24,24,24,25,26,26,25,25,24,24,24,24,24,24,25,25,25,25,26,26
-61,125,20,27,25,25,24,23,22,22,20,19,19,19,18,18,18,18,18,17,16,16,14,14,12,12,12,12,2,0,0,0,0,0,0,0,0,0,4,20,21,22,23,23,24,24,24,25,26,26,27,26,25,25,25,25,24,24,25,25,25,25,26,27,27
-63,125,20,26,26,24,23,22,22,22,20,21,20,19,18,18,18,18,18,17,17,16,15,15,14,13,13,12,3,0,0,0,0,0,0,0,0,0,6,21,21,22,22,22,23,23,24,24,26,26,26,25,25,25,24,24,24,24,24,24,25,26,27,27,27
-63,125,20,29,29,27,26,25,23,23,22,21,21,21,20,20,20,19,19,18,17,17,16,15,14,14,13,13,2,0,0,0,0,0,0,0,0,0,5,22,23,23,25,24,26,26,26,27,27,28,28,28,27,27,27,27,26,26,26,27,28,28,29,29,29
-63,125,20,27,26,24,23,23,22,21,20,19,19,19,19,19,18,17,17,17,16,15,15,14,13,13,13,13,3,0,0,0,0,0,0,0,0,0,5,21,21,22,23,23,23,24,24,25,25,26,26,26,26,26,26,25,25,24,24,25,25,25,25,27,27
-62,125,20,30,29,29,27,26,26,24,23,23,22,21,20,20,20,20,20,19,18,17,17,16,16,15,14,14,3,0,0,0,0,0,0,0,0,0,5,22,23,24,25,26,27,27,28,29,29,30,30,29,28,27,28,28,28,28,28,28,29,30,30,31,31
-63,125,20,26,26,26,25,24,23,21,21,21,20,19,18,18,18,18,18,18,17,16,15,15,14,14,13,13,4,0,0,0,0,0,0,0,0,0,5,21,21,22,23,24,24,25,25,25,26,27,27,26,26,25,25,25,25,25,25,25,26,26,27,28,27
-63,125,20,27,26,25,24,23,23,22,21,21,20,20,20,19,19,19,18,17,17,16,16,15,14,14,13,13,4,0,0,0,0,0,0,0,0,0,6,21,22,23,23,23,23,23,25,25,25,26,26,26,25,25,25,25,24,25,24,25,25,25,26,27,27
-63,125,20,25,25,24,23,22,21,20,20,19,20,19,18,17,17,17,17,16,16,14,14,13,13,13,11,11,2,0,0,0,0,0,0,0,0,0,4,19,20,21,22,22,23,23,24,24,25,25,26,25,24,24,24,24,23,23,24,24,24,25,26,27,26
-63,125,20,25,24,24,23,22,21,20,19,19,19,17,17,18,17,16,16,16,15,14,14,13,12,12,12,11,2,0,0,0,0,0,0,0,0,0,4,19,20,20,21,21,23,23,23,23,24,25,25,25,24,24,24,23,23,24,24,23,24,24,25,26,26
-63,125,20,29,29,28,26,25,25,24,24,24,23,22,22,21,21,21,21,19,19,18,17,17,16,16,14,14,4,0,0,0,0,0,0,0,0,0,6,23,24,25,26,26,27,27,28,28,29,30,30,29,29,28,29,28,28,28,28,29,29,29,30,31,31
-63,125,20,30,28,27,26,25,25,24,23,23,22,21,21,21,20,20,20,19,19,17,16,16,15,15,14,13,4,0,0,0,0,0,0,0,0,0,6,24,24,25,25,26,27,28,28,29,29,30,30,29,29,29,29,28,28,28,28,28,28,28,29,31,30
-63,125,20,29,28,26,26,26,25,24,23,23,22,21,20,20,20,20,20,19,18,18,17,16,16,15,14,13,3,0,0,0,0,0,0,0,0,0,5,22,24,24,25,26,26,27,27,28,28,29,29,28,27,27,27,26,27,27,27,27,28,28,29,30,30
-63,125,20,23,23,21,21,20,20,19,18,17,18,17,16,16,16,16,16,15,14,14,14,13,13,13,12,12,3,0,0,0,0,0,0,0,0,0,5,18,19,19,21,20,21,22,22,22,22,23,23,23,22,22,22,22,22,22,22,22,23,23,23,24,24
-63,125,20,25,25,24,22,22,21,20,19,19,19,18,17,17,17,17,17,17,15,14,14,13,12,12,12,12,2,0,0,0,0,0,0,0,0,0,5,19,20,21,22,22,23,23,23,24,25,25,25,25,24,24,24,23,23,23,23,24,24,25,25,26,27
-62,125,20,31,30,29,28,27,26,25,24,24,24,22,22,22,21,21,21,20,19,18,18,17,16,16,15,15,4,0,0,0,0,0,0,0,0,0,6,24,25,26,27,27,28,28,28,29,30,31,30,30,29,29,30,28,28,28,29,29,29,30,31,31,31
-63,125,20,26,26,25,24,23,22,22,20,20,19,19,18,18,18,18,18,17,16,16,15,15,14,13,13,13,3,0,0,0,0,0,0,0,0,0,5,21,22,22,23,23,24,25,25,25,26,26,26,26,25,25,26,25,24,24,25,25,25,26,27,28,27
-63,125,20,25,25,24,24,23,22,21,21,21,20,19,18,19,19,19,18,18,17,16,16,15,14,14,13,13,4,0,0,0,0,0,0,0,0,0,6,21,21,22,23,23,24,24,24,25,26,26,26,26,25,24,25,25,24,24,24,25,25,25,26,27,27
-63,125,20,30,29,28,26,26,26,24,24,23,23,22,21,21,21,21,20,20,19,18,17,16,16,15,15,14,4,0,0,0,0,0,0,0,0,0,6,24,24,25,26,26,27,27,28,28,29,30,30,29,28,28,28,28,27,27,28,29,28,29,29,31,31
-63,125,20,25,25,24,23,22,22,21,20,21,20,19,18,18,18,17,17,17,17,15,14,14,13,13,12,11,2,0,0,0,0,0,0,0,0,0,5,20,20,21,22,23,22,23,24,24,25,26,26,25,24,24,24,24,24,24,24,24,24,25,25,26,26
-63,125,20,26,26,25,24,23,22,21,20,20,20,19,18,18,18,18,17,17,16,16,14,14,13,13,12,12,3,0,0,0,0,0,0,0,0,0,5,21,21,21,22,23,24,25,25,25,26,26,26,26,26,25,26,25,25,25,25,26,25,25,26,26,27
-63,125,20,25,25,23,21,22,21,20,19,19,19,18,18,17,17,17,16,16,15,15,15,13,13,13,11,11,2,0,0,0,0,0,0,0,0,0,4,19,20,21,21,22,23,23,24,24,24,24,25,24,24,24,24,23,22,23,23,24,24,24,25,26,27
-63,125,20,29,28,28,26,25,24,23,22,21,21,21,21,21,20,20,19,19,18,17,16,16,15,15,14,13,3,0,0,0,0,0,0,0,0,0,6,23,23,25,26,26,26,26,27,28,29,30,29,28,28,27,27,28,27,27,28,27,27,28,29,29,30
-63,125,20,27,26,26,25,24,23,22,21,21,21,19,18,18,18,19,18,18,17,16,15,15,14,14,13,13,4,0,0,0,0,0,0,0,0,0,6,21,22,23,23,24,25,25,24,25,25,26,26,25,25,25,25,25,24,25,25,25,25,26,27,27,27
-61,125,20,27,26,25,24,22,22,21,20,20,20,18,18,18,18,18,17,17,17,15,14,14,13,12,13,13,2,0,0,0,0,0,0,0,0,0,4,21,21,21,22,23,24,24,24,25,25,26,26,26,26,25,25,24,24,24,24,25,25,26,26,27,27
-63,125,20,26,25,24,23,22,21,20,19,18,18,18,17,17,18,17,17,16,15,15,14,14,13,13,12,12,3,0,0,0,0,0,0,0,0,0,4,20,20,21,22,23,23,24,24,24,25,26,26,25,24,24,24,24,24,24,24,24,25,25,26,27,27
-63,125,20,29,28,28,26,26,25,24,23,23,23,22,21,21,21,20,20,19,18,18,17,16,15,15,15,14,3,0,0,0,0,0,0,0,0,0,5,23,24,24,25,26,26,27,27,28,28,28,28,28,28,28,28,27,27,27,27,27,28,29,29,31,31
-63,125,20,25,24,23,22,22,21,20,19,18,18,17,17,17,17,17,17,17,15,15,14,13,13,12,12,12,3,0,0,0,0,0,0,0,0,0,4,20,20,21,21,22,23,23,23,24,24,25,25,25,25,24,24,24,23,24,24,24,24,24,25,26,26
-63,125,20,26,25,24,23,23,21,20,20,19,19,18,18,17,17,17,17,17,16,15,14,14,13,12,12,12,3,0,0,0,0,0,0,0,0,0,4,19,20,21,22,23,23,23,23,24,24,25,25,25,24,24,24,24,23,24,24,24,25,25,26,27,27
-62,125,20,31,30,28,27,27,25,25,23,23,22,22,21,21,21,20,20,19,19,18,17,16,15,15,15,14,3,0,0,0,0,0,0,0,0,0,5,23,25,24,26,26,26,27,28,28,28,29,30,30,29,29,29,28,27,27,28,29,29,29,29,31,31
-63,125,20,26,26,25,23,22,21,21,20,19,19,18,18,19,18,18,18,17,16,15,15,14,13,13,12,12,3,0,0,0,0,0,0,0,0,0,5,20,21,21,22,23,23,24,24,25,26,26,26,26,25,25,25,25,24,24,24,25,25,25,26,26,26
-63,125,20,29,28,27,26,26,25,24,22,21,21,21,20,20,20,20,19,19,18,17,16,16,15,15,14,14,3,0,0,0,0,0,0,0,0,0,5,22,23,24,25,25,26,26,26,27,28,28,28,28,27,27,27,27,26,26,27,27,27,28,29,30,30
-63,125,20,26,26,25,24,23,22,21,19,19,19,19,18,18,18,18,17,17,16,16,15,14,14,13,13,13,3,0,0,0,0,0,0,0,0,0,5,21,21,21,22,23,24,24,24,25,25,26,26,26,25,25,25,25,24,24,24,25,25,25,26,27,27
-63,125,20,30,29,27,26,25,25,24,22,23,22,22,21,21,21,21,19,18,18,17,17,16,15,15,15,15,4,0,0,0,0,0,0,0,0,0,6,23,23,25,25,26,26,27,27,28,29,29,30,30,29,29,28,28,27,27,27,27,28,28,29,30,30
-63,125,20,26,25,24,24,23,22,21,21,20,21,20,19,19,19,19,17,17,17,16,16,14,13,13,13,13,4,0,0,0,0,0,0,0,0,0,5,21,21,22,23,23,24,24,25,25,25,26,27,26,26,25,25,25,24,25,25,25,25,25,26,28,28
-63,125,20,25,24,24,22,22,21,20,19,18,18,18,17,17,17,17,18,17,16,15,14,14,13,13,12,11,2,0,0,0,0,0,0,0,0,0,4,19,20,21,21,22,22,23,24,24,25,26,25,24,24,24,24,23,23,24,24,24,24,25,26,27,27
-63,125,20,26,25,24,23,22,22,21,20,19,19,18,18,18,18,18,17,17,16,16,15,14,13,13,12,12,3,0,0,0,0,0,0,0,0,0,5,20,21,21,22,22,23,23,24,24,25,25,25,26,24,24,24,24,24,24,24,24,24,25,26,26,27
-63,125,20,29,29,28,27,26,25,24,23,23,23,21,20,21,21,20,20,20,18,17,17,16,16,15,14,14,4,0,0,0,0,0,0,0,0,0,5,23,23,24,26,26,27,28,28,27,28,29,29,29,28,28,28,27,27,27,27,28,29,29,30,30,30
-62,125,20,27,26,25,24,23,23,21,20,20,20,20,19,19,19,19,17,17,17,16,15,15,15,14,13,13,3,0,0,0,0,0,0,0,0,0,5,21,22,23,23,24,24,24,25,26,26,26,27,27,26,26,26,25,25,25,25,26,26,26,27,27,28
-63,125,20,25,25,24,23,22,21,20,20,20,19,18,17,17,17,17,16,16,15,15,14,13,13,13,12,12,3,0,0,0,0,0,0,0,0,0,4,19,20,21,22,22,23,23,24,24,25,25,25,25,25,24,24,24,24,24,24,24,24,25,26,27,26
-63,125,20,26,25,24,23,21,20,20,19,19,19,19,18,18,18,18,17,16,16,15,14,14,13,13,12,12,3,0,0,0,0,0,0,0,0,0,5,20,20,21,21,22,22,23,23,24,24,25,25,25,24,24,24,23,23,23,23,24,24,24,25,25,26
-63,125,20,24,24,23,23,22,22,21,21,20,19,18,18,17,17,17,17,17,16,15,14,13,12,12,12,12,3,0,0,0,0,0,0,0,0,0,4,19,20,21,21,22,23,23,23,22,23,25,25,24,24,23,23,23,21,22,24,24,23,23,24,25,26
-63,125,20,26,26,24,24,23,22,21,19,19,20,19,18,18,18,18,18,17,16,15,15,14,13,13,12,12,3,0,0,0,0,0,0,0,0,0,5,20,21,21,22,23,24,24,25,25,25,26,26,26,25,24,25,24,25,25,25,24,25,25,26,27,28
-61,125,20,26,25,24,24,24,22,21,21,20,20,19,19,19,19,18,18,17,17,16,15,14,13,13,12,12,3,0,0,0,0,0,0,0,0,0,5,20,21,21,22,23,24,24,25,25,25,26,26,26,26,26,25,24,24,24,24,25,26,25,26,27,27
-63,125,20,26,26,25,24,23,22,21,20,19,19,20,19,19,19,19,18,18,17,16,15,15,14,14,13,13,4,0,0,0,0,0,0,0,0,0,5,21,21,23,23,23,24,24,25,25,26,26,26,26,26,26,25,25,25,25,25,25,26,26,27,28,28
-63,125,20,26,26,24,23,23,22,22,21,20,20,20,20,20,19,19,18,18,17,16,16,15,14,13,13,13,4,0,0,0,0,0,0,0,0,0,6,21,22,22,23,23,23,24,24,24,24,26,26,26,26,25,25,24,24,24,25,25,25,25,26,27,28
-63,125,20,25,25,24,24,23,22,21,20,19,19,19,18,18,18,18,17,17,16,15,14,14,13,13,12,12,2,0,0,0,0,0,0,0,0,0,5,20,20,21,21,22,23,23,24,24,25,26,26,25,25,24,24,24,24,24,24,24,24,25,25,25,25
-63,125,20,29,28,28,26,25,25,24,24,23,23,21,21,20,21,20,20,19,19,18,18,16,15,15,14,14,4,0,0,0,0,0,0,0,0,0,6,23,23,25,25,26,26,27,28,28,29,30,30,30,29,28,28,28,28,28,28,28,29,29,30,30,30
-63,125,20,29,28,27,26,25,23,22,22,21,21,21,20,20,20,20,20,19,18,17,16,16,15,14,13,13,3,0,0,0,0,0,0,0,0,0,5,23,23,23,25,25,25,26,26,26,27,28,28,27,26,26,27,26,26,26,26,26,27,27,28,29,30
-61,125,20,26,26,25,24,23,22,21,20,20,20,18,17,18,17,17,17,17,16,16,15,14,13,13,12,12,3,0,0,0,0,0,0,0,0,0,4,21,21,22,23,23,24,24,25,25,26,27,27,27,26,25,26,25,25,25,25,25,25,25,26,27,27
-63,125,20,29,29,28,26,25,24,24,23,23,22,21,21,21,20,20,19,19,18,17,17,15,15,14,14,14,3,0,0,0,0,0,0,0,0,0,5,22,23,24,25,26,26,27,27,28,29,30,29,29,28,27,28,28,27,28,28,28,28,29,29,30,30
-63,125,20,30,29,28,27,26,25,24,23,21,22,21,21,21,21,21,21,20,19,18,17,17,15,15,14,14,4,0,0,0,0,0,0,0,0,0,6,23,24,25,25,26,26,28,28,29,30,30,30,30,29,28,28,28,28,28,28,28,28,28,30,31,31
-61,125,20,27,26,25,23,23,23,21,20,20,18,18,19,19,18,18,17,17,16,15,15,14,13,13,12,12,2,0,0,0,0,0,0,0,0,0,4,21,21,22,22,23,24,24,24,25,25,26,26,26,26,26,25,25,24,24,24,25,26,26,27,27,28
-61,125,20,27,26,26,24,24,22,22,20,20,20,19,18,19,18,18,18,17,17,15,14,15,14,13,13,12,2,0,0,0,0,0,0,0,0,0,5,21,22,22,23,24,24,25,25,25,26,27,27,27,26,26,26,25,24,25,26,25,26,26,27,28,28
-63,125,20,25,24,23,23,22,21,19,19,19,19,18,17,18,17,17,16,16,15,15,15,14,12,12,12,11,2,0,0,0,0,0,0,0,0,0,4,20,20,21,21,22,23,23,23,23,24,25,25,25,25,25,24,24,23,23,24,24,24,24,25,27,27
-63,125,20,29,29,29,28,26,25,24,23,23,23,21,21,21,21,20,20,19,19,18,18,17,16,16,15,15,4,0,0,0,0,0,0,0,0,0,6,23,24,25,26,26,28,28,28,28,29,30,30,30,29,28,28,28,28,28,29,28,28,29,30,31,31
-63,125,20,25,25,23,22,22,21,20,20,19,18,17,17,17,18,17,17,16,16,15,14,14,13,12,12,11,2,0,0,0,0,0,0,0,0,0,4,19,20,21,21,23,23,23,23,24,24,25,25,24,24,24,24,24,23,23,24,24,25,25,25,26,26
-61,125,20,28,27,26,25,24,24,23,22,22,21,20,19,20,20,19,18,18,18,17,16,15,14,14,14,13,4,0,0,0,0,0,0,0,0,0,6,22,22,23,24,24,25,26,26,26,27,27,28,27,27,27,27,26,26,26,27,27,27,27,28,29,29
-61,125,20,26,26,25,24,23,22,21,20,19,20,18,18,18,18,18,17,17,16,15,14,14,13,13,13,12,2,0,0,0,0,0,0,0,0,0,5,20,20,21,22,22,24,24,25,25,26,26,26,25,25,25,25,25,24,24,25,25,25,26,26,28,27
-63,125,20,26,26,24,24,22,21,21,19,19,20,18,18,18,18,18,18,16,15,15,15,14,14,12,12,12,3,0,0,0,0,0,0,0,0,0,5,20,20,21,22,23,23,24,25,25,25,26,26,26,25,24,24,25,24,25,25,24,25,25,26,27,26
-63,125,20,25,24,23,23,22,22,21,20,19,19,18,18,18,17,17,17,16,16,15,14,13,13,13,12,12,2,0,0,0,0,0,0,0,0,0,5,20,21,21,21,22,23,24,23,24,25,25,25,25,25,25,24,23,23,23,24,24,25,25,26,27,28
-61,125,20,27,25,25,25,25,23,22,21,20,21,20,18,18,19,19,18,18,17,16,16,15,14,14,13,13,3,0,0,0,0,0,0,0,0,0,6,21,22,22,23,23,24,25,25,25,27,28,28,26,25,25,25,25,25,25,26,26,26,27,28,28,27
-63,125,20,26,26,24,24,23,22,22,20,19,19,19,19,19,19,18,18,17,17,16,15,14,14,13,13,12,3,0,0,0,0,0,0,0,0,0,6,21,21,22,23,23,23,24,24,25,25,26,26,26,25,24,24,24,25,24,25,25,26,26,26,27,26
-63,125,20,30,29,28,27,26,26,24,24,24,23,22,22,21,21,21,20,20,19,19,18,17,16,16,15,14,4,0,0,0,0,0,0,0,0,0,6,24,25,25,26,26,26,27,28,28,29,29,30,30,28,28,28,28,27,28,27,28,28,29,30,31,31
-63,125,20,26,26,25,24,23,22,21,21,21,21,20,19,19,19,19,18,18,17,16,16,15,14,14,13,13,4,0,0,0,0,0,0,0,0,0,6,21,22,23,23,24,24,24,25,25,25,26,26,25,25,25,25,25,24,25,25,25,25,25,26,27,28
-63,125,20,31,30,28,27,26,25,25,23,22,22,22,21,21,21,21,20,20,19,18,17,16,16,15,15,14,4,0,0,0,0,0,0,0,0,0,6,23,24,25,26,26,27,27,28,29,29,30,30,29,29,28,29,29,28,28,28,28,29,30,31,31,31
-62,125,20,31,31,29,28,27,26,25,24,24,23,22,22,22,21,21,21,20,19,18,18,17,17,16,15,15,4,0,0,0,0,0,0,0,0,0,6,24,25,26,26,27,28,28,28,29,30,30,30,30,30,30,30,28,28,28,29,29,29,30,31,32,31
-63,125,20,25,24,24,23,22,22,21,20,20,19,18,18,18,18,18,17,17,16,15,14,14,13,13,12,12,3,0,0,0,0,0,0,0,0,0,5,20,21,21,22,22,23,23,24,24,24,26,26,25,25,24,23,23,23,24,24,24,24,24,26,27,27
-63,125,20,29,29,27,26,26,24,23,22,22,21,20,19,20,19,19,19,18,17,17,16,15,15,14,13,13,3,0,0,0,0,0,0,0,0,0,5,22,23,24,25,26,26,27,27,27,28,29,29,28,27,27,27,27,27,27,27,28,28,28,29,30,31
-61,125,20,23,23,23,22,21,20,19,17,17,17,17,17,16,16,16,16,15,15,13,13,12,12,12,11,10,2,0,0,0,0,0,0,0,0,0,4,19,18,19,19,20,21,22,22,22,23,24,24,24,23,23,23,22,22,22,22,22,22,23,24,24,25
-61,125,20,26,26,26,25,23,22,21,21,21,19,18,18,18,18,18,18,17,16,15,14,13,13,13,12,12,2,0,0,0,0,0,0,0,0,0,5,20,21,21,22,23,23,24,25,24,26,27,27,26,25,24,24,24,25,25,25,25,25,26,26,27,26
-63,125,20,30,29,28,27,26,26,25,24,24,23,22,21,21,20,20,20,19,19,18,17,16,16,15,15,14,4,0,0,0,0,0,0,0,0,0,6,24,24,25,26,27,27,27,27,28,28,29,29,29,29,29,28,27,27,27,28,29,29,29,30,31,32
-61,125,20,28,28,26,25,25,23,23,22,22,21,20,20,20,19,19,19,18,17,17,16,15,14,14,13,13,3,0,0,0,0,0,0,0,0,0,6,22,22,23,25,25,25,25,26,26,26,27,27,27,27,27,27,26,25,25,26,26,27,26,28,29,30
-63,125,20,30,29,28,27,26,25,24,24,24,23,22,21,21,21,21,20,20,19,18,17,16,16,15,15,14,4,0,0,0,0,0,0,0,0,0,6,24,25,25,26,26,27,27,28,29,29,30,30,30,29,29,29,28,28,27,29,28,29,30,31,31,32
-63,125,20,25,25,24,23,23,21,20,19,18,18,18,18,18,18,17,17,16,16,15,14,13,13,12,11,11,3,0,0,0,0,0,0,0,0,0,4,20,21,21,22,22,23,24,24,24,25,26,26,26,25,25,24,24,24,24,24,25,25,25,25,26,26
-63,125,20,30,30,28,27,26,25,24,24,24,22,22,22,22,21,20,20,19,19,17,17,17,16,15,14,14,4,0,0,0,0,0,0,0,0,0,6,24,24,25,26,26,26,27,28,28,28,29,29,29,29,29,29,28,27,28,28,29,30,29,30,31,32
-63,125,20,25,25,23,22,21,21,20,20,19,18,17,18,18,17,17,17,16,15,15,14,13,12,12,11,11,2,0,0,0,0,0,0,0,0,0,4,19,20,21,21,22,22,23,23,24,24,24,25,24,24,24,24,23,23,23,23,24,24,25,25,26,26
-63,125,20,29,28,27,26,25,24,23,22,21,21,21,20,20,20,19,19,19,18,17,16,16,15,14,13,14,3,0,0,0,0,0,0,0,0,0,5,23,24,24,25,25,26,26,26,26,28,28,28,28,28,28,28,26,26,26,27,27,27,28,29,30,30
-62,125,20,30,28,27,26,25,25,24,23,22,22,21,21,21,20,20,20,19,18,17,17,16,15,14,14,14,3,0,0,0,0,0,0,0,0,0,5,23,23,25,25,26,26,27,27,28,29,29,30,30,29,28,28,27,26,27,28,27,28,28,29,30,30
-63,125,20,28,28,27,26,25,24,23,23,22,21,20,20,20,20,20,19,19,18,16,16,15,14,14,13,13,3,0,0,0,0,0,0,0,0,0,5,22,23,23,25,25,25,26,26,27,28,28,28,27,27,27,27,26,26,26,27,27,27,27,29,29,29
-63,125,20,25,25,23,23,23,22,21,20,19,18,18,18,18,17,17,17,16,16,15,14,13,12,12,12,11,2,0,0,0,0,0,0,0,0,0,5,20,20,21,22,22,23,23,24,24,25,26,25,25,25,24,25,25,24,24,24,24,25,25,26,26,26
-63,125,20,27,25,25,24,23,22,21,21,21,20,19,19,19,18,18,17,17,16,16,16,14,13,13,13,13,3,0,0,0,0,0,0,0,0,0,5,20,22,22,23,23,24,24,25,25,25,26,26,26,26,26,25,25,24,25,25,25,25,26,27,27,27
-63,125,20,26,26,25,24,23,22,21,21,21,21,19,19,19,18,18,18,17,17,16,15,14,14,14,13,12,3,0,0,0,0,0,0,0,0,0,5,21,21,22,23,23,24,25,24,25,26,26,26,26,26,24,26,25,25,25,25,25,25,26,27,28,28
-61,125,20,28,27,26,25,24,24,23,22,22,21,20,20,20,20,20,19,18,17,17,16,15,15,14,14,13,4,0,0,0,0,0,0,0,0,0,6,22,23,23,24,24,25,25,26,26,27,28,27,26,26,26,26,26,25,25,25,26,26,27,28,28,28
-63,125,20,25,25,24,23,22,22,20,19,19,19,19,18,18,18,18,17,17,16,15,15,14,13,13,12,12,3,0,0,0,0,0,0,0,0,0,5,20,21,22,22,23,23,23,24,24,25,25,26,25,25,24,24,23,23,23,24,24,25,25,26,27,27
-63,125,20,26,26,25,24,23,21,21,21,21,20,19,18,18,18,18,17,17,16,16,15,14,13,13,13,13,3,0,0,0,0,0,0,0,0,0,5,21,21,22,22,23,23,24,24,24,25,26,26,26,25,25,25,24,24,24,24,25,25,26,26,27,27
-63,125,20,25,24,23,22,22,21,21,20,20,19,18,18,18,18,17,17,16,16,15,15,14,13,12,12,12,3,0,0,0,0,0,0,0,0,0,5,20,21,21,21,22,22,22,23,24,24,24,25,24,24,24,24,24,23,23,24,24,25,24,25,26,26
-63,125,20,25,24,24,23,22,21,20,19,19,18,18,17,17,17,17,17,16,16,15,14,13,12,12,11,12,2,0,0,0,0,0,0,0,0,0,4,19,19,21,21,22,23,23,23,23,25,25,25,24,24,24,24,23,23,23,23,24,24,25,26,27,26
-63,125,20,25,25,24,22,22,21,20,19,19,19,18,17,17,17,17,17,16,16,15,14,13,12,12,11,11,2,0,0,0,0,0,0,0,0,0,5,20,20,21,21,22,23,24,23,24,25,25,25,25,24,24,23,23,23,23,24,24,24,24,25,26,27
-63,125,20,29,28,27,27,25,25,24,23,23,22,21,21,21,21,20,19,19,18,17,17,16,15,14,14,14,3,0,0,0,0,0,0,0,0,0,6,23,23,24,25,26,26,26,27,27,28,29,29,29,27,27,28,27,27,27,27,27,28,29,30,30,30
-61,125,20,27,26,25,25,24,23,22,21,21,21,19,19,19,19,19,18,17,17,15,15,14,13,13,13,13,3,0,0,0,0,0,0,0,0,0,5,21,21,23,24,23,24,25,25,25,26,27,27,26,26,25,26,25,25,25,25,25,25,25,26,27,27
-63,125,20,25,25,24,23,22,21,20,19,19,19,19,18,18,18,18,17,16,16,16,14,14,14,13,12,12,2,0,0,0,0,0,0,0,0,0,5,20,21,22,22,23,23,24,24,24,25,26,25,25,24,24,24,24,24,24,25,24,24,25,26,27,27
-63,125,20,26,26,25,25,24,23,21,20,20,20,19,18,19,19,19,19,17,17,16,15,15,15,14,13,13,3,0,0,0,0,0,0,0,0,0,5,21,22,22,23,24,24,24,25,26,27,27,27,26,25,25,26,25,25,25,25,25,25,26,27,27,27
-63,125,20,26,25,25,24,23,22,21,20,19,19,19,18,18,17,17,17,17,17,15,14,14,13,12,12,12,3,0,0,0,0,0,0,0,0,0,5,21,21,22,22,22,24,24,24,24,25,25,26,25,25,25,25,24,23,25,25,25,25,25,26,27,28
-63,125,20,26,25,25,24,24,22,21,21,20,20,20,19,19,19,19,17,17,17,16,16,15,14,13,13,13,3,0,0,0,0,0,0,0,0,0,5,21,21,23,24,23,24,25,25,25,26,27,27,26,26,25,25,25,25,25,25,25,25,26,26,27,27
-63,125,20,26,25,24,24,23,23,21,21,21,20,19,18,18,18,18,18,17,16,16,15,14,14,13,13,13,3,0,0,0,0,0,0,0,0,0,6,21,22,22,23,23,24,24,24,25,25,26,26,25,25,25,25,25,24,24,24,24,25,26,27,27,27
-63,125,20,30,29,28,27,26,25,24,23,22,22,22,22,22,22,21,21,20,19,18,17,16,16,15,15,14,4,0,0,0,0,0,0,0,0,0,6,24,24,25,26,26,26,28,28,29,29,30,30,30,29,29,28,28,27,27,28,28,28,29,30,31,31
-61,125,20,27,27,26,25,24,23,22,22,21,21,19,19,19,19,19,18,18,17,16,15,14,14,13,13,12,3,0,0,0,0,0,0,0,0,0,5,21,22,22,23,24,24,25,25,25,26,27,27,27,25,25,25,25,24,25,25,26,26,26,27,28,28
-63,125,20,29,28,28,27,26,25,24,23,22,22,21,21,21,21,21,19,19,18,18,17,16,15,15,14,13,3,0,0,0,0,0,0,0,0,0,5,23,23,25,26,26,26,27,27,28,29,30,30,28,28,28,28,27,27,27,28,27,29,29,30,31,31
-61,125,20,30,30,30,28,27,26,25,24,24,24,22,22,22,22,21,21,20,20,19,18,17,16,16,15,14,4,0,0,0,0,0,0,0,0,0,6,24,24,25,27,28,28,29,29,29,29,30,30,30,29,29,29,29,28,27,28,28,28,30,31,32,32
-63,125,20,27,26,25,25,24,23,21,21,21,20,20,18,18,18,18,18,18,16,16,15,15,14,14,13,13,4,0,0,0,0,0,0,0,0,0,5,20,21,22,23,23,24,25,25,25,26,27,27,26,25,25,25,25,25,25,25,25,25,26,27,27,27
-63,125,20,25,25,25,24,23,22,21,20,20,20,19,18,18,18,18,18,17,16,15,15,14,14,13,12,12,3,0,0,0,0,0,0,0,0,0,5,20,20,21,22,22,23,23,23,23,25,26,25,25,24,23,23,23,23,24,24,24,25,25,26,25,26
-63,125,20,26,26,24,23,23,22,21,21,21,20,19,19,19,19,19,18,18,17,16,15,15,14,13,13,13,3,0,0,0,0,0,0,0,0,0,5,20,21,21,23,23,23,24,24,24,25,26,26,26,24,24,24,24,24,24,24,25,25,25,27,28,28
-63,125,20,25,25,24,23,23,21,20,19,18,19,18,18,18,18,17,17,17,16,15,14,13,12,12,11,11,2,0,0,0,0,0,0,0,0,0,4,20,20,21,21,22,23,23,24,24,24,24,24,24,24,24,24,23,22,23,24,23,24,24,25,26,27
-63,125,20,25,25,24,23,22,22,20,19,18,19,19,18,18,17,17,17,17,16,14,14,14,12,12,12,12,2,0,0,0,0,0,0,0,0,0,4,20,20,21,21,22,23,24,24,23,24,25,24,24,24,24,24,24,23,24,24,23,24,25,25,27,26
-63,125,20,28,28,26,25,25,25,23,21,21,21,20,19,19,19,19,19,18,18,17,16,15,14,13,13,13,3,0,0,0,0,0,0,0,0,0,5,22,22,23,24,25,26,26,25,26,27,29,29,28,27,26,27,26,25,26,27,26,27,27,29,30,30
-63,125,20,26,25,24,23,23,22,21,21,20,20,20,20,19,18,18,18,17,16,16,15,14,14,13,12,12,3,0,0,0,0,0,0,0,0,0,5,20,21,21,22,23,23,24,24,24,25,26,26,25,24,24,24,23,23,23,24,24,24,24,26,26,27
-63,125,20,26,26,25,24,23,22,21,21,21,21,20,19,20,19,19,18,18,18,16,16,15,14,14,13,13,3,0,0,0,0,0,0,0,0,0,5,21,21,22,23,23,24,25,25,24,25,26,26,26,25,25,24,25,25,25,25,25,25,25,27,28,28
-63,125,20,25,25,24,23,22,21,21,20,20,19,19,18,18,18,18,18,17,16,15,15,14,14,13,12,12,3,0,0,0,0,0,0,0,0,0,5,20,21,21,22,22,23,23,24,24,24,25,24,24,23,23,23,23,24,23,23,23,24,25,25,26,26
-63,125,20,26,26,25,23,23,22,21,21,21,20,19,19,19,18,19,18,18,17,16,15,15,14,13,13,12,3,0,0,0,0,0,0,0,0,0,5,20,21,21,23,23,24,24,24,24,25,26,26,25,24,24,24,24,24,24,24,25,25,25,26,27,27
-63,125,20,29,29,28,27,26,25,25,24,23,23,23,23,22,20,21,20,20,19,18,18,17,16,16,15,15,4,0,0,0,0,0,0,0,0,0,6,23,24,25,25,26,26,27,28,28,29,29,29,28,28,28,28,28,27,27,27,29,29,29,29,30,31
-63,125,20,25,25,24,23,22,21,21,21,20,19,18,18,18,18,18,17,16,15,15,14,13,12,13,12,12,2,0,0,0,0,0,0,0,0,0,5,20,20,20,22,22,23,23,24,24,25,25,25,24,24,23,23,23,23,24,24,23,24,25,25,26,27
-63,125,20,28,28,27,26,25,24,23,23,22,22,21,21,21,21,20,20,18,18,17,17,16,15,14,14,14,3,0,0,0,0,0,0,0,0,0,5,22,22,24,24,25,25,26,26,27,27,28,28,28,28,27,27,27,26,26,27,27,28,28,29,29,30
-63,125,20,26,26,25,24,24,22,21,21,20,21,19,19,19,19,19,19,18,18,16,15,15,14,13,13,13,3,0,0,0,0,0,0,0,0,0,5,21,21,22,23,23,24,24,24,25,25,26,26,25,25,25,25,24,24,24,25,25,25,25,26,28,28
-62,125,20,29,28,27,26,25,25,24,22,21,21,21,21,21,21,21,21,19,18,18,17,15,14,14,14,14,3,0,0,0,0,0,0,0,0,0,5,22,22,24,25,25,26,27,27,28,28,29,29,29,28,28,28,28,27,27,27,28,28,28,29,31,31
-61,125,20,24,24,23,22,22,21,20,20,20,19,18,17,17,17,17,17,16,15,15,14,13,13,13,12,12,3,0,0,0,0,0,0,0,0,0,5,19,20,20,21,21,22,22,23,23,24,25,25,24,23,23,24,23,23,23,23,24,24,24,25,25,25
-61,125,20,23,23,22,22,21,21,19,18,18,17,17,17,16,17,17,16,16,15,14,13,13,12,11,11,11,2,0,0,0,0,0,0,0,0,0,4,18,19,20,20,21,21,22,22,22,22,24,23,23,22,22,22,22,21,22,23,22,23,23,24,25,25
-61,125,20,25,24,23,21,21,20,19,19,18,18,17,18,18,17,17,17,16,15,15,15,13,12,12,12,12,3,0,0,0,0,0,0,0,0,0,5,19,20,20,21,21,22,22,22,23,23,23,24,24,24,23,23,23,22,22,22,23,23,23,24,26,25
-61,125,20,25,24,23,22,21,20,19,19,19,18,17,17,17,17,17,16,16,15,14,14,13,13,12,11,11,2,0,0,0,0,0,0,0,0,0,4,18,19,20,21,21,22,22,22,23,23,24,24,23,23,22,22,22,22,22,23,23,23,23,24,25,25
-61,125,20,24,24,22,22,21,21,20,19,19,19,18,17,17,17,17,17,16,16,15,14,13,13,12,12,12,2,0,0,0,0,0,0,0,0,0,5,19,19,20,20,20,21,21,22,22,23,24,23,23,22,23,23,22,22,22,22,23,23,23,24,25,25
-61,125,20,27,26,25,24,23,23,22,21,20,20,19,20,19,18,18,18,17,17,16,15,14,14,13,13,13,3,0,0,0,0,0,0,0,0,0,5,20,21,22,23,23,24,24,25,25,25,26,26,26,26,25,25,25,24,24,25,25,25,26,27,28,28
-61,125,20,28,27,27,26,26,24,23,22,22,21,21,20,20,20,20,19,19,18,17,16,15,15,14,13,13,4,0,0,0,0,0,0,0,0,0,6,21,22,23,24,24,25,26,26,26,27,27,27,27,26,26,27,26,26,25,26,26,26,27,28,29,28
-61,125,20,27,26,25,25,25,23,22,20,20,20,19,19,19,19,19,18,18,17,16,15,14,13,13,13,13,3,0,0,0,0,0,0,0,0,0,5,20,21,22,23,23,24,24,25,25,25,26,27,26,26,25,25,25,25,25,26,25,25,25,27,28,29
-61,125,20,28,27,27,25,24,24,23,22,21,22,21,20,20,20,20,20,19,18,18,16,15,15,15,14,14,4,0,0,0,0,0,0,0,0,0,6,22,22,23,24,25,25,26,26,26,27,28,28,27,26,26,26,26,26,26,26,26,27,28,28,29,28
-61,125,20,26,26,25,24,23,22,21,20,21,20,19,18,18,18,18,18,18,17,16,14,14,14,13,13,12,2,0,0,0,0,0,0,0,0,0,4,20,21,22,23,22,23,24,24,25,26,26,26,26,26,25,25,25,24,24,24,24,25,25,27,28,28
-61,125,20,28,27,26,25,25,24,23,22,22,21,21,20,20,20,20,19,19,18,17,17,16,15,14,14,13,3,0,0,0,0,0,0,0,0,0,6,22,22,23,24,25,25,25,26,25,26,27,27,27,26,26,26,25,25,26,26,26,26,26,28,28,29
-61,125,20,28,27,26,25,25,24,23,22,23,22,21,20,20,20,20,20,19,18,18,16,16,15,15,14,13,3,0,0,0,0,0,0,0,0,0,6,22,23,23,23,25,25,25,25,26,27,27,27,27,26,26,26,25,26,26,26,26,27,27,28,29,29
-61,125,20,24,24,23,21,21,20,20,19,18,18,18,18,18,17,17,17,16,15,15,14,13,12,12,11,11,2,0,0,0,0,0,0,0,0,0,4,18,18,20,21,21,22,23,22,22,23,24,24,24,23,23,23,23,22,22,23,23,23,23,24,25,26
-61,125,20,27,27,26,25,24,23,22,21,21,20,20,20,20,20,19,19,18,17,17,15,15,14,13,13,13,3,0,0,0,0,0,0,0,0,0,5,21,21,23,23,23,24,25,25,25,26,27,27,26,26,25,26,25,25,25,25,25,26,26,27,28,29
-61,125,20,25,24,23,22,22,21,20,20,20,19,18,18,18,18,18,17,17,16,15,15,15,13,13,13,12,3,0,0,0,0,0,0,0,0,0,5,19,20,20,21,22,22,23,23,24,24,25,25,24,24,24,24,23,23,23,23,23,24,24,25,25,25
-62,125,20,30,29,28,27,26,25,23,22,22,22,21,20,21,21,21,20,19,19,18,17,16,15,15,14,13,3,0,0,0,0,0,0,0,0,0,5,22,23,23,25,25,26,27,27,28,28,29,29,29,28,28,28,27,27,27,27,27,28,29,30,30,30
-62,125,20,30,29,29,28,27,26,24,23,22,23,22,21,21,21,21,21,20,19,18,17,16,16,15,14,14,3,0,0,0,0,0,0,0,0,0,5,22,24,25,26,26,27,27,28,28,29,30,30,30,29,27,29,28,28,27,28,29,29,29,30,31,31
-61,125,20,27,26,25,24,24,23,22,21,21,21,20,20,20,20,20,19,18,18,17,16,15,14,14,13,13,3,0,0,0,0,0,0,0,0,0,6,21,22,22,23,24,24,24,25,25,26,26,26,26,26,25,25,25,25,25,25,25,26,26,27,28,28
-61,125,20,30,30,29,28,26,26,25,25,24,24,23,21,21,21,21,21,20,19,18,18,17,16,16,15,15,4,0,0,0,0,0,0,0,0,0,6,24,24,25,25,26,27,28,27,28,29,29,29,29,28,28,29,28,27,28,28,28,29,30,30,32,31
-61,125,20,27,27,25,24,24,23,22,21,20,19,19,19,19,18,18,18,18,17,16,15,14,13,13,13,12,3,0,0,0,0,0,0,0,0,0,4,20,21,22,23,24,25,25,25,25,25,26,26,26,25,25,25,25,25,25,26,25,25,25,27,28,29
-62,125,20,30,29,27,26,26,25,24,22,22,22,22,22,22,21,21,20,19,19,18,17,16,15,15,14,14,3,0,0,0,0,0,0,0,0,0,5,23,23,25,25,26,26,27,27,28,28,28,29,29,28,28,28,28,27,27,27,28,28,28,30,31,31
-61,125,20,26,26,25,24,24,23,22,21,21,21,20,19,19,19,19,19,18,17,16,16,15,14,14,13,13,3,0,0,0,0,0,0,0,0,0,5,21,21,22,22,22,24,24,24,25,25,26,26,25,25,25,25,24,24,24,25,25,24,25,26,27,27
-62,125,20,32,30,29,28,27,26,25,25,25,24,23,22,22,22,22,21,21,19,19,18,18,16,16,16,15,4,0,0,0,0,0,0,0,0,0,6,24,25,25,27,27,28,28,29,28,29,30,29,29,29,29,29,28,28,28,28,29,29,30,30,32,32
-61,125,20,23,23,23,21,20,20,20,19,18,18,17,16,16,16,16,16,16,14,14,14,12,12,12,12,10,2,0,0,0,0,0,0,0,0,0,4,18,18,19,20,20,21,21,21,22,23,23,23,23,22,22,22,22,21,21,21,22,22,23,23,25,25
-61,125,20,23,24,23,21,21,21,20,20,20,18,16,16,16,16,16,16,16,15,14,13,12,12,12,11,11,2,0,0,0,0,0,0,0,0,0,4,18,19,19,20,20,21,21,22,21,22,23,24,22,22,21,22,22,21,22,22,22,23,22,24,25,25
-61,125,20,24,23,22,22,21,20,19,18,18,18,17,17,17,17,17,17,16,15,14,14,13,13,13,11,11,2,0,0,0,0,0,0,0,0,0,4,18,18,19,20,21,21,22,22,23,23,24,24,23,23,22,23,22,22,22,22,22,23,23,24,24,24
-61,125,20,24,24,23,22,22,21,20,19,19,19,18,17,17,17,17,16,16,15,14,14,13,12,12,12,11,2,0,0,0,0,0,0,0,0,0,4,19,19,20,20,21,21,22,22,21,23,24,24,24,23,23,23,22,21,22,22,23,23,23,24,25,26
-62,125,20,26,26,26,25,24,24,23,21,21,21,20,20,20,20,19,19,18,18,17,16,15,14,14,13,13,4,0,0,0,0,0,0,0,0,0,6,22,22,22,24,24,25,25,24,25,25,26,26,26,26,26,26,25,25,25,25,26,26,26,27,28,28
-61,125,20,24,24,22,22,21,20,20,19,18,18,18,17,17,17,17,17,17,16,15,13,13,13,12,12,11,2,0,0,0,0,0,0,0,0,0,4,19,19,20,21,21,21,22,22,23,24,24,24,23,23,23,23,22,21,22,23,23,23,23,24,25,25
-61,125,20,30,30,29,27,27,26,24,24,23,23,22,21,21,22,21,20,19,19,18,17,16,16,16,14,14,3,0,0,0,0,0,0,0,0,0,6,24,24,25,26,26,27,28,27,28,29,29,30,29,28,29,29,28,27,28,27,28,28,30,30,30,30
-61,125,20,24,24,24,22,21,21,21,20,20,19,19,18,18,17,17,18,16,16,15,15,15,13,13,12,12,3,0,0,0,0,0,0,0,0,0,5,19,20,21,21,22,22,23,22,23,24,25,24,24,23,23,24,23,23,23,23,22,23,24,25,26,25
-61,125,20,28,28,26,26,25,24,23,22,22,22,21,20,20,20,20,19,19,18,17,16,15,14,14,13,13,3,0,0,0,0,0,0,0,0,0,5,21,22,23,24,24,25,26,25,26,26,27,27,27,26,25,26,26,26,26,26,27,26,27,28,29,29
-62,125,20,30,30,28,28,27,26,25,23,22,23,22,22,22,21,21,21,20,18,17,17,17,16,15,14,14,4,0,0,0,0,0,0,0,0,0,6,23,24,25,26,26,27,28,28,29,29,30,30,30,30,29,29,29,28,28,28,29,29,29,30,31,32
-62,125,20,28,27,26,25,25,24,23,22,21,21,21,20,20,20,20,19,19,18,17,17,16,15,15,14,14,4,0,0,0,0,0,0,0,0,0,6,22,22,23,24,24,25,25,25,25,26,27,27,27,26,25,25,25,25,25,26,26,27,27,28,29,29
-62,125,20,29,29,28,27,27,25,24,23,22,22,22,21,21,21,21,19,19,19,17,17,16,15,14,14,14,3,0,0,0,0,0,0,0,0,0,5,22,23,25,25,26,27,27,27,27,27,28,29,28,28,27,28,27,27,28,28,28,28,28,29,31,32
-61,125,20,25,25,24,23,23,22,21,20,20,20,19,18,18,18,18,18,18,17,16,15,14,14,13,13,12,3,0,0,0,0,0,0,0,0,0,5,20,21,21,21,22,22,22,22,23,23,24,24,24,23,23,23,22,22,23,23,23,23,24,25,25,26
-62,125,20,29,29,28,27,27,25,24,23,23,22,22,21,21,21,21,21,19,18,18,17,16,15,15,14,14,3,0,0,0,0,0,0,0,0,0,5,23,23,24,25,26,27,27,27,28,28,29,29,28,28,27,28,27,27,28,28,28,28,28,30,31,31
-61,125,20,28,27,26,25,24,24,23,21,21,21,21,21,20,20,20,19,18,18,17,16,16,15,14,14,13,4,0,0,0,0,0,0,0,0,0,6,22,22,23,24,24,24,25,25,25,26,26,26,26,26,26,26,26,25,25,25,25,26,26,27,28,29
-61,125,20,23,23,22,21,21,20,19,19,19,18,17,16,16,16,16,16,15,15,14,14,13,12,12,11,10,2,0,0,0,0,0,0,0,0,0,4,18,19,19,19,20,20,21,21,22,22,23,24,23,22,22,22,21,21,22,21,22,22,23,24,24,24
-61,125,20,25,25,24,23,22,21,20,20,20,19,18,18,18,18,18,17,17,16,15,15,14,14,13,13,12,3,0,0,0,0,0,0,0,0,0,5,20,20,21,21,22,22,22,23,24,24,25,25,25,24,23,24,23,22,23,23,23,24,24,25,26,26
-61,125,20,24,24,23,22,21,20,20,18,17,17,17,17,17,16,16,16,16,15,14,14,13,12,12,12,11,2,0,0,0,0,0,0,0,0,0,4,18,19,20,20,21,22,22,22,22,23,23,24,23,23,23,23,22,22,22,23,23,23,23,24,25,26
-61,125,20,28,27,26,25,25,24,23,22,22,22,20,20,20,20,19,19,19,17,17,17,15,15,15,13,13,3,0,0,0,0,0,0,0,0,0,5,21,22,23,23,24,25,25,26,26,26,27,27,26,26,26,26,26,26,26,26,26,26,27,27,29,29
-61,125,20,28,26,25,25,25,23,22,22,21,21,19,19,19,19,19,18,18,17,16,16,15,14,14,13,13,3,0,0,0,0,0,0,0,0,0,5,21,21,22,23,23,24,25,25,25,26,27,27,27,26,26,26,25,24,25,25,25,26,26,27,28,28
-62,125,20,30,29,28,27,26,25,24,23,23,22,22,21,21,21,21,21,20,19,18,18,17,15,15,15,14,3,0,0,0,0,0,0,0,0,0,6,23,24,25,25,26,26,26,26,27,28,29,29,29,27,27,28,27,26,26,27,27,29,28,29,31,31
-61,125,20,28,27,26,25,25,24,22,22,22,22,20,20,20,20,20,19,18,18,17,16,16,15,14,14,13,3,0,0,0,0,0,0,0,0,0,6,21,22,23,24,24,24,25,25,25,26,27,27,26,26,26,26,25,25,25,26,26,26,27,28,29,28
-61,125,20,27,27,25,24,24,22,21,21,21,21,19,18,19,19,20,19,18,17,17,16,15,14,14,13,13,2,0,0,0,0,0,0,0,0,0,5,21,21,22,23,23,23,24,24,25,26,27,27,26,25,24,25,25,24,24,25,25,25,27,28,28,27
-61,125,20,23,22,22,21,20,20,19,19,18,18,18,17,17,17,17,16,16,15,14,14,13,12,12,12,11,2,0,0,0,0,0,0,0,0,0,4,19,19,19,20,20,21,22,22,22,22,22,23,22,22,23,22,21,21,22,22,22,22,22,23,25,25
-61,125,20,26,26,25,24,24,23,22,21,21,21,20,19,19,19,19,19,18,17,16,15,14,14,13,13,13,3,0,0,0,0,0,0,0,0,0,5,21,21,22,22,23,23,24,24,24,25,26,26,26,24,24,24,24,24,25,24,25,25,26,27,27,27
-61,125,20,24,24,23,22,21,20,19,18,18,17,17,17,16,16,16,16,15,15,14,13,13,12,12,11,11,2,0,0,0,0,0,0,0,0,0,4,18,19,20,20,21,21,22,22,22,23,23,24,24,23,23,22,22,21,22,22,23,23,23,24,24,25
-61,125,20,24,23,22,22,21,21,20,19,18,18,17,17,18,17,17,16,16,15,15,13,13,12,12,12,12,2,0,0,0,0,0,0,0,0,0,5,18,19,20,20,21,21,21,21,22,22,23,23,23,23,23,22,22,22,22,22,22,23,23,24,25,25
-61,125,20,24,23,22,21,21,20,19,18,18,17,17,17,17,17,17,16,15,14,14,14,12,12,12,11,10,2,0,0,0,0,0,0,0,0,0,4,18,18,20,20,20,20,21,21,22,22,23,23,23,23,22,22,22,21,21,22,22,22,22,24,25,25
-62,125,20,29,29,28,27,26,25,24,22,22,22,21,20,20,20,21,20,20,19,18,17,16,15,15,14,13,2,0,0,0,0,0,0,0,0,0,5,23,22,24,24,25,26,27,27,27,28,29,29,28,27,27,27,27,26,27,27,27,28,29,30,31,30
-61,125,20,28,28,26,25,25,24,23,22,22,21,20,20,20,19,19,18,18,17,17,16,15,15,14,14,14,4,0,0,0,0,0,0,0,0,0,6,22,22,23,24,24,25,25,26,26,26,27,27,26,26,26,26,25,25,25,26,26,26,27,28,29,29
-61,125,20,24,23,23,22,20,20,19,18,18,18,17,17,17,17,17,16,16,15,14,13,13,12,12,11,11,2,0,0,0,0,0,0,0,0,0,4,19,19,19,20,20,21,21,21,22,22,23,23,23,22,21,22,22,21,21,22,22,23,23,24,25,25
-62,125,20,27,26,25,24,23,23,22,21,20,20,18,18,18,18,18,18,17,16,16,15,14,14,13,13,12,3,0,0,0,0,0,0,0,0,0,5,20,21,21,22,23,24,24,25,25,25,26,26,26,25,25,25,25,25,25,25,25,26,26,27,28,28
-62,125,20,26,26,25,25,24,22,21,20,20,20,19,18,18,18,18,18,18,17,15,15,14,13,13,12,12,2,0,0,0,0,0,0,0,0,0,4,20,20,21,22,23,24,24,24,24,25,26,26,26,25,24,25,24,24,24,25,25,25,25,26,27,27
-61,125,20,25,25,24,24,23,21,21,20,18,18,18,18,18,18,18,17,16,16,15,14,13,13,13,13,12,3,0,0,0,0,0,0,0,0,0,5,19,20,20,21,22,22,23,23,23,23,25,25,24,24,23,23,23,23,23,24,24,23,23,25,26,26
-61,125,20,26,25,24,23,22,22,21,20,18,18,18,18,18,18,18,17,16,16,15,15,14,13,13,13,12,3,0,0,0,0,0,0,0,0,0,5,20,21,21,21,22,22,22,23,23,23,24,24,24,24,24,24,23,23,23,23,24,24,24,25,26,27
-61,125,20,28,28,27,26,24,24,22,22,22,21,20,20,19,19,19,19,18,18,17,16,15,15,15,14,13,4,0,0,0,0,0,0,0,0,0,5,21,22,23,23,24,25,26,26,26,26,26,27,27,26,26,26,26,25,26,26,26,26,27,28,29,29
-61,125,20,28,27,26,25,25,24,23,22,22,22,21,20,20,20,20,19,19,18,17,17,16,15,15,14,14,4,0,0,0,0,0,0,0,0,0,6,22,22,23,24,24,24,25,25,25,26,27,27,27,26,26,25,25,25,25,25,26,26,27,28,29,29
-59,125,20,31,30,29,28,26,25,24,23,23,23,22,22,22,22,22,22,21,19,18,17,17,16,16,15,15,4,0,0,0,0,0,0,0,0,0,6,23,23,25,25,25,25,25,25,26,27,29,29,29,28,27,28,28,25,26,26,26,27,27,29,31,31
-61,125,20,25,24,23,22,22,21,20,19,19,19,18,17,17,17,17,16,15,15,14,14,13,13,12,12,11,2,0,0,0,0,0,0,0,0,0,4,18,19,20,21,21,21,21,22,22,22,23,24,23,22,22,22,22,21,22,22,23,23,24,25,25,25
-61,125,20,26,25,25,24,23,22,21,21,20,20,19,19,19,19,19,17,17,16,16,15,14,13,13,13,12,2,0,0,0,0,0,0,0,0,0,5,20,20,21,22,23,23,24,24,25,25,25,26,25,25,24,25,25,24,24,24,25,25,26,27,28,28
-61,125,20,25,24,23,22,21,21,20,19,19,19,18,17,17,17,17,17,16,15,14,14,13,12,12,12,11,2,0,0,0,0,0,0,0,0,0,4,19,19,19,20,21,21,22,22,23,23,23,23,23,22,22,23,22,22,22,22,23,23,23,24,25,26
-61,125,20,28,27,27,26,25,24,23,22,22,21,20,20,19,19,19,19,18,17,17,16,15,15,14,14,14,4,0,0,0,0,0,0,0,0,0,5,21,21,23,24,24,25,25,25,26,26,27,27,27,26,26,27,26,26,26,26,26,26,27,28,29,29
-61,125,20,27,27,26,25,24,23,22,22,21,21,19,19,20,19,19,19,17,17,17,15,15,14,14,13,13,3,0,0,0,0,0,0,0,0,0,5,21,22,22,23,23,24,25,25,25,26,27,27,27,26,26,26,25,25,26,25,25,25,26,27,27,28
-61,125,20,28,28,27,26,25,24,23,22,21,21,20,19,20,20,20,19,18,17,16,15,15,14,14,13,13,4,0,0,0,0,0,0,0,0,0,5,21,22,23,24,24,25,25,26,26,27,27,28,27,26,26,26,26,26,26,26,27,27,27,28,29,29
-61,125,20,25,24,24,23,22,21,20,20,19,19,19,19,18,18,18,18,17,16,15,15,14,13,13,12,12,3,0,0,0,0,0,0,0,0,0,5,20,20,21,21,21,22,23,23,23,23,24,24,24,24,23,23,22,23,23,23,24,23,24,24,25,26
-61,125,20,27,26,25,24,23,23,22,21,20,20,19,18,18,18,18,18,17,16,15,14,13,13,13,13,12,2,0,0,0,0,0,0,0,0,0,4,20,21,21,22,23,24,24,24,24,25,26,26,25,25,24,24,24,24,24,24,25,25,26,27,28,28
-62,125,20,29,29,28,27,26,25,24,24,23,22,22,21,21,21,21,20,19,19,18,17,16,15,14,13,13,3,0,0,0,0,0,0,0,0,0,5,23,23,24,24,25,26,27,27,28,28,29,29,29,29,28,28,28,27,27,28,28,28,28,29,30,31
-61,125,20,25,24,23,23,21,21,19,19,20,18,18,18,18,16,16,16,15,15,15,14,12,12,12,12,12,2,0,0,0,0,0,0,0,0,0,5,18,19,19,20,21,21,22,22,22,23,24,24,24,23,23,23,23,22,23,24,24,24,24,24,26,26
-61,125,20,32,31,30,28,27,26,26,24,24,23,23,22,22,22,22,21,21,20,19,18,17,16,16,15,15,4,0,0,0,0,0,0,0,0,0,6,24,25,26,26,27,27,28,29,29,30,30,30,30,29,29,29,29,28,29,29,29,29,30,31,32,32
-61,125,20,28,26,26,24,23,23,22,21,21,20,20,19,19,19,19,18,17,17,16,15,14,14,13,12,12,3,0,0,0,0,0,0,0,0,0,5,21,21,21,23,23,23,24,24,25,26,26,26,26,26,26,26,25,25,24,25,26,26,26,27,28,28
-61,125,20,24,24,23,22,21,20,19,18,18,18,17,17,17,16,16,16,16,14,14,13,12,12,12,11,10,2,0,0,0,0,0,0,0,0,0,3,18,18,19,20,21,21,21,21,22,22,23,24,23,23,22,22,22,22,22,22,22,23,23,24,25,25
-61,125,20,28,27,25,25,24,23,22,21,21,21,20,20,20,19,19,18,18,18,16,15,15,13,13,13,13,3,0,0,0,0,0,0,0,0,0,5,20,21,22,23,24,25,25,25,26,26,27,27,27,26,26,25,26,25,26,26,26,26,26,27,28,30
-61,125,20,24,24,24,22,22,22,20,20,20,19,18,17,17,18,17,17,16,16,15,14,13,13,12,12,11,3,0,0,0,0,0,0,0,0,0,4,18,19,20,21,21,21,22,22,22,23,24,24,24,23,23,23,22,22,22,23,23,24,24,25,26,25
-61,125,20,31,31,30,29,27,26,25,25,24,24,23,22,22,22,22,21,21,20,18,17,17,16,16,15,14,4,0,0,0,0,0,0,0,0,0,6,24,24,25,26,26,27,28,29,29,30,30,30,30,29,29,30,29,29,29,29,29,30,30,31,32,32
-62,125,20,31,31,29,28,27,27,26,25,25,24,22,22,22,22,22,21,20,20,19,18,17,17,16,15,15,4,0,0,0,0,0,0,0,0,0,6,24,24,25,26,26,27,27,28,29,30,30,30,30,29,29,29,29,28,28,29,29,30,30,31,32,31
-61,125,20,28,27,26,26,25,24,23,22,22,22,21,19,19,20,20,19,18,18,18,17,16,15,15,14,12,3,0,0,0,0,0,0,0,0,0,5,21,22,22,23,24,25,25,25,26,27,28,28,27,26,25,26,26,25,26,26,26,26,28,29,29,29
-61,125,20,27,27,26,25,25,24,23,21,21,21,21,20,20,20,20,19,19,18,17,16,15,14,14,13,13,4,0,0,0,0,0,0,0,0,0,6,21,22,22,24,24,24,25,25,25,26,26,27,26,26,25,25,25,25,26,26,26,26,26,27,29,29
-61,125,20,28,28,27,25,25,24,23,22,22,22,21,21,20,20,20,19,19,18,17,16,16,15,15,14,13,4,0,0,0,0,0,0,0,0,0,6,21,22,23,24,24,25,25,25,26,26,27,27,27,27,26,26,26,25,25,26,26,26,27,28,29,29
-61,125,20,27,26,26,24,23,23,21,20,20,20,19,19,19,19,19,18,17,17,16,15,14,13,13,12,12,2,0,0,0,0,0,0,0,0,0,4,20,21,21,22,23,23,24,24,24,25,26,26,26,25,25,25,24,24,24,25,25,25,26,27,28,28
-61,125,20,23,23,22,21,21,20,19,18,18,18,17,17,17,17,16,16,16,15,15,13,13,12,11,11,11,2,0,0,0,0,0,0,0,0,0,4,18,18,19,19,20,21,21,21,22,23,24,23,23,22,22,23,22,22,22,22,23,23,23,24,25,25
-62,125,20,30,29,29,27,26,25,25,24,23,23,22,22,22,21,21,20,19,19,18,17,16,15,15,15,14,3,0,0,0,0,0,0,0,0,0,5,23,24,24,25,25,26,27,27,27,28,28,29,29,28,28,28,28,27,27,28,28,28,29,30,31,32
-62,125,20,26,26,25,24,23,22,21,20,20,20,19,18,18,18,18,18,17,16,16,15,14,13,13,12,11,2,0,0,0,0,0,0,0,0,0,4,20,20,21,22,23,23,24,24,24,25,26,26,26,24,24,25,24,24,24,25,25,25,25,26,27,27
-62,125,20,31,31,30,29,28,27,26,24,24,24,23,22,21,21,22,22,21,20,19,18,17,17,16,15,14,4,0,0,0,0,0,0,0,0,0,6,23,24,25,26,27,27,28,28,28,30,30,30,30,28,28,28,28,29,29,29,29,30,31,32,32,32
-61,125,20,26,26,25,24,23,22,21,21,20,20,19,18,18,18,18,18,17,16,15,15,14,13,13,13,12,2,0,0,0,0,0,0,0,0,0,5,20,20,22,22,23,23,24,24,25,25,26,26,26,25,25,25,24,24,24,25,25,25,25,26,27,27
-61,125,20,23,23,23,22,21,21,19,19,18,18,17,17,17,16,16,17,16,14,13,13,13,12,12,11,11,2,0,0,0,0,0,0,0,0,0,4,18,18,19,20,20,21,22,21,21,22,23,23,23,22,22,22,21,22,22,22,22,23,23,24,25,25
-61,125,20,31,30,28,27,27,26,25,23,22,22,22,21,21,21,21,20,20,19,18,17,17,16,16,14,15,3,0,0,0,0,0,0,0,0,0,6,23,24,25,26,26,26,26,27,28,29,29,30,29,29,29,29,27,27,28,29,29,29,29,30,31,31
-61,125,20,29,28,26,26,25,24,23,22,21,21,21,21,21,20,20,18,18,18,17,16,16,15,14,14,14,4,0,0,0,0,0,0,0,0,0,5,22,23,23,24,24,25,25,25,26,26,27,27,27,27,26,26,26,25,26,26,26,27,27,28,29,29
-61,125,20,26,26,25,25,24,23,22,21,20,20,20,19,19,19,19,19,18,17,16,15,14,14,13,13,13,3,0,0,0,0,0,0,0,0,0,5,21,21,21,22,23,24,24,24,25,26,27,27,26,25,25,26,25,25,25,25,25,26,26,26,27,27
-61,125,20,27,27,26,25,24,24,22,22,21,21,19,19,19,19,19,18,18,17,16,16,15,14,14,13,12,3,0,0,0,0,0,0,0,0,0,5,21,21,22,23,23,24,24,25,25,26,27,27,27,25,25,25,25,25,25,25,26,26,26,28,29,29
-61,125,20,27,26,26,25,23,22,22,21,21,21,20,19,19,19,19,19,18,17,16,15,14,14,13,13,12,3,0,0,0,0,0,0,0,0,0,5,21,21,21,22,23,24,24,25,25,25,26,27,26,25,25,25,25,25,25,25,25,26,26,27,28,28
-62,125,20,30,30,28,28,27,26,24,24,23,23,23,22,22,22,21,21,20,20,19,18,17,16,15,15,15,4,0,0,0,0,0,0,0,0,0,6,24,24,25,26,26,27,27,28,28,28,29,29,29,29,29,29,28,27,27,28,29,30,30,31,32,32
-61,125,20,30,29,28,27,27,25,24,23,22,22,22,22,22,22,22,20,19,19,18,17,16,15,15,14,14,3,0,0,0,0,0,0,0,0,0,5,23,23,25,25,26,26,26,27,27,28,29,28,28,28,28,28,28,27,27,27,28,28,27,29,31,32
-61,125,20,24,24,23,22,22,20,19,18,18,18,18,17,17,17,17,16,16,15,14,14,13,12,12,11,11,2,0,0,0,0,0,0,0,0,0,4,18,19,19,20,21,21,21,21,22,22,24,24,23,23,23,23,22,22,22,22,23,23,23,24,25,25
-61,125,20,26,25,24,24,23,22,21,20,19,20,19,19,18,18,18,17,17,16,15,15,13,13,13,12,12,3,0,0,0,0,0,0,0,0,0,5,19,20,21,21,22,23,23,22,22,23,24,24,24,24,23,23,23,22,24,24,24,23,23,24,25,26
-62,125,20,30,30,29,28,26,25,24,24,24,23,21,21,21,21,21,20,20,19,18,17,16,16,15,14,14,3,0,0,0,0,0,0,0,0,0,5,23,23,24,25,26,26,27,27,27,28,29,29,28,27,27,27,27,27,27,28,28,29,29,30,31,31
-61,125,20,24,24,23,22,21,21,20,19,19,19,18,17,17,17,17,17,16,15,14,14,13,12,12,11,11,2,0,0,0,0,0,0,0,0,0,4,19,19,20,20,20,21,22,22,22,22,24,24,24,23,23,22,22,22,22,23,23,24,23,24,25,25
-61,125,20,27,26,25,25,23,23,22,21,20,20,19,18,18,18,18,18,17,17,16,15,14,14,13,13,12,2,0,0,0,0,0,0,0,0,0,5,20,20,21,22,23,24,24,24,25,25,26,26,25,25,25,25,25,24,25,24,25,25,26,27,28,28
-62,125,20,28,28,26,25,25,24,23,22,20,21,20,20,20,20,19,19,18,17,17,16,15,14,14,13,13,3,0,0,0,0,0,0,0,0,0,5,21,22,23,24,23,24,25,25,25,25,26,27,27,26,26,27,26,25,26,26,26,26,26,27,28,29
-61,125,20,24,24,23,22,22,21,20,19,19,19,19,18,18,18,18,17,17,16,16,15,14,13,13,12,12,3,0,0,0,0,0,0,0,0,0,5,19,20,21,21,21,22,23,22,22,24,24,24,24,23,23,24,23,23,23,23,24,24,25,25,26,26
-62,125,20,30,29,28,27,26,25,25,23,22,22,21,21,21,21,21,19,19,18,17,17,16,15,14,14,13,3,0,0,0,0,0,0,0,0,0,5,23,23,25,25,25,26,27,27,27,28,29,29,29,28,28,28,28,27,27,28,28,28,29,29,30,31
-61,125,20,27,27,26,25,24,23,22,21,21,21,21,19,19,19,19,19,18,17,16,15,15,15,13,12,12,3,0,0,0,0,0,0,0,0,0,5,21,22,23,23,23,24,24,24,25,26,26,26,26,25,25,26,25,24,24,25,25,26,27,27,28,28
-61,125,20,25,25,24,23,23,22,20,20,20,20,19,18,18,18,18,17,17,16,15,14,14,13,13,12,12,3,0,0,0,0,0,0,0,0,0,5,20,20,21,21,21,23,23,23,23,24,24,25,24,24,24,24,24,23,23,24,24,24,24,25,26,27
-61,125,20,24,23,23,22,21,20,19,19,19,18,16,16,16,16,16,16,15,15,14,13,12,12,11,11,10,2,0,0,0,0,0,0,0,0,0,3,18,19,19,20,21,21,21,22,21,22,23,24,24,23,22,22,22,21,22,22,23,23,23,24,25,25
-61,125,20,24,23,23,22,21,21,19,18,18,18,17,16,17,17,17,16,16,14,13,13,13,12,12,11,10,2,0,0,0,0,0,0,0,0,0,4,18,18,19,20,20,21,22,21,21,22,23,24,22,21,21,21,22,21,22,22,22,23,23,24,25,25
-61,125,20,25,25,24,23,22,21,20,20,19,19,18,18,17,18,18,17,16,15,15,14,13,13,13,13,12,3,0,0,0,0,0,0,0,0,0,5,19,20,21,22,22,23,23,23,24,24,25,25,24,24,23,23,23,23,23,23,24,24,25,25,26,26
-61,125,20,28,27,26,24,24,23,22,22,21,20,20,20,20,19,19,18,17,16,15,15,15,14,13,13,12,3,0,0,0,0,0,0,0,0,0,5,20,21,22,23,24,24,24,25,25,26,26,26,26,26,26,26,26,24,25,25,26,26,26,27,29,30
-61,125,20,23,23,22,21,21,20,20,18,18,18,17,17,16,17,17,16,15,15,14,13,12,12,11,11,10,2,0,0,0,0,0,0,0,0,0,4,18,18,19,19,20,21,21,21,22,23,24,23,23,22,22,23,22,21,22,22,23,23,23,24,25,25
-61,125,20,28,28,26,25,25,24,22,22,22,21,20,19,19,19,19,19,18,16,16,15,14,14,13,13,12,3,0,0,0,0,0,0,0,0,0,5,21,21,22,23,23,24,25,25,25,26,26,27,26,26,26,26,26,25,25,25,26,26,26,27,28,28
-61,125,20,24,23,23,22,21,21,19,19,18,18,17,16,16,16,16,16,15,14,13,13,13,12,12,11,11,2,0,0,0,0,0,0,0,0,0,4,18,19,19,20,21,21,21,22,23,23,23,23,22,22,22,22,22,21,22,22,22,23,23,24,25,25
-61,125,20,27,27,27,26,25,24,23,22,21,21,21,20,20,20,20,19,18,18,17,17,16,14,14,14,14,3,0,0,0,0,0,0,0,0,0,5,21,22,23,24,25,25,25,25,26,27,27,28,27,26,26,26,26,25,25,25,26,27,28,28,29,29
-61,125,20,28,28,27,26,25,24,23,21,21,21,21,20,20,20,20,19,19,18,17,16,15,14,14,13,13,4,0,0,0,0,0,0,0,0,0,6,22,22,23,23,24,25,25,25,26,26,27,28,27,26,26,26,26,26,26,26,26,27,27,28,29,30
-61,125,20,26,26,26,24,23,23,21,21,21,20,19,19,19,19,18,17,17,17,15,15,14,13,13,12,12,2,0,0,0,0,0,0,0,0,0,5,20,21,22,22,23,23,24,24,25,26,26,26,26,26,24,26,25,24,24,25,25,25,26,26,28,28
-61,125,20,31,30,29,28,27,26,25,24,24,24,23,22,22,22,22,21,20,20,19,18,17,17,16,15,14,4,0,0,0,0,0,0,0,0,0,6,24,24,25,26,26,27,28,29,28,30,30,31,30,28,28,28,29,28,29,29,29,29,30,31,31,30
-61,125,20,28,27,26,26,24,24,22,21,21,20,20,19,19,20,20,19,19,18,17,16,15,14,14,13,13,3,0,0,0,0,0,0,0,0,0,5,21,21,23,23,24,24,24,25,26,26,26,26,26,26,25,26,26,25,25,26,26,27,27,28,29,29
-61,125,20,28,28,26,25,25,24,23,22,21,21,21,20,20,20,20,20,18,18,17,17,16,14,14,13,13,4,0,0,0,0,0,0,0,0,0,5,21,22,23,24,25,25,25,25,26,26,27,27,27,26,26,26,26,25,26,26,26,26,26,28,29,29
-61,125,20,23,23,22,22,21,20,19,18,19,18,17,17,17,17,17,16,16,14,14,13,13,12,11,11,11,2,0,0,0,0,0,0,0,0,0,4,18,18,19,20,21,21,22,22,22,23,24,24,24,23,23,23,22,22,22,22,23,23,23,24,25,25
-61,125,20,25,25,24,23,22,21,21,20,21,19,18,18,18,17,17,17,16,16,15,14,13,13,13,13,13,3,0,0,0,0,0,0,0,0,0,5,19,20,21,21,21,22,23,23,23,24,24,24,24,24,24,24,23,23,23,23,24,24,25,25,25,26
-62,125,20,26,25,25,24,23,21,20,21,22,20,19,19,18,17,17,17,16,16,15,14,14,13,12,12,12,3,0,0,0,0,0,0,0,0,0,4,19,19,20,22,23,24,24,24,24,24,25,26,26,25,25,25,24,24,24,24,24,24,25,26,27,28
-61,125,20,31,31,29,29,27,26,25,25,24,24,23,22,22,21,21,21,20,19,19,18,17,16,16,16,15,4,0,0,0,0,0,0,0,0,0,6,24,25,26,26,27,28,28,28,29,29,30,30,29,29,29,29,29,28,28,29,29,30,30,31,32,32
-61,125,20,27,26,25,24,23,22,22,21,21,20,19,19,19,18,18,17,17,16,15,14,14,13,13,12,12,2,0,0,0,0,0,0,0,0,0,5,20,21,21,22,22,23,24,24,25,25,25,26,25,25,24,25,24,24,24,24,25,25,25,27,27,27
-61,125,20,28,27,27,26,25,24,23,22,22,22,20,19,19,19,19,19,18,18,17,16,16,15,15,14,13,4,0,0,0,0,0,0,0,0,0,6,21,22,23,24,24,25,25,25,26,27,28,27,27,26,25,26,26,26,26,26,26,27,28,29,29,28
-61,125,20,30,30,29,27,27,25,24,24,23,22,21,21,21,20,20,20,19,19,18,17,16,15,15,14,14,3,0,0,0,0,0,0,0,0,0,5,23,23,24,25,26,26,27,28,28,28,29,29,29,28,28,28,27,27,28,28,28,29,29,30,31,32
-61,125,20,25,25,24,23,22,22,21,19,19,19,19,18,18,18,18,18,17,16,15,15,14,14,13,13,12,3,0,0,0,0,0,0,0,0,0,5,19,20,21,22,22,22,22,23,24,24,25,25,24,24,23,24,23,23,24,23,23,23,24,25,26,27
-61,125,20,26,26,26,25,24,23,21,20,21,21,19,18,18,19,18,18,18,17,16,15,14,14,13,12,12,3,0,0,0,0,0,0,0,0,0,5,20,21,21,22,23,23,24,24,24,26,26,26,25,24,24,24,24,24,25,25,25,25,26,26,27,27
-62,125,20,29,29,28,27,26,25,25,23,22,22,21,21,21,21,21,20,19,18,18,17,16,15,14,14,13,3,0,0,0,0,0,0,0,0,0,5,23,24,24,25,25,26,27,27,28,28,29,29,29,28,28,28,28,27,27,28,28,28,28,29,31,31
-62,125,20,29,29,28,26,26,25,24,22,22,22,21,20,20,20,20,20,19,18,18,16,16,15,15,13,13,3,0,0,0,0,0,0,0,0,0,5,23,23,24,24,25,26,26,26,27,27,28,29,28,27,27,27,26,26,26,27,27,27,28,29,30,30
-61,125,20,27,26,25,24,24,22,22,21,21,21,20,20,20,19,19,19,18,18,17,16,15,14,14,13,12,3,0,0,0,0,0,0,0,0,0,5,21,21,22,22,23,24,24,24,25,25,26,26,26,25,25,25,25,24,25,25,26,26,26,27,27,28
-62,125,20,27,26,26,25,23,23,23,21,20,20,19,19,19,18,18,18,17,17,16,16,15,14,13,13,12,2,0,0,0,0,0,0,0,0,0,5,21,21,23,22,23,24,24,25,25,26,27,27,27,25,26,26,25,24,25,25,26,26,27,27,28,29
-62,125,20,29,29,28,27,26,25,24,23,22,22,22,21,21,21,21,20,20,19,18,17,16,15,15,14,14,3,0,0,0,0,0,0,0,0,0,5,23,24,24,25,26,26,27,27,27,28,28,30,29,28,28,27,27,27,27,28,28,28,28,30,31,31
-62,125,20,28,27,27,26,25,24,23,21,22,21,21,20,20,20,20,19,19,17,17,16,16,15,14,13,13,3,0,0,0,0,0,0,0,0,0,5,21,22,22,24,24,24,24,25,26,27,27,27,27,26,26,26,26,25,25,25,26,26,27,27,28,28
-61,125,20,26,25,24,23,22,21,20,20,20,19,18,18,18,18,18,17,16,16,15,15,14,13,13,13,12,3,0,0,0,0,0,0,0,0,0,5,19,20,21,22,22,23,23,23,23,24,25,25,25,24,23,23,23,23,23,23,24,24,25,26,26,25
-62,125,20,30,29,29,27,26,26,24,23,23,23,22,21,22,21,21,21,20,18,18,18,17,16,15,15,14,3,0,0,0,0,0,0,0,0,0,5,23,24,25,26,26,27,27,27,27,28,29,30,29,28,28,28,27,27,27,28,28,28,29,30,31,31
-62,125,20,31,30,30,29,28,27,25,24,23,24,22,21,21,21,21,21,21,21,19,18,17,17,16,15,14,4,0,0,0,0,0,0,0,0,0,6,24,24,25,25,26,27,28,28,28,30,31,31,30,29,28,29,28,28,28,29,28,29,30,32,32,32
-61,125,20,28,28,26,25,25,24,22,21,20,20,20,19,19,19,19,18,18,18,16,16,15,14,14,14,13,4,0,0,0,0,0,0,0,0,0,6,21,22,23,24,24,25,25,26,26,26,27,27,26,26,26,26,26,25,25,26,26,26,27,28,29,29
-61,125,20,26,26,25,24,23,22,21,21,21,20,19,18,18,18,18,18,17,17,16,15,14,13,13,12,12,2,0,0,0,0,0,0,0,0,0,4,20,20,21,22,22,23,24,24,25,24,25,26,25,24,24,24,25,24,25,25,25,24,25,26,27,27
-61,125,20,25,25,24,23,22,21,20,20,20,19,19,18,18,18,18,17,17,16,15,15,14,13,13,12,12,3,0,0,0,0,0,0,0,0,0,5,19,20,21,21,21,23,23,23,23,24,24,24,24,24,24,24,24,23,23,23,23,23,24,25,25,26
-61,125,20,28,27,26,25,25,24,23,21,20,20,20,20,20,19,19,19,18,18,17,16,15,15,14,14,14,4,0,0,0,0,0,0,0,0,0,5,21,22,23,24,24,25,26,25,25,26,27,27,27,26,26,26,26,25,26,26,26,26,26,27,28,29
-61,125,20,28,27,27,25,25,23,22,22,22,21,21,20,19,19,20,19,19,18,17,16,15,15,15,14,13,3,0,0,0,0,0,0,0,0,0,5,21,23,23,25,24,24,25,25,25,26,27,27,27,26,26,26,26,25,26,26,26,27,27,28,30,30
-62,125,20,28,27,26,25,25,24,23,22,22,21,20,20,20,20,20,19,19,18,17,16,16,15,15,14,14,4,0,0,0,0,0,0,0,0,0,6,21,22,23,24,24,25,25,25,25,27,27,27,26,26,26,26,25,25,25,26,26,26,27,27,28,28
-61,125,20,27,26,26,25,24,24,22,22,22,21,19,18,18,19,19,18,18,17,17,15,15,14,14,13,12,3,0,0,0,0,0,0,0,0,0,5,21,21,22,22,23,24,25,24,25,27,27,27,26,25,25,25,26,25,25,26,25,25,26,27,28,28
-62,125,20,29,29,29,28,26,25,25,23,23,23,22,22,21,22,22,20,20,19,18,18,17,16,15,15,13,3,0,0,0,0,0,0,0,0,0,5,23,23,25,26,26,27,27,28,28,29,29,30,29,28,28,28,28,27,28,28,28,29,29,30,30,31
-61,125,20,27,27,25,25,24,23,21,21,21,21,20,20,19,18,18,18,18,17,16,16,15,14,13,13,12,2,0,0,0,0,0,0,0,0,0,5,20,21,22,23,24,24,25,25,25,25,27,27,26,26,26,25,25,25,25,25,25,25,26,27,28,28
-61,125,20,26,26,25,24,23,22,21,20,19,19,19,19,19,19,19,19,17,16,16,15,14,13,13,12,12,2,0,0,0,0,0,0,0,0,0,4,21,21,22,23,22,23,23,24,25,25,26,26,25,24,24,25,24,23,24,25,25,25,26,26,28,28
-61,125,20,27,26,26,25,24,23,22,21,22,21,20,19,19,19,19,19,18,17,16,15,15,14,14,13,12,3,0,0,0,0,0,0,0,0,0,5,20,21,22,23,23,24,24,24,24,25,26,26,26,25,25,25,24,24,24,25,25,25,26,27,27,27
-62,125,20,29,28,28,27,26,25,24,23,22,22,21,20,21,21,20,20,19,19,17,17,16,15,15,14,13,3,0,0,0,0,0,0,0,0,0,5,22,23,23,25,25,26,26,26,26,27,28,28,28,27,27,27,26,26,26,28,27,28,28,29,31,31
-61,125,20,24,23,23,22,22,20,20,18,18,19,17,17,17,17,17,16,16,15,14,13,13,13,13,12,11,2,0,0,0,0,0,0,0,0,0,4,18,19,20,20,20,21,21,22,22,23,24,24,24,22,22,22,22,22,23,23,23,23,24,24,25,25
-61,125,20,25,24,24,23,23,21,20,19,19,19,18,18,18,18,18,17,16,16,15,14,14,13,13,13,12,3,0,0,0,0,0,0,0,0,0,5,19,20,21,21,22,22,23,23,23,24,24,24,24,24,24,24,23,22,23,23,24,24,25,25,25,26
-61,125,20,28,27,26,25,24,23,23,22,23,22,21,21,20,19,19,19,19,17,17,17,15,15,15,14,14,4,0,0,0,0,0,0,0,0,0,5,21,22,22,23,24,25,25,25,26,26,27,27,27,26,26,26,26,25,25,26,26,27,27,28,29,29
-61,125,20,27,26,26,25,24,23,22,22,21,20,19,19,19,19,19,19,18,17,16,16,15,14,14,13,12,2,0,0,0,0,0,0,0,0,0,5,21,21,22,23,24,24,25,25,25,25,26,26,26,25,25,25,24,24,25,25,25,25,26,26,28,28
-62,125,20,30,29,29,28,27,26,25,24,24,24,23,22,21,22,22,21,20,19,18,17,17,16,16,15,14,4,0,0,0,0,0,0,0,0,0,6,23,23,25,26,26,27,27,27,27,28,29,29,29,29,28,27,28,27,28,28,28,29,29,30,30,31
-61,125,20,27,27,26,25,25,24,23,21,21,21,20,20,20,20,20,19,19,18,17,16,15,15,14,14,13,4,0,0,0,0,0,0,0,0,0,6,21,22,23,24,24,25,25,25,25,26,26,27,26,26,26,26,26,25,25,26,26,26,26,27,28,28
-61,125,20,24,24,23,21,20,20,18,19,18,17,17,17,17,17,17,16,15,15,14,13,13,12,11,11,11,2,0,0,0,0,0,0,0,0,0,3,18,18,19,20,20,21,21,22,22,22,23,23,23,23,23,23,22,22,22,22,22,22,22,24,25,25
-61,125,20,27,27,26,24,24,24,22,21,20,21,20,20,20,19,19,18,18,17,16,16,15,14,14,13,13,3,0,0,0,0,0,0,0,0,0,5,21,22,22,23,24,24,25,25,25,26,26,27,26,26,25,26,25,24,25,25,25,26,26,26,28,28
-62,125,20,31,30,29,28,27,27,25,25,25,24,23,22,22,22,21,21,20,19,18,18,17,17,15,15,15,4,0,0,0,0,0,0,0,0,0,6,24,25,26,27,27,27,29,29,29,30,30,30,30,29,29,29,28,28,29,29,29,29,29,31,32,32
-61,125,20,27,27,26,25,24,23,22,21,21,20,19,19,19,19,19,18,18,17,16,15,15,14,14,13,13,3,0,0,0,0,0,0,0,0,0,5,20,21,22,23,24,24,24,25,25,26,26,26,25,25,25,25,25,25,25,25,25,26,27,27,28,28
-62,125,20,30,30,29,28,28,27,25,24,24,23,23,22,22,22,22,21,20,19,19,18,17,16,15,15,15,4,0,0,0,0,0,0,0,0,0,6,23,24,25,26,27,27,28,28,29,30,31,31,30,29,29,29,29,28,28,29,29,29,29,30,31,31
-61,125,20,24,24,23,22,21,20,19,18,18,18,18,17,17,17,17,17,16,16,15,14,13,13,12,12,11,2,0,0,0,0,0,0,0,0,0,4,19,19,20,20,20,22,22,22,23,23,24,24,23,23,22,23,23,21,22,23,23,23,23,24,24,24
-62,125,20,31,30,28,27,26,26,25,24,23,24,23,22,22,22,22,21,21,20,19,18,17,16,16,15,15,4,0,0,0,0,0,0,0,0,0,6,24,24,25,25,27,27,27,28,28,28,29,30,29,29,29,29,28,27,28,28,28,29,30,31,32,32
-61,125,20,24,24,23,22,21,21,20,19,18,18,17,17,17,17,17,16,16,15,14,13,13,13,12,12,11,2,0,0,0,0,0,0,0,0,0,4,19,19,20,20,21,21,22,22,23,23,24,25,23,23,22,23,23,22,22,23,22,23,23,24,25,25
-61,125,20,24,24,23,22,22,20,19,18,18,18,18,17,17,17,17,16,16,15,15,14,13,12,12,12,11,2,0,0,0,0,0,0,0,0,0,4,19,19,20,20,21,21,21,22,22,23,24,24,24,23,22,22,22,22,22,22,22,23,23,24,25,26
-62,125,20,29,28,27,27,26,25,24,21,18,21,23,22,22,22,22,20,19,18,17,17,17,15,15,14,14,4,0,0,0,0,0,0,0,0,0,5,23,23,25,25,26,26,28,29,27,28,30,29,29,28,28,28,29,27,27,27,27,29,29,28,29,31
-61,125,20,29,29,28,26,25,25,24,24,24,22,21,20,20,21,21,21,19,18,17,17,16,15,15,14,13,3,0,0,0,0,0,0,0,0,0,5,22,23,24,25,26,26,26,27,28,29,29,30,29,28,27,28,27,27,27,28,28,28,28,29,30,29
-61,125,20,25,25,25,24,23,21,20,20,20,20,19,18,18,18,18,18,17,17,16,15,14,14,13,13,12,3,0,0,0,0,0,0,0,0,0,5,20,20,20,22,22,23,23,24,24,24,25,25,25,23,23,23,23,22,23,24,24,23,24,25,26,25
-61,125,20,27,27,26,25,24,23,22,21,22,22,19,19,19,19,19,18,18,17,17,16,15,15,14,13,13,3,0,0,0,0,0,0,0,0,0,5,21,22,22,24,24,25,26,25,26,26,27,27,27,26,26,26,25,25,25,25,25,25,26,27,27,27
-62,125,20,30,30,29,27,26,25,24,22,21,22,22,21,22,21,21,20,20,19,18,17,16,15,15,14,14,3,0,0,0,0,0,0,0,0,0,5,22,23,24,26,26,27,27,28,27,27,29,30,29,29,29,29,28,27,28,28,29,28,28,30,32,32
-61,125,20,24,24,23,22,21,21,20,19,18,18,17,17,17,17,17,17,16,15,14,14,13,13,12,12,11,2,0,0,0,0,0,0,0,0,0,4,19,19,20,21,21,22,22,22,22,23,24,23,23,22,22,22,22,22,22,23,23,23,24,24,25,25
-61,125,20,24,24,23,22,22,21,20,19,19,19,18,17,17,17,17,17,16,15,14,14,13,12,12,12,11,2,0,0,0,0,0,0,0,0,0,4,19,19,20,21,21,22,22,22,22,23,23,24,23,23,22,22,22,22,22,23,23,23,23,24,25,26
-61,125,20,24,23,23,22,21,20,19,18,17,18,17,16,17,17,17,16,16,15,13,13,12,12,12,12,12,2,0,0,0,0,0,0,0,0,0,3,18,18,19,20,20,21,22,22,22,22,23,24,23,23,23,23,22,21,22,22,22,23,22,24,25,25
-61,125,20,27,26,26,25,24,23,22,21,20,20,19,19,19,19,19,18,17,17,16,15,14,14,13,13,12,3,0,0,0,0,0,0,0,0,0,5,21,21,22,23,23,24,24,24,25,25,26,26,25,24,24,25,24,24,25,25,25,26,26,27,27,27
-61,125,20,24,23,23,23,22,21,19,16,14,16,17,17,17,16,16,16,16,15,14,13,13,12,12,11,11,2,0,0,0,0,0,0,0,0,0,5,19,19,20,21,22,21,22,23,23,24,24,25,23,22,22,23,22,23,22,22,22,23,24,25,25,25
-61,125,20,27,27,26,25,24,23,23,22,22,22,21,20,20,20,20,20,19,18,17,17,16,15,15,14,14,4,0,0,0,0,0,0,0,0,0,6,22,23,23,23,24,25,26,26,26,26,27,27,26,26,26,26,26,25,25,26,26,26,26,28,29,30
-61,125,20,25,24,24,23,22,22,20,20,20,20,19,18,18,18,18,18,17,16,16,15,14,14,13,13,13,4,0,0,0,0,0,0,0,0,0,5,20,20,21,22,22,23,23,23,23,23,25,25,24,24,24,23,23,23,23,23,23,24,24,25,26,26
-62,125,20,31,30,29,28,27,26,25,25,25,24,23,22,22,22,22,21,20,20,19,18,17,17,16,15,15,4,0,0,0,0,0,0,0,0,0,6,25,25,26,26,27,27,28,28,29,30,31,31,30,29,29,29,28,28,28,29,29,29,30,31,31,31
-61,125,20,28,27,26,26,24,24,24,22,22,22,21,20,20,20,20,20,19,17,17,16,16,14,14,14,14,4,0,0,0,0,0,0,0,0,0,5,21,22,23,24,24,25,25,26,26,26,28,28,27,27,27,27,26,25,26,26,27,27,26,28,29,29
-61,125,20,27,26,26,26,25,24,22,21,21,21,20,19,19,19,20,20,19,18,17,16,15,15,14,13,12,3,0,0,0,0,0,0,0,0,0,6,21,22,22,24,24,24,25,25,25,27,28,27,26,25,24,25,25,25,26,26,26,26,27,27,27,27
-61,125,20,25,24,24,22,22,21,21,20,19,19,18,18,18,18,18,17,17,17,15,14,14,13,13,13,12,3,0,0,0,0,0,0,0,0,0,5,20,20,21,22,22,23,23,23,24,24,25,25,25,24,24,24,24,23,24,24,24,24,24,25,26,26
-61,125,20,31,29,29,27,27,26,24,24,25,24,23,21,21,21,21,21,20,19,18,17,16,16,15,14,14,4,0,0,0,0,0,0,0,0,0,6,24,24,26,26,26,27,27,28,28,29,30,30,30,29,29,29,29,28,28,28,29,29,30,30,31,31
-61,125,20,24,24,23,22,21,21,19,19,19,18,18,17,17,17,17,16,16,15,14,14,13,12,12,12,12,2,0,0,0,0,0,0,0,0,0,5,19,20,20,21,21,22,23,22,23,24,25,25,24,23,23,23,24,22,22,23,23,24,23,24,25,25
-61,125,20,26,26,25,25,24,22,22,21,21,21,19,19,19,19,19,17,17,16,15,15,14,13,12,12,12,2,0,0,0,0,0,0,0,0,0,5,20,21,21,22,23,24,24,24,25,25,26,26,26,25,25,25,24,24,24,25,25,25,26,27,27,27
-61,125,20,26,26,24,24,23,22,21,20,20,20,19,19,18,19,19,18,16,16,16,14,14,14,13,12,12,2,0,0,0,0,0,0,0,0,0,5,21,21,22,23,23,24,25,24,25,26,27,27,25,25,25,25,25,24,25,25,25,25,25,27,27,28
-61,125,20,28,27,27,26,24,24,23,22,22,22,21,20,20,19,20,20,18,17,17,17,16,14,14,14,14,4,0,0,0,0,0,0,0,0,0,5,22,22,23,24,25,25,26,26,26,28,28,28,27,27,26,26,26,26,26,27,27,27,27,28,29,29
-62,125,20,26,25,24,23,23,22,21,20,21,20,18,18,18,17,17,17,17,16,15,15,14,13,13,12,12,3,0,0,0,0,0,0,0,0,0,4,20,21,22,23,24,24,24,24,25,26,27,27,26,26,25,26,25,24,25,25,25,25,25,26,28,27
-61,125,20,25,24,23,23,22,21,20,19,19,19,19,18,18,17,17,17,17,16,16,14,14,13,13,12,12,3,0,0,0,0,0,0,0,0,0,5,19,20,20,21,22,23,23,24,24,25,25,26,25,25,24,24,24,23,24,24,24,24,25,26,26,27
-61,125,20,31,30,29,28,28,26,25,24,24,23,23,23,23,21,21,21,20,20,19,18,17,16,16,15,15,4,0,0,0,0,0,0,0,0,0,6,24,25,25,27,27,28,29,29,29,30,31,31,31,31,30,30,30,29,30,30,30,30,30,31,32,33
-62,125,20,25,25,24,23,22,20,19,20,20,19,19,18,18,17,17,17,17,16,15,14,14,12,12,12,12,2,0,0,0,0,0,0,0,0,0,4,19,20,21,22,23,23,24,24,24,24,25,25,25,25,25,25,24,23,24,24,25,24,24,25,27,27
-61,125,20,24,23,23,21,21,20,18,18,17,17,17,16,16,16,16,16,15,15,14,13,12,12,12,11,11,2,0,0,0,0,0,0,0,0,0,4,18,18,19,21,21,22,22,22,22,23,24,23,23,23,23,23,22,21,22,22,22,22,23,25,25,25
-61,125,20,30,30,29,28,27,25,24,24,23,22,22,22,21,21,21,20,19,19,18,17,16,16,15,15,14,3,0,0,0,0,0,0,0,0,0,5,24,24,25,25,26,27,28,28,28,29,30,30,30,28,27,27,28,28,28,28,29,29,29,30,31,30
-61,125,20,26,26,25,24,23,22,21,20,21,20,18,18,18,19,18,17,17,17,15,15,14,13,13,13,12,2,0,0,0,0,0,0,0,0,0,4,20,21,21,23,23,24,24,24,25,26,27,26,26,25,25,25,25,24,25,25,26,26,26,27,27,28
-61,125,20,28,28,27,26,25,24,23,22,22,21,20,20,20,19,19,19,18,18,17,16,15,15,14,14,14,4,0,0,0,0,0,0,0,0,0,6,22,22,23,24,25,25,26,26,27,27,28,28,27,27,27,27,26,26,26,26,27,27,27,28,29,29
-61,125,20,24,23,23,23,21,21,20,18,18,18,17,17,17,16,16,16,16,15,15,14,14,13,12,11,10,2,0,0,0,0,0,0,0,0,0,5,19,19,20,21,21,22,22,22,23,24,25,25,24,23,23,23,22,22,22,22,23,23,24,25,25,25
-61,125,20,28,27,26,25,24,23,22,21,21,21,20,20,19,19,19,19,18,18,17,17,15,15,14,13,13,4,0,0,0,0,0,0,0,0,0,5,21,22,24,24,24,25,26,26,27,27,28,28,28,27,27,27,26,26,26,26,26,27,27,28,29,28
-61,125,20,28,27,26,26,25,23,23,21,21,21,20,19,19,20,20,19,19,17,17,16,15,15,15,14,13,3,0,0,0,0,0,0,0,0,0,5,22,22,23,24,25,25,25,26,26,26,28,28,27,27,26,26,26,26,26,26,26,27,27,28,29,29
-61,125,20,29,29,28,26,25,25,24,23,23,22,21,20,20,20,20,20,19,18,17,17,15,15,15,13,13,3,0,0,0,0,0,0,0,0,0,5,23,23,24,25,26,26,27,27,27,28,29,30,29,28,27,28,27,26,27,28,27,28,29,30,31,30
-61,125,20,24,24,23,22,22,21,20,19,18,18,17,17,17,17,16,16,15,15,14,14,13,12,12,11,11,2,0,0,0,0,0,0,0,0,0,4,19,19,20,21,21,22,22,22,23,23,24,24,23,23,23,23,22,22,22,23,23,23,23,24,25,24
-61,125,20,30,29,27,26,26,25,23,23,22,22,21,21,21,20,20,20,20,18,17,17,15,14,14,14,13,3,0,0,0,0,0,0,0,0,0,5,23,23,24,25,26,27,27,27,27,28,29,29,29,28,28,28,27,27,28,28,27,27,28,29,30,32
-61,125,20,30,29,28,27,25,25,23,23,23,23,21,21,21,21,21,20,19,19,18,17,16,15,15,14,14,3,0,0,0,0,0,0,0,0,0,5,23,24,24,25,26,27,28,28,28,29,29,30,30,29,29,29,29,27,28,28,27,28,29,30,31,32
-61,125,20,29,29,27,27,26,25,24,23,23,22,21,21,21,21,21,20,19,19,18,17,16,15,14,14,14,3,0,0,0,0,0,0,0,0,0,5,22,23,25,25,26,27,28,28,28,28,30,29,28,28,28,28,28,26,27,27,27,28,28,29,30,31
-62,125,20,30,29,28,27,27,26,25,24,23,23,23,22,22,22,22,22,21,20,19,18,17,17,16,16,15,4,0,0,0,0,0,0,0,0,0,7,25,25,26,26,26,27,28,28,28,30,30,30,29,29,29,29,28,27,28,29,29,30,29,30,31,32
-61,125,20,27,27,26,25,25,23,22,21,20,21,21,21,21,19,19,19,18,18,17,16,15,14,14,13,13,3,0,0,0,0,0,0,0,0,0,5,21,22,23,24,25,26,26,26,26,26,27,28,28,26,26,26,26,25,26,26,27,27,27,27,29,29
-61,125,20,27,26,25,24,23,22,21,20,19,19,19,18,18,18,18,17,17,16,15,14,14,13,13,12,12,3,0,0,0,0,0,0,0,0,0,5,20,21,22,23,24,25,25,25,25,26,27,27,26,25,25,25,25,25,25,26,26,26,26,27,28,28
-62,125,20,30,30,29,28,27,26,25,24,23,23,23,22,22,22,22,21,21,20,19,18,17,16,16,15,15,4,0,0,0,0,0,0,0,0,0,6,24,25,26,27,27,27,28,28,28,29,30,30,30,29,29,29,28,28,29,29,28,29,29,30,32,32
-62,125,20,30,30,29,28,27,26,25,23,23,22,22,20,20,21,21,21,20,19,18,17,16,16,15,15,14,4,0,0,0,0,0,0,0,0,0,5,24,24,25,26,26,27,29,28,29,30,31,31,30,29,28,28,29,28,29,29,28,29,30,30,32,32
-61,125,20,25,25,23,22,22,21,20,19,19,19,18,18,18,18,18,17,17,16,16,15,14,13,13,12,12,3,0,0,0,0,0,0,0,0,0,5,20,20,21,21,21,22,22,23,23,24,25,25,24,23,23,24,24,22,22,23,23,24,24,25,26,26
-61,125,20,25,24,23,23,22,22,20,19,19,19,18,18,18,18,18,17,17,16,15,14,14,13,13,13,12,3,0,0,0,0,0,0,0,0,0,5,20,21,21,21,22,23,24,24,24,24,24,25,24,24,24,24,24,24,23,24,24,24,24,25,26,26
-61,125,20,28,27,26,26,25,24,22,22,22,22,21,20,20,20,19,19,18,18,17,17,16,15,15,14,14,4,0,0,0,0,0,0,0,0,0,6,22,23,24,24,25,25,25,25,25,26,27,27,27,26,26,26,26,25,26,26,26,27,27,28,29,30
-61,125,20,25,24,23,22,21,20,19,18,18,18,18,17,17,17,16,16,16,16,14,14,13,12,12,12,12,3,0,0,0,0,0,0,0,0,0,5,20,20,21,21,22,22,22,23,23,24,25,25,24,23,23,24,24,23,23,24,23,23,24,25,25,26
-61,125,20,24,24,23,22,21,21,20,19,19,18,17,17,17,17,16,16,16,15,14,14,13,13,12,12,11,2,0,0,0,0,0,0,0,0,0,4,19,19,20,21,21,22,22,22,23,23,24,23,23,23,22,22,22,22,22,23,23,23,23,24,25,26
-61,125,20,27,27,26,24,23,23,22,21,21,20,20,19,19,19,19,19,17,17,17,16,14,14,14,13,12,3,0,0,0,0,0,0,0,0,0,5,21,21,22,23,24,25,25,24,25,26,27,26,26,25,25,25,25,24,24,25,25,26,26,27,28,28
-61,125,20,24,24,23,22,21,20,19,18,18,18,17,17,16,16,17,16,16,15,14,14,13,12,12,12,11,2,0,0,0,0,0,0,0,0,0,4,19,19,20,21,21,22,22,22,22,23,24,24,24,23,23,23,22,22,22,23,23,23,24,25,25,26
-61,125,20,25,24,23,22,22,21,20,19,18,19,18,18,18,17,17,17,17,16,15,15,14,13,13,12,12,3,0,0,0,0,0,0,0,0,0,5,20,20,21,21,22,22,23,23,24,25,25,25,24,24,23,24,24,23,23,24,23,24,25,25,26,27
-61,125,20,26,26,25,24,23,22,21,20,19,19,19,19,18,18,18,17,17,16,15,15,14,13,12,13,13,3,0,0,0,0,0,0,0,0,0,5,20,21,22,22,23,23,24,24,25,25,25,26,26,25,25,25,24,23,24,24,25,25,25,26,27,28
-62,125,20,30,29,28,27,26,25,24,23,23,22,21,21,21,21,20,20,19,18,18,17,16,15,15,14,14,3,0,0,0,0,0,0,0,0,0,5,23,24,25,26,27,27,28,28,28,29,29,29,29,29,28,28,28,27,28,28,28,28,29,30,32,32
-61,125,20,27,25,25,23,23,22,21,20,21,20,18,18,18,18,18,17,17,16,15,15,14,13,13,12,11,2,0,0,0,0,0,0,0,0,0,4,21,21,22,23,22,24,24,25,25,26,26,26,26,26,24,25,24,24,24,24,25,26,26,27,27,28
-61,125,20,28,28,26,25,24,23,22,22,22,21,20,20,20,20,20,19,18,18,17,16,16,15,14,14,14,4,0,0,0,0,0,0,0,0,0,6,22,22,23,24,25,25,26,26,26,27,27,28,27,26,25,26,26,25,26,26,26,27,27,28,29,29
-61,125,20,24,24,22,22,21,21,20,19,19,18,17,17,17,17,17,16,16,15,15,14,13,13,13,12,12,3,0,0,0,0,0,0,0,0,0,5,19,20,21,21,22,22,22,23,23,23,24,24,24,24,24,24,23,22,22,23,24,24,24,25,26,26
-61,125,20,27,27,27,26,24,23,22,22,22,21,20,20,20,20,20,19,19,18,17,17,16,14,14,14,14,4,0,0,0,0,0,0,0,0,0,5,22,23,23,24,24,26,26,26,25,26,27,27,27,26,26,26,26,26,26,26,26,26,26,28,29,29
-61,125,20,24,24,22,21,21,21,19,18,18,18,17,17,17,17,16,16,15,15,14,13,13,13,12,12,11,2,0,0,0,0,0,0,0,0,0,4,19,19,20,21,21,21,22,23,23,23,24,24,25,23,23,23,23,22,22,21,22,23,23,24,25,26
-61,125,20,23,23,22,21,20,20,19,19,19,18,17,17,17,17,17,16,16,15,14,14,13,12,12,11,11,2,0,0,0,0,0,0,0,0,0,4,19,19,20,20,20,21,22,22,22,23,24,24,23,23,23,23,22,21,22,22,23,23,23,23,24,24
-62,125,20,31,30,28,27,26,25,24,24,24,24,21,21,21,21,21,19,19,18,18,17,17,16,15,15,15,3,0,0,0,0,0,0,0,0,0,5,23,24,26,26,27,27,28,28,28,29,30,30,30,29,29,29,28,27,28,28,29,29,30,30,31,31
-61,125,20,24,24,22,21,21,21,20,18,18,18,17,17,16,16,16,16,15,14,14,13,13,13,13,12,12,2,0,0,0,0,0,0,0,0,0,4,19,19,20,21,21,22,22,23,23,24,24,24,24,23,23,23,24,22,22,23,23,23,23,24,25,26
-62,125,20,31,30,29,28,27,26,25,24,23,23,22,22,22,22,22,21,20,19,18,18,17,16,16,15,15,4,0,0,0,0,0,0,0,0,0,6,24,25,26,27,28,28,28,29,29,30,31,31,30,29,29,29,29,28,29,29,29,30,30,31,32,32
-61,125,20,25,24,24,23,22,21,20,20,20,19,18,18,18,18,18,18,17,16,15,15,14,13,13,12,12,3,0,0,0,0,0,0,0,0,0,5,20,21,21,22,22,23,23,23,23,24,25,25,25,25,24,24,23,23,23,23,23,23,25,25,26,27
-62,125,20,26,25,24,22,22,21,21,19,19,19,18,18,18,18,18,17,17,16,15,14,14,13,12,12,11,2,0,0,0,0,0,0,0,0,0,5,20,20,21,21,22,23,23,23,24,25,25,25,25,24,24,25,24,23,23,24,24,25,24,25,26,26
-61,125,20,25,24,24,23,22,21,20,19,18,18,18,18,18,18,17,17,16,16,15,15,14,14,13,13,12,3,0,0,0,0,0,0,0,0,0,5,19,20,21,22,22,23,23,23,24,24,25,25,25,24,24,24,23,23,24,24,24,24,24,25,26,26
-61,125,20,25,25,24,23,22,21,20,20,19,20,19,18,18,17,17,17,17,16,15,15,14,14,13,13,12,3,0,0,0,0,0,0,0,0,0,5,20,20,21,22,22,23,23,23,23,24,24,25,24,23,23,23,23,23,23,24,24,24,24,25,26,26
-62,125,20,30,29,27,27,26,26,24,24,24,23,22,22,21,21,21,20,19,19,18,17,16,15,14,14,14,3,0,0,0,0,0,0,0,0,0,5,23,24,25,26,27,27,28,28,28,28,29,30,30,29,29,28,28,28,28,28,28,29,28,30,32,32
-61,125,20,28,26,26,24,24,23,22,21,21,20,19,19,19,19,19,18,18,17,16,15,15,14,14,13,13,3,0,0,0,0,0,0,0,0,0,5,22,21,22,24,24,25,25,25,25,26,27,28,27,26,26,26,25,25,25,25,26,26,27,27,29,29
-61,125,20,25,24,24,23,22,22,21,20,20,19,19,18,18,18,18,17,17,17,15,15,14,14,13,13,12,3,0,0,0,0,0,0,0,0,0,5,20,19,21,22,22,22,23,23,24,25,25,25,25,24,24,24,24,23,23,23,24,24,24,25,25,26
-61,125,20,29,29,28,27,26,25,23,22,22,22,21,20,20,21,20,20,19,19,17,16,16,15,16,15,14,3,0,0,0,0,0,0,0,0,0,5,23,24,24,26,26,27,27,28,28,28,30,30,29,28,28,28,28,27,27,27,28,29,29,29,30,30
-62,125,20,30,29,28,27,26,25,24,24,24,23,21,21,21,21,21,19,19,19,18,17,16,16,14,14,14,3,0,0,0,0,0,0,0,0,0,5,24,24,25,26,26,26,27,27,28,29,29,29,29,28,28,28,27,27,27,28,28,28,29,30,31,31
-61,125,20,23,23,22,21,20,20,19,19,18,17,17,16,16,16,16,16,15,15,14,13,12,12,11,11,10,2,0,0,0,0,0,0,0,0,0,4,18,18,20,20,21,21,22,22,23,23,23,24,23,22,22,22,22,21,22,22,22,22,22,23,24,24
-61,125,20,28,27,26,25,25,24,22,22,21,21,21,20,20,19,19,18,18,18,17,17,16,15,15,14,13,3,0,0,0,0,0,0,0,0,0,6,22,23,23,24,25,25,26,26,26,26,27,27,27,26,26,26,26,26,25,26,25,26,27,28,29,28
-61,125,20,27,26,25,24,24,23,22,22,21,21,20,20,20,20,19,18,18,17,16,16,15,13,13,13,13,4,0,0,0,0,0,0,0,0,0,5,21,22,23,24,24,25,25,26,26,26,27,27,27,27,27,27,26,25,26,26,26,26,25,26,28,29
-61,125,20,29,29,29,27,26,25,24,24,23,22,22,21,21,21,21,20,20,19,18,17,16,15,15,14,14,3,0,0,0,0,0,0,0,0,0,5,23,24,25,26,26,27,28,28,28,29,30,30,30,28,28,28,29,28,28,28,28,29,29,30,31,31
-62,125,20,29,29,28,27,27,25,24,22,22,21,21,21,20,20,20,19,19,18,17,16,15,14,14,14,14,3,0,0,0,0,0,0,0,0,0,5,23,24,24,25,26,27,28,28,28,28,29,30,29,29,29,28,28,27,28,28,28,27,28,29,31,31
-61,125,20,27,26,25,24,23,22,21,21,20,20,20,19,19,19,19,19,17,17,16,15,15,14,14,13,13,3,0,0,0,0,0,0,0,0,0,5,21,21,22,23,24,24,25,25,25,26,27,27,27,26,26,26,25,26,25,25,25,26,26,27,28,28
-62,125,20,31,30,29,28,27,26,25,24,23,24,22,22,22,22,22,22,20,20,19,18,17,16,16,16,15,4,0,0,0,0,0,0,0,0,0,6,24,25,26,27,27,28,28,28,28,30,31,31,30,30,29,29,29,28,28,29,29,29,29,31,32,32
-62,125,20,31,30,29,28,27,26,25,24,23,23,23,22,22,22,22,21,20,20,19,18,17,17,16,15,15,4,0,0,0,0,0,0,0,0,0,6,24,25,26,27,27,27,28,29,29,30,31,31,30,29,29,30,29,28,28,28,29,30,30,30,31,32
-62,125,20,29,29,28,26,25,24,24,23,23,22,21,22,22,21,21,20,19,19,18,17,16,15,15,14,14,3,0,0,0,0,0,0,0,0,0,5,23,23,25,25,26,26,26,27,28,27,28,29,29,29,28,28,27,26,27,28,28,28,28,29,30,31
-61,125,20,24,24,23,22,21,20,19,18,18,17,17,17,16,16,16,16,15,15,14,14,13,12,12,11,11,2,0,0,0,0,0,0,0,0,0,4,18,19,20,20,21,22,22,23,23,23,24,24,24,23,23,23,23,22,22,22,23,23,23,24,25,25
-61,125,20,30,29,29,27,26,25,25,24,24,22,21,21,21,21,21,20,19,19,18,17,16,15,15,14,13,3,0,0,0,0,0,0,0,0,0,5,23,24,25,26,26,27,28,28,29,29,29,30,29,29,28,29,28,28,28,28,28,29,29,30,31,31
-62,125,20,29,29,28,27,26,25,23,22,22,22,22,21,21,21,21,20,20,19,18,17,16,15,15,14,14,3,0,0,0,0,0,0,0,0,0,5,23,23,25,25,26,26,27,27,27,28,29,28,28,28,27,28,27,27,26,27,28,28,29,29,30,30
-61,125,20,27,27,26,25,24,23,22,21,20,20,20,20,19,19,19,19,18,18,17,15,15,14,14,13,13,4,0,0,0,0,0,0,0,0,0,5,21,22,23,24,25,25,26,26,26,27,28,28,27,26,26,26,26,25,26,26,26,27,27,28,28,28
-61,125,20,28,26,25,24,24,23,21,21,22,20,19,19,19,19,19,18,18,17,16,15,15,15,14,14,13,3,0,0,0,0,0,0,0,0,0,6,21,22,23,23,24,24,25,25,26,26,27,27,27,26,26,26,25,25,26,25,25,26,26,27,28,29
-61,125,20,27,26,25,24,24,23,23,22,22,21,19,19,19,19,19,19,17,17,17,16,15,15,14,13,13,3,0,0,0,0,0,0,0,0,0,5,21,21,23,24,24,24,25,26,26,27,28,28,27,26,26,26,26,26,25,25,25,26,27,27,28,28
-61,125,20,27,26,26,24,23,23,22,21,21,21,19,19,19,19,19,19,17,17,16,15,15,15,14,13,13,3,0,0,0,0,0,0,0,0,0,5,21,22,23,24,24,24,25,26,26,26,27,27,27,26,26,26,25,25,25,25,25,25,26,26,27,27
-61,125,20,28,27,26,26,24,24,22,22,22,22,21,20,20,20,20,20,19,18,17,17,16,15,15,14,14,4,0,0,0,0,0,0,0,0,0,5,21,23,24,24,24,26,26,26,26,27,28,28,27,27,26,27,26,25,26,26,26,26,27,29,29,29
-61,125,20,24,24,22,21,20,19,19,18,18,17,16,16,16,16,16,16,15,15,14,13,13,12,12,11,11,2,0,0,0,0,0,0,0,0,0,4,18,19,19,20,21,21,22,22,23,23,24,24,24,23,23,23,23,22,22,23,23,23,23,24,24,24
-61,125,20,26,25,24,23,22,22,20,19,19,18,18,17,17,18,18,16,16,15,15,14,14,13,13,12,12,3,0,0,0,0,0,0,0,0,0,5,19,20,21,22,22,23,23,23,24,24,25,25,25,24,24,24,24,23,24,24,24,24,24,25,26,26
-61,125,20,27,27,26,25,25,23,21,21,20,20,19,19,19,19,18,18,18,17,16,15,15,14,13,13,13,3,0,0,0,0,0,0,0,0,0,5,21,22,23,23,24,26,26,26,25,26,27,27,27,27,25,25,26,25,25,26,26,26,25,27,28,30
-61,125,20,24,24,23,22,21,20,19,18,18,18,17,16,16,16,16,16,15,15,14,13,13,12,12,11,11,2,0,0,0,0,0,0,0,0,0,4,18,19,20,20,21,22,22,22,23,23,24,24,24,23,23,23,23,22,22,23,23,24,23,24,25,26
-61,125,20,29,29,27,26,26,24,24,22,22,21,21,21,21,21,20,19,19,18,17,16,15,15,15,14,14,2,0,0,0,0,0,0,0,0,0,5,22,23,24,25,26,26,27,27,27,27,29,30,29,28,28,28,27,27,27,28,27,28,28,29,31,31
-63,125,20,26,26,24,24,24,22,22,21,21,20,19,19,19,18,18,18,18,17,16,16,15,14,14,13,13,3,0,0,0,0,0,0,0,0,0,5,21,22,22,23,24,24,25,25,25,25,25,26,26,26,26,26,25,25,25,26,25,25,24,26,27,28
-62,125,20,26,26,25,24,23,22,22,18,17,17,20,18,19,18,18,18,18,17,16,15,14,14,13,12,12,3,0,0,0,0,0,0,0,0,0,5,20,21,22,23,24,23,24,25,25,26,27,27,27,26,26,26,25,24,25,25,25,25,25,26,28,29
-62,125,20,29,29,29,28,27,26,24,23,24,23,22,21,21,22,21,21,20,19,19,17,17,16,16,14,13,3,0,0,0,0,0,0,0,0,0,6,24,25,25,26,26,27,28,28,28,30,30,30,29,28,27,28,28,28,29,29,28,29,30,31,31,31
-63,125,20,30,29,28,27,26,25,24,23,24,23,22,21,21,21,21,20,20,19,19,18,17,16,16,15,14,4,0,0,0,0,0,0,0,0,0,6,24,24,25,26,26,27,27,27,28,28,29,29,29,28,27,28,28,26,27,28,29,29,29,30,30,30
-63,125,20,25,25,24,24,22,21,20,20,20,19,18,17,18,17,17,17,16,16,15,14,13,13,12,12,12,2,0,0,0,0,0,0,0,0,0,5,20,21,21,21,22,23,23,24,24,25,25,25,25,25,25,25,25,24,24,24,24,25,25,25,25,25
-63,125,20,25,25,24,24,23,22,21,20,20,20,19,19,19,18,18,18,17,16,16,15,14,13,13,13,12,3,0,0,0,0,0,0,0,0,0,6,21,21,22,22,23,23,24,24,24,25,25,25,25,25,25,25,25,24,24,24,25,25,25,26,27,27
-61,125,20,28,27,26,26,24,24,22,22,21,21,20,20,20,20,20,19,18,18,17,17,16,15,14,14,13,3,0,0,0,0,0,0,0,0,0,6,22,22,23,24,25,25,26,26,26,27,28,28,28,26,26,26,25,24,25,27,26,27,27,28,28,28
-63,125,20,25,25,24,23,22,21,21,20,19,19,18,18,18,18,18,18,17,16,15,15,14,13,13,12,12,2,0,0,0,0,0,0,0,0,0,5,20,21,21,22,22,23,23,24,24,25,26,26,25,24,24,24,24,23,24,24,23,25,25,26,26,26
-63,125,20,30,29,28,27,26,25,24,22,22,22,22,21,21,21,20,20,18,18,18,17,16,16,15,14,14,4,0,0,0,0,0,0,0,0,0,6,23,24,25,25,26,27,28,28,28,29,30,30,30,29,28,29,28,28,28,28,28,28,29,29,30,30
-62,125,20,30,29,28,27,27,25,24,23,23,22,21,21,21,21,21,20,20,19,18,17,16,15,15,14,14,3,0,0,0,0,0,0,0,0,0,5,22,24,25,25,26,27,27,28,28,28,29,29,29,28,28,28,27,27,27,28,28,29,29,30,31,32
-63,125,20,28,27,27,26,25,24,23,22,21,21,20,20,19,20,19,19,18,18,17,16,15,14,15,13,13,2,0,0,0,0,0,0,0,0,0,5,22,22,23,24,25,26,26,27,26,27,28,29,28,27,26,26,26,25,26,27,27,27,28,28,29,29
-63,125,20,26,25,24,23,23,22,21,20,20,20,19,18,18,18,18,17,17,16,16,15,14,14,13,13,12,3,0,0,0,0,0,0,0,0,0,5,20,21,22,22,23,24,24,23,24,25,26,26,25,24,24,24,24,24,24,24,24,25,25,26,26,26
-63,125,20,28,28,27,26,24,24,22,21,21,21,20,20,20,20,19,19,18,18,17,16,15,15,14,13,13,3,0,0,0,0,0,0,0,0,0,5,22,22,23,24,25,25,26,27,27,28,29,29,28,27,26,27,26,26,25,26,27,28,28,28,29,29
-63,125,20,28,28,27,26,26,24,23,22,22,21,21,21,21,21,20,19,19,19,17,17,15,15,14,14,14,4,0,0,0,0,0,0,0,0,0,5,22,24,24,24,25,25,26,26,26,26,27,28,28,28,28,27,27,26,27,27,28,28,27,28,30,31
-63,125,20,28,27,27,26,25,23,22,22,22,21,20,19,19,20,20,19,19,18,17,16,15,14,14,13,13,2,0,0,0,0,0,0,0,0,0,5,22,22,24,25,25,26,26,26,27,28,29,28,27,26,26,27,26,26,27,27,27,27,28,29,30,29
-63,125,20,30,29,28,27,25,25,24,23,22,22,22,21,22,22,22,21,20,19,19,18,17,16,16,15,14,4,0,0,0,0,0,0,0,0,0,6,24,24,25,26,27,27,28,28,28,29,30,30,30,28,28,29,29,28,28,29,28,29,30,31,31,31
-63,125,20,28,28,26,26,25,25,22,22,22,21,21,20,20,19,19,19,18,18,17,16,15,14,13,13,13,2,0,0,0,0,0,0,0,0,0,5,22,23,23,25,24,26,27,26,26,27,27,28,27,27,27,27,26,25,27,27,27,26,26,28,30,30
-63,125,20,29,29,29,26,26,25,25,24,23,22,22,21,21,21,21,20,20,19,18,17,16,16,15,14,14,3,0,0,0,0,0,0,0,0,0,6,23,24,25,26,26,26,27,28,27,29,30,29,29,28,28,28,28,28,28,28,28,29,29,30,31,31
-61,125,20,27,26,25,24,23,22,21,20,19,19,19,19,19,19,19,18,17,17,15,15,14,13,13,12,12,2,0,0,0,0,0,0,0,0,0,4,20,21,21,23,23,24,25,24,25,25,26,26,26,25,25,25,25,24,25,25,25,25,25,27,27,27
-63,125,20,28,28,27,26,25,25,24,22,21,22,21,21,20,20,20,20,19,18,17,16,15,15,15,13,13,3,0,0,0,0,0,0,0,0,0,5,23,23,24,25,25,26,26,27,28,28,29,29,29,28,27,27,27,26,27,27,27,27,27,28,29,29
-61,125,20,27,26,25,24,24,23,22,22,21,21,20,20,20,19,19,19,18,17,17,16,15,14,14,14,13,4,0,0,0,0,0,0,0,0,0,6,22,22,23,24,24,25,25,25,25,26,27,27,26,26,26,26,25,25,25,25,25,26,26,26,27,28
-63,125,20,26,25,24,22,22,21,20,20,19,19,18,18,17,17,17,17,16,16,15,14,13,13,12,11,11,2,0,0,0,0,0,0,0,0,0,5,20,20,20,22,22,23,23,24,24,25,25,25,25,24,24,24,23,23,23,23,24,24,25,26,26,26
-61,125,20,31,30,29,28,27,26,25,24,23,23,22,22,22,22,22,21,20,20,19,18,17,17,16,15,15,4,0,0,0,0,0,0,0,0,0,6,24,25,26,26,26,28,28,28,28,30,30,30,30,30,29,30,28,28,28,29,29,29,29,30,31,31
-63,125,20,26,25,24,23,22,22,21,20,21,19,19,19,19,17,17,17,17,17,15,15,14,13,13,13,13,3,0,0,0,0,0,0,0,0,0,5,21,20,22,22,22,23,24,24,24,25,25,25,25,25,24,24,25,24,24,24,24,25,24,26,26,26
-63,125,20,26,26,24,23,22,22,21,20,20,20,19,18,18,18,17,17,16,16,15,14,14,14,13,13,12,3,0,0,0,0,0,0,0,0,0,5,20,21,22,22,22,23,24,24,24,25,25,25,25,25,25,25,25,24,24,24,25,25,25,26,27,27
-63,125,20,26,25,24,23,22,22,21,20,20,20,18,18,18,18,18,18,17,17,15,15,14,13,13,12,12,2,0,0,0,0,0,0,0,0,0,5,20,21,21,22,23,24,24,24,25,26,26,26,25,24,24,25,25,24,24,24,24,24,25,26,27,27
-63,125,20,29,28,27,26,25,24,23,22,22,21,20,20,20,20,20,19,18,17,17,16,16,15,14,14,14,3,0,0,0,0,0,0,0,0,0,5,22,23,24,25,25,26,27,27,27,28,28,28,27,27,27,27,27,26,27,27,28,28,28,29,30,31
-63,125,20,30,29,28,27,26,26,24,23,24,23,22,22,22,22,20,20,20,20,18,18,17,16,15,15,14,3,0,0,0,0,0,0,0,0,0,7,24,24,25,26,26,27,27,28,29,29,29,29,29,28,28,28,28,28,28,28,28,29,29,30,32,32
-63,125,20,26,26,25,24,23,23,22,20,21,20,19,19,19,19,19,18,18,17,16,15,15,14,14,13,13,3,0,0,0,0,0,0,0,0,0,5,21,21,22,23,23,24,25,25,25,26,26,26,26,26,24,25,25,24,25,25,25,25,26,26,27,27
-63,125,20,25,24,24,23,22,22,21,20,20,19,18,17,17,17,17,16,16,15,15,14,13,13,13,12,12,3,0,0,0,0,0,0,0,0,0,4,20,20,21,22,22,23,23,24,24,25,26,26,25,24,24,24,24,23,24,24,24,25,25,26,26,26
-63,125,20,28,27,26,25,24,23,22,20,20,20,19,19,19,19,19,18,18,17,16,15,14,14,13,13,13,2,0,0,0,0,0,0,0,0,0,5,21,22,23,23,25,25,26,26,26,26,27,28,27,26,26,26,26,26,26,26,26,27,27,27,29,28
-62,125,20,26,25,24,23,22,21,21,20,19,19,19,19,19,18,17,17,17,16,15,15,15,13,13,13,13,2,0,0,0,0,0,0,0,0,0,5,20,21,22,23,22,23,24,24,24,25,25,25,25,25,24,24,24,23,24,24,24,26,26,26,26,26
-62,125,20,26,26,24,24,23,22,21,20,20,20,19,18,18,18,18,18,18,17,15,15,15,14,14,12,12,3,0,0,0,0,0,0,0,0,0,5,21,21,22,22,23,24,24,25,25,25,26,26,25,25,23,24,25,24,24,24,24,25,26,26,26,26
-63,125,20,24,24,23,22,21,21,19,19,19,18,17,17,17,17,16,16,16,15,14,14,13,12,12,12,11,2,0,0,0,0,0,0,0,0,0,5,19,19,20,21,21,22,22,23,24,24,25,24,23,23,23,23,22,23,23,23,23,23,24,24,25,25
-63,125,20,25,24,23,22,21,20,20,20,19,19,19,18,18,18,17,17,16,15,15,14,14,13,12,12,12,2,0,0,0,0,0,0,0,0,0,5,19,20,21,21,21,22,23,23,23,24,24,25,24,23,23,23,23,22,24,24,24,24,24,26,26,26
-63,125,20,28,28,27,26,24,23,23,22,21,21,20,19,19,19,19,19,18,17,17,16,15,15,14,13,13,3,0,0,0,0,0,0,0,0,0,5,22,22,24,25,25,26,26,27,27,27,28,27,27,26,26,26,26,26,26,26,27,28,28,29,29,28
-63,125,20,28,27,27,26,26,24,23,22,23,22,21,21,19,19,19,19,18,18,17,16,16,15,15,14,14,3,0,0,0,0,0,0,0,0,0,6,23,22,23,25,26,26,26,26,27,27,28,29,28,27,26,27,26,26,26,27,27,27,28,30,30,30
-63,125,20,28,28,26,26,24,23,22,21,21,21,21,19,19,19,19,19,18,18,17,16,15,14,14,13,13,2,0,0,0,0,0,0,0,0,0,5,22,23,23,24,24,25,26,26,26,27,29,29,27,27,27,27,26,26,26,27,27,27,28,29,29,30
-62,125,20,26,26,25,25,24,23,22,21,20,20,20,20,19,19,19,18,18,18,17,16,15,14,14,14,13,4,0,0,0,0,0,0,0,0,0,5,21,22,23,23,24,25,25,24,24,25,26,26,26,25,25,25,25,24,25,26,25,25,25,27,28,29
-63,125,20,25,24,23,23,22,21,20,20,20,19,18,17,17,17,16,16,16,15,14,14,13,13,12,12,11,2,0,0,0,0,0,0,0,0,0,4,19,20,21,21,22,22,23,23,23,23,25,25,24,24,23,23,23,23,23,23,24,24,24,25,26,26
-62,125,20,26,26,26,24,23,22,21,21,21,21,20,18,18,19,19,18,18,17,17,15,15,14,14,14,13,3,0,0,0,0,0,0,0,0,0,6,21,22,22,23,24,25,25,25,26,26,26,26,26,26,25,26,25,25,26,25,25,26,26,28,28,28
-63,125,20,32,32,31,30,29,28,27,25,24,24,24,23,23,23,22,22,21,20,20,19,18,18,17,16,15,4,0,0,0,0,0,0,0,0,0,7,26,26,28,29,29,30,30,30,31,32,32,32,32,30,30,31,30,30,31,31,31,32,32,33,33,33
-63,125,20,32,32,31,29,28,27,26,25,25,25,23,22,22,23,22,22,21,20,19,19,18,17,16,16,15,4,0,0,0,0,0,0,0,0,0,6,25,26,26,27,29,30,29,30,30,31,32,32,31,31,31,30,30,30,31,30,30,31,32,33,34,34
-63,125,20,29,29,27,26,25,25,24,23,23,22,21,21,20,19,19,19,18,18,17,16,16,15,15,14,14,4,0,0,0,0,0,0,0,0,0,6,22,23,24,25,26,26,27,27,28,28,29,29,28,28,27,28,28,27,27,27,28,28,28,29,30,31
-63,125,20,29,29,28,27,26,25,24,23,23,22,21,21,21,20,20,19,19,19,18,17,16,15,15,15,14,4,0,0,0,0,0,0,0,0,0,6,22,23,24,25,26,27,27,27,27,27,28,29,28,28,28,27,27,27,28,28,27,28,28,30,31,31
-63,125,20,29,28,27,26,26,24,23,23,23,22,21,21,21,20,20,19,19,18,17,16,16,15,14,14,14,4,0,0,0,0,0,0,0,0,0,6,22,24,24,25,25,26,27,27,28,28,29,29,28,28,28,28,27,26,26,27,28,28,28,29,30,30
-63,125,20,25,25,23,22,22,21,21,19,18,19,19,18,18,17,17,17,17,16,15,15,14,13,13,13,12,3,0,0,0,0,0,0,0,0,0,5,19,20,21,21,22,23,23,23,24,25,25,25,25,25,25,25,24,23,24,25,24,24,25,25,27,27
-62,125,20,27,26,25,25,23,23,22,21,20,19,19,19,18,18,18,18,17,17,16,16,15,14,13,13,13,3,0,0,0,0,0,0,0,0,0,6,21,21,23,23,23,25,25,25,25,26,26,27,27,25,25,26,26,25,26,25,25,25,26,27,28,28
-63,125,20,26,25,24,24,23,22,21,20,20,20,18,18,18,18,18,17,16,16,15,15,14,13,13,13,12,3,0,0,0,0,0,0,0,0,0,5,19,20,21,22,23,24,24,24,25,25,26,26,26,25,25,25,25,24,25,25,25,25,25,26,27,27
-62,125,20,25,25,25,23,22,21,21,20,20,20,19,18,18,18,18,18,17,17,15,15,15,13,13,12,12,2,0,0,0,0,0,0,0,0,0,5,20,21,22,23,23,23,23,24,25,26,26,26,25,25,24,25,24,24,24,24,25,25,25,26,26,26
-63,125,20,29,28,28,27,26,25,24,23,23,22,21,20,20,20,20,19,19,18,18,17,16,16,16,15,14,4,0,0,0,0,0,0,0,0,0,6,23,23,25,25,26,27,27,27,28,28,29,29,28,28,27,28,27,27,27,28,28,29,29,30,30,31
-63,125,20,24,24,23,21,21,21,20,18,17,18,18,17,17,17,17,16,16,15,15,14,13,12,12,11,11,2,0,0,0,0,0,0,0,0,0,4,19,20,20,22,21,22,23,23,23,23,24,24,24,24,23,23,22,23,23,23,24,24,24,25,26,27
-63,125,20,25,25,24,23,22,22,21,19,19,19,19,18,18,18,18,17,17,17,16,15,14,13,13,13,12,3,0,0,0,0,0,0,0,0,0,5,20,20,21,21,23,22,24,24,23,24,25,25,25,25,25,24,23,23,24,24,24,24,25,25,26,26
-63,125,20,24,23,23,22,21,20,19,19,18,18,17,17,17,17,17,17,16,15,15,13,13,12,12,11,11,2,0,0,0,0,0,0,0,0,0,4,19,20,20,20,21,21,22,23,23,24,25,25,24,23,22,23,23,23,23,23,23,24,24,25,25,25
-63,125,20,29,28,26,25,24,23,22,21,20,20,19,20,20,18,18,18,18,17,16,15,14,13,13,13,13,3,0,0,0,0,0,0,0,0,0,5,22,23,23,24,24,25,26,26,26,27,28,28,28,28,27,27,26,26,26,27,27,27,27,28,29,30
-63,125,20,29,27,26,26,25,24,22,21,22,22,20,20,20,20,19,19,18,17,16,16,15,14,14,13,13,3,0,0,0,0,0,0,0,0,0,5,22,23,24,24,25,25,26,26,27,28,29,29,29,28,27,27,26,26,27,28,27,27,27,28,29,29
-63,125,20,27,27,25,25,24,23,22,21,20,20,20,19,19,18,18,18,17,17,16,15,14,13,13,13,12,2,0,0,0,0,0,0,0,0,0,5,21,22,23,23,24,24,25,26,26,26,27,27,26,26,26,26,26,25,26,26,26,27,27,27,29,29
-63,125,20,25,24,23,21,21,21,20,20,19,19,18,17,17,16,16,16,16,14,14,13,12,12,12,12,11,2,0,0,0,0,0,0,0,0,0,4,19,19,21,21,22,21,22,23,24,25,25,24,24,23,23,24,23,23,23,23,24,24,24,25,25,25
-63,125,20,28,27,27,26,25,24,23,21,20,20,20,19,19,19,19,18,18,17,16,16,15,14,14,14,13,3,0,0,0,0,0,0,0,0,0,5,21,23,24,24,25,26,26,26,26,27,27,27,27,26,26,26,26,26,26,27,27,28,28,29,29,29
-63,125,20,28,27,27,25,24,23,22,21,21,20,19,19,19,19,19,18,18,17,16,15,14,14,13,13,12,3,0,0,0,0,0,0,0,0,0,5,21,22,23,24,24,25,26,26,26,27,27,27,27,26,26,26,26,26,26,26,26,27,27,27,29,29
-63,125,20,28,27,26,26,24,23,22,21,19,20,20,19,19,18,18,18,18,18,17,15,14,14,13,13,12,2,0,0,0,0,0,0,0,0,0,5,21,21,22,24,23,25,26,26,26,26,27,27,27,26,26,26,26,25,26,26,27,27,27,28,29,29
-63,125,20,28,27,26,25,24,23,22,21,21,21,20,20,19,19,19,19,18,17,16,16,15,15,14,13,13,3,0,0,0,0,0,0,0,0,0,5,22,23,23,24,24,25,25,26,26,27,27,29,28,26,26,27,26,26,26,26,26,26,27,28,29,29
-63,125,20,24,23,23,22,21,20,20,18,18,17,17,16,16,16,16,16,15,14,14,13,13,12,12,11,10,2,0,0,0,0,0,0,0,0,0,5,19,19,20,21,21,21,21,22,23,24,24,24,24,23,23,22,22,22,22,23,23,23,24,25,25,25
-63,125,20,29,28,28,26,25,24,23,24,24,22,21,20,20,20,20,19,19,18,18,17,15,15,14,14,14,4,0,0,0,0,0,0,0,0,0,6,23,23,24,25,25,26,27,27,28,29,29,29,29,28,28,28,28,27,27,28,28,28,29,30,30,30
-62,125,20,25,24,24,23,22,21,21,19,19,19,18,16,17,17,17,17,16,16,15,14,13,12,12,12,12,2,0,0,0,0,0,0,0,0,0,5,20,20,21,21,22,23,23,23,24,25,26,26,25,24,24,24,24,23,24,24,24,24,25,26,27,26
-63,125,20,28,27,26,25,24,23,22,21,21,21,20,20,20,20,19,18,18,17,17,16,15,14,14,13,13,3,0,0,0,0,0,0,0,0,0,5,22,23,23,24,25,25,26,26,27,27,28,28,28,27,27,27,26,25,26,26,26,27,27,28,29,29
-62,125,20,27,26,26,25,24,23,22,21,21,21,19,18,18,19,19,19,18,17,16,16,15,15,14,13,13,4,0,0,0,0,0,0,0,0,0,6,21,22,23,23,24,25,25,25,26,27,27,27,26,25,25,25,25,25,26,26,26,26,27,28,28,27
-63,125,20,28,27,26,26,25,23,22,21,20,21,21,21,20,19,19,19,18,17,16,15,15,14,13,14,13,2,0,0,0,0,0,0,0,0,0,5,22,22,24,24,25,25,26,25,26,26,27,28,27,27,27,26,26,25,25,26,26,26,27,27,28,28
-63,125,20,25,23,23,22,21,20,20,18,19,18,17,17,17,17,17,16,16,15,14,13,12,12,11,11,11,2,0,0,0,0,0,0,0,0,0,4,19,19,20,21,21,22,22,23,23,23,24,24,24,23,23,23,22,22,22,23,23,24,24,25,26,26
-62,125,20,26,25,24,23,22,21,20,16,14,17,19,18,19,18,17,17,17,16,15,14,13,12,12,12,12,3,0,0,0,0,0,0,0,0,0,4,19,20,21,22,22,23,24,25,24,24,25,25,25,24,24,23,23,23,24,24,24,24,24,25,26,27
-62,125,20,29,29,27,26,26,24,24,22,21,21,21,21,21,21,21,20,19,19,18,17,16,15,15,13,14,3,0,0,0,0,0,0,0,0,0,5,23,23,25,25,26,26,27,27,27,27,28,29,29,28,28,27,27,27,27,28,28,28,29,29,30,31
-63,125,20,29,28,27,26,25,25,23,22,21,21,22,21,21,20,20,20,19,19,17,17,16,15,14,14,15,4,0,0,0,0,0,0,0,0,0,6,23,23,24,26,25,26,27,26,27,27,28,29,28,28,28,27,27,26,27,27,27,27,29,29,30,31
-63,125,20,25,25,24,24,23,21,20,19,19,19,19,18,18,18,18,17,17,16,16,15,14,14,13,13,12,3,0,0,0,0,0,0,0,0,0,5,20,21,21,22,23,23,23,24,24,24,25,25,25,24,24,24,23,24,24,25,25,24,25,25,26,27
-63,125,20,30,28,27,26,26,25,24,23,22,22,21,20,20,20,19,19,18,18,18,17,16,16,15,14,14,4,0,0,0,0,0,0,0,0,0,6,24,23,25,25,26,26,28,27,27,28,29,29,29,28,27,28,27,27,27,28,27,28,29,30,30,30
-63,125,20,32,31,29,28,27,27,26,24,23,23,23,23,22,21,21,20,20,19,18,18,17,16,16,15,15,3,0,0,0,0,0,0,0,0,0,6,24,26,26,27,28,28,29,30,30,30,32,31,31,31,30,30,30,29,29,30,30,30,30,32,33,34
-63,125,20,28,27,26,25,24,24,21,21,22,21,20,19,19,19,19,19,17,17,17,15,14,14,14,13,13,3,0,0,0,0,0,0,0,0,0,5,22,23,23,24,25,25,26,26,26,27,28,28,28,26,26,26,26,26,26,26,27,26,27,28,28,29
-63,125,20,28,28,27,26,25,24,23,22,21,21,20,20,19,19,19,19,18,18,16,16,16,14,14,14,13,2,0,0,0,0,0,0,0,0,0,5,21,22,23,24,25,26,26,27,28,28,27,27,27,27,26,27,26,26,26,26,27,26,27,28,29,29
-63,125,20,27,27,26,25,24,24,23,22,21,21,20,19,19,19,19,19,18,17,17,16,15,14,14,13,13,3,0,0,0,0,0,0,0,0,0,5,22,23,23,23,25,25,26,26,26,26,28,28,27,26,26,26,26,25,26,26,26,27,27,28,28,28
-62,125,20,26,25,25,23,22,21,21,20,21,20,18,17,18,17,17,17,17,15,15,14,13,13,13,12,11,2,0,0,0,0,0,0,0,0,0,5,20,20,21,21,22,23,23,24,24,26,26,26,26,24,24,24,24,23,25,25,25,25,25,26,26,26
-62,125,20,26,25,25,24,23,22,21,20,20,20,19,18,18,18,18,17,17,16,15,14,14,13,13,12,12,3,0,0,0,0,0,0,0,0,0,5,20,21,22,22,23,23,24,24,24,25,25,26,25,24,25,25,25,24,24,24,24,25,25,26,27,27
-63,125,20,24,23,23,22,21,21,20,19,18,19,18,17,17,17,16,16,16,15,14,13,13,12,12,12,10,2,0,0,0,0,0,0,0,0,0,4,19,20,21,21,21,22,22,23,23,23,24,25,24,24,23,23,23,23,23,23,23,24,24,25,26,26
-63,125,20,28,28,27,26,25,24,22,21,21,21,21,20,20,20,20,19,18,18,17,17,15,15,14,14,14,4,0,0,0,0,0,0,0,0,0,5,22,23,24,25,25,26,27,27,28,28,29,29,28,28,28,28,28,27,27,27,27,27,28,29,29,30
-62,125,20,26,26,25,24,23,22,21,20,19,19,18,18,18,17,18,17,17,16,15,15,14,13,13,12,12,3,0,0,0,0,0,0,0,0,0,4,20,21,22,22,23,24,24,24,24,25,25,25,25,24,24,24,24,23,24,25,25,25,25,26,27,27
-63,125,20,28,28,27,26,25,24,23,21,21,21,21,20,20,19,19,19,19,18,17,16,15,14,14,14,13,3,0,0,0,0,0,0,0,0,0,5,22,23,24,24,25,26,26,26,26,27,27,28,27,27,27,26,26,26,26,26,26,27,27,29,29,30
-63,125,20,24,24,22,21,21,21,20,19,19,18,17,17,17,16,16,16,15,15,14,14,13,12,11,11,11,2,0,0,0,0,0,0,0,0,0,4,19,20,20,21,21,22,22,23,23,24,24,25,24,24,24,24,23,23,23,23,23,23,23,24,26,27
-63,125,20,25,25,23,23,22,21,20,19,20,19,18,18,18,18,17,17,17,16,14,13,13,13,12,12,11,2,0,0,0,0,0,0,0,0,0,4,19,21,21,21,22,23,23,24,24,24,24,25,24,24,24,24,24,24,23,24,23,24,24,26,26,26
-63,125,20,28,27,26,26,25,24,23,22,20,20,21,21,20,20,19,19,19,18,18,16,15,15,14,14,13,3,0,0,0,0,0,0,0,0,0,5,22,23,23,24,25,26,26,26,26,27,28,28,28,27,27,26,26,27,27,27,27,27,28,29,30,30
-63,125,20,29,29,28,27,26,25,24,24,24,23,21,20,20,20,20,20,19,18,17,17,16,16,15,14,14,4,0,0,0,0,0,0,0,0,0,6,23,24,25,26,26,26,27,27,28,28,30,29,29,27,27,27,27,27,27,28,28,28,29,29,30,31
-63,125,20,33,32,31,30,29,27,26,25,25,25,24,23,23,23,23,22,21,20,20,19,18,17,17,16,15,4,0,0,0,0,0,0,0,0,0,7,25,26,27,28,29,30,30,31,31,32,33,33,32,31,31,31,30,31,31,30,30,31,32,33,33,33
-62,125,20,29,28,27,26,25,24,23,22,21,21,20,20,19,19,19,18,18,17,16,16,15,14,14,14,14,3,0,0,0,0,0,0,0,0,0,5,22,23,24,24,25,26,27,27,28,28,29,29,28,28,28,28,27,27,27,28,27,27,28,29,30,30
-63,125,20,25,25,24,23,22,22,20,20,20,20,19,18,18,18,18,17,17,16,16,15,14,13,13,12,12,3,0,0,0,0,0,0,0,0,0,6,20,21,21,22,22,23,23,23,24,24,25,25,25,23,23,24,24,23,23,24,24,24,25,26,26,26
-63,125,20,29,28,27,26,26,24,23,22,21,21,21,21,21,21,20,19,19,18,18,17,15,15,14,14,13,4,0,0,0,0,0,0,0,0,0,6,22,24,24,25,26,26,26,27,27,28,29,28,28,27,27,27,27,27,27,27,27,28,28,29,30,30
-63,125,20,25,24,23,23,22,21,20,20,20,19,18,17,17,17,17,16,16,15,15,14,13,13,12,12,12,3,0,0,0,0,0,0,0,0,0,4,19,20,21,22,22,23,23,23,23,24,24,24,24,23,23,23,23,23,23,23,24,24,24,25,26,26
-63,125,20,26,26,25,24,23,22,22,21,21,20,19,19,18,18,18,17,17,16,16,15,15,14,13,13,12,3,0,0,0,0,0,0,0,0,0,5,21,21,22,23,23,23,23,24,25,25,26,26,25,24,24,24,23,24,24,24,24,25,25,26,27,27
-63,125,20,25,24,23,22,21,21,20,19,19,19,18,18,17,17,17,17,16,16,15,13,13,12,12,11,11,2,0,0,0,0,0,0,0,0,0,4,19,19,20,21,22,23,23,23,24,24,25,25,24,24,24,24,23,23,23,23,24,24,24,25,26,26
-63,125,20,29,28,27,26,25,24,24,23,24,23,21,21,20,20,20,19,19,19,18,18,16,15,15,14,14,4,0,0,0,0,0,0,0,0,0,6,23,24,25,25,26,27,27,27,28,28,29,29,29,28,28,28,28,27,28,28,28,28,29,30,30,30
-63,125,20,29,29,28,26,25,24,23,22,21,21,20,20,20,20,20,19,18,18,17,16,15,15,14,13,13,3,0,0,0,0,0,0,0,0,0,5,22,23,24,24,25,26,26,26,27,28,28,29,28,27,27,27,27,26,26,28,27,27,27,29,29,29
-62,125,20,26,25,23,23,22,22,21,20,19,19,18,18,18,18,18,17,16,16,15,14,13,13,13,12,12,2,0,0,0,0,0,0,0,0,0,4,20,21,21,21,22,23,24,24,24,25,25,25,25,25,24,24,24,24,24,24,24,25,25,26,26,26
-63,125,20,29,28,27,26,25,24,23,22,22,21,21,20,20,20,20,19,19,18,17,16,15,15,14,14,14,4,0,0,0,0,0,0,0,0,0,5,22,23,24,25,26,26,27,27,28,28,29,29,28,28,28,28,27,27,27,27,28,28,28,29,30,30
-62,125,20,25,25,25,24,23,22,21,20,21,21,19,18,18,18,18,18,18,17,15,15,14,14,13,12,12,3,0,0,0,0,0,0,0,0,0,5,21,21,21,22,23,24,25,25,25,26,27,26,26,25,24,25,25,25,25,25,25,25,26,27,27,27
-63,125,20,28,28,27,26,25,25,23,22,21,21,21,20,20,19,19,19,19,18,17,17,15,15,14,14,13,3,0,0,0,0,0,0,0,0,0,5,22,23,23,25,26,26,26,27,27,28,29,29,29,28,27,27,27,26,26,27,27,27,28,29,30,30
-62,125,20,28,28,27,26,25,24,23,22,22,22,21,21,21,20,20,19,19,18,17,16,15,15,14,14,14,3,0,0,0,0,0,0,0,0,0,5,22,23,24,25,25,26,26,26,26,27,27,28,28,28,27,27,27,26,26,27,27,28,28,29,30,31
-63,125,20,28,28,27,26,25,24,23,22,22,22,20,20,20,19,19,19,18,17,17,16,15,14,14,14,13,3,0,0,0,0,0,0,0,0,0,5,21,22,23,24,25,26,26,27,27,27,28,28,27,27,27,26,26,26,27,27,27,27,28,29,30,30
-62,125,20,30,28,27,27,25,25,23,21,21,22,20,19,19,20,20,19,19,18,18,16,16,15,15,14,14,3,0,0,0,0,0,0,0,0,0,5,23,22,23,25,26,26,27,27,27,27,29,29,28,27,27,27,27,27,27,28,28,27,28,29,30,30
-63,125,20,28,27,26,25,24,23,23,22,21,21,20,19,19,19,19,18,18,17,17,15,15,15,14,13,13,2,0,0,0,0,0,0,0,0,0,5,21,22,23,23,25,25,25,26,26,27,28,28,27,26,26,26,26,26,26,25,25,27,28,28,28,29
-63,125,20,27,27,26,25,25,24,22,21,21,20,20,19,19,19,18,18,18,18,17,16,15,14,14,13,12,2,0,0,0,0,0,0,0,0,0,5,21,21,23,24,25,25,25,26,26,27,28,27,27,26,26,26,26,26,25,26,26,27,28,28,28,28
-62,125,20,29,29,29,27,25,25,25,24,23,23,22,22,22,22,21,20,20,20,18,17,17,15,15,15,15,4,0,0,0,0,0,0,0,0,0,6,23,24,25,25,26,27,27,28,28,28,29,29,29,28,28,28,28,27,28,28,28,29,29,30,30,31
-63,125,20,28,27,26,26,26,24,23,22,21,21,21,20,20,20,20,19,18,18,18,16,16,14,14,13,13,3,0,0,0,0,0,0,0,0,0,5,22,22,24,24,25,25,25,26,26,27,28,27,27,27,26,26,26,26,26,26,27,27,27,28,29,29
-63,125,20,26,25,25,23,22,22,21,20,19,19,19,18,19,18,18,18,17,16,16,15,14,13,13,13,13,3,0,0,0,0,0,0,0,0,0,5,20,21,22,23,23,23,24,24,24,25,26,25,25,24,24,24,24,24,24,25,25,25,25,26,27,27
-63,125,20,25,24,24,23,22,21,20,19,19,19,18,18,17,17,17,17,16,16,15,14,13,13,12,12,11,2,0,0,0,0,0,0,0,0,0,5,20,20,20,21,21,22,22,23,23,24,25,25,24,23,23,23,23,23,24,23,23,23,24,25,26,26
-63,125,20,32,31,29,28,28,27,26,25,24,24,24,24,23,23,22,22,20,19,19,18,17,16,16,15,15,3,0,0,0,0,0,0,0,0,0,6,25,24,26,27,27,28,29,29,30,30,30,30,30,30,30,30,29,29,29,29,30,31,31,31,33,33
-62,125,20,27,26,25,25,24,23,22,21,22,21,20,20,20,19,19,19,18,17,17,16,15,14,13,13,13,3,0,0,0,0,0,0,0,0,0,5,21,22,22,23,24,24,24,25,25,25,26,26,26,25,25,25,24,25,25,25,25,25,25,27,28,28
-63,125,20,32,32,31,30,28,26,26,25,24,24,23,23,23,23,23,22,21,20,19,19,17,16,16,16,15,3,0,0,0,0,0,0,0,0,0,6,24,25,26,27,27,29,29,29,30,30,31,31,30,30,30,30,29,28,29,30,30,30,30,32,33,34
-63,125,20,31,31,29,29,27,26,25,24,24,23,23,23,22,22,21,21,20,20,19,18,17,16,15,14,14,2,0,0,0,0,0,0,0,0,0,5,24,25,25,26,27,27,29,29,30,29,30,31,31,30,30,29,29,28,28,29,29,30,30,31,33,33
-63,125,20,28,28,26,26,25,24,23,22,21,21,21,21,21,20,20,19,19,18,17,17,15,15,15,14,13,3,0,0,0,0,0,0,0,0,0,5,22,23,23,25,25,25,25,25,25,25,27,28,27,27,26,26,26,25,26,26,26,26,26,28,31,31
-63,125,20,26,25,25,24,23,22,21,20,19,19,19,19,19,18,18,18,17,17,16,15,15,14,13,13,13,4,0,0,0,0,0,0,0,0,0,5,21,21,21,22,22,23,23,23,24,24,25,25,25,24,24,24,23,24,24,24,25,25,25,26,27,27
-63,125,20,28,27,27,26,25,24,23,22,21,21,20,19,19,19,19,19,18,17,17,16,15,15,14,14,13,3,0,0,0,0,0,0,0,0,0,5,21,21,22,23,24,25,25,26,26,27,28,28,27,27,26,26,26,26,26,26,27,27,28,29,29,29
-63,125,20,27,27,27,25,24,23,22,21,21,21,20,19,19,20,19,19,18,17,17,16,14,14,14,13,13,2,0,0,0,0,0,0,0,0,0,5,21,21,22,24,24,24,25,25,26,27,27,27,27,26,26,26,25,25,25,26,26,27,27,28,28,28
-62,125,20,27,26,25,24,24,23,23,21,21,21,21,20,20,20,19,18,17,17,16,16,16,14,13,13,13,4,0,0,0,0,0,0,0,0,0,5,21,21,22,22,23,24,24,25,25,25,26,26,26,26,25,25,25,24,25,25,25,25,25,26,27,27
-63,125,20,31,30,29,28,27,27,26,24,24,24,23,22,21,22,21,21,20,20,19,17,17,17,16,15,14,3,0,0,0,0,0,0,0,0,0,6,24,25,26,26,27,28,28,29,30,30,31,31,30,30,29,30,29,28,29,29,30,31,31,32,33,33
-63,125,20,33,32,31,30,29,28,26,26,25,25,25,24,23,23,23,22,22,22,21,20,18,17,17,17,16,4,0,0,0,0,0,0,0,0,0,6,26,26,27,28,28,30,30,30,30,31,32,32,32,31,31,31,30,30,30,30,30,31,32,32,33,33
-63,125,20,27,27,26,25,25,24,23,21,21,21,20,19,19,19,19,19,18,18,16,15,15,14,14,13,13,3,0,0,0,0,0,0,0,0,0,4,21,22,22,23,24,25,25,26,26,27,27,27,27,26,26,26,26,26,26,26,26,27,27,28,29,29
-62,125,20,30,29,26,26,26,25,24,23,22,22,21,21,21,21,20,19,19,19,17,17,16,15,15,14,14,3,0,0,0,0,0,0,0,0,0,5,23,23,24,24,25,26,26,27,27,28,29,29,29,29,28,28,27,26,27,27,27,28,28,28,30,30
-63,125,20,27,27,26,25,24,24,23,22,23,22,21,20,20,20,19,19,19,18,17,17,15,15,14,14,13,3,0,0,0,0,0,0,0,0,0,5,22,22,23,23,23,25,25,26,26,26,27,27,26,26,26,26,26,25,26,26,26,26,27,27,28,28
-62,125,20,26,25,24,24,22,22,20,20,20,19,18,17,18,18,18,17,17,16,15,14,14,13,12,12,12,2,0,0,0,0,0,0,0,0,0,4,19,20,21,21,22,23,24,23,24,24,25,25,24,24,23,24,24,23,24,24,24,24,24,26,27,26
-63,125,20,29,29,28,27,26,25,24,23,23,22,21,21,21,21,20,20,19,18,17,17,16,16,15,14,14,4,0,0,0,0,0,0,0,0,0,6,23,23,24,25,26,26,27,27,27,28,28,28,27,27,27,27,27,27,27,27,28,28,29,29,29,29
-63,125,20,26,26,24,23,23,22,21,21,21,20,19,18,19,19,18,18,17,17,16,15,14,13,13,12,13,3,0,0,0,0,0,0,0,0,0,5,20,20,22,22,23,23,23,24,24,25,26,26,24,24,24,24,24,24,25,25,25,25,25,26,27,26
-63,125,20,29,28,27,27,26,25,24,22,22,22,21,20,20,20,20,19,19,18,17,16,15,14,14,14,14,3,0,0,0,0,0,0,0,0,0,5,22,23,23,24,25,25,26,26,27,27,27,28,27,27,27,26,27,26,26,27,27,27,27,29,30,32
-63,125,20,28,27,26,25,25,24,23,22,21,21,20,20,20,20,20,19,19,18,17,16,15,14,14,13,13,3,0,0,0,0,0,0,0,0,0,5,22,22,23,23,24,25,25,25,26,27,27,27,27,26,26,26,26,26,26,26,27,28,28,30,29,29
-62,125,20,30,29,28,27,26,25,25,23,23,23,22,22,22,21,21,21,20,19,18,17,16,16,15,15,14,4,0,0,0,0,0,0,0,0,0,6,23,23,25,25,26,26,26,27,27,28,28,29,28,28,28,28,28,27,28,28,28,29,28,29,31,31
-63,125,20,24,24,23,22,22,21,20,20,20,19,18,18,17,17,17,17,16,16,15,14,13,13,12,12,12,3,0,0,0,0,0,0,0,0,0,4,19,19,20,21,21,22,22,22,23,23,24,24,24,24,23,23,23,23,23,23,23,24,24,25,26,27
-63,125,20,33,32,31,30,28,27,27,25,26,25,24,23,23,23,23,22,22,21,20,19,18,17,16,16,15,4,0,0,0,0,0,0,0,0,0,7,25,25,27,27,28,29,30,30,30,31,31,31,31,31,31,30,30,30,30,30,31,31,32,33,34,34
-63,125,20,28,28,27,26,25,24,23,22,21,21,20,20,20,20,19,19,18,18,17,16,15,15,14,13,13,3,0,0,0,0,0,0,0,0,0,5,22,22,23,23,24,24,25,25,26,27,27,27,27,26,26,26,26,26,25,26,26,27,28,29,29,29
-63,125,20,28,27,26,26,25,24,23,23,22,22,21,19,19,19,19,20,19,17,17,16,16,15,14,13,13,2,0,0,0,0,0,0,0,0,0,5,22,22,23,24,25,25,25,26,26,27,28,28,27,26,26,26,26,25,26,26,27,27,28,28,30,30
-63,125,20,29,28,28,26,25,24,22,22,22,21,20,20,20,20,20,19,18,17,17,16,15,14,14,13,13,2,0,0,0,0,0,0,0,0,0,5,22,22,24,24,25,25,25,26,26,28,28,28,28,26,26,27,26,26,27,27,27,28,28,29,30,30
-63,125,20,29,28,28,26,25,25,23,23,22,21,21,21,20,20,19,19,18,17,16,16,15,15,14,14,13,3,0,0,0,0,0,0,0,0,0,5,22,22,24,24,25,25,25,26,27,27,28,28,28,27,27,27,27,25,26,27,27,28,28,28,30,31
-62,125,20,28,27,26,25,24,23,22,21,20,20,20,20,20,19,19,18,18,17,16,16,15,14,14,13,13,4,0,0,0,0,0,0,0,0,0,5,21,21,22,23,23,24,25,25,25,25,26,27,26,26,25,26,25,25,25,26,25,25,26,27,28,29
-63,125,20,28,27,27,26,25,24,22,21,20,21,20,20,20,20,19,19,19,18,17,16,15,14,14,13,13,3,0,0,0,0,0,0,0,0,0,5,21,22,23,24,24,25,25,25,26,26,27,27,26,26,26,26,26,25,26,26,26,26,26,28,29,29
-63,125,20,24,25,23,22,21,22,20,19,18,18,18,17,17,17,17,17,16,15,15,14,13,12,12,11,11,2,0,0,0,0,0,0,0,0,0,4,19,19,19,21,21,21,22,22,23,24,24,24,23,23,22,23,22,22,22,23,23,24,24,25,26,25
-63,125,20,29,29,28,28,26,25,24,23,23,23,21,21,21,21,20,20,19,18,18,17,16,16,15,14,14,4,0,0,0,0,0,0,0,0,0,5,22,23,24,26,26,26,26,27,27,28,30,29,28,28,27,27,27,28,28,28,28,28,29,29,30,30
-63,125,20,29,29,27,26,25,24,23,22,22,21,21,20,20,20,19,19,18,18,17,16,15,14,13,13,13,3,0,0,0,0,0,0,0,0,0,5,22,22,23,24,24,25,26,26,26,27,28,28,28,27,27,27,27,26,27,26,27,28,29,29,30,31
-63,125,20,25,24,23,22,22,22,21,20,20,19,18,18,18,17,17,17,17,16,15,14,13,13,12,12,11,2,0,0,0,0,0,0,0,0,0,4,19,20,21,21,22,22,22,23,24,24,24,25,24,24,24,24,23,23,23,24,24,24,25,25,26,26
-63,125,20,28,28,27,26,25,24,23,21,20,20,21,19,18,19,19,18,18,16,16,15,15,14,14,13,13,3,0,0,0,0,0,0,0,0,0,5,21,21,22,23,24,25,25,26,26,27,28,28,27,27,27,27,26,26,26,27,27,28,28,29,29,29
-63,125,20,28,28,27,26,25,24,23,22,22,22,20,19,19,20,20,20,19,18,17,16,15,15,15,14,13,3,0,0,0,0,0,0,0,0,0,5,22,22,23,24,24,25,25,26,26,27,28,28,27,26,26,26,25,26,26,26,27,27,28,29,29,28
-63,125,20,30,29,28,27,26,24,23,22,22,22,22,21,21,20,20,20,19,18,18,17,17,16,15,15,14,4,0,0,0,0,0,0,0,0,0,6,23,22,24,25,25,26,26,26,27,28,28,29,28,28,27,27,27,26,27,27,28,29,29,30,30,30
-63,125,20,25,25,25,23,22,21,20,20,20,20,19,18,18,17,17,17,16,16,15,14,13,13,12,12,11,2,0,0,0,0,0,0,0,0,0,4,19,20,20,21,22,22,23,23,23,23,25,25,25,24,23,24,23,23,23,24,24,24,25,25,26,27
-63,125,20,28,27,25,25,25,24,23,22,22,22,21,20,20,20,19,19,18,18,17,16,15,14,13,13,13,3,0,0,0,0,0,0,0,0,0,5,21,22,23,23,23,25,26,25,26,26,27,27,26,27,26,26,26,26,26,27,26,26,26,27,29,30
-63,125,20,30,29,28,27,26,25,24,23,22,22,21,21,21,21,20,20,19,18,18,17,16,15,15,14,14,3,0,0,0,0,0,0,0,0,0,5,22,23,24,24,25,26,26,26,27,28,28,29,28,28,27,27,27,26,27,27,27,28,28,30,31,31
-63,125,20,29,29,27,26,25,24,23,22,22,22,20,20,19,19,19,19,19,18,17,16,15,14,14,13,13,3,0,0,0,0,0,0,0,0,0,5,21,22,23,24,25,25,26,26,26,27,28,28,27,27,26,26,26,25,26,27,27,27,27,29,30,30
-63,125,20,25,25,25,23,22,22,21,21,21,19,18,17,17,18,17,17,16,16,15,14,14,14,12,12,12,2,0,0,0,0,0,0,0,0,0,5,19,20,20,21,21,22,22,22,23,24,25,25,23,23,22,23,23,22,22,23,23,24,25,25,26,27
-63,125,20,29,29,28,27,26,25,24,23,22,22,21,21,21,20,20,20,19,18,17,17,16,15,15,15,14,4,0,0,0,0,0,0,0,0,0,6,23,23,24,25,26,26,27,27,27,28,28,29,28,28,28,28,27,27,27,28,28,28,29,30,31,31
-63,125,20,28,28,26,25,25,24,22,22,22,21,20,19,19,19,19,19,19,17,16,16,14,14,13,13,12,2,0,0,0,0,0,0,0,0,0,5,21,21,22,24,24,24,25,25,25,26,27,27,27,26,26,26,26,25,26,26,26,26,27,29,29,30
-63,125,20,30,30,28,27,26,25,24,24,24,23,21,21,21,21,21,20,19,19,18,16,16,16,15,14,14,4,0,0,0,0,0,0,0,0,0,6,23,24,24,25,26,26,26,27,27,28,29,29,28,27,27,28,27,27,27,27,28,28,29,30,30,30
-63,125,20,29,29,27,27,25,24,24,22,21,21,21,20,20,19,19,19,19,18,17,16,15,14,14,14,13,3,0,0,0,0,0,0,0,0,0,5,21,22,23,25,25,26,26,27,26,27,28,28,27,27,27,27,27,26,26,27,27,28,28,29,30,30
-63,125,20,24,24,23,23,22,21,20,20,20,19,18,18,18,18,17,17,17,16,15,14,13,13,12,12,11,2,0,0,0,0,0,0,0,0,0,4,19,19,20,21,21,22,23,23,23,23,25,24,24,22,22,22,22,22,23,24,23,24,24,25,26,26
-63,125,20,30,29,28,27,26,25,24,23,23,23,22,22,21,21,20,19,19,19,18,17,17,15,15,15,14,4,0,0,0,0,0,0,0,0,0,6,22,23,24,25,25,26,26,26,27,27,28,28,28,28,28,27,27,27,27,27,28,28,28,29,31,32
-63,125,20,26,25,24,24,23,22,21,21,21,20,19,18,18,18,18,18,17,16,16,16,14,14,13,13,13,3,0,0,0,0,0,0,0,0,0,5,20,21,21,21,22,23,24,24,24,24,25,25,25,25,24,24,24,25,25,25,24,25,25,26,27,27
-63,125,20,28,27,26,25,25,24,23,22,21,21,21,20,20,20,20,19,18,17,17,16,15,14,14,14,13,3,0,0,0,0,0,0,0,0,0,5,22,22,23,23,25,25,25,25,26,27,27,26,26,27,27,27,26,25,25,26,26,27,27,28,29,29
-63,125,20,28,28,28,27,25,25,24,22,22,21,21,21,20,20,19,19,19,18,17,16,15,15,14,14,13,3,0,0,0,0,0,0,0,0,0,5,22,22,23,24,25,25,25,26,26,27,28,29,28,27,27,27,26,27,27,27,27,28,28,29,29,29
-63,125,20,28,27,27,25,25,23,22,21,21,21,19,20,20,19,19,18,18,18,17,15,14,14,13,13,13,2,0,0,0,0,0,0,0,0,0,4,21,21,22,23,24,25,26,26,26,26,26,27,26,26,26,26,26,26,26,26,27,27,27,28,29,30
-63,125,20,25,25,24,23,23,22,21,20,20,19,19,18,18,18,18,17,17,16,15,14,14,13,13,13,12,3,0,0,0,0,0,0,0,0,0,4,19,20,21,22,22,22,22,24,24,24,25,25,25,25,25,24,24,23,24,23,24,25,25,25,27,28
-63,125,20,27,26,25,24,23,22,21,20,20,20,19,18,18,18,18,17,17,17,16,15,15,14,14,13,12,3,0,0,0,0,0,0,0,0,0,5,20,20,21,22,23,23,24,24,24,25,26,26,25,24,24,25,24,24,24,25,25,25,26,27,27,27
-63,125,20,26,26,25,23,23,22,21,20,20,20,19,19,19,18,18,17,17,16,15,15,14,13,13,12,12,3,0,0,0,0,0,0,0,0,0,5,20,20,21,22,22,23,24,23,24,25,26,26,25,24,24,24,24,24,24,24,24,25,26,26,27,27
-63,125,20,32,32,31,30,29,28,27,26,26,25,24,24,23,23,23,23,22,21,20,19,18,18,17,16,16,4,0,0,0,0,0,0,0,0,0,7,26,26,27,27,28,29,30,31,31,31,32,32,32,32,31,31,30,30,30,31,32,32,32,32,33,33
-63,125,20,28,27,26,25,25,24,23,22,22,21,20,20,20,19,19,19,19,18,17,16,14,14,13,13,13,3,0,0,0,0,0,0,0,0,0,5,21,22,22,24,24,25,25,25,26,26,26,26,26,26,26,26,26,25,26,26,27,27,26,28,29,29
-62,125,20,27,27,26,25,24,23,22,21,21,21,20,20,20,19,19,18,18,18,17,15,15,14,13,13,13,4,0,0,0,0,0,0,0,0,0,5,21,22,22,23,24,23,24,24,25,25,26,26,26,26,26,26,25,24,24,25,25,25,26,27,29,29
-63,125,20,28,28,27,26,25,24,22,22,22,21,20,19,19,19,19,19,17,17,16,15,15,14,14,12,12,2,0,0,0,0,0,0,0,0,0,5,21,21,23,24,25,25,25,25,25,26,27,27,26,25,25,26,26,26,26,26,27,27,28,29,29,28
-63,125,20,29,29,27,26,25,24,23,22,21,22,21,20,20,20,20,20,18,17,17,15,15,14,14,14,14,3,0,0,0,0,0,0,0,0,0,5,21,23,24,24,24,25,26,26,27,28,28,28,28,27,27,27,26,26,26,27,28,27,29,29,29,30
-63,125,20,29,29,28,26,26,25,24,22,22,23,21,20,20,21,20,20,19,18,18,17,16,16,15,14,14,4,0,0,0,0,0,0,0,0,0,6,22,23,23,25,25,26,26,27,27,28,28,29,28,28,28,28,27,27,27,27,28,28,29,29,31,31
-63,125,20,29,28,27,26,25,24,23,23,23,22,20,20,20,20,19,19,19,18,17,16,15,15,14,13,13,3,0,0,0,0,0,0,0,0,0,5,22,22,23,24,24,25,25,25,26,26,27,27,27,26,25,26,26,25,26,26,27,27,28,28,29,29
-63,125,20,28,27,26,25,24,24,22,22,22,22,20,19,19,19,19,19,18,17,16,16,15,14,13,13,13,3,0,0,0,0,0,0,0,0,0,5,21,22,22,23,23,24,25,25,26,27,27,27,26,26,26,26,25,24,26,26,26,27,28,29,29,29
-63,125,20,30,29,28,26,25,25,24,23,23,22,22,21,21,21,21,20,19,18,18,17,16,16,15,14,14,4,0,0,0,0,0,0,0,0,0,6,23,23,24,25,25,25,26,27,27,29,29,29,28,28,27,27,27,26,27,27,28,29,29,30,31,30
-63,125,20,25,25,24,23,21,22,21,19,19,19,18,18,18,18,18,17,16,15,15,14,13,13,13,12,12,3,0,0,0,0,0,0,0,0,0,5,19,20,20,21,22,22,23,23,24,24,25,25,25,25,24,24,23,22,23,23,24,24,25,25,26,26
-62,125,20,25,25,24,23,23,22,21,21,20,20,19,19,19,19,18,18,17,16,15,15,14,13,13,12,12,3,0,0,0,0,0,0,0,0,0,5,21,21,21,22,22,22,23,24,24,24,25,25,25,25,24,24,24,24,24,25,24,24,24,25,26,27
-63,125,20,29,28,28,27,26,25,24,23,22,22,22,21,21,20,20,20,19,19,18,17,16,16,15,14,14,4,0,0,0,0,0,0,0,0,0,6,22,23,24,25,26,26,26,26,27,28,28,28,27,26,26,27,26,26,27,27,28,28,29,29,30,30
-63,125,20,25,26,24,23,22,21,21,20,19,19,18,18,18,18,18,17,16,16,15,15,14,13,13,12,12,3,0,0,0,0,0,0,0,0,0,4,19,21,21,21,22,22,23,24,25,26,27,26,25,24,24,25,24,23,23,24,24,25,25,26,26,26
-63,125,20,28,28,27,26,25,24,23,23,23,22,20,19,20,20,20,19,19,18,17,16,15,15,14,13,13,2,0,0,0,0,0,0,0,0,0,5,22,22,23,23,25,25,25,26,26,27,27,27,27,27,27,26,26,25,26,26,26,27,27,28,30,30
-63,125,20,29,28,26,26,25,24,23,22,23,22,21,20,20,20,19,19,18,18,18,16,15,15,15,14,13,3,0,0,0,0,0,0,0,0,0,5,21,21,22,24,25,27,26,26,27,28,27,27,27,28,27,26,26,25,26,27,27,27,28,29,30,29
-63,125,20,28,27,26,25,24,24,23,22,22,21,21,19,19,19,19,19,18,17,16,16,15,14,14,14,13,2,0,0,0,0,0,0,0,0,0,5,21,22,23,23,23,25,27,26,26,25,26,27,27,26,26,26,26,25,26,26,26,26,26,28,29,29
-63,125,20,28,28,27,26,25,24,23,22,21,21,20,19,19,19,19,19,18,18,17,16,15,14,14,14,13,3,0,0,0,0,0,0,0,0,0,5,22,23,24,25,25,25,27,27,27,27,27,27,27,27,26,26,26,26,26,26,26,27,27,28,29,30
-63,125,20,27,27,26,25,25,24,23,21,21,21,21,20,20,20,19,19,18,18,17,16,15,14,14,13,13,3,0,0,0,0,0,0,0,0,0,5,22,22,23,24,24,25,25,25,26,27,27,27,27,26,26,26,26,25,26,26,26,26,26,27,29,29
-63,125,20,28,27,26,26,25,24,23,22,21,21,20,19,19,20,21,19,18,18,17,16,15,14,13,13,13,3,0,0,0,0,0,0,0,0,0,5,22,22,23,24,25,26,26,26,26,27,28,28,27,26,26,27,27,26,26,27,27,27,27,28,29,29
-63,125,20,28,28,27,26,25,24,23,22,20,21,20,20,19,19,19,19,18,18,17,16,15,14,14,13,13,3,0,0,0,0,0,0,0,0,0,5,21,23,23,24,24,25,25,25,25,26,27,27,26,26,26,26,25,25,26,26,27,27,27,28,29,30
-63,125,20,26,26,24,23,22,22,21,20,20,20,19,19,19,18,18,18,17,16,16,15,14,14,13,13,12,3,0,0,0,0,0,0,0,0,0,5,20,20,21,22,23,23,24,24,25,25,26,26,25,25,25,25,24,24,24,24,24,25,25,26,27,27
-63,125,20,29,28,27,26,25,25,24,23,23,23,22,21,21,21,21,20,20,19,18,17,16,16,15,15,14,4,0,0,0,0,0,0,0,0,0,6,23,24,24,25,25,26,27,27,27,28,28,29,28,27,27,27,26,26,27,27,28,27,28,30,30,29
-62,125,20,26,26,25,24,23,22,21,20,20,20,19,19,18,18,18,18,17,16,15,15,14,13,13,13,12,3,0,0,0,0,0,0,0,0,0,4,20,21,21,22,23,23,24,24,24,24,25,26,25,25,25,24,24,23,24,24,24,24,25,26,27,27
-63,125,20,28,28,27,27,25,25,23,23,23,22,21,21,21,20,20,19,19,18,17,16,15,15,14,14,13,3,0,0,0,0,0,0,0,0,0,5,22,23,23,24,25,26,26,26,27,27,28,28,27,27,27,27,26,26,26,26,27,27,27,28,29,29
-62,125,20,26,25,25,24,23,22,21,21,20,20,19,18,18,18,18,18,18,17,16,15,14,14,13,13,12,3,0,0,0,0,0,0,0,0,0,5,21,21,21,22,23,23,23,23,23,25,25,25,24,24,24,24,23,23,24,24,24,25,25,26,27,27
-63,125,20,28,27,26,25,24,23,22,21,22,21,19,19,20,20,19,18,18,18,16,16,14,14,14,13,13,3,0,0,0,0,0,0,0,0,0,5,22,22,23,23,24,25,25,26,26,27,28,28,28,27,27,27,26,25,25,26,27,26,27,28,29,30
-63,125,20,28,28,27,26,25,24,23,22,22,22,20,20,20,19,19,19,18,18,17,16,15,15,14,13,13,3,0,0,0,0,0,0,0,0,0,5,22,23,23,24,25,25,25,26,27,27,28,28,28,27,27,27,26,25,26,26,26,26,28,28,29,29
-63,125,20,26,25,25,23,23,22,21,21,20,19,19,19,19,18,18,18,17,17,16,15,14,14,13,13,12,3,0,0,0,0,0,0,0,0,0,5,20,21,21,22,22,23,24,24,24,24,25,25,25,24,25,24,24,24,24,24,24,25,25,25,27,27
-63,125,20,28,27,27,26,25,24,22,22,22,21,20,20,20,20,19,19,19,18,17,16,15,14,14,13,13,2,0,0,0,0,0,0,0,0,0,5,21,22,23,24,25,26,27,26,26,26,27,28,28,27,27,27,27,26,27,27,26,26,26,29,29,30
-62,125,20,26,26,25,24,23,22,21,20,21,20,19,18,18,18,18,17,17,16,16,15,14,13,13,12,12,2,0,0,0,0,0,0,0,0,0,5,20,21,21,22,23,23,23,24,25,25,26,26,25,25,24,25,24,24,24,24,24,25,25,25,25,26
-62,125,20,25,25,24,23,22,21,21,20,19,19,18,18,18,18,18,17,17,16,15,15,14,13,12,12,12,2,0,0,0,0,0,0,0,0,0,4,19,20,21,21,22,23,23,24,24,24,25,25,25,25,25,25,24,24,24,24,25,25,24,26,27,27
-63,125,20,25,25,24,22,22,21,21,19,19,19,18,18,17,17,17,17,16,15,14,14,13,13,12,12,11,2,0,0,0,0,0,0,0,0,0,4,19,20,21,21,21,23,23,23,23,24,25,25,24,24,24,24,23,23,23,23,24,24,24,25,26,26
-62,125,20,26,26,25,24,22,22,21,21,21,19,18,18,18,18,18,18,17,16,15,15,14,13,13,12,11,2,0,0,0,0,0,0,0,0,0,5,20,20,21,22,22,23,23,24,25,26,26,26,26,24,24,24,24,24,23,24,25,25,26,27,27,26
-63,125,20,29,28,27,26,25,24,23,23,22,22,21,20,20,20,20,19,18,18,18,17,15,16,16,14,14,4,0,0,0,0,0,0,0,0,0,5,23,23,24,24,25,26,26,27,27,27,28,29,28,27,27,27,26,27,27,27,27,27,28,29,30,30
-63,125,20,25,25,23,22,21,21,20,20,19,19,17,17,17,17,17,17,15,15,15,14,13,12,12,11,11,2,0,0,0,0,0,0,0,0,0,4,19,20,20,21,21,23,22,23,23,24,25,25,25,24,24,24,23,22,22,24,24,23,23,24,25,27
-63,125,20,24,23,23,22,21,21,19,19,19,18,17,17,17,17,17,16,16,15,15,13,13,12,12,12,11,2,0,0,0,0,0,0,0,0,0,4,19,20,20,21,21,22,23,22,23,23,24,24,24,24,23,23,23,22,22,23,23,23,24,24,25,26
-63,125,20,30,29,27,26,25,25,23,23,23,22,22,22,22,21,20,19,18,18,18,17,16,15,15,14,14,4,0,0,0,0,0,0,0,0,0,6,23,23,25,25,26,26,26,27,27,27,28,29,29,29,27,27,27,26,27,27,27,28,28,29,30,30
-63,125,20,26,25,25,24,23,22,21,21,20,20,19,19,19,18,18,18,18,17,16,16,15,14,14,13,13,4,0,0,0,0,0,0,0,0,0,5,20,21,22,22,23,23,23,24,24,25,25,25,25,24,24,24,24,24,24,25,24,25,25,26,26,27
-63,125,20,24,24,23,22,21,21,20,20,20,20,18,17,17,16,15,15,15,14,13,14,14,12,11,10,9,2,0,0,0,0,0,0,0,0,0,4,19,19,20,21,21,22,23,23,23,23,24,24,24,23,22,22,23,22,23,23,23,23,24,25,26,26
-63,125,20,29,29,27,26,25,24,23,23,22,21,21,20,20,20,19,18,18,18,16,16,16,15,14,14,14,4,0,0,0,0,0,0,0,0,0,6,22,23,25,25,26,26,27,27,28,28,28,28,28,28,28,27,27,26,26,27,28,28,28,29,29,30
-62,125,20,28,28,27,26,25,25,23,22,21,22,21,20,20,20,20,20,19,18,17,16,15,15,15,14,13,3,0,0,0,0,0,0,0,0,0,5,23,23,23,24,25,25,26,26,26,28,29,29,28,27,27,28,26,26,27,27,26,27,28,29,30,30
-63,125,20,27,27,26,25,25,23,22,21,20,20,20,20,20,19,19,18,18,17,16,16,15,14,13,14,14,3,0,0,0,0,0,0,0,0,0,5,22,22,23,24,24,24,26,26,25,26,27,27,26,26,26,25,25,25,26,27,26,26,26,27,28,29
-63,125,20,28,27,26,25,25,24,23,22,21,21,20,20,20,20,20,19,19,18,17,17,16,15,15,14,14,3,0,0,0,0,0,0,0,0,0,5,22,23,23,24,24,25,25,26,26,27,28,28,27,27,26,26,26,26,26,26,26,27,27,28,29,28
-63,125,20,24,23,23,22,21,21,19,19,19,19,17,16,16,17,17,17,16,15,15,14,12,12,13,12,12,2,0,0,0,0,0,0,0,0,0,3,19,19,19,20,21,22,23,22,23,24,25,24,24,23,23,23,23,23,23,23,23,23,24,24,24,24
-62,125,20,27,26,25,24,23,22,21,21,21,20,19,19,18,18,18,18,17,16,15,14,14,13,13,12,13,3,0,0,0,0,0,0,0,0,0,5,20,21,22,23,23,23,24,25,25,26,26,27,26,25,25,25,25,25,24,25,25,25,26,26,27,27
-62,125,20,26,26,26,24,23,22,21,21,20,20,20,20,19,19,18,18,17,17,15,15,15,14,13,13,12,2,0,0,0,0,0,0,0,0,0,5,20,21,21,23,23,24,23,24,24,24,25,26,26,25,25,25,24,24,25,25,24,24,25,26,26,26
-63,125,20,25,25,24,23,22,22,20,19,18,18,17,18,18,18,17,17,17,16,15,14,13,12,12,12,12,3,0,0,0,0,0,0,0,0,0,4,19,19,21,21,22,22,23,23,24,24,25,25,25,24,24,25,24,23,23,24,24,25,25,25,27,27
-63,125,20,27,27,27,25,24,23,22,22,22,21,20,20,20,20,20,19,18,17,17,16,15,14,14,14,14,3,0,0,0,0,0,0,0,0,0,5,22,22,23,24,24,24,25,26,26,26,28,28,27,27,26,26,25,25,26,25,26,26,27,28,28,28
-62,125,20,27,27,26,25,24,23,22,21,21,21,20,19,19,19,19,19,18,17,16,16,15,15,14,14,13,4,0,0,0,0,0,0,0,0,0,6,21,22,23,23,24,24,24,24,25,26,27,27,26,25,25,25,25,24,25,25,25,26,26,27,28,29
-63,125,20,29,29,27,26,25,25,24,23,23,21,21,20,20,20,19,19,19,17,16,15,16,15,14,14,13,3,0,0,0,0,0,0,0,0,0,6,22,23,24,24,25,26,26,26,27,28,28,29,27,27,26,27,26,26,26,27,26,27,28,29,30,30
-63,125,20,28,27,26,25,25,24,23,22,22,21,21,20,20,19,18,18,17,17,15,15,14,14,14,13,12,3,0,0,0,0,0,0,0,0,0,5,21,23,23,23,24,25,26,26,26,27,28,28,27,27,27,27,26,26,26,26,26,26,27,28,29,29
-63,125,20,26,25,25,23,23,22,21,21,21,20,18,18,18,17,17,17,16,16,16,16,14,14,13,13,13,3,0,0,0,0,0,0,0,0,0,5,21,21,22,22,23,24,24,24,25,25,26,25,25,25,25,24,24,24,24,24,25,25,25,25,28,28
-63,125,20,25,24,23,22,22,21,20,20,19,18,18,18,17,17,17,16,16,15,14,15,14,13,12,12,12,2,0,0,0,0,0,0,0,0,0,4,19,20,21,22,22,23,23,23,24,24,24,24,24,24,23,23,23,23,23,23,24,24,24,25,26,27
-63,125,20,29,27,27,26,25,25,23,22,21,23,21,20,18,19,21,19,19,18,17,17,16,15,15,14,13,2,0,0,0,0,0,0,0,0,0,5,21,22,24,25,25,25,26,26,27,28,28,28,28,26,26,28,27,26,26,26,27,27,28,29,30,30
-63,125,20,25,25,24,23,23,22,21,21,21,20,19,19,19,19,18,18,17,17,16,15,15,14,14,13,13,4,0,0,0,0,0,0,0,0,0,6,21,21,22,22,23,23,23,24,25,25,26,26,25,24,24,24,24,24,25,24,24,24,25,25,26,27
-63,125,20,31,30,30,28,27,26,25,25,23,23,22,22,22,22,22,21,20,19,19,18,16,16,16,15,14,3,0,0,0,0,0,0,0,0,0,5,25,24,26,26,27,27,28,30,31,32,32,32,31,30,29,30,29,29,29,30,30,30,31,32,32,32
-63,125,20,25,25,25,24,23,22,21,20,20,20,19,18,17,18,18,18,17,16,16,15,15,14,14,13,12,3,0,0,0,0,0,0,0,0,0,5,20,21,21,22,23,23,23,24,25,25,25,25,25,24,24,24,24,24,24,24,24,25,26,26,26,25
-63,125,20,25,25,24,24,22,21,20,21,20,20,17,17,17,18,18,17,16,16,16,14,13,13,13,13,12,3,0,0,0,0,0,0,0,0,0,5,20,20,21,22,23,22,23,24,25,26,26,26,25,24,24,24,24,23,23,24,24,25,25,26,26,26
-63,125,20,29,28,27,26,25,24,23,22,23,22,21,21,21,20,20,19,18,18,18,17,16,15,15,14,14,4,0,0,0,0,0,0,0,0,0,6,23,24,24,25,26,26,27,27,28,29,29,29,29,28,28,28,27,27,27,28,28,29,29,30,30,31
-63,125,20,25,25,24,24,23,22,21,21,20,20,18,18,18,18,18,17,17,16,15,15,15,14,14,14,12,3,0,0,0,0,0,0,0,0,0,5,20,21,22,22,23,24,24,24,25,24,26,26,25,25,25,24,24,24,24,24,25,24,25,26,26,27
-63,125,20,24,24,24,23,22,21,20,20,19,18,17,17,17,17,17,16,16,15,15,14,13,13,12,12,11,3,0,0,0,0,0,0,0,0,0,4,20,19,20,21,21,22,23,23,24,24,25,25,24,23,23,23,23,23,23,23,24,24,24,25,25,26
-63,125,20,25,25,23,22,21,21,20,18,18,18,18,17,17,17,17,17,16,16,15,14,13,13,13,12,12,2,0,0,0,0,0,0,0,0,0,4,19,20,20,21,22,22,23,23,23,24,25,25,24,24,24,24,24,22,23,23,24,24,24,25,25,26
-62,125,20,27,27,25,25,24,23,22,21,20,20,20,20,19,19,19,18,17,17,16,16,15,14,14,14,13,4,0,0,0,0,0,0,0,0,0,6,21,22,23,23,24,24,25,25,25,25,26,26,26,26,26,25,25,25,25,25,26,26,26,27,28,29
-63,125,20,28,27,26,25,24,23,22,22,22,21,20,19,19,19,19,19,18,17,16,15,15,14,13,13,12,2,0,0,0,0,0,0,0,0,0,5,22,22,23,23,24,25,25,26,27,27,28,27,27,26,26,26,25,25,25,26,26,26,27,28,29,29
-63,125,20,24,24,23,22,21,21,21,19,18,18,18,18,18,17,17,17,16,15,15,14,14,13,13,12,11,2,0,0,0,0,0,0,0,0,0,5,19,20,20,21,21,22,23,23,24,24,25,25,24,24,23,23,23,22,22,23,23,24,24,25,25,25
-63,125,20,25,24,24,23,22,21,21,20,20,19,18,17,17,17,17,17,16,16,15,14,14,13,12,12,11,2,0,0,0,0,0,0,0,0,0,4,19,20,21,21,22,23,23,23,23,24,25,24,24,23,23,23,23,23,23,24,24,24,24,25,26,26
-63,125,20,25,25,24,22,21,21,21,19,17,18,18,18,18,18,18,16,16,15,15,14,13,13,12,12,12,2,0,0,0,0,0,0,0,0,0,5,20,20,21,22,22,22,23,24,24,24,25,25,24,24,24,24,23,23,22,23,24,24,24,25,26,26
-63,125,20,25,25,24,23,22,21,20,20,19,19,18,18,18,17,17,17,16,16,15,14,14,13,13,13,13,3,0,0,0,0,0,0,0,0,0,5,20,21,21,22,22,23,23,23,24,24,24,25,24,24,24,24,24,22,23,23,24,24,24,26,27,28
-62,125,20,29,28,27,26,25,24,23,23,23,22,22,22,21,21,20,19,19,18,17,17,15,15,15,15,14,4,0,0,0,0,0,0,0,0,0,5,23,23,25,25,26,26,27,27,28,28,28,29,28,28,28,28,27,27,27,27,28,28,28,29,30,31
-63,125,20,28,27,26,25,25,23,22,22,21,21,21,20,19,19,18,18,18,18,17,16,15,14,14,14,13,3,0,0,0,0,0,0,0,0,0,5,22,22,23,24,24,25,25,26,27,27,27,28,28,27,27,26,26,26,26,26,27,27,26,28,30,30
-63,125,20,28,27,27,25,25,23,22,21,21,21,20,19,19,19,19,19,18,18,17,16,15,14,14,13,13,3,0,0,0,0,0,0,0,0,0,5,22,22,23,24,25,25,25,26,26,28,28,28,27,27,27,27,26,26,26,26,26,26,28,29,29,29
-63,125,20,26,25,24,24,23,22,21,20,20,20,19,18,18,18,18,18,17,17,16,15,14,14,13,13,12,3,0,0,0,0,0,0,0,0,0,5,20,21,21,22,23,24,24,24,25,26,26,26,26,25,25,25,25,24,25,25,25,25,25,26,27,27
-63,125,20,24,24,24,22,21,21,20,18,20,18,17,16,16,16,16,16,15,15,14,13,13,13,13,11,10,2,0,0,0,0,0,0,0,0,0,4,19,19,20,21,21,22,23,22,23,24,24,24,24,23,23,23,23,22,22,22,23,24,24,25,25,25
-63,125,20,28,28,27,25,24,23,22,22,21,21,20,19,19,19,19,18,18,17,16,15,15,15,13,13,13,3,0,0,0,0,0,0,0,0,0,5,21,23,23,24,25,26,25,26,26,26,27,28,27,26,26,26,25,25,26,26,26,27,28,29,29,29
-63,125,20,25,24,23,22,22,21,20,19,18,18,18,18,18,17,17,17,16,15,15,14,14,13,12,12,12,3,0,0,0,0,0,0,0,0,0,4,20,20,21,22,22,22,22,22,23,24,24,24,24,24,24,24,23,22,23,23,24,24,24,25,26,27
-63,125,20,29,29,28,26,25,24,23,24,24,23,22,20,20,20,20,20,19,19,17,17,16,16,15,14,14,4,0,0,0,0,0,0,0,0,0,6,23,23,24,26,26,27,27,28,28,29,28,29,28,27,27,28,28,27,28,28,27,28,28,29,30,30
-63,125,20,29,28,26,25,24,24,23,21,20,21,20,20,20,19,19,18,18,17,17,16,15,14,13,13,13,2,0,0,0,0,0,0,0,0,0,5,22,23,23,24,25,25,26,26,26,26,27,28,28,27,27,27,26,25,25,26,27,27,26,28,29,29
-63,125,20,26,25,25,24,23,22,21,21,21,20,20,19,19,19,18,18,17,17,16,15,14,14,13,13,13,3,0,0,0,0,0,0,0,0,0,5,21,22,23,23,24,24,24,25,26,26,26,26,26,25,25,25,25,24,24,25,26,26,25,26,28,28
-63,125,20,25,25,24,23,22,21,21,21,20,19,19,18,18,18,18,18,16,16,15,15,14,13,13,13,12,2,0,0,0,0,0,0,0,0,0,5,19,21,21,22,22,23,24,23,24,25,26,26,26,25,24,25,24,23,24,24,24,25,25,26,26,26
-63,125,20,29,29,28,26,25,24,24,22,22,21,20,20,20,20,20,19,18,18,17,16,15,15,14,13,14,3,0,0,0,0,0,0,0,0,0,5,22,23,24,25,25,26,26,27,28,29,29,29,29,28,28,29,28,27,27,27,28,28,28,30,30,31
-63,125,20,26,25,24,23,23,22,21,20,19,19,18,18,18,18,17,17,17,16,15,14,14,13,13,12,12,3,0,0,0,0,0,0,0,0,0,5,20,21,21,22,23,23,23,23,24,25,25,26,25,25,25,25,24,23,24,24,24,24,25,26,27,27
-63,125,20,30,28,28,27,25,24,23,22,23,22,21,21,19,19,19,19,18,17,16,16,15,15,14,14,13,3,0,0,0,0,0,0,0,0,0,5,23,23,25,25,25,25,26,26,27,28,29,29,28,27,27,27,27,27,28,28,28,29,29,30,30,30
-63,125,20,30,29,28,27,26,25,24,24,24,23,22,21,21,21,20,20,19,19,18,17,16,16,16,15,14,4,0,0,0,0,0,0,0,0,0,6,23,24,25,25,26,26,26,27,27,29,29,29,29,28,28,28,27,27,28,27,28,28,29,30,31,31
-61,125,20,28,27,26,25,25,24,22,22,22,21,20,20,20,20,19,19,18,17,17,16,15,15,14,13,13,4,0,0,0,0,0,0,0,0,0,6,22,22,23,25,24,24,26,25,26,27,28,28,27,27,27,27,26,26,26,26,26,26,27,28,28,28
-63,125,20,26,25,24,23,22,22,22,21,20,19,19,18,19,18,17,17,17,16,15,15,14,13,13,12,12,4,0,0,0,0,0,0,0,0,0,5,21,21,22,22,23,24,24,25,25,25,26,26,26,26,26,26,25,24,25,25,25,25,25,26,27,28
-63,125,20,25,25,25,23,22,22,21,21,21,19,19,17,18,18,18,17,17,16,15,14,14,14,13,12,12,2,0,0,0,0,0,0,0,0,0,5,21,21,21,22,22,23,23,24,25,25,26,26,26,24,24,25,24,23,23,25,25,25,26,26,26,26
-63,125,20,26,26,24,24,23,22,21,20,19,20,19,18,18,18,18,18,17,16,15,14,13,13,13,13,12,3,0,0,0,0,0,0,0,0,0,5,21,21,22,22,23,24,24,24,24,25,26,26,26,24,24,24,24,24,24,25,25,25,25,27,27,28
-63,125,20,25,25,24,23,23,22,21,19,19,19,19,19,18,18,18,17,17,17,16,15,14,13,13,12,12,3,0,0,0,0,0,0,0,0,0,5,20,21,22,23,23,24,24,24,24,24,25,26,25,25,25,25,25,24,23,24,25,25,25,25,28,28
-62,125,20,30,30,28,28,27,26,25,23,23,23,23,22,22,21,21,21,21,20,18,18,17,16,15,15,15,4,0,0,0,0,0,0,0,0,0,6,24,24,25,26,26,28,29,28,27,29,30,30,29,29,29,29,29,27,29,29,29,28,28,30,31,31
-62,125,20,30,30,28,27,26,25,24,23,23,22,21,20,21,21,21,20,19,18,18,16,16,15,15,14,14,3,0,0,0,0,0,0,0,0,0,5,23,23,24,25,26,27,27,28,28,29,30,30,29,29,28,28,28,28,28,28,29,29,29,30,31,32
-63,125,20,25,25,24,23,23,21,20,20,20,20,18,17,18,18,17,17,16,15,15,14,13,13,13,13,12,2,0,0,0,0,0,0,0,0,0,5,20,20,21,22,22,23,23,24,24,25,26,25,25,24,24,24,24,23,24,24,25,25,25,26,27,26
-63,125,20,26,25,24,24,23,22,21,21,21,20,19,18,17,18,18,17,16,16,15,15,14,13,13,12,12,2,0,0,0,0,0,0,0,0,0,5,20,21,22,22,23,24,24,24,24,25,25,26,25,25,24,24,24,23,24,25,24,24,26,26,27,28
-63,125,20,25,24,24,22,21,21,20,19,17,17,17,18,18,17,17,16,16,16,15,14,12,12,12,12,12,2,0,0,0,0,0,0,0,0,0,4,19,20,20,21,22,22,23,23,24,24,25,25,25,25,24,24,23,23,24,24,24,24,24,24,26,26
-62,125,20,31,30,29,29,28,26,25,23,23,24,22,20,21,21,21,21,20,19,18,18,17,17,16,15,14,4,0,0,0,0,0,0,0,0,0,6,24,25,25,27,27,28,29,28,28,30,31,31,30,30,29,29,29,28,29,30,29,30,30,31,32,31
-63,125,20,26,26,24,23,23,22,21,21,20,20,19,18,19,19,18,18,18,17,16,16,15,14,14,13,12,3,0,0,0,0,0,0,0,0,0,6,20,21,22,23,23,24,25,25,25,26,27,27,26,25,25,25,25,24,25,25,25,25,26,27,27,27
-63,125,20,26,26,24,23,22,21,21,21,20,19,19,18,19,17,17,17,17,16,15,15,14,13,13,12,12,3,0,0,0,0,0,0,0,0,0,5,20,21,22,22,23,24,24,25,25,25,25,26,26,25,25,25,24,24,24,24,25,25,25,26,27,27
-63,125,20,28,28,27,26,25,24,23,22,21,21,21,20,20,20,20,19,19,18,17,16,15,15,14,14,13,3,0,0,0,0,0,0,0,0,0,5,23,23,24,25,25,26,26,26,27,28,29,29,28,27,26,27,27,26,26,27,27,28,28,29,30,29
-63,125,20,33,32,31,29,29,28,27,25,24,23,23,22,22,22,22,22,21,20,19,18,17,16,16,15,14,3,0,0,0,0,0,0,0,0,0,5,25,26,27,28,29,30,30,31,31,32,33,32,32,31,30,30,31,30,30,31,31,32,32,32,34,34
-63,125,20,25,25,24,23,22,22,21,20,19,19,19,19,18,17,17,17,17,16,15,14,14,14,13,12,12,3,0,0,0,0,0,0,0,0,0,5,20,21,21,23,23,24,24,24,24,25,25,26,25,25,25,25,24,25,24,24,24,25,25,27,27,27
-62,125,20,29,29,28,27,26,25,24,22,22,22,21,20,20,20,20,20,19,18,17,16,15,15,14,13,13,3,0,0,0,0,0,0,0,0,0,5,23,23,25,25,26,27,28,27,28,29,30,30,29,29,29,28,27,28,28,28,28,29,29,30,30,30
-61,125,20,26,26,25,24,23,22,21,21,21,20,19,18,18,18,18,17,17,16,15,14,14,13,13,13,12,2,0,0,0,0,0,0,0,0,0,5,21,21,22,22,23,23,24,24,25,25,26,27,26,25,25,25,25,24,24,24,25,25,25,26,27,27
-63,125,20,30,29,28,27,26,25,24,22,21,22,21,21,21,21,20,20,19,18,17,16,16,15,15,14,13,4,0,0,0,0,0,0,0,0,0,6,23,24,25,25,26,27,28,28,28,29,30,30,29,29,29,29,28,28,28,28,28,28,28,30,31,31
-61,125,20,25,25,24,23,22,22,21,20,19,18,18,18,18,17,17,16,16,16,15,15,14,13,13,13,12,4,0,0,0,0,0,0,0,0,0,5,19,20,21,22,22,23,23,23,24,24,24,25,25,24,24,24,23,23,23,24,24,24,24,25,26,27
-63,125,20,26,26,24,23,22,22,21,20,19,19,19,18,18,18,18,17,17,16,15,15,14,13,12,12,12,3,0,0,0,0,0,0,0,0,0,5,20,21,22,22,23,24,24,24,24,25,26,26,26,26,24,24,25,24,25,24,24,25,25,26,27,28
-63,125,20,26,26,25,24,23,22,21,21,21,20,19,18,18,18,18,18,17,17,15,15,14,13,13,13,13,3,0,0,0,0,0,0,0,0,0,5,20,21,22,23,23,24,24,25,25,25,26,26,26,25,25,25,24,25,25,25,24,25,25,26,27,29
-63,125,20,27,26,25,24,24,23,22,21,20,20,19,19,19,18,18,17,17,17,16,15,15,14,13,13,13,4,0,0,0,0,0,0,0,0,0,5,21,22,22,23,23,24,25,25,25,26,26,26,26,25,25,25,25,24,24,25,25,26,26,27,27,28
-64,125,20,26,25,25,24,23,22,21,21,22,21,20,19,19,19,18,18,18,17,16,16,15,14,14,13,13,4,0,0,0,0,0,0,0,0,0,6,22,22,22,23,23,24,24,24,24,26,26,26,25,25,25,25,23,23,24,24,24,25,26,27,27,27
-64,125,20,24,25,25,24,22,22,20,19,19,19,18,16,16,17,17,18,17,16,15,14,13,12,12,12,11,2,0,0,0,0,0,0,0,0,0,4,19,20,21,22,22,23,23,23,24,25,25,25,24,23,23,24,24,24,24,24,24,24,25,25,26,26
-59,125,20,34,34,32,30,29,28,26,25,24,26,25,24,24,24,25,24,23,21,20,19,18,17,18,17,16,4,0,0,0,0,0,0,0,0,0,6,25,27,28,29,29,29,30,29,30,31,33,34,33,32,31,32,31,29,30,30,30,30,30,33,35,35
-63,125,20,29,29,28,26,26,24,23,22,22,21,21,21,20,20,20,19,19,19,17,17,16,15,15,14,13,3,0,0,0,0,0,0,0,0,0,6,23,24,25,25,25,26,27,27,27,28,29,29,29,28,28,28,27,27,27,27,27,29,29,30,30,30
-63,125,20,25,25,24,23,23,21,21,19,19,19,19,19,18,18,17,17,17,16,15,15,14,13,13,13,12,2,0,0,0,0,0,0,0,0,0,5,20,20,21,22,24,24,24,24,25,25,25,25,25,25,24,24,24,23,23,24,25,25,24,25,27,27
-64,125,20,26,25,24,23,23,22,21,21,21,20,18,18,18,18,17,17,16,16,15,14,14,13,13,12,12,3,0,0,0,0,0,0,0,0,0,5,20,21,22,22,23,23,23,24,24,25,25,25,25,25,25,25,24,23,23,24,24,25,25,26,27,27
-64,125,20,29,28,27,26,25,25,23,23,23,23,21,20,20,20,20,19,18,17,17,16,15,15,14,14,14,3,0,0,0,0,0,0,0,0,0,5,23,23,24,25,26,26,27,27,27,28,29,29,28,28,27,27,27,27,27,27,28,28,29,30,31,31
-64,125,20,29,28,26,26,26,25,23,23,22,22,22,21,21,20,20,19,18,18,17,16,15,14,14,13,14,3,0,0,0,0,0,0,0,0,0,5,23,24,24,24,25,26,27,27,28,27,28,28,28,27,28,27,27,26,28,27,27,27,28,29,30,30
-63,125,20,29,29,28,26,25,25,23,22,22,21,21,21,21,21,21,20,19,19,18,17,16,15,14,14,14,4,0,0,0,0,0,0,0,0,0,6,23,24,25,25,25,26,27,27,27,28,29,29,29,28,28,27,27,27,27,27,28,28,28,29,30,31
-64,125,20,26,26,24,23,22,22,21,20,19,19,19,19,18,18,17,17,17,17,15,15,14,14,12,12,12,3,0,0,0,0,0,0,0,0,0,5,20,21,21,23,23,24,24,25,25,25,25,26,26,25,25,25,25,24,24,25,25,25,25,26,27,27
-64,125,20,29,29,28,27,25,24,23,23,22,21,20,20,19,20,20,20,18,18,17,16,15,15,14,14,13,3,0,0,0,0,0,0,0,0,0,5,22,23,24,25,26,26,26,27,28,28,29,28,28,27,27,27,27,27,27,28,28,28,28,29,29,29
-59,125,20,30,30,27,26,26,24,23,22,22,22,21,21,21,21,21,21,19,18,17,17,16,15,14,14,14,3,0,0,0,0,0,0,0,0,0,5,22,23,24,25,25,24,25,24,25,26,28,29,28,28,27,27,26,24,25,25,26,26,26,28,30,31
-64,125,20,27,26,26,25,24,23,22,21,21,20,19,19,18,18,18,18,17,16,16,15,15,14,14,13,13,4,0,0,0,0,0,0,0,0,0,5,20,21,23,23,24,24,25,25,25,26,26,27,26,25,25,25,25,25,25,25,25,26,26,27,27,27
-64,125,20,29,28,27,26,25,24,23,21,21,20,21,21,21,20,20,18,18,18,17,16,14,14,13,13,13,3,0,0,0,0,0,0,0,0,0,5,22,23,24,24,25,26,27,27,27,28,28,29,28,28,28,28,27,27,27,27,27,27,28,29,30,30
-64,125,20,26,25,25,23,23,22,21,20,20,20,19,17,17,18,18,18,17,16,16,15,14,14,13,13,12,2,0,0,0,0,0,0,0,0,0,5,20,20,21,22,22,23,23,24,24,25,25,25,25,24,24,24,23,24,24,24,24,25,25,26,26,25
-63,125,20,29,29,28,26,26,25,24,22,22,22,22,21,21,21,21,20,19,18,18,18,16,15,15,15,14,3,0,0,0,0,0,0,0,0,0,5,23,23,24,25,26,26,27,27,28,27,28,29,28,28,27,27,27,27,27,27,27,28,28,29,30,31
-63,125,20,28,28,27,26,26,25,23,22,21,21,20,20,20,20,20,19,19,18,17,16,16,14,14,14,13,2,0,0,0,0,0,0,0,0,0,5,22,22,24,24,25,26,26,27,26,27,28,28,27,27,27,27,26,26,26,26,26,27,27,29,30,30
-63,125,20,29,29,28,26,25,24,23,23,23,22,21,21,20,20,20,20,19,18,18,16,16,15,14,13,13,3,0,0,0,0,0,0,0,0,0,5,23,23,24,25,25,26,26,26,27,27,28,28,28,27,26,27,26,26,27,27,27,28,28,29,30,30
-64,125,20,27,26,25,24,23,22,22,20,20,20,19,20,19,19,18,18,17,17,16,15,15,13,13,13,13,3,0,0,0,0,0,0,0,0,0,5,21,21,22,23,24,24,25,25,25,25,26,26,26,26,26,25,25,24,25,25,25,25,26,27,27,28
-63,125,20,29,28,27,26,26,25,23,22,21,22,22,20,20,20,20,20,19,18,17,17,16,15,14,14,13,3,0,0,0,0,0,0,0,0,0,5,23,23,24,25,25,26,26,27,27,27,27,28,28,27,27,27,26,26,26,27,27,27,28,29,30,31
-64,125,20,29,28,28,27,26,25,24,23,22,23,21,21,20,21,21,21,20,19,18,17,16,16,15,14,13,3,0,0,0,0,0,0,0,0,0,5,23,23,24,25,25,26,27,27,27,28,29,29,28,27,26,27,27,27,27,28,28,28,29,29,29,29
-64,125,20,25,24,24,24,22,22,20,20,20,20,18,17,17,17,17,17,17,16,16,13,13,13,13,12,12,2,0,0,0,0,0,0,0,0,0,4,20,19,20,21,22,22,23,23,24,24,24,24,24,24,23,23,24,24,24,24,24,24,24,25,26,25
-63,125,20,25,25,25,23,22,22,21,20,19,19,19,18,18,18,18,18,17,16,15,15,14,13,13,12,11,2,0,0,0,0,0,0,0,0,0,5,20,20,21,22,22,23,23,23,24,24,25,25,25,24,23,23,24,23,23,24,24,25,25,26,26,26
-64,125,20,29,29,28,26,25,25,24,23,23,22,21,20,20,20,20,19,19,18,17,16,16,15,15,14,14,3,0,0,0,0,0,0,0,0,0,5,23,23,24,25,26,26,26,26,27,28,29,28,28,26,26,27,27,26,27,27,27,27,28,29,29,30
-64,125,20,26,25,25,24,23,22,21,20,21,20,19,19,19,19,19,18,18,17,15,15,15,14,13,13,12,3,0,0,0,0,0,0,0,0,0,5,20,21,22,22,23,23,23,24,24,25,25,26,25,24,24,24,24,24,23,24,25,25,25,26,27,27
-64,125,20,26,26,24,24,23,22,22,21,20,20,19,19,19,19,18,17,17,16,16,15,14,14,13,13,12,3,0,0,0,0,0,0,0,0,0,5,21,21,22,22,22,24,24,24,25,25,25,25,25,25,24,24,24,24,24,24,24,25,25,26,27,27
-59,125,20,29,29,27,25,25,24,22,22,22,21,21,20,20,21,21,20,18,18,16,16,16,14,14,14,13,3,0,0,0,0,0,0,0,0,0,5,21,22,24,24,24,24,24,24,25,26,28,29,28,27,27,27,26,24,24,24,25,25,26,28,30,30
-59,125,20,34,34,33,30,29,28,27,26,26,26,25,24,24,25,25,25,24,21,21,19,19,18,18,17,17,5,0,0,0,0,0,0,0,0,0,7,25,27,28,30,29,29,29,28,29,31,33,34,33,31,30,31,31,29,29,29,31,30,30,33,34,35
-59,125,20,29,29,28,27,25,24,23,22,21,21,21,21,21,21,21,21,19,18,18,16,16,16,15,14,14,3,0,0,0,0,0,0,0,0,0,5,22,23,24,25,25,25,25,25,25,27,28,29,28,27,27,27,26,25,25,26,26,25,27,28,30,30
-63,125,20,30,29,27,26,26,25,24,22,23,22,21,21,21,21,20,20,19,18,17,16,15,15,14,14,13,3,0,0,0,0,0,0,0,0,0,5,22,23,24,24,25,26,26,27,27,27,28,28,28,28,27,27,27,27,26,27,27,28,28,29,29,31
-63,125,20,30,30,28,27,26,26,24,23,22,22,22,21,21,21,21,21,20,19,18,17,17,17,16,15,14,3,0,0,0,0,0,0,0,0,0,6,24,24,25,25,26,26,27,28,28,29,30,29,29,28,28,29,28,28,27,28,28,28,29,30,30,30
-63,125,20,30,29,28,26,26,26,25,23,23,23,22,21,21,21,21,21,20,19,18,18,17,16,16,14,14,4,0,0,0,0,0,0,0,0,0,6,23,24,24,26,26,26,27,27,27,28,29,29,28,28,28,28,27,28,28,28,28,28,29,30,30,30
-63,125,20,30,29,29,28,26,25,24,24,25,24,22,21,21,21,21,21,20,19,19,18,17,16,15,14,14,4,0,0,0,0,0,0,0,0,0,6,24,24,25,25,26,27,27,27,28,29,30,29,29,27,27,28,28,27,27,28,28,29,29,30,31,31
-64,125,20,26,26,24,24,23,22,22,21,20,20,19,20,18,18,18,17,16,16,15,15,15,13,12,12,12,3,0,0,0,0,0,0,0,0,0,5,20,21,22,22,22,23,22,23,25,25,25,25,25,25,25,25,24,24,23,24,24,24,24,26,28,28
-64,125,20,26,25,24,23,22,21,21,20,19,19,18,18,17,17,17,17,17,16,15,14,13,13,12,12,11,2,0,0,0,0,0,0,0,0,0,4,19,20,21,21,21,23,23,23,23,24,25,25,24,24,24,24,24,23,23,24,24,24,26,26,26,26
-64,125,20,26,26,25,24,23,22,21,20,20,20,20,19,19,19,19,18,17,17,16,15,14,14,13,13,12,3,0,0,0,0,0,0,0,0,0,6,21,21,22,22,23,24,24,25,25,25,25,25,25,25,24,25,25,25,24,24,25,25,25,26,28,28
-64,125,20,26,26,24,23,22,21,21,19,19,18,18,18,18,18,18,17,16,16,15,14,13,13,12,12,12,2,0,0,0,0,0,0,0,0,0,4,19,20,20,21,21,21,23,23,24,24,24,25,24,24,24,24,23,23,23,24,24,24,25,26,27,27
-64,125,20,31,30,28,28,27,26,25,23,23,23,22,22,22,21,21,20,20,19,18,18,17,16,16,15,14,4,0,0,0,0,0,0,0,0,0,6,23,24,25,25,26,27,27,27,28,28,29,29,29,29,29,28,28,27,28,28,28,28,29,30,31,31
-64,125,20,29,28,27,26,26,24,24,22,21,21,20,20,20,20,20,19,19,18,17,16,15,14,14,13,13,3,0,0,0,0,0,0,0,0,0,5,21,21,23,24,25,25,26,26,26,27,28,28,27,26,27,27,26,26,27,27,27,28,29,29,30,29
-64,125,20,26,25,24,23,23,21,20,20,19,18,18,18,18,18,18,17,16,16,15,15,14,13,13,13,12,2,0,0,0,0,0,0,0,0,0,4,19,20,21,22,22,23,24,24,25,24,24,26,25,24,24,24,25,24,23,24,24,25,25,25,26,27
-64,125,20,28,28,27,27,25,24,23,21,22,22,21,20,20,19,19,19,18,18,17,16,15,15,13,13,13,3,0,0,0,0,0,0,0,0,0,5,21,23,23,24,25,25,26,26,26,26,27,27,27,27,27,27,26,26,27,27,26,26,27,29,30,31
-64,125,20,26,26,25,24,23,23,22,21,20,19,19,19,18,18,17,17,17,16,15,15,15,14,13,12,12,3,0,0,0,0,0,0,0,0,0,5,20,21,21,22,22,23,24,24,25,25,25,26,26,25,24,25,25,24,24,24,25,26,26,26,27,27
-64,125,20,26,26,25,24,23,23,21,22,22,21,20,20,20,19,19,18,18,17,16,15,14,14,14,13,13,4,0,0,0,0,0,0,0,0,0,5,21,21,22,22,23,24,24,25,25,25,26,25,25,25,25,25,25,24,24,24,25,25,26,26,27,27
-63,125,20,28,28,27,26,25,24,23,23,23,22,21,20,20,20,20,20,19,18,17,16,16,15,14,13,13,3,0,0,0,0,0,0,0,0,0,5,23,23,23,24,25,25,25,25,26,27,28,28,27,26,26,26,26,26,25,26,26,26,27,28,29,29
-63,125,20,27,26,25,25,24,22,22,21,21,21,20,20,19,19,19,18,17,17,16,16,14,14,13,13,13,3,0,0,0,0,0,0,0,0,0,5,21,21,22,22,23,23,24,24,25,25,25,26,25,25,25,25,24,24,24,25,25,25,25,26,28,28
-63,125,20,29,29,28,27,26,26,24,24,23,23,23,22,22,21,22,21,20,19,18,18,17,17,16,15,15,4,0,0,0,0,0,0,0,0,0,6,23,24,24,25,26,26,27,28,28,29,29,29,29,28,28,28,28,28,27,28,28,29,29,30,31,30
-64,125,20,26,26,25,22,22,21,20,20,20,19,19,18,18,18,18,18,17,16,16,15,14,13,13,12,12,3,0,0,0,0,0,0,0,0,0,4,19,20,21,21,22,23,24,23,23,25,25,25,25,24,24,25,24,24,23,24,24,25,25,26,26,26
-64,125,20,27,26,25,24,23,22,21,20,19,19,20,20,19,19,19,18,17,16,16,15,15,13,13,13,12,3,0,0,0,0,0,0,0,0,0,5,21,21,22,23,23,23,24,24,25,25,26,26,26,26,25,25,25,24,24,24,25,25,25,25,27,27
-63,125,20,27,26,25,24,24,23,22,21,20,20,19,20,20,18,18,18,18,17,16,15,15,14,13,13,13,4,0,0,0,0,0,0,0,0,0,5,21,21,22,23,23,24,24,25,25,25,26,26,26,25,25,25,25,24,25,25,26,25,26,27,28,29
-59,125,20,29,29,27,26,25,24,23,21,22,22,21,21,21,20,20,20,19,18,17,16,16,15,14,13,13,3,0,0,0,0,0,0,0,0,0,5,21,21,24,25,24,25,24,25,25,27,28,29,28,27,26,27,26,24,24,26,25,26,26,29,30,30
-63,125,20,26,25,25,25,23,23,22,21,22,21,19,19,19,19,19,19,18,17,17,16,15,15,14,13,13,3,0,0,0,0,0,0,0,0,0,6,21,21,22,23,24,24,24,25,25,26,27,26,25,25,24,25,25,25,25,25,25,26,27,27,27,26
-63,125,20,26,25,24,23,22,21,22,21,20,19,19,18,18,18,18,17,17,16,15,15,14,13,13,13,12,3,0,0,0,0,0,0,0,0,0,5,21,21,22,22,23,24,24,24,25,26,26,26,26,25,25,26,25,24,24,25,25,25,25,26,26,26
-64,125,20,27,26,25,24,24,23,21,21,21,20,20,20,19,19,19,18,17,17,17,15,15,14,13,13,13,3,0,0,0,0,0,0,0,0,0,5,21,22,22,23,23,24,24,25,25,26,26,26,26,25,25,25,25,25,25,25,25,25,25,27,28,28
-63,125,20,26,26,24,23,23,22,21,20,20,20,20,19,19,19,19,18,17,17,16,15,14,13,13,13,12,3,0,0,0,0,0,0,0,0,0,5,20,21,22,23,23,24,24,24,24,24,25,26,26,25,25,25,24,24,25,24,25,24,25,26,27,28
-64,125,20,31,30,29,27,26,25,25,24,22,23,22,22,21,21,21,20,19,19,18,17,16,16,15,14,14,4,0,0,0,0,0,0,0,0,0,6,24,24,25,26,26,27,27,28,28,29,30,31,29,29,29,29,29,28,28,29,28,29,29,30,31,31
-64,125,20,22,21,21,20,19,19,18,17,17,17,16,16,15,15,15,15,14,14,13,12,12,11,11,10,10,2,0,0,0,0,0,0,0,0,0,3,17,18,18,19,19,20,21,20,21,21,22,22,22,21,21,21,20,21,21,21,21,21,22,22,24,24
-64,125,20,29,29,28,27,25,25,24,23,24,22,21,21,21,21,20,20,19,18,17,16,15,15,15,14,13,3,0,0,0,0,0,0,0,0,0,6,23,23,24,25,26,26,26,27,27,28,29,29,28,28,28,28,27,26,27,27,27,28,28,29,30,29
-64,125,20,30,30,29,27,26,25,25,24,24,24,22,22,22,22,21,20,19,19,18,17,17,16,15,14,14,4,0,0,0,0,0,0,0,0,0,6,24,24,26,26,26,27,28,28,29,28,29,30,29,29,28,29,28,26,27,28,29,30,29,30,31,31
-63,125,20,30,29,28,27,26,26,25,23,22,22,22,21,21,20,20,19,19,19,18,18,17,15,15,15,15,4,0,0,0,0,0,0,0,0,0,6,23,24,25,26,26,27,27,28,28,28,29,29,29,29,29,29,28,27,28,28,29,29,29,30,31,32
-63,125,20,25,25,25,24,23,22,21,20,20,20,18,18,18,17,18,18,18,17,15,15,14,14,13,12,12,3,0,0,0,0,0,0,0,0,0,5,20,20,21,22,23,24,24,25,25,25,26,26,25,24,24,25,25,24,25,25,25,25,26,27,27,27
-63,125,20,28,27,26,25,24,24,23,23,23,22,21,21,21,20,20,19,19,18,17,16,15,14,14,14,14,3,0,0,0,0,0,0,0,0,0,5,23,23,24,24,25,25,26,26,26,28,29,29,27,27,27,27,26,26,26,27,27,28,27,28,30,30
-59,125,20,34,34,32,30,29,28,27,26,26,26,25,24,24,24,25,24,23,21,20,19,19,18,18,17,16,4,0,0,0,0,0,0,0,0,0,7,26,27,28,29,29,29,30,29,30,31,34,34,33,32,31,32,31,30,29,30,30,30,31,33,35,34
-64,125,20,27,26,25,24,24,23,22,20,20,20,20,19,19,19,19,18,18,17,16,16,15,14,14,13,13,4,0,0,0,0,0,0,0,0,0,6,21,22,23,23,24,24,24,24,25,25,26,26,26,25,25,25,25,24,25,25,25,26,26,27,28,29
-64,125,20,28,28,27,26,25,24,23,23,22,22,21,21,20,20,20,20,18,18,17,17,16,15,14,13,13,3,0,0,0,0,0,0,0,0,0,5,23,23,25,25,25,25,26,27,27,28,29,29,29,28,28,28,27,27,27,27,27,29,29,29,30,30
-64,125,20,28,27,27,25,25,24,23,23,23,22,21,20,20,20,20,20,19,18,17,16,15,15,14,14,13,3,0,0,0,0,0,0,0,0,0,5,22,23,23,25,25,25,26,27,28,28,28,28,28,28,27,27,27,26,27,27,28,27,28,29,29,29
-64,125,20,24,23,22,21,20,20,19,18,17,17,17,18,17,16,16,15,15,15,14,14,13,12,12,12,11,3,0,0,0,0,0,0,0,0,0,5,18,19,20,21,21,22,22,22,23,23,23,23,23,23,23,23,22,22,22,23,23,23,23,24,25,25
-63,125,20,29,29,27,26,26,25,24,24,24,23,22,22,21,21,21,21,20,19,18,18,17,16,15,15,15,4,0,0,0,0,0,0,0,0,0,6,24,25,25,26,26,26,27,27,28,28,29,29,29,29,28,28,28,27,27,28,28,29,29,29,30,31
-64,125,20,27,26,25,24,23,23,22,21,20,20,20,20,20,19,19,18,18,17,16,15,15,14,14,13,13,4,0,0,0,0,0,0,0,0,0,6,21,22,22,23,23,24,25,25,25,26,26,26,26,26,26,26,26,24,25,25,25,26,26,26,27,27
-63,125,20,29,29,27,26,26,25,24,23,23,22,22,20,20,20,20,20,19,18,18,17,16,16,15,14,13,3,0,0,0,0,0,0,0,0,0,5,22,24,24,25,26,26,27,26,27,28,29,29,28,27,27,28,27,26,26,27,28,28,28,29,29,30
-64,125,20,25,25,24,23,22,21,21,20,19,19,19,18,18,18,18,18,17,16,15,15,15,13,13,12,12,2,0,0,0,0,0,0,0,0,0,5,20,21,21,22,22,23,24,24,24,25,25,25,25,24,24,24,23,24,24,24,24,24,24,26,27,27
-63,125,20,27,26,26,24,23,22,22,21,21,20,19,18,18,19,19,19,18,17,16,15,15,14,14,13,13,3,0,0,0,0,0,0,0,0,0,6,21,21,22,23,23,25,25,25,25,26,27,27,26,25,25,26,25,25,25,25,25,25,26,27,27,27
-64,125,20,27,26,26,25,24,23,22,21,22,21,20,19,19,19,18,18,17,17,16,16,15,15,14,14,13,4,0,0,0,0,0,0,0,0,0,6,21,22,23,24,24,24,24,24,25,25,25,25,25,25,25,25,25,24,25,25,25,25,26,27,28,28
-64,125,20,26,25,24,23,23,22,21,19,19,19,19,19,18,17,17,17,16,16,15,14,14,13,13,12,12,2,0,0,0,0,0,0,0,0,0,5,20,21,22,22,23,24,24,24,24,23,24,25,25,25,25,24,24,23,25,25,25,24,23,25,28,29
-64,125,20,26,25,24,24,22,21,21,20,21,20,19,18,18,18,18,18,17,16,16,15,14,14,13,13,12,3,0,0,0,0,0,0,0,0,0,5,20,20,21,22,23,24,24,24,24,25,26,26,26,25,25,25,24,23,24,24,25,25,25,27,27,27
-64,125,20,29,28,27,26,26,25,24,24,23,22,21,21,21,21,21,20,18,18,17,17,16,15,14,14,14,3,0,0,0,0,0,0,0,0,0,5,23,24,25,26,26,26,26,27,28,28,29,29,28,28,28,28,27,27,27,27,28,28,28,29,29,30
-64,125,20,27,28,28,27,26,25,23,23,24,23,21,19,19,20,20,20,20,19,18,17,16,16,15,14,13,3,0,0,0,0,0,0,0,0,0,5,23,24,24,24,25,25,27,26,26,28,29,29,28,27,27,26,26,27,28,27,27,27,28,29,29,29
-64,125,20,26,25,24,23,22,22,21,20,20,19,18,17,17,17,17,17,16,16,14,14,14,13,12,12,11,2,0,0,0,0,0,0,0,0,0,4,20,20,21,21,22,22,23,24,24,25,26,25,25,25,25,24,24,24,24,24,23,25,25,26,26,26
-63,125,20,25,25,24,23,22,21,21,20,19,19,18,18,18,18,18,17,16,15,15,14,13,13,12,12,12,2,0,0,0,0,0,0,0,0,0,5,20,21,21,22,22,22,23,24,24,24,25,25,25,25,25,25,24,23,23,24,25,25,25,25,27,27
-64,125,20,25,25,24,22,22,21,20,19,19,19,18,18,18,17,17,17,16,15,14,14,13,12,12,12,12,2,0,0,0,0,0,0,0,0,0,4,19,21,21,22,22,22,23,24,25,24,24,25,25,25,24,24,23,22,23,23,24,24,24,25,27,27
-64,125,20,29,29,27,26,26,25,24,22,21,22,21,20,20,20,20,19,19,18,18,16,15,15,14,13,13,3,0,0,0,0,0,0,0,0,0,5,23,23,24,25,25,26,26,27,28,28,29,29,28,27,27,27,27,26,27,27,28,28,28,29,31,31
-64,125,20,25,26,25,25,23,22,21,21,21,21,20,19,19,19,18,17,17,17,16,15,15,13,13,13,12,3,0,0,0,0,0,0,0,0,0,5,20,21,22,23,24,23,24,25,25,26,26,27,26,26,25,26,25,25,25,25,25,25,25,26,28,28
-64,125,20,25,25,24,22,22,21,20,18,18,17,17,18,18,17,17,17,16,16,15,14,13,12,11,11,11,2,0,0,0,0,0,0,0,0,0,4,19,20,20,22,22,22,23,24,24,24,25,25,25,25,25,24,23,22,23,24,24,24,24,25,27,27
-63,125,20,27,25,24,22,22,21,21,20,19,19,19,19,20,19,17,17,16,16,15,15,14,13,13,12,12,3,0,0,0,0,0,0,0,0,0,5,20,21,21,22,23,23,23,23,24,25,25,25,25,25,25,25,24,23,23,24,25,25,25,25,27,28
-63,125,20,29,28,27,26,26,24,23,22,20,20,21,21,21,20,19,19,18,18,17,16,16,14,14,14,13,3,0,0,0,0,0,0,0,0,0,5,21,22,23,24,25,25,26,26,27,27,28,29,28,28,27,27,27,26,26,27,27,27,27,29,30,30
-64,125,20,27,27,26,25,24,23,23,21,21,21,21,21,20,20,19,19,19,18,17,16,15,15,14,14,14,4,0,0,0,0,0,0,0,0,0,6,21,22,22,23,24,25,26,25,25,25,26,26,26,26,25,26,26,24,25,26,26,26,26,27,28,29
-63,125,20,30,30,28,27,26,25,24,23,22,22,22,21,21,20,20,19,19,18,17,16,16,15,15,14,14,3,0,0,0,0,0,0,0,0,0,5,22,23,23,24,25,26,27,27,28,28,29,29,29,29,28,29,28,27,27,28,28,29,29,30,31,31
-62,125,20,28,27,26,25,24,24,21,22,22,21,20,20,19,18,18,18,18,17,17,15,15,14,14,13,13,3,0,0,0,0,0,0,0,0,0,5,21,21,22,23,23,24,24,25,26,25,26,26,26,25,25,25,25,25,25,25,26,26,26,28,28,29
-64,125,20,22,21,21,21,20,20,19,18,18,17,17,16,16,16,16,15,15,14,14,12,12,12,11,10,10,2,0,0,0,0,0,0,0,0,0,4,18,18,18,19,19,21,21,21,21,22,23,23,23,22,22,22,21,21,21,21,21,22,22,23,25,25
-63,125,20,27,27,26,25,24,23,23,23,21,21,20,20,20,20,19,19,17,17,17,16,16,15,14,13,13,3,0,0,0,0,0,0,0,0,0,5,21,22,23,24,24,24,25,26,26,26,27,27,26,27,27,27,26,26,25,25,26,27,26,26,29,29
-63,125,20,26,25,24,23,23,22,21,20,19,19,19,19,18,18,18,17,16,16,15,15,14,13,12,12,12,2,0,0,0,0,0,0,0,0,0,5,20,20,21,22,22,23,24,24,25,25,26,25,25,25,25,25,24,23,24,24,25,25,25,26,27,28
-64,125,20,31,30,28,26,26,25,24,24,23,23,22,22,21,21,21,20,19,19,18,17,16,15,15,14,14,3,0,0,0,0,0,0,0,0,0,5,24,24,24,25,25,26,27,27,28,28,29,30,29,28,28,28,29,28,27,28,29,29,29,30,31,31
-62,125,20,27,27,25,24,23,22,21,21,20,20,19,19,19,18,18,17,17,16,16,15,14,13,13,13,13,3,0,0,0,0,0,0,0,0,0,4,20,21,22,23,23,24,25,25,25,25,26,26,26,26,26,25,25,24,25,25,25,26,26,27,28,29
-64,125,20,29,29,28,27,26,25,25,24,24,24,21,22,22,21,21,20,19,19,18,16,16,15,15,15,15,3,0,0,0,0,0,0,0,0,0,5,23,24,25,25,26,26,27,28,28,28,28,29,29,29,28,28,27,27,27,28,28,28,28,30,31,31
-62,125,20,27,26,25,24,23,23,22,21,21,20,19,19,19,19,18,18,17,17,16,16,15,14,13,13,12,3,0,0,0,0,0,0,0,0,0,5,21,22,22,23,23,24,24,25,25,26,26,26,26,25,25,25,25,24,24,24,25,25,26,27,28,28
-63,125,20,24,24,23,22,21,21,20,19,19,19,18,18,17,17,17,17,16,16,15,15,14,13,13,12,12,3,0,0,0,0,0,0,0,0,0,5,19,20,21,21,21,22,22,22,23,23,24,24,23,22,22,23,23,22,23,23,23,24,24,25,26,26
-63,125,20,24,23,23,22,21,20,19,19,19,19,17,17,16,17,16,16,16,15,14,13,13,12,12,11,11,3,0,0,0,0,0,0,0,0,0,5,19,19,20,21,21,22,23,23,23,24,24,24,23,23,23,23,23,23,23,23,23,23,23,24,25,25
-64,125,20,24,24,23,22,21,21,20,20,20,19,18,17,17,17,17,16,16,15,15,14,14,13,13,12,12,3,0,0,0,0,0,0,0,0,0,5,19,19,20,21,21,22,22,23,23,23,24,24,24,23,23,23,23,23,23,23,23,24,24,25,26,26
-63,125,20,27,26,26,24,23,22,22,21,20,20,20,19,19,19,19,18,18,17,16,15,15,14,13,13,13,3,0,0,0,0,0,0,0,0,0,6,21,22,22,24,24,24,24,24,25,26,27,27,26,26,26,26,25,25,25,25,25,26,26,28,29,29
-64,125,20,26,25,24,23,22,22,21,20,18,18,18,18,18,18,18,16,16,15,15,14,13,13,13,12,12,2,0,0,0,0,0,0,0,0,0,4,19,20,21,22,23,23,24,24,24,24,25,25,25,25,25,24,24,24,24,24,25,26,26,26,27,28
-64,125,20,31,30,29,28,27,26,25,25,25,24,23,22,22,22,21,20,20,19,18,18,17,17,16,15,15,4,0,0,0,0,0,0,0,0,0,6,24,25,26,26,27,27,28,29,29,29,30,30,29,29,29,29,29,28,28,28,29,29,29,30,31,32
-64,125,20,26,26,25,24,23,23,22,21,20,20,19,19,18,18,18,18,17,17,16,15,14,14,13,13,12,3,0,0,0,0,0,0,0,0,0,5,20,21,22,22,23,24,25,25,24,25,26,26,25,25,24,25,24,25,25,24,25,25,25,26,27,27
-62,125,20,26,26,24,23,22,22,21,20,18,19,19,19,18,18,18,18,17,16,15,15,14,13,13,12,12,3,0,0,0,0,0,0,0,0,0,4,20,20,22,23,23,23,24,24,25,24,25,26,26,25,25,25,24,23,24,25,25,25,25,26,27,27
-64,125,20,26,26,24,23,23,22,21,20,20,20,19,19,19,18,18,18,17,17,15,14,14,14,13,13,12,2,0,0,0,0,0,0,0,0,0,5,20,21,21,23,23,24,24,24,25,25,25,26,26,26,26,25,25,24,24,24,25,25,25,26,28,29
-64,125,20,28,26,25,25,24,22,22,21,21,21,21,20,20,19,19,19,18,18,16,16,16,14,14,14,14,4,0,0,0,0,0,0,0,0,0,6,22,22,23,23,23,24,25,26,26,25,26,26,26,26,26,26,25,25,25,25,26,26,26,28,29,29
-63,125,20,26,26,25,23,23,22,21,20,20,20,18,18,18,18,17,17,17,16,15,15,14,13,13,13,13,2,0,0,0,0,0,0,0,0,0,4,20,20,21,21,22,23,23,24,24,25,26,25,25,25,24,24,24,24,24,24,25,25,25,26,27,27
-59,125,20,30,29,28,26,25,24,23,22,22,22,22,22,22,21,21,21,19,18,17,17,16,15,15,15,14,3,0,0,0,0,0,0,0,0,0,5,22,23,24,25,24,24,25,25,26,27,28,29,28,27,27,27,27,25,25,25,26,27,26,28,31,31
-64,125,20,27,27,27,25,24,23,23,22,22,21,20,20,20,20,20,19,18,17,17,16,15,14,15,14,13,3,0,0,0,0,0,0,0,0,0,5,21,21,23,23,23,24,25,26,26,26,27,27,27,26,26,26,25,25,25,26,26,26,27,27,28,28
-64,125,20,30,30,28,27,26,26,25,24,24,23,22,22,21,21,21,21,19,19,18,17,17,16,15,15,15,3,0,0,0,0,0,0,0,0,0,5,24,24,25,25,26,27,27,28,29,29,30,29,29,29,28,29,28,27,28,28,29,29,29,30,31,32
-64,125,20,23,22,21,20,19,18,18,17,17,16,17,16,16,15,15,15,15,14,13,13,12,11,11,10,10,2,0,0,0,0,0,0,0,0,0,4,18,18,18,19,19,20,21,21,21,21,22,22,22,22,22,22,21,21,21,21,21,22,22,23,24,23
-63,125,20,34,33,32,30,29,28,27,27,27,25,24,23,23,23,23,23,22,21,20,19,18,18,18,17,16,4,0,0,0,0,0,0,0,0,0,7,27,27,28,29,30,30,31,32,33,34,34,34,33,32,32,33,32,32,32,32,32,33,34,35,35,34
-59,125,20,34,34,33,31,30,29,27,26,26,26,25,25,25,25,25,25,24,22,21,20,19,18,19,17,16,4,0,0,0,0,0,0,0,0,0,7,25,27,28,30,29,30,30,30,30,32,34,35,34,33,31,33,31,30,30,31,31,31,32,33,36,36
-63,125,20,26,26,25,24,23,22,21,20,19,19,19,18,19,18,18,18,17,16,16,15,14,14,13,13,13,3,0,0,0,0,0,0,0,0,0,5,21,21,22,22,23,23,24,24,25,25,26,26,26,25,25,26,25,24,25,25,25,25,25,26,27,27
-64,125,20,26,25,24,23,22,21,21,20,20,19,18,18,18,17,17,17,16,15,14,14,14,13,13,12,12,2,0,0,0,0,0,0,0,0,0,4,19,20,21,22,22,23,23,24,25,25,26,25,25,24,24,24,24,24,24,24,25,25,25,26,27,27
-64,125,20,31,29,28,26,26,25,24,22,21,21,22,22,21,20,20,20,20,18,18,17,16,14,14,14,14,3,0,0,0,0,0,0,0,0,0,5,23,24,24,25,26,26,27,28,29,28,29,29,30,30,28,28,28,27,27,28,29,29,29,30,31,32
-63,125,20,26,26,24,23,23,22,21,20,19,18,18,19,18,18,18,17,17,16,15,14,14,13,13,12,12,3,0,0,0,0,0,0,0,0,0,5,20,20,21,22,23,24,24,24,25,26,26,26,26,25,25,26,25,24,24,24,25,26,26,27,27,28
-64,125,20,28,27,26,25,24,24,22,22,22,21,21,20,19,19,19,19,18,18,17,16,15,15,14,14,14,4,0,0,0,0,0,0,0,0,0,6,21,22,23,24,24,25,25,25,25,26,26,26,26,25,25,26,26,25,25,26,26,26,26,27,28,29
-64,125,20,27,26,25,24,23,23,22,22,21,20,20,20,20,19,19,18,18,17,17,17,15,14,13,13,13,4,0,0,0,0,0,0,0,0,0,5,21,22,22,24,24,24,25,25,26,26,27,27,27,27,27,26,26,25,25,26,26,27,26,27,28,29
-63,125,20,27,27,26,25,24,24,23,22,21,21,20,20,20,19,19,18,18,18,16,16,15,14,14,14,14,4,0,0,0,0,0,0,0,0,0,6,21,22,23,24,24,25,26,26,26,26,26,27,26,26,26,26,25,25,26,26,26,26,26,27,29,29
-63,125,20,26,25,24,23,23,21,21,20,18,19,19,19,18,18,18,17,16,16,15,15,14,13,12,12,12,2,0,0,0,0,0,0,0,0,0,5,21,21,21,21,23,23,24,24,24,24,25,25,25,25,25,25,24,24,24,24,25,25,25,26,28,28
-62,125,20,30,29,29,28,26,25,24,22,21,22,22,21,21,21,21,20,19,19,18,16,16,15,15,14,14,3,0,0,0,0,0,0,0,0,0,5,23,23,25,25,26,27,28,28,27,28,29,29,29,29,29,28,27,26,28,28,28,28,28,30,31,32
-64,125,20,30,29,28,27,25,25,24,23,23,22,21,21,20,20,20,20,19,18,18,17,16,15,15,14,14,3,0,0,0,0,0,0,0,0,0,5,22,24,24,25,25,27,28,28,28,29,29,29,29,28,28,28,29,28,28,28,28,29,30,30,31,31
-64,125,20,23,23,22,21,21,19,19,18,17,17,17,17,16,16,16,15,15,14,14,13,13,12,11,11,11,2,0,0,0,0,0,0,0,0,0,4,18,18,19,20,21,21,21,21,22,22,23,23,23,23,23,23,22,21,21,22,22,22,23,24,25,24
-64,125,20,24,24,23,22,21,21,20,20,20,19,18,17,17,17,17,17,16,16,15,14,14,13,13,13,12,3,0,0,0,0,0,0,0,0,0,5,19,20,20,21,21,22,22,22,22,23,24,24,23,23,23,22,22,22,23,23,23,23,24,25,26,25
-63,125,20,28,27,26,25,24,23,22,21,20,20,19,19,18,18,18,18,17,17,16,16,15,14,14,13,13,4,0,0,0,0,0,0,0,0,0,5,21,22,22,23,24,25,26,26,26,27,27,27,27,27,26,27,26,26,26,26,26,26,27,28,29,29
-63,125,20,27,27,26,25,24,23,22,22,22,21,20,19,19,19,19,19,18,17,17,16,15,15,14,14,13,4,0,0,0,0,0,0,0,0,0,6,21,22,23,24,24,25,25,25,25,26,27,27,26,26,25,25,25,25,26,26,26,27,27,28,29,29
-63,125,20,31,30,29,28,26,26,25,24,25,23,22,22,22,22,22,21,20,19,19,18,17,16,16,15,15,4,0,0,0,0,0,0,0,0,0,6,24,24,25,26,27,27,28,29,29,30,31,30,30,29,29,30,29,29,29,29,29,30,30,31,32,31
-62,125,20,30,30,28,27,27,25,24,23,23,22,22,22,22,21,21,20,18,18,18,17,16,15,14,14,14,3,0,0,0,0,0,0,0,0,0,5,23,24,25,25,26,27,28,28,28,29,29,29,29,29,29,29,28,27,28,28,28,29,29,30,31,32
-62,125,20,30,30,29,28,26,25,24,24,23,23,22,22,21,21,21,20,20,19,18,18,17,16,15,15,14,4,0,0,0,0,0,0,0,0,0,6,24,24,26,26,26,27,28,28,29,29,30,30,30,28,28,29,29,28,28,29,29,29,29,31,32,32
-63,125,20,26,25,24,23,23,22,21,21,20,19,18,18,18,17,17,17,17,16,15,14,14,13,12,12,12,2,0,0,0,0,0,0,0,0,0,4,20,21,21,22,23,23,24,25,24,25,26,26,26,25,25,25,25,24,25,25,25,26,26,26,28,28
-64,125,20,24,23,21,21,21,20,20,18,18,18,17,17,17,17,16,16,16,15,14,13,13,13,12,12,11,3,0,0,0,0,0,0,0,0,0,4,18,19,19,20,21,21,21,22,22,23,23,23,23,22,22,23,22,22,22,22,22,23,24,24,24,24
-62,125,20,26,26,25,24,23,23,22,20,20,20,19,19,19,19,19,18,17,17,16,15,14,14,13,13,12,3,0,0,0,0,0,0,0,0,0,5,21,21,22,23,24,24,24,25,25,26,26,27,27,25,25,26,25,24,25,25,26,26,26,27,28,29
-64,125,20,31,30,29,28,27,26,25,24,24,23,23,22,22,22,21,21,20,19,18,17,17,16,16,15,15,4,0,0,0,0,0,0,0,0,0,6,24,25,25,26,27,28,29,29,29,29,30,31,30,30,29,30,29,29,29,30,29,29,30,31,32,33
-64,125,20,30,29,28,27,26,26,24,25,24,23,22,22,21,21,20,20,19,19,18,17,16,15,15,15,14,4,0,0,0,0,0,0,0,0,0,6,23,25,25,26,27,27,28,29,29,30,30,30,30,30,30,30,29,28,28,29,29,29,29,30,31,31
-63,125,20,26,26,26,25,24,23,22,20,20,20,20,19,19,18,18,18,18,17,16,15,15,13,13,12,13,3,0,0,0,0,0,0,0,0,0,5,21,21,22,23,24,25,25,25,25,26,27,27,27,26,26,26,25,25,25,25,26,26,26,26,28,27
-64,125,20,26,25,24,24,23,22,21,21,21,20,19,18,18,18,17,17,16,16,15,14,13,13,12,12,12,2,0,0,0,0,0,0,0,0,0,5,20,20,20,21,23,24,25,24,24,24,25,26,26,25,24,24,24,23,24,24,25,25,25,26,27,27
-63,125,20,27,26,26,25,25,24,22,21,22,21,20,20,20,20,19,19,19,17,17,16,14,14,14,14,13,4,0,0,0,0,0,0,0,0,0,5,21,22,23,24,24,24,25,25,26,26,27,27,26,26,26,26,26,25,26,26,26,27,27,28,29,29
-64,125,20,23,23,22,21,21,20,19,18,18,18,17,17,17,16,16,15,15,15,14,13,12,12,12,12,11,3,0,0,0,0,0,0,0,0,0,4,18,19,19,19,21,22,22,22,23,23,24,24,24,23,22,23,22,23,23,22,22,23,23,24,24,24
-59,125,20,34,34,32,31,30,29,27,26,26,26,24,24,24,25,25,25,23,22,20,19,19,18,18,17,16,4,0,0,0,0,0,0,0,0,0,7,25,26,28,29,29,29,29,30,31,32,34,34,33,32,31,32,31,30,30,30,31,31,32,34,35,35
-62,125,20,32,31,29,27,26,26,25,24,24,24,23,23,22,22,22,21,20,20,19,18,17,16,15,15,15,4,0,0,0,0,0,0,0,0,0,6,24,24,25,26,27,27,28,28,29,30,30,30,30,30,29,29,29,28,28,29,30,30,30,31,32,31
-59,125,20,29,29,27,26,25,24,22,22,21,22,21,21,21,21,21,21,20,18,17,16,16,15,14,14,13,3,0,0,0,0,0,0,0,0,0,4,21,21,23,24,24,24,25,24,25,27,28,29,28,27,26,27,26,25,25,26,26,27,27,29,30,31
-64,125,20,29,29,27,26,26,24,24,24,24,22,22,22,22,20,19,19,19,19,17,16,15,14,14,14,14,2,0,0,0,0,0,0,0,0,0,4,22,23,24,24,25,26,27,27,27,27,28,28,28,28,29,28,27,26,27,27,28,28,27,29,31,31
-64,125,20,26,26,25,24,23,22,21,21,21,20,19,19,19,18,18,18,17,17,16,14,13,13,13,12,12,3,0,0,0,0,0,0,0,0,0,4,20,21,21,22,22,23,24,24,24,25,26,26,26,25,25,25,24,24,25,25,25,25,25,27,28,28
-64,125,20,28,27,25,25,25,23,22,22,22,21,20,20,20,19,19,19,19,17,17,16,15,14,14,13,14,3,0,0,0,0,0,0,0,0,0,6,21,22,22,23,24,25,24,25,26,25,26,26,26,25,25,26,25,25,25,26,26,26,26,27,29,29
-64,125,20,31,30,29,28,27,27,26,24,23,23,23,22,22,21,21,20,20,19,18,18,17,17,16,15,15,4,0,0,0,0,0,0,0,0,0,6,24,25,25,26,26,27,28,29,29,30,30,30,30,29,29,29,28,28,29,29,29,30,30,31,32,33
-64,125,20,31,31,30,29,28,27,26,25,23,23,23,23,23,22,21,21,20,19,18,17,17,16,16,15,16,4,0,0,0,0,0,0,0,0,0,6,24,24,25,26,27,27,28,28,28,28,29,29,29,29,29,29,28,28,29,29,30,30,30,31,32,33
-62,125,20,27,26,26,25,23,22,22,21,21,20,19,18,18,18,18,18,17,17,16,15,14,13,13,13,12,3,0,0,0,0,0,0,0,0,0,4,20,21,22,23,23,24,24,24,24,25,25,26,25,25,24,25,24,24,25,25,25,26,26,27,28,29
-64,125,20,26,26,25,24,24,23,21,20,20,20,19,19,18,18,18,17,17,16,16,15,14,13,13,12,11,2,0,0,0,0,0,0,0,0,0,5,21,21,21,22,22,24,24,24,24,25,25,25,25,25,25,25,25,25,25,25,25,25,26,27,28,28
-64,125,20,24,23,22,21,21,20,19,18,18,18,18,16,16,17,17,15,15,15,15,14,12,12,12,12,12,3,0,0,0,0,0,0,0,0,0,4,18,18,20,20,20,21,21,22,22,22,22,23,22,22,22,22,22,22,22,22,22,23,23,24,25,26
-62,125,20,31,30,29,29,27,26,25,25,24,24,23,23,23,22,22,21,20,19,19,19,17,16,16,15,15,4,0,0,0,0,0,0,0,0,0,6,23,24,26,26,26,27,28,28,29,29,29,31,30,29,29,29,28,28,29,29,30,30,30,31,32,33
-62,125,20,27,26,25,24,24,23,22,21,20,20,19,19,19,19,18,19,17,17,16,15,14,14,13,13,12,2,0,0,0,0,0,0,0,0,0,5,20,21,21,22,23,23,24,24,24,25,25,25,25,25,25,25,24,23,25,25,25,26,26,27,28,29
-64,125,20,24,23,23,22,21,21,20,18,18,19,18,18,17,17,17,17,17,16,15,14,14,13,13,13,12,3,0,0,0,0,0,0,0,0,0,5,19,20,20,21,21,21,22,22,22,23,23,23,23,23,23,22,22,22,23,23,23,23,23,24,26,26
-64,125,20,23,23,22,21,21,20,19,17,17,17,17,16,16,16,16,16,15,15,15,13,13,12,11,11,11,2,0,0,0,0,0,0,0,0,0,4,18,18,19,19,20,21,21,21,21,22,23,23,23,21,21,22,22,21,22,22,22,22,23,24,24,25
-64,125,20,28,26,25,25,25,23,22,21,21,20,20,20,20,20,18,18,18,17,17,16,15,14,14,13,13,3,0,0,0,0,0,0,0,0,0,5,21,21,22,22,23,24,25,25,25,25,26,26,26,26,26,26,25,25,25,26,26,26,26,28,29,29
-59,125,20,34,34,33,31,30,28,27,27,27,26,25,24,25,25,25,24,23,22,20,19,19,18,18,17,16,4,0,0,0,0,0,0,0,0,0,6,25,26,28,30,29,29,29,30,30,32,33,34,34,31,31,32,32,30,30,31,30,31,32,34,36,36
-62,125,20,31,30,30,29,29,27,25,24,24,23,23,22,22,22,22,21,21,20,19,18,17,16,16,15,14,4,0,0,0,0,0,0,0,0,0,6,23,25,25,26,26,28,29,29,29,30,31,31,29,28,28,29,29,29,29,29,30,30,31,31,32,32
-63,125,20,26,25,24,24,23,22,21,20,20,20,19,19,19,19,18,18,17,17,16,15,14,13,13,13,13,3,0,0,0,0,0,0,0,0,0,5,20,21,22,22,22,23,23,24,24,25,26,26,26,25,25,25,24,24,25,24,25,25,25,26,27,28
-63,125,20,30,29,29,28,26,26,25,23,23,22,22,21,20,20,20,20,19,18,17,17,16,16,15,14,14,3,0,0,0,0,0,0,0,0,0,5,24,23,25,26,26,27,27,27,28,29,29,29,28,27,28,28,28,27,28,28,28,29,29,30,31,31
-59,125,20,34,33,32,30,29,28,26,26,26,26,24,24,24,25,25,24,23,21,20,19,18,18,17,16,16,3,0,0,0,0,0,0,0,0,0,6,24,25,26,28,27,28,29,29,29,30,33,33,33,31,30,31,30,29,29,30,31,30,31,33,35,35
-64,125,20,29,29,27,26,25,25,24,23,22,22,22,22,21,21,20,20,19,18,18,17,15,15,14,14,14,3,0,0,0,0,0,0,0,0,0,5,23,24,24,25,25,26,27,27,28,28,28,28,29,29,28,28,27,27,27,28,28,29,29,29,31,32
-64,125,20,30,29,28,27,26,25,24,24,23,23,22,21,21,21,21,20,19,19,18,17,17,15,15,14,14,3,0,0,0,0,0,0,0,0,0,5,23,24,24,25,26,26,27,27,27,28,29,30,29,28,28,27,28,27,28,27,28,29,29,30,31,31
-64,125,20,30,29,28,26,26,25,24,23,22,22,21,21,21,20,20,19,19,18,17,16,16,14,14,14,13,3,0,0,0,0,0,0,0,0,0,5,23,23,24,25,25,26,26,26,27,27,28,28,28,28,28,27,27,26,27,27,27,27,27,29,31,31
-64,125,20,31,29,28,26,26,26,25,25,25,24,21,21,21,21,21,21,19,19,18,18,17,16,16,15,15,3,0,0,0,0,0,0,0,0,0,6,23,24,24,25,26,26,27,28,29,30,30,29,28,28,27,28,28,27,26,28,28,29,30,31,31,31
-64,125,20,24,23,22,22,21,21,19,19,19,18,17,17,17,17,17,16,16,15,14,13,13,13,11,11,11,3,0,0,0,0,0,0,0,0,0,5,19,20,20,20,21,22,21,22,22,23,24,24,24,23,23,23,23,22,22,22,23,23,23,24,25,25
-62,125,20,31,31,29,28,27,26,25,24,22,23,23,22,22,21,21,20,19,19,18,17,17,16,16,15,15,4,0,0,0,0,0,0,0,0,0,6,24,25,26,27,27,28,28,29,29,30,30,30,30,29,29,29,29,28,28,29,30,30,30,31,32,32
-63,125,20,27,27,26,25,24,24,22,21,21,20,19,19,19,19,19,18,18,17,17,16,15,14,14,14,14,4,0,0,0,0,0,0,0,0,0,5,21,22,22,23,23,24,25,25,26,26,27,27,26,26,26,26,26,25,25,25,26,26,27,28,28,28
-64,125,20,31,29,29,27,26,26,26,26,25,24,23,22,22,22,22,20,20,19,19,18,17,16,15,15,15,4,0,0,0,0,0,0,0,0,0,6,25,24,25,26,27,27,28,29,29,30,30,31,31,30,30,29,29,28,28,29,30,30,29,31,32,33
-63,125,20,31,30,28,26,26,26,25,24,24,24,23,23,23,22,22,22,20,19,19,18,17,16,15,15,14,4,0,0,0,0,0,0,0,0,0,6,24,25,25,26,26,27,28,29,28,28,30,29,29,29,29,29,28,28,28,28,29,29,30,31,32,33
-64,125,20,30,29,28,27,26,25,24,22,22,22,21,20,20,20,20,20,20,19,18,16,15,14,14,13,13,3,0,0,0,0,0,0,0,0,0,5,23,23,24,25,26,27,27,28,28,29,29,29,29,28,28,28,28,28,28,28,28,29,29,30,31,31
-62,125,20,23,23,22,22,21,20,19,19,19,18,17,16,16,16,16,16,16,15,14,13,13,12,12,12,11,2,0,0,0,0,0,0,0,0,0,4,19,19,20,20,21,21,22,22,22,23,23,23,23,23,22,22,21,21,22,22,22,23,23,24,25,25
-63,125,20,27,27,26,25,24,23,22,21,20,20,19,19,19,18,18,17,17,17,16,15,15,14,14,13,13,4,0,0,0,0,0,0,0,0,0,5,21,22,23,24,24,25,25,25,26,26,27,27,27,27,26,26,26,26,26,26,26,26,27,28,28,28
-61,125,20,30,30,28,27,27,25,24,24,24,23,22,22,22,21,20,20,19,19,17,16,16,14,14,14,13,2,0,0,0,0,0,0,0,0,0,5,23,24,24,26,26,27,28,27,28,28,30,30,30,29,29,29,28,27,28,28,28,28,29,31,32,32
-62,125,20,28,27,26,25,24,23,23,21,21,21,21,20,20,20,19,19,18,18,17,16,15,14,14,14,14,4,0,0,0,0,0,0,0,0,0,6,22,22,23,24,24,25,25,25,25,26,27,27,26,26,26,26,26,25,25,26,26,26,26,27,29,29
-61,125,20,31,31,30,29,28,26,25,25,24,24,23,23,22,22,21,21,20,19,19,18,18,17,16,16,15,4,0,0,0,0,0,0,0,0,0,6,25,26,26,27,27,28,29,29,29,31,31,32,31,30,29,30,30,29,29,30,30,29,30,32,33,33
-61,125,20,27,26,25,25,24,22,21,21,20,20,19,18,18,18,18,18,17,17,16,14,14,13,13,13,12,2,0,0,0,0,0,0,0,0,0,5,21,21,21,23,24,25,25,25,25,26,27,28,27,26,26,26,25,25,25,25,25,25,26,28,29,29
-61,125,20,28,27,26,25,25,23,22,22,22,21,20,19,19,19,18,18,18,17,16,15,14,14,14,13,13,3,0,0,0,0,0,0,0,0,0,5,21,22,23,23,24,25,25,25,25,26,27,27,27,26,25,25,25,25,25,25,26,26,27,28,29,29
-62,125,20,24,24,23,23,22,21,20,19,19,19,18,17,17,17,17,17,17,16,15,14,14,13,13,12,11,3,0,0,0,0,0,0,0,0,0,5,19,20,20,22,22,22,23,23,23,24,24,25,24,23,23,23,23,23,23,23,23,24,25,26,26,25
-62,125,20,24,23,23,22,21,21,20,20,18,18,17,17,17,17,17,17,16,15,14,14,13,13,12,12,11,3,0,0,0,0,0,0,0,0,0,5,19,19,20,21,21,21,22,23,23,24,24,24,23,23,23,23,23,23,22,22,23,23,24,24,26,26
-61,125,20,24,24,23,22,22,21,20,19,19,19,18,18,17,18,18,18,17,16,15,14,13,13,13,12,12,2,0,0,0,0,0,0,0,0,0,5,19,20,21,21,22,22,23,23,23,25,26,26,25,23,23,23,23,23,24,24,24,24,24,25,25,24
-62,125,20,24,24,23,22,21,21,20,19,20,19,18,18,18,18,17,17,16,16,15,14,13,13,12,12,12,3,0,0,0,0,0,0,0,0,0,5,19,19,20,21,22,22,22,22,22,23,24,24,23,23,23,23,22,22,22,22,23,23,23,24,26,26
-61,125,20,26,26,26,24,23,23,22,20,20,20,20,19,19,19,19,18,18,17,16,15,14,14,13,13,12,2,0,0,0,0,0,0,0,0,0,4,21,21,22,23,23,24,24,24,25,26,26,27,26,26,25,25,24,24,24,25,25,26,26,27,28,29
-62,125,20,31,31,30,28,27,26,26,24,24,24,23,23,23,22,22,22,21,20,19,18,18,17,16,15,15,4,0,0,0,0,0,0,0,0,0,6,24,25,26,26,27,27,28,29,29,29,31,31,30,29,30,30,29,29,29,29,29,29,30,31,32,32
-61,125,20,28,27,26,25,24,23,22,21,21,20,20,20,19,19,19,18,18,17,16,16,14,14,13,13,13,3,0,0,0,0,0,0,0,0,0,5,20,22,22,22,23,23,24,25,25,25,26,26,26,25,25,25,25,25,25,25,26,26,26,26,29,29
-63,125,20,30,29,28,27,27,25,25,23,22,23,23,22,22,22,22,21,21,20,19,18,17,16,15,15,15,4,0,0,0,0,0,0,0,0,0,6,23,25,25,26,26,28,27,27,27,27,28,30,28,28,28,28,27,27,28,29,29,28,28,30,32,32
-62,125,20,27,27,26,25,24,24,23,21,20,21,21,20,21,19,19,19,18,18,17,17,15,14,14,14,14,4,0,0,0,0,0,0,0,0,0,5,21,22,23,23,24,24,25,25,26,26,26,27,27,27,27,26,26,25,25,25,26,26,27,27,29,29
-63,125,20,27,27,25,25,24,22,22,21,21,21,19,19,19,19,19,18,17,17,16,15,15,14,14,13,13,3,0,0,0,0,0,0,0,0,0,4,20,21,21,23,23,24,24,24,24,26,26,26,26,25,25,25,24,24,24,25,24,25,26,27,28,29
-61,125,20,31,30,29,28,27,27,26,24,24,24,23,23,22,22,22,21,20,20,19,18,18,17,16,15,15,4,0,0,0,0,0,0,0,0,0,6,23,25,25,26,26,28,28,28,29,29,30,30,30,29,29,29,28,28,29,29,29,29,30,30,32,33
-62,125,20,23,23,22,21,21,20,19,18,18,18,17,17,17,16,16,16,16,15,14,13,13,11,11,11,11,2,0,0,0,0,0,0,0,0,0,3,18,18,19,20,20,21,21,21,21,22,23,23,23,23,22,22,21,21,22,22,22,22,22,24,25,25
-61,125,20,31,31,29,29,27,27,25,25,24,24,23,23,22,22,22,21,21,20,19,18,18,17,17,15,15,5,0,0,0,0,0,0,0,0,0,6,25,25,26,27,27,28,29,29,29,30,31,31,31,30,29,29,29,29,29,29,29,30,30,31,33,33
-63,125,20,27,27,26,25,25,24,23,21,20,20,21,21,20,19,19,18,18,18,16,16,15,14,14,14,14,4,0,0,0,0,0,0,0,0,0,5,21,21,22,23,24,25,25,25,26,26,26,27,27,26,26,26,25,25,26,26,26,26,26,27,28,29
-62,125,20,30,30,29,28,27,26,25,24,23,24,23,22,22,22,22,21,21,19,18,18,17,16,16,15,15,4,0,0,0,0,0,0,0,0,0,6,24,25,25,26,26,27,28,28,28,29,30,31,30,30,29,29,29,28,29,29,29,29,30,31,32,32
-63,125,20,27,27,26,25,25,24,23,22,21,21,21,20,20,20,20,19,18,18,17,16,16,15,14,14,14,4,0,0,0,0,0,0,0,0,0,6,21,22,23,24,24,25,25,25,25,26,26,26,26,25,25,25,25,25,25,25,26,26,26,27,28,29
-62,125,20,26,25,25,24,23,22,21,21,20,20,19,18,18,18,18,18,18,17,15,15,13,13,13,13,12,2,0,0,0,0,0,0,0,0,0,5,20,21,21,22,22,23,24,24,25,25,26,26,25,24,24,24,24,24,24,25,24,24,26,26,28,27
-62,125,20,28,27,27,26,25,24,23,22,23,22,20,20,20,20,20,20,19,18,17,16,15,15,15,14,14,4,0,0,0,0,0,0,0,0,0,6,21,22,23,24,24,25,25,25,26,26,27,27,26,25,25,25,25,25,25,25,26,26,27,28,29,29
-62,125,20,27,26,25,24,23,23,22,21,21,20,20,19,19,19,18,18,17,17,16,15,15,14,13,13,13,3,0,0,0,0,0,0,0,0,0,5,20,21,22,22,23,23,24,24,24,25,25,26,26,25,25,25,24,24,24,25,25,25,26,27,28,28
-61,125,20,27,27,26,26,24,24,22,21,21,21,19,19,19,20,20,19,19,18,17,16,15,14,14,13,13,3,0,0,0,0,0,0,0,0,0,5,21,21,23,23,24,25,26,25,26,27,27,27,27,26,25,25,26,25,26,26,26,26,27,28,28,27
-62,125,20,25,24,24,22,21,21,21,20,20,20,19,18,17,18,18,17,16,16,15,15,14,13,13,13,12,3,0,0,0,0,0,0,0,0,0,5,19,20,21,21,21,22,22,22,23,24,24,24,24,24,24,24,23,22,23,22,23,23,24,25,26,26
-62,125,20,23,23,22,22,21,20,19,19,19,18,18,17,17,17,17,16,16,15,15,14,13,12,12,12,11,2,0,0,0,0,0,0,0,0,0,4,19,19,19,20,20,21,22,22,22,22,24,24,23,22,22,22,21,21,22,23,22,22,22,23,24,25
-61,125,20,28,27,26,25,24,23,22,21,20,20,20,19,19,19,19,18,18,17,16,16,15,14,14,13,13,3,0,0,0,0,0,0,0,0,0,5,20,21,22,23,24,24,25,25,25,25,26,26,26,26,25,25,25,25,25,26,26,26,26,27,29,30
-61,125,20,28,27,26,25,25,23,23,22,22,21,20,20,20,20,20,19,19,18,17,16,15,15,14,14,13,3,0,0,0,0,0,0,0,0,0,6,22,21,22,23,24,25,24,25,25,26,27,27,26,26,26,26,25,25,26,26,27,26,26,27,29,29
-63,125,20,30,29,28,27,26,25,24,23,22,22,22,21,22,22,20,20,19,18,17,17,16,15,15,14,14,3,0,0,0,0,0,0,0,0,0,5,22,23,25,26,26,26,27,27,28,28,28,28,28,28,28,28,27,27,27,28,28,28,28,29,31,32
-62,125,20,29,29,28,27,26,25,24,23,22,22,21,20,21,20,20,20,19,19,18,17,16,15,15,14,14,3,0,0,0,0,0,0,0,0,0,5,22,23,24,25,25,26,27,27,28,28,29,29,29,28,28,28,28,27,28,28,28,29,29,30,31,31
-61,125,20,28,28,26,26,25,24,24,23,22,21,21,22,21,21,19,19,19,19,18,16,16,15,15,14,14,4,0,0,0,0,0,0,0,0,0,6,22,22,24,24,25,26,26,26,26,27,28,28,28,26,26,26,26,26,26,26,27,26,27,28,29,30
-62,125,20,31,30,29,28,27,26,25,25,25,24,23,23,22,22,22,21,20,20,19,18,17,17,16,16,15,4,0,0,0,0,0,0,0,0,0,6,24,24,25,26,26,26,27,28,28,29,30,30,30,29,29,29,28,28,28,29,29,29,29,30,31,31
-62,125,20,25,24,23,21,21,21,20,20,20,20,19,18,18,18,18,17,17,16,15,15,14,13,13,12,11,3,0,0,0,0,0,0,0,0,0,5,19,20,20,21,21,21,22,22,22,24,24,24,24,23,23,23,22,22,22,22,23,24,24,25,25,26
-63,125,20,29,29,28,27,26,25,24,23,22,22,21,21,21,21,21,20,20,19,18,17,16,16,15,14,14,3,0,0,0,0,0,0,0,0,0,5,23,23,24,25,26,26,27,27,27,28,29,29,28,28,27,28,27,27,27,28,28,29,29,30,31,32
-62,125,20,23,23,22,21,21,21,20,19,18,18,17,17,17,17,17,17,15,15,15,14,13,13,11,11,12,2,0,0,0,0,0,0,0,0,0,4,18,19,20,20,20,21,21,21,22,22,23,23,23,22,22,22,21,21,21,22,22,23,23,24,25,25
-61,125,20,31,30,29,28,28,27,26,25,25,25,24,23,23,23,23,22,21,21,20,19,18,17,16,16,15,4,0,0,0,0,0,0,0,0,0,6,25,25,26,27,27,27,27,28,28,28,30,30,30,29,29,28,28,28,29,28,29,29,29,31,32,33
-62,125,20,24,23,23,22,21,20,20,18,18,18,17,17,17,17,17,16,15,15,14,13,13,13,12,11,11,2,0,0,0,0,0,0,0,0,0,4,18,18,19,20,20,21,22,22,22,23,24,24,23,23,23,22,22,22,22,22,23,22,23,25,25,25
-63,125,20,30,30,29,28,28,26,24,23,23,23,23,23,23,22,22,21,21,20,19,18,16,15,15,15,15,4,0,0,0,0,0,0,0,0,0,6,23,24,25,25,26,27,28,27,27,27,29,30,29,29,29,28,28,27,28,29,28,29,29,31,32,32
-62,125,20,26,26,25,24,24,22,21,20,21,20,20,20,20,19,19,17,17,17,17,15,14,14,13,12,13,3,0,0,0,0,0,0,0,0,0,5,19,20,21,22,23,24,24,24,24,24,25,26,26,25,25,25,25,24,24,25,25,24,25,26,29,29
-62,125,20,24,23,23,22,21,20,20,19,19,19,18,17,17,17,17,17,16,15,14,14,13,12,12,12,11,2,0,0,0,0,0,0,0,0,0,5,18,19,19,20,20,21,21,21,22,22,23,23,23,22,22,22,21,22,22,23,23,23,24,25,25,25
-62,125,20,27,27,26,25,24,23,23,22,21,21,20,20,20,19,19,19,18,17,16,16,15,15,14,13,13,4,0,0,0,0,0,0,0,0,0,6,21,22,23,23,23,24,24,24,25,26,26,26,27,25,25,25,25,25,25,25,25,26,26,27,28,29
-63,125,20,29,28,27,26,25,24,23,21,20,20,22,21,20,20,20,20,19,18,18,16,15,14,13,13,13,3,0,0,0,0,0,0,0,0,0,5,22,22,24,24,25,25,26,25,25,25,26,27,27,27,26,26,26,26,27,27,28,28,27,28,29,29
-61,125,20,28,27,26,25,24,24,22,22,22,21,21,20,20,19,20,19,18,18,17,17,15,15,14,14,13,4,0,0,0,0,0,0,0,0,0,5,22,22,22,24,25,25,25,26,26,26,27,28,27,26,26,26,26,25,25,25,26,26,27,27,29,29
-62,125,20,30,30,29,27,26,26,25,23,22,22,21,21,22,21,21,20,20,19,18,17,17,15,15,14,14,3,0,0,0,0,0,0,0,0,0,5,23,24,24,25,25,26,27,28,28,29,29,29,29,28,28,28,27,26,27,28,28,29,29,30,31,31
-63,125,20,26,26,24,24,23,22,22,20,18,18,18,18,18,18,18,17,17,16,15,15,14,13,13,12,12,2,0,0,0,0,0,0,0,0,0,5,19,21,21,22,22,23,24,24,23,24,25,25,25,24,24,24,24,24,24,25,24,24,24,26,27,27
-63,125,20,25,25,24,23,22,21,21,20,19,19,19,18,18,18,18,18,17,16,15,15,14,13,13,12,12,3,0,0,0,0,0,0,0,0,0,5,20,20,20,21,22,22,22,23,23,24,25,25,24,24,23,23,23,22,23,23,24,25,25,25,26,25
-63,125,20,27,26,25,24,23,23,22,21,20,20,20,20,20,19,19,18,17,17,16,16,15,14,14,13,13,4,0,0,0,0,0,0,0,0,0,6,21,21,22,22,23,23,24,24,25,25,25,25,25,25,25,25,25,24,24,25,25,25,25,26,27,27
-63,125,20,30,28,27,25,25,25,24,22,21,21,21,20,20,19,19,18,18,17,16,16,16,15,14,14,13,3,0,0,0,0,0,0,0,0,0,5,22,22,24,25,24,26,26,27,27,27,27,28,28,28,27,27,27,26,26,27,27,27,27,29,30,31
-63,125,20,29,28,27,26,25,25,24,23,23,22,21,20,19,20,20,19,18,17,17,16,15,15,14,14,13,3,0,0,0,0,0,0,0,0,0,5,22,22,23,24,25,25,26,26,27,27,27,27,27,26,26,26,26,26,27,27,27,28,28,29,29,29
-63,125,20,29,29,28,27,26,25,24,23,22,22,21,20,20,20,19,19,19,18,17,16,16,15,14,14,13,3,0,0,0,0,0,0,0,0,0,5,22,22,23,24,25,26,26,27,27,28,28,28,28,27,27,27,27,27,27,28,28,28,29,30,30,30
-63,125,20,29,28,27,26,26,24,23,23,22,22,20,20,20,20,19,19,18,17,17,16,14,13,13,13,13,3,0,0,0,0,0,0,0,0,0,5,22,23,23,23,25,25,26,26,26,26,27,28,27,27,26,26,26,26,26,27,27,27,28,29,30,31
-63,125,20,27,26,25,24,23,22,21,21,20,20,19,18,18,18,18,18,17,16,15,15,14,14,13,13,13,3,0,0,0,0,0,0,0,0,0,5,20,21,22,23,23,24,25,24,25,25,26,26,26,25,25,25,25,24,24,25,25,25,25,26,27,27
-63,125,20,26,26,24,24,23,22,21,20,19,19,18,18,18,18,18,17,17,16,15,14,14,13,12,12,12,3,0,0,0,0,0,0,0,0,0,5,19,20,21,22,22,23,24,24,24,25,25,25,25,25,24,24,25,24,24,24,25,24,25,26,27,27
-63,125,20,29,29,28,28,26,25,24,23,23,23,22,22,22,22,21,21,20,19,18,17,16,15,15,15,14,4,0,0,0,0,0,0,0,0,0,6,23,24,24,25,26,26,26,27,27,28,28,29,28,27,27,28,27,27,28,28,27,28,29,30,31,31
-61,125,20,27,26,26,25,24,23,22,21,20,20,20,19,19,19,19,18,18,17,16,15,14,13,13,13,13,2,0,0,0,0,0,0,0,0,0,5,20,21,22,22,23,24,25,25,25,26,27,26,26,26,25,25,25,25,25,25,25,26,26,27,28,28
-63,125,20,29,29,28,27,26,25,24,22,20,21,21,21,21,20,19,19,19,18,17,16,15,14,13,13,13,3,0,0,0,0,0,0,0,0,0,5,22,22,23,24,25,26,26,26,26,26,27,28,28,28,27,27,26,26,27,27,27,27,27,29,30,30
-63,125,20,27,26,25,25,24,23,22,21,21,21,20,20,19,19,19,18,18,17,17,16,15,14,14,13,13,4,0,0,0,0,0,0,0,0,0,5,21,21,22,23,23,24,24,24,24,24,25,25,25,25,24,25,25,25,25,25,25,26,26,27,28,29
-61,125,20,30,30,28,27,25,25,24,22,21,22,21,21,21,20,20,19,18,18,18,17,16,15,14,14,13,3,0,0,0,0,0,0,0,0,0,5,22,23,24,25,25,26,26,27,27,28,29,29,28,28,27,28,27,27,28,27,28,28,28,30,30,30
-63,125,20,26,25,24,23,23,22,21,20,19,19,18,18,18,18,18,17,17,16,15,14,14,13,13,12,11,2,0,0,0,0,0,0,0,0,0,4,20,20,21,22,22,22,22,23,24,24,25,25,25,25,25,25,23,23,24,24,25,25,25,25,26,26
-63,125,20,27,26,25,25,23,23,22,21,21,21,20,20,20,18,18,18,18,17,16,15,14,15,14,13,13,3,0,0,0,0,0,0,0,0,0,5,21,21,22,23,23,24,24,25,25,26,26,26,26,24,25,25,25,25,25,25,26,26,26,27,28,27
-61,125,20,28,27,27,26,25,24,23,23,23,22,21,20,19,19,19,20,19,18,17,16,16,15,15,14,13,4,0,0,0,0,0,0,0,0,0,6,21,22,23,24,24,25,26,25,25,27,28,28,27,26,26,26,25,25,26,26,26,26,27,29,29,29
-63,125,20,26,26,25,24,23,23,22,21,22,21,19,19,19,19,19,18,17,17,16,15,15,14,14,13,13,3,0,0,0,0,0,0,0,0,0,5,21,21,23,23,24,23,24,25,25,25,26,26,26,25,25,25,26,25,25,25,25,26,26,27,28,29
-61,125,20,31,31,29,28,28,27,25,25,24,24,23,23,22,21,21,21,20,20,19,18,17,16,16,15,15,4,0,0,0,0,0,0,0,0,0,6,24,25,26,26,27,27,28,27,28,29,30,30,30,30,29,29,28,28,28,29,29,29,29,31,32,32
-63,125,20,26,25,24,24,23,22,21,20,18,19,19,19,18,18,18,17,17,16,15,14,13,13,12,12,12,2,0,0,0,0,0,0,0,0,0,4,19,20,21,21,22,23,24,23,24,25,26,26,25,24,24,24,24,23,24,25,25,24,26,26,27,27
-63,125,20,26,25,24,23,23,22,21,20,19,19,19,18,18,18,18,17,17,16,15,15,14,13,13,12,12,3,0,0,0,0,0,0,0,0,0,4,20,20,21,22,22,23,23,23,24,24,25,25,25,24,24,24,24,24,23,24,24,24,25,26,27,28
-61,125,20,27,27,25,25,24,23,22,21,21,21,20,19,19,19,19,19,18,16,16,16,14,14,14,13,12,2,0,0,0,0,0,0,0,0,0,5,21,21,22,22,23,23,24,24,25,26,27,27,26,25,25,25,24,25,25,26,25,26,26,28,28,28
-63,125,20,30,29,28,26,26,25,25,23,23,22,22,21,21,21,20,20,19,19,18,17,16,15,14,14,13,4,0,0,0,0,0,0,0,0,0,6,24,24,25,25,26,26,26,26,27,28,29,29,29,27,27,27,27,26,26,27,27,28,29,30,32,32
-63,125,20,29,29,28,26,26,25,24,24,23,22,22,20,21,21,20,20,19,18,17,17,17,16,14,14,14,3,0,0,0,0,0,0,0,0,0,5,23,23,24,24,24,26,26,26,28,28,29,29,27,27,26,27,27,27,27,27,28,29,29,30,31,31
-63,125,20,26,25,24,23,23,22,21,20,20,20,19,19,19,18,18,17,16,16,15,14,14,13,12,12,12,2,0,0,0,0,0,0,0,0,0,5,20,20,21,22,22,23,22,23,24,24,24,25,25,25,25,25,24,23,24,24,25,24,25,26,28,28
-63,125,20,30,29,28,27,27,25,24,22,21,21,21,21,21,20,20,19,19,19,17,16,15,14,14,14,14,3,0,0,0,0,0,0,0,0,0,5,22,23,24,25,25,26,27,26,26,26,27,29,29,28,28,28,26,26,27,28,28,28,28,30,31,31
-61,125,20,27,27,25,25,24,23,22,22,21,21,20,19,19,19,19,19,17,17,16,15,14,14,14,13,12,2,0,0,0,0,0,0,0,0,0,5,20,21,22,22,23,23,24,24,24,25,26,27,26,26,25,25,24,25,25,25,26,26,26,26,28,27
-63,125,20,29,29,27,26,26,24,23,23,22,22,21,20,20,20,19,19,19,18,17,16,15,14,14,13,13,3,0,0,0,0,0,0,0,0,0,5,22,22,23,24,25,26,26,27,27,28,28,29,28,28,26,26,26,27,27,27,27,27,28,30,31,31
-63,125,20,27,26,24,23,23,22,21,20,19,19,19,19,19,18,18,17,16,16,16,14,14,13,13,13,13,3,0,0,0,0,0,0,0,0,0,5,20,21,21,23,22,23,24,24,25,24,25,26,26,25,25,25,24,25,24,24,25,25,26,26,28,28
-63,125,20,26,26,25,24,24,23,22,21,21,21,20,20,20,19,19,18,18,17,17,16,15,14,14,13,13,4,0,0,0,0,0,0,0,0,0,6,21,21,22,22,23,23,24,24,24,24,26,26,26,25,25,25,24,24,25,25,25,25,25,27,28,28
-61,125,20,27,27,26,26,25,24,23,22,22,22,20,19,19,20,20,19,19,18,17,16,16,15,15,14,13,4,0,0,0,0,0,0,0,0,0,6,21,22,23,24,24,25,25,24,25,27,27,27,26,25,25,25,25,25,25,26,26,26,27,28,29,29
-63,125,20,30,29,28,27,26,25,24,23,23,23,22,22,22,21,21,20,20,19,18,17,17,16,15,15,14,4,0,0,0,0,0,0,0,0,0,6,23,24,25,25,26,26,26,27,27,27,29,29,29,27,27,27,27,27,27,27,28,28,29,30,31,31
-63,125,20,29,29,28,27,26,25,24,23,22,22,22,22,21,21,21,20,19,19,18,17,16,15,15,14,14,4,0,0,0,0,0,0,0,0,0,6,23,23,23,25,25,26,26,27,27,28,29,29,28,28,28,27,27,26,27,28,29,28,29,29,31,31
-62,125,20,29,29,28,28,26,25,24,23,22,22,21,21,21,21,21,20,19,18,17,16,15,14,14,14,13,3,0,0,0,0,0,0,0,0,0,5,22,24,24,25,25,26,27,27,27,28,29,30,29,29,28,28,28,27,27,28,28,29,29,30,31,31
-61,125,20,27,26,25,24,24,23,22,21,20,20,20,19,19,19,18,18,17,17,16,15,14,13,13,12,13,3,0,0,0,0,0,0,0,0,0,5,21,21,22,22,23,24,24,25,24,25,25,26,25,25,25,25,25,24,24,25,26,25,25,26,28,29
-63,125,20,25,25,24,24,23,21,21,20,20,20,18,18,17,18,18,18,16,15,15,15,14,14,14,12,12,2,0,0,0,0,0,0,0,0,0,5,20,20,20,21,22,23,24,24,24,25,26,25,26,25,25,24,24,24,24,24,24,24,26,26,26,26
-63,125,20,26,26,25,24,23,22,21,20,20,19,19,18,19,18,18,18,17,16,15,15,14,13,13,12,12,3,0,0,0,0,0,0,0,0,0,5,20,21,21,22,22,23,24,24,24,25,26,26,26,25,25,25,25,24,24,25,25,25,25,26,27,27
-63,125,20,26,26,25,24,22,22,21,22,21,20,19,19,18,18,18,17,17,16,15,15,14,14,13,13,12,3,0,0,0,0,0,0,0,0,0,6,21,21,21,22,22,22,23,24,24,25,26,26,25,24,23,24,24,24,23,23,24,25,26,27,28,26
-63,125,20,29,29,28,27,26,26,24,23,22,22,22,20,20,20,20,20,20,19,17,17,15,15,15,14,13,3,0,0,0,0,0,0,0,0,0,5,23,23,24,24,25,25,26,27,27,28,29,29,29,28,27,27,27,27,28,27,27,28,29,29,30,30
-63,125,20,29,28,27,26,25,24,23,22,21,20,21,20,20,20,20,19,19,17,17,15,15,14,13,13,13,3,0,0,0,0,0,0,0,0,0,5,22,22,23,24,25,25,25,26,26,27,28,28,28,27,27,27,26,26,26,26,26,26,28,29,29,30
-63,125,20,28,27,27,26,25,24,23,23,23,22,21,20,20,20,20,20,19,19,17,16,16,15,14,13,13,3,0,0,0,0,0,0,0,0,0,5,23,23,24,24,24,25,25,26,26,27,28,28,28,27,26,26,26,26,27,26,27,27,28,29,30,29
-63,125,20,30,29,28,27,26,25,24,23,23,23,22,22,21,21,21,20,18,18,17,17,16,15,15,14,14,4,0,0,0,0,0,0,0,0,0,6,23,23,24,25,26,27,27,27,27,28,29,29,29,28,28,28,28,27,28,28,28,28,29,29,31,31
-63,125,20,26,26,24,23,23,22,21,20,19,19,19,19,18,18,18,17,17,16,15,14,14,14,13,12,12,3,0,0,0,0,0,0,0,0,0,5,20,20,22,22,23,23,24,24,24,25,26,26,25,25,24,24,25,24,24,24,25,24,25,25,26,26
-63,125,20,26,26,24,23,23,22,21,21,21,20,20,19,19,19,18,18,17,17,16,15,14,13,13,13,12,3,0,0,0,0,0,0,0,0,0,5,20,21,22,23,23,23,23,24,24,25,26,26,26,25,25,25,24,23,23,24,25,25,25,26,27,27
-63,125,20,29,27,27,26,24,24,23,23,23,22,20,20,20,20,20,19,18,17,17,16,15,14,14,13,12,2,0,0,0,0,0,0,0,0,0,5,23,22,22,24,24,24,25,26,28,28,28,28,27,26,26,26,25,25,25,26,27,27,29,29,29,29
-63,125,20,25,24,24,22,22,21,21,18,18,19,19,18,18,18,18,17,17,16,15,14,13,12,12,11,12,2,0,0,0,0,0,0,0,0,0,5,20,20,21,21,22,23,23,23,23,23,25,25,24,23,24,24,23,23,23,23,23,24,24,25,26,27
-63,125,20,30,29,28,27,26,25,24,24,24,24,22,22,21,21,21,21,19,18,17,17,17,16,15,15,14,4,0,0,0,0,0,0,0,0,0,6,22,23,25,26,26,27,27,28,28,29,29,29,29,28,28,28,28,27,27,28,28,28,29,30,30,30
-63,125,20,26,25,24,23,23,22,21,20,20,19,18,19,19,18,18,17,17,16,15,15,14,13,12,12,12,2,0,0,0,0,0,0,0,0,0,4,20,20,21,22,22,23,23,24,24,24,24,25,25,25,24,24,24,23,23,24,24,25,25,25,26,27
-63,125,20,29,29,28,27,26,25,24,23,22,22,21,21,21,20,20,20,19,19,18,17,16,15,15,14,14,4,0,0,0,0,0,0,0,0,0,6,22,23,25,25,26,27,27,28,28,28,29,30,29,29,28,29,28,27,27,28,28,28,28,29,30,30
-63,125,20,26,25,24,23,23,23,21,21,19,20,20,19,19,18,18,17,17,16,16,15,15,13,13,12,13,3,0,0,0,0,0,0,0,0,0,5,21,21,21,22,22,23,23,24,24,24,24,24,24,24,24,24,24,23,24,24,24,24,24,26,27,28
-63,125,20,25,25,25,24,24,23,22,21,21,20,19,18,18,18,18,18,17,16,16,15,14,14,13,12,12,3,0,0,0,0,0,0,0,0,0,5,20,20,22,22,23,23,24,24,25,25,26,26,26,25,25,25,25,24,25,25,25,25,25,26,27,27
-63,125,20,29,27,27,26,25,24,23,22,21,21,20,20,20,20,20,19,19,18,17,17,15,15,14,13,12,2,0,0,0,0,0,0,0,0,0,5,22,22,24,24,25,25,26,26,27,28,28,28,27,26,26,26,27,26,26,27,27,27,28,29,30,30
-63,125,20,26,26,26,24,23,22,21,21,20,20,20,19,19,18,18,18,18,17,17,15,14,14,13,13,12,3,0,0,0,0,0,0,0,0,0,5,20,21,22,23,23,23,24,24,25,25,26,26,26,25,25,25,25,24,24,24,25,25,25,26,27,28
-63,125,20,25,24,23,22,21,21,21,20,19,18,18,18,17,17,17,17,16,16,15,15,14,13,12,12,12,2,0,0,0,0,0,0,0,0,0,4,19,20,20,21,22,23,22,23,23,24,24,25,24,24,24,24,23,22,22,23,24,24,24,25,26,26
-63,125,20,26,26,25,24,23,23,22,21,21,21,20,19,19,19,19,18,18,17,16,15,15,14,13,13,12,3,0,0,0,0,0,0,0,0,0,5,21,21,22,23,24,24,24,24,24,25,26,26,25,25,25,25,24,24,24,24,24,25,26,26,27,27
-63,125,20,25,25,24,23,22,21,20,19,18,19,18,18,18,18,18,17,16,16,15,14,13,13,13,12,11,2,0,0,0,0,0,0,0,0,0,4,19,20,21,21,22,23,22,23,24,24,24,25,24,24,23,23,23,23,23,24,23,24,24,25,26,26
-63,125,20,25,25,24,23,23,21,21,20,20,19,19,18,18,18,18,17,17,16,15,14,13,13,13,13,12,2,0,0,0,0,0,0,0,0,0,4,19,20,21,21,22,23,24,24,24,24,25,26,25,24,24,24,24,23,24,24,24,25,25,26,27,27
-63,125,20,29,28,27,26,25,25,24,23,23,22,20,20,20,20,20,20,19,18,17,16,16,16,15,14,13,3,0,0,0,0,0,0,0,0,0,5,22,22,24,24,25,25,25,26,27,28,28,27,27,26,26,27,26,26,26,27,27,28,29,29,29,28
-63,125,20,26,25,24,23,23,22,21,20,20,19,19,18,18,17,17,17,16,16,15,14,14,13,12,12,12,3,0,0,0,0,0,0,0,0,0,4,19,20,21,22,22,23,23,23,23,23,24,25,24,24,23,23,23,23,24,24,24,24,24,25,27,27
-63,125,20,25,25,24,23,22,22,21,20,20,20,18,17,18,18,17,17,17,16,15,15,13,13,13,12,11,2,0,0,0,0,0,0,0,0,0,4,19,19,21,22,22,22,23,23,23,24,25,25,24,24,23,23,23,23,24,24,23,23,25,26,26,26
-61,125,20,27,26,25,24,23,22,21,21,21,21,20,19,19,19,19,18,17,17,15,15,14,13,13,12,12,3,0,0,0,0,0,0,0,0,0,4,20,21,21,22,23,23,24,25,25,26,26,27,26,25,25,25,25,24,24,24,24,25,25,26,28,28
-62,125,20,31,30,29,28,27,26,25,24,24,23,22,22,22,22,22,20,20,20,18,18,17,16,16,16,15,4,0,0,0,0,0,0,0,0,0,6,24,24,26,26,27,28,28,28,29,29,30,30,30,30,29,29,28,28,28,29,29,29,29,31,32,32
-63,125,20,24,24,23,22,21,21,20,19,20,19,18,17,17,17,17,17,16,15,14,13,13,12,12,11,11,2,0,0,0,0,0,0,0,0,0,4,19,19,20,21,22,22,22,22,23,23,24,24,24,24,22,23,23,22,23,23,23,23,24,25,26,26
-63,125,20,30,29,28,27,25,25,24,24,25,24,22,21,21,21,21,21,20,19,18,17,17,16,15,14,14,4,0,0,0,0,0,0,0,0,0,6,24,24,25,26,26,26,27,28,29,30,29,29,29,28,27,28,28,28,28,28,29,29,29,30,30,30
-63,125,20,26,26,25,24,24,23,22,21,21,21,20,19,19,19,19,19,18,17,17,16,15,14,14,13,13,4,0,0,0,0,0,0,0,0,0,6,21,22,22,23,23,23,24,25,24,26,26,26,26,25,25,25,24,24,25,25,25,25,26,27,28,28
-63,125,20,27,26,25,24,23,23,22,21,20,21,20,18,18,18,18,18,17,16,15,15,15,14,13,13,13,4,0,0,0,0,0,0,0,0,0,5,21,22,22,23,23,24,25,25,26,26,27,27,26,25,25,26,25,25,25,25,25,26,26,27,27,26
-63,125,20,26,26,25,24,23,23,22,20,20,20,19,19,18,18,18,18,17,16,16,15,15,14,14,13,12,3,0,0,0,0,0,0,0,0,0,6,21,21,22,22,24,24,25,25,25,26,27,26,26,25,25,25,25,24,25,25,25,25,26,27,27,26
-63,125,20,25,24,24,23,22,21,21,20,20,19,18,18,18,18,18,17,16,16,15,13,13,13,12,12,11,2,0,0,0,0,0,0,0,0,0,5,19,20,21,21,22,23,24,23,24,25,25,25,25,24,24,24,24,23,23,24,24,24,25,26,26,26
-63,125,20,26,26,25,24,23,22,21,21,21,21,20,18,18,19,18,18,18,17,17,15,15,14,13,13,12,3,0,0,0,0,0,0,0,0,0,5,21,21,22,23,24,24,25,25,25,26,27,26,26,25,24,25,25,24,25,25,25,26,26,27,27,26
-63,125,20,26,25,24,24,22,22,21,21,21,20,19,18,18,18,18,18,17,16,16,15,15,14,13,12,12,3,0,0,0,0,0,0,0,0,0,5,20,20,22,22,22,23,24,24,25,25,26,26,25,24,23,24,24,24,24,24,24,25,26,27,26,26
-63,125,20,26,25,25,24,23,22,21,21,21,21,20,19,19,19,18,18,17,17,16,15,14,14,13,13,12,3,0,0,0,0,0,0,0,0,0,5,21,21,23,23,24,24,25,25,25,26,26,26,26,26,25,26,25,24,25,25,26,25,26,26,26,27
-61,125,20,27,26,26,24,23,23,22,22,21,20,19,19,20,19,19,18,17,17,16,15,15,14,13,13,13,3,0,0,0,0,0,0,0,0,0,5,21,22,23,23,24,24,25,26,25,26,27,27,27,27,26,26,25,25,25,25,25,25,25,26,27,27
-63,125,20,26,26,25,24,23,23,22,21,22,21,19,19,19,18,18,18,18,17,17,15,15,14,14,13,13,3,0,0,0,0,0,0,0,0,0,5,21,21,23,23,24,25,24,24,25,26,26,26,26,25,25,25,25,24,24,25,25,25,26,27,27,27
-63,125,20,25,25,24,23,23,22,21,20,19,19,19,19,18,18,18,17,17,16,15,14,14,13,12,12,12,3,0,0,0,0,0,0,0,0,0,5,20,21,21,22,22,23,23,23,24,24,25,25,24,24,24,24,23,23,24,24,24,24,24,25,26,27
-63,125,20,26,25,24,23,22,21,20,19,19,19,18,18,18,18,18,18,17,16,15,14,14,13,12,12,11,2,0,0,0,0,0,0,0,0,0,5,20,21,21,21,23,23,23,24,24,24,25,26,25,25,24,24,24,24,23,23,24,25,25,26,27,28
-63,125,20,30,29,27,26,26,25,24,23,22,21,21,21,21,21,20,20,18,18,17,17,16,15,14,14,14,3,0,0,0,0,0,0,0,0,0,5,23,23,25,26,26,26,26,27,28,28,29,29,29,29,28,28,28,27,26,27,28,28,28,29,31,31
-63,125,20,25,25,24,23,22,22,21,20,20,20,18,18,17,17,17,17,16,16,15,15,14,13,12,12,12,3,0,0,0,0,0,0,0,0,0,5,20,21,22,22,22,23,23,23,24,25,25,25,25,25,24,25,23,23,23,24,24,24,25,25,26,26
-63,125,20,33,32,31,29,28,27,26,25,24,24,23,23,23,22,23,23,20,20,20,19,18,17,17,16,15,3,0,0,0,0,0,0,0,0,0,6,26,26,27,29,29,29,30,31,32,32,33,33,33,32,31,31,30,30,29,30,31,31,33,33,34,33
-61,125,20,27,26,25,25,24,23,22,21,21,21,20,20,19,19,18,18,18,17,16,16,14,14,13,13,13,3,0,0,0,0,0,0,0,0,0,5,21,22,22,24,24,25,26,26,26,27,27,28,27,27,27,27,26,25,25,26,26,26,26,26,27,28
-62,125,20,25,25,24,23,22,21,20,18,18,19,19,18,18,18,17,18,17,17,16,14,14,13,13,12,12,3,0,0,0,0,0,0,0,0,0,4,20,21,21,22,22,23,24,24,24,25,25,26,26,25,25,24,24,24,24,25,25,25,25,26,27,27
-63,125,20,27,26,26,24,24,22,21,21,21,20,19,19,19,19,19,18,18,17,16,15,14,14,13,13,13,3,0,0,0,0,0,0,0,0,0,5,21,21,22,24,23,24,25,25,24,26,27,27,26,26,24,25,25,24,25,25,25,25,26,27,28,26
-63,125,20,31,30,28,27,26,25,25,24,24,23,22,21,21,21,20,20,19,19,18,17,16,16,14,14,14,4,0,0,0,0,0,0,0,0,0,6,24,24,25,26,26,27,28,28,28,29,29,29,29,29,29,29,28,27,27,28,28,29,29,30,31,31
-62,125,20,30,29,28,26,26,25,24,23,22,23,21,21,20,20,20,20,19,19,18,17,16,16,15,14,14,3,0,0,0,0,0,0,0,0,0,6,23,23,24,26,26,26,28,27,28,28,29,30,30,29,28,28,28,27,28,29,29,29,29,30,31,31
-63,125,20,25,25,24,22,22,21,21,19,18,18,18,17,17,17,17,16,16,15,14,13,13,13,13,12,12,2,0,0,0,0,0,0,0,0,0,5,19,19,20,21,22,22,23,23,25,25,25,25,24,24,24,24,24,23,24,24,23,24,25,25,26,25
-63,125,20,26,25,25,23,22,21,21,20,20,20,18,18,17,17,17,17,16,16,15,14,13,13,13,12,12,2,0,0,0,0,0,0,0,0,0,4,19,20,21,22,22,23,24,23,24,25,26,25,25,24,24,24,24,23,24,24,25,24,25,26,27,27
-63,125,20,27,26,25,24,23,23,21,20,21,20,19,19,18,18,18,18,17,16,15,15,14,14,13,13,13,3,0,0,0,0,0,0,0,0,0,5,21,21,23,23,23,24,25,25,25,26,26,26,26,26,25,26,25,25,25,25,26,26,26,27,27,27
-63,125,20,25,25,24,23,22,21,21,19,19,19,18,17,17,17,17,17,17,15,15,14,13,13,12,12,12,2,0,0,0,0,0,0,0,0,0,5,20,20,21,22,22,23,23,23,24,25,25,25,25,24,24,24,24,23,23,23,24,24,25,26,26,27
-63,125,20,27,26,26,25,24,23,22,22,22,21,19,19,18,18,18,18,17,17,16,15,15,14,14,13,13,4,0,0,0,0,0,0,0,0,0,6,21,21,22,23,23,24,24,25,25,25,26,26,25,25,24,25,25,24,25,25,25,25,26,27,27,27
-63,125,20,29,28,27,26,25,24,23,22,21,21,21,21,20,20,20,19,19,19,17,16,15,14,14,14,14,3,0,0,0,0,0,0,0,0,0,5,22,23,24,25,25,25,26,27,27,28,29,28,28,28,27,27,27,26,27,27,27,28,28,29,30,30
-63,125,20,26,25,25,23,23,22,21,20,20,19,19,18,18,18,18,18,17,17,16,15,15,13,13,13,12,3,0,0,0,0,0,0,0,0,0,5,20,21,21,23,23,23,24,24,24,24,26,26,26,25,24,24,25,24,24,24,25,25,25,26,28,28
-61,125,20,26,26,25,24,23,22,21,20,20,20,20,19,19,19,19,18,17,17,16,15,14,14,13,13,12,3,0,0,0,0,0,0,0,0,0,5,20,21,22,23,23,24,24,24,25,26,26,26,26,25,25,25,25,24,24,25,25,25,25,26,28,28
-61,125,20,27,26,26,24,24,23,21,21,21,21,19,19,19,19,18,18,18,17,16,15,15,14,14,13,13,3,0,0,0,0,0,0,0,0,0,5,21,21,22,23,23,24,25,26,25,26,28,28,27,26,26,26,25,25,26,26,26,26,26,27,28,28
-63,125,20,25,24,23,22,21,21,20,19,18,19,18,17,17,17,17,17,16,16,15,14,13,13,12,12,12,2,0,0,0,0,0,0,0,0,0,4,19,20,21,21,22,23,23,23,24,25,26,26,25,24,24,24,23,23,23,23,24,24,25,26,26,26
-63,125,20,29,29,27,26,26,25,24,24,24,23,21,21,21,21,20,20,19,18,18,17,16,15,15,14,14,4,0,0,0,0,0,0,0,0,0,6,23,24,25,25,26,26,27,28,28,28,29,29,29,29,28,28,27,27,28,28,28,28,29,30,31,31
-62,125,20,30,29,28,27,26,25,24,23,22,22,21,21,20,21,20,20,19,18,18,17,16,16,15,13,13,3,0,0,0,0,0,0,0,0,0,6,23,24,25,26,26,27,27,27,27,28,29,29,29,28,28,28,27,27,28,28,28,28,29,30,31,30
-63,125,20,27,25,25,24,24,22,22,20,20,20,19,19,19,19,18,19,18,17,16,15,15,14,14,13,13,3,0,0,0,0,0,0,0,0,0,5,21,21,23,23,23,24,25,24,25,26,27,27,26,25,25,25,25,24,25,25,25,26,26,26,27,27
-63,125,20,30,29,28,27,26,25,24,23,22,22,21,21,21,21,20,19,19,18,17,17,16,16,15,14,14,4,0,0,0,0,0,0,0,0,0,6,23,24,25,26,26,27,28,28,27,28,29,30,29,29,29,29,28,28,28,29,29,29,29,30,31,31
-63,125,20,29,28,28,27,26,25,24,23,22,22,21,20,20,21,21,20,19,19,18,17,17,16,15,14,14,4,0,0,0,0,0,0,0,0,0,6,24,23,25,25,25,26,28,28,28,29,30,30,29,28,27,28,28,27,27,27,28,29,29,29,30,29
-63,125,20,25,24,24,23,22,21,21,20,19,19,18,17,17,18,18,17,17,16,15,14,14,13,13,13,12,2,0,0,0,0,0,0,0,0,0,4,19,20,21,21,22,23,24,24,24,25,26,26,25,24,24,24,24,23,24,24,24,25,25,25,26,26
-63,125,20,26,25,25,25,23,22,21,21,21,20,19,19,19,19,19,18,18,17,16,16,15,14,14,13,13,4,0,0,0,0,0,0,0,0,0,6,21,21,22,22,24,24,24,25,25,25,26,27,25,25,25,25,25,24,25,24,25,25,26,27,27,27
-63,125,20,29,28,28,26,25,25,24,23,22,22,22,21,21,21,20,20,19,19,18,17,17,16,15,14,13,4,0,0,0,0,0,0,0,0,0,6,24,24,24,25,26,26,27,27,28,28,29,29,29,27,28,28,27,26,27,27,28,29,29,30,29,29
-63,125,20,26,25,25,25,23,22,21,20,20,21,20,18,18,18,18,18,17,17,16,15,15,14,14,13,12,3,0,0,0,0,0,0,0,0,0,6,21,21,22,23,23,23,25,24,25,26,26,26,26,25,24,24,25,24,25,25,25,25,26,27,27,27
-63,125,20,29,28,28,26,25,25,24,22,22,21,21,21,20,19,19,20,19,18,17,16,16,16,14,14,14,2,0,0,0,0,0,0,0,0,0,5,23,23,24,25,25,26,26,27,28,28,28,28,28,28,27,27,27,26,27,27,27,28,28,29,30,31
-63,125,20,25,25,25,23,22,21,21,19,19,18,18,18,18,17,17,17,17,16,15,14,13,13,13,12,12,2,0,0,0,0,0,0,0,0,0,4,19,20,21,21,22,23,24,23,24,24,25,25,25,25,24,24,24,23,23,24,24,24,24,25,27,27
-63,125,20,29,29,27,26,26,25,23,23,22,21,21,21,20,20,20,19,19,18,18,16,16,15,14,14,14,4,0,0,0,0,0,0,0,0,0,5,23,23,25,25,26,27,26,27,27,28,29,29,29,28,28,28,27,27,27,27,27,28,27,29,30,31
-62,125,20,30,29,27,25,25,25,24,22,22,22,21,21,21,20,20,19,19,18,17,17,16,15,14,14,13,3,0,0,0,0,0,0,0,0,0,5,23,23,24,25,25,26,26,28,27,27,29,29,29,28,28,28,27,27,26,27,27,28,28,29,31,31
-63,125,20,27,26,25,23,23,22,22,22,21,20,19,19,19,18,18,18,17,17,16,15,15,14,13,13,13,3,0,0,0,0,0,0,0,0,0,6,21,21,22,22,23,23,24,24,25,25,27,27,25,25,25,25,25,24,24,25,25,25,25,26,27,27
-63,125,20,26,26,25,24,23,23,22,22,22,21,20,19,19,19,19,18,18,17,16,16,15,15,14,14,13,4,0,0,0,0,0,0,0,0,0,6,21,22,22,23,23,24,24,24,24,25,26,26,26,25,25,25,24,24,24,24,25,25,26,27,28,28
-62,125,20,27,26,25,24,24,22,21,21,20,19,19,19,19,19,19,18,18,17,17,16,16,15,14,13,13,4,0,0,0,0,0,0,0,0,0,6,22,22,23,23,24,24,24,25,26,26,26,26,26,25,24,25,25,25,25,25,25,26,26,27,27,28
-63,125,20,26,25,24,23,23,22,21,21,20,19,19,18,18,18,18,17,16,16,16,14,14,14,13,13,13,3,0,0,0,0,0,0,0,0,0,5,20,21,22,22,23,24,25,24,24,25,26,26,26,25,25,25,24,24,24,25,25,25,25,26,26,26
-62,125,20,30,29,27,26,26,25,24,22,21,21,22,21,21,21,21,19,18,18,18,16,16,15,14,14,14,3,0,0,0,0,0,0,0,0,0,5,23,23,24,25,26,26,27,28,28,28,29,29,28,28,28,28,27,27,27,28,28,28,28,29,30,31
-63,125,20,30,29,28,27,26,25,24,23,23,22,22,21,21,20,20,20,19,18,17,17,16,16,15,14,13,4,0,0,0,0,0,0,0,0,0,6,23,24,25,26,25,26,27,27,28,29,30,30,30,29,28,28,28,27,27,28,28,28,28,30,31,31
-63,125,20,30,29,28,27,26,25,24,22,21,21,21,21,20,20,20,20,19,18,17,16,15,15,14,14,14,3,0,0,0,0,0,0,0,0,0,5,21,23,24,25,26,26,28,27,28,29,30,29,29,28,27,28,28,27,27,28,28,28,28,30,30,30
-61,125,20,24,23,22,21,21,21,19,19,19,18,17,16,16,16,16,16,15,15,14,13,13,12,12,12,11,2,0,0,0,0,0,0,0,0,0,4,18,19,20,20,21,21,21,22,23,23,23,24,24,24,22,22,22,22,22,23,23,23,23,24,25,25
-63,125,20,26,25,24,23,22,22,21,20,19,18,18,17,17,17,17,17,16,16,15,14,14,14,13,12,12,3,0,0,0,0,0,0,0,0,0,5,19,20,21,22,22,23,23,24,24,25,25,25,25,24,23,24,24,24,23,24,24,25,25,26,26,26
-62,125,20,30,30,27,26,26,25,24,24,24,23,22,21,21,21,21,20,19,19,18,16,16,15,14,14,14,3,0,0,0,0,0,0,0,0,0,5,23,23,25,25,26,26,26,27,28,29,29,29,29,29,28,29,28,27,27,28,28,29,29,29,30,31
-62,125,20,27,26,25,24,24,23,21,20,19,19,19,18,18,18,17,17,17,16,15,15,14,13,13,12,12,3,0,0,0,0,0,0,0,0,0,4,20,21,22,23,23,24,24,25,25,26,26,26,26,26,25,26,25,25,25,25,25,26,25,26,28,29
-63,125,20,26,25,24,23,22,22,20,20,21,19,19,18,18,17,18,17,17,17,15,15,14,13,13,13,12,3,0,0,0,0,0,0,0,0,0,5,20,21,21,22,23,24,24,24,24,25,25,25,25,25,24,25,24,24,24,24,24,24,24,26,26,27
-63,125,20,26,26,25,24,23,22,21,21,20,20,19,19,19,18,18,18,17,17,16,15,14,14,13,13,13,3,0,0,0,0,0,0,0,0,0,5,21,21,22,23,24,23,24,25,25,26,26,27,26,26,25,25,24,24,24,25,25,25,25,27,28,28
-63,125,20,27,26,24,24,23,22,21,21,20,19,19,19,19,18,18,17,17,16,16,14,14,13,13,13,13,3,0,0,0,0,0,0,0,0,0,5,20,21,21,22,23,24,24,25,25,26,26,26,26,26,25,25,25,24,24,24,25,25,25,25,26,27
-63,125,20,29,29,28,27,26,26,24,24,24,22,21,21,21,21,20,20,19,18,17,17,16,15,15,14,13,4,0,0,0,0,0,0,0,0,0,6,23,24,25,26,26,26,27,27,28,28,30,29,29,28,28,28,28,27,27,28,28,28,29,30,30,30
-63,125,20,26,26,25,24,24,23,22,21,21,21,20,19,19,18,18,18,17,17,16,16,15,14,14,13,13,3,0,0,0,0,0,0,0,0,0,6,21,22,22,23,23,23,24,24,24,25,26,26,26,25,25,25,24,24,25,25,25,25,26,27,27,27
-63,125,20,29,29,28,26,26,24,24,23,22,22,21,20,20,20,20,20,19,18,17,17,15,14,14,14,14,3,0,0,0,0,0,0,0,0,0,5,23,24,24,25,25,26,27,28,28,28,29,29,28,28,28,28,27,27,27,27,27,28,28,29,31,31
-63,125,20,26,25,24,24,23,22,21,21,20,20,20,18,18,18,18,17,17,16,16,15,14,13,13,12,12,3,0,0,0,0,0,0,0,0,0,5,20,21,22,22,23,24,24,24,24,24,25,26,25,25,25,25,24,23,24,24,25,24,24,26,27,28
-62,125,20,30,29,28,27,26,25,24,23,22,21,21,22,21,21,20,20,19,18,17,17,16,15,15,14,14,3,0,0,0,0,0,0,0,0,0,5,23,24,25,26,26,27,27,27,27,28,28,29,28,28,28,28,27,26,27,28,28,28,28,29,31,32
-63,125,20,27,26,25,24,23,22,21,21,20,20,19,18,18,18,18,18,17,15,15,15,13,13,13,13,12,3,0,0,0,0,0,0,0,0,0,5,20,21,21,22,23,23,24,25,25,25,26,26,26,25,25,25,25,24,24,25,25,26,26,26,28,27
-63,125,20,25,24,24,23,22,21,20,19,18,18,18,17,17,17,17,17,16,15,14,14,13,13,12,12,11,2,0,0,0,0,0,0,0,0,0,4,19,19,21,21,22,22,23,24,24,25,25,25,25,24,24,24,24,23,23,24,24,24,25,25,26,26
-63,125,20,27,26,26,25,24,23,22,20,20,20,19,18,18,18,18,18,17,17,16,16,15,14,14,13,13,4,0,0,0,0,0,0,0,0,0,5,21,21,22,23,23,24,24,25,25,26,26,26,26,25,25,25,25,25,25,25,25,26,26,27,28,28
-63,125,20,26,25,24,24,23,22,21,20,20,20,19,18,18,18,18,17,17,16,15,15,14,13,13,13,12,3,0,0,0,0,0,0,0,0,0,5,20,21,21,22,22,23,23,23,24,25,25,25,25,24,24,24,24,23,24,24,24,24,25,26,27,27
-63,125,20,29,28,27,26,25,24,23,21,21,21,21,20,20,19,19,19,19,19,17,16,15,15,13,13,12,3,0,0,0,0,0,0,0,0,0,4,22,23,23,24,25,25,26,27,27,28,29,29,28,28,27,28,27,26,27,27,27,27,27,29,30,31
-63,125,20,29,29,27,26,25,25,23,23,23,22,20,20,20,20,20,19,18,18,17,16,15,14,14,14,14,3,0,0,0,0,0,0,0,0,0,5,22,23,24,25,25,26,26,27,27,28,29,29,28,27,27,27,28,27,26,27,27,28,29,29,30,30
-62,125,20,27,27,25,25,25,24,21,21,20,20,20,20,19,19,19,19,18,17,17,15,15,15,13,13,12,3,0,0,0,0,0,0,0,0,0,5,21,21,21,22,24,24,25,26,26,27,26,27,26,25,25,25,25,25,25,26,26,26,26,27,27,27
-63,125,20,30,30,29,27,26,25,24,23,23,23,22,22,21,22,21,21,20,19,18,17,17,16,15,15,14,4,0,0,0,0,0,0,0,0,0,6,23,24,25,25,25,27,27,28,28,28,29,29,29,28,28,29,28,28,27,27,28,29,29,30,31,31
-61,125,20,27,27,26,25,24,23,22,20,20,20,19,19,19,19,19,19,17,17,16,15,14,14,14,12,12,2,0,0,0,0,0,0,0,0,0,5,21,21,22,23,23,24,24,24,25,25,26,26,25,24,24,24,25,24,25,25,25,25,25,26,27,27
-63,125,20,27,27,25,24,23,22,22,20,20,21,20,19,19,19,19,18,18,17,17,16,15,14,14,13,13,3,0,0,0,0,0,0,0,0,0,5,20,21,23,22,23,24,24,24,25,26,26,26,26,25,25,25,25,24,25,24,25,25,26,26,29,29
-63,125,20,29,29,28,26,25,24,23,22,22,22,22,21,21,21,21,19,19,18,18,17,16,15,15,15,15,4,0,0,0,0,0,0,0,0,0,6,22,23,25,25,25,26,27,27,28,28,29,29,29,28,28,28,28,27,27,27,27,28,28,30,30,31
-63,125,20,30,29,27,27,26,26,24,23,22,21,22,22,21,21,21,20,19,19,18,18,17,15,15,15,15,4,0,0,0,0,0,0,0,0,0,6,23,24,25,25,25,26,26,27,28,28,29,29,29,28,28,28,28,27,26,27,28,28,29,29,30,30
-63,125,20,25,25,24,23,23,22,21,20,20,20,19,18,18,18,18,17,17,16,15,15,14,14,13,12,11,2,0,0,0,0,0,0,0,0,0,5,20,20,21,21,22,22,22,23,24,25,25,25,24,23,23,23,23,22,23,24,24,24,25,26,26,26
-63,125,20,25,25,24,23,22,22,21,20,19,20,20,18,18,17,17,17,17,16,15,15,14,13,13,13,11,2,0,0,0,0,0,0,0,0,0,4,20,20,21,21,22,22,23,23,23,24,24,24,24,24,23,24,24,23,23,23,25,25,25,26,27,27
-63,125,20,34,33,32,30,29,28,27,26,25,25,25,25,24,24,23,22,22,21,20,19,18,17,17,16,16,4,0,0,0,0,0,0,0,0,0,7,26,26,28,28,28,29,30,30,31,31,32,32,32,32,31,31,31,30,31,31,31,32,32,33,34,35
-63,125,20,25,25,24,23,22,21,21,20,20,18,18,17,17,17,17,17,16,15,14,14,13,12,12,11,12,2,0,0,0,0,0,0,0,0,0,4,19,19,21,21,21,23,23,23,24,24,24,24,24,24,24,24,24,23,23,24,23,24,25,26,27,27
-63,125,20,29,28,28,26,25,24,23,23,23,21,20,19,19,20,19,19,18,17,17,16,15,14,13,13,13,3,0,0,0,0,0,0,0,0,0,5,22,22,23,24,24,25,26,26,27,28,28,28,28,27,27,27,25,25,26,26,26,27,29,29,30,30
-63,125,20,27,27,26,25,24,23,23,21,21,21,20,19,19,19,19,18,18,17,16,16,15,15,14,14,13,3,0,0,0,0,0,0,0,0,0,5,21,21,23,24,24,25,25,25,26,26,26,26,26,26,26,26,25,25,25,26,25,26,27,27,28,29
-63,125,20,27,27,25,25,24,23,22,21,21,21,20,19,19,19,19,19,18,18,17,16,15,14,14,13,13,4,0,0,0,0,0,0,0,0,0,6,22,22,22,23,24,24,25,25,25,25,26,26,26,25,25,25,25,25,25,26,25,26,26,27,28,29
-63,125,20,30,30,28,27,26,25,24,24,23,22,22,21,21,20,20,20,19,19,18,17,16,15,15,15,14,3,0,0,0,0,0,0,0,0,0,5,22,23,24,26,26,27,27,28,28,28,29,29,29,29,28,28,28,27,27,28,28,29,29,30,32,32
-61,125,20,27,26,25,24,24,22,21,21,22,20,19,18,18,18,18,18,18,17,16,15,14,13,13,13,12,2,0,0,0,0,0,0,0,0,0,5,21,21,22,22,23,24,24,25,25,26,27,27,27,25,25,25,25,24,25,26,25,25,26,27,29,29
-63,125,20,26,25,25,23,22,22,21,20,19,19,19,19,18,18,17,17,16,16,15,14,13,13,13,12,11,2,0,0,0,0,0,0,0,0,0,5,20,20,21,22,23,23,24,24,24,24,26,26,26,25,25,25,24,23,24,25,24,25,25,26,27,27
-61,125,20,28,27,26,25,24,23,22,21,21,21,20,19,19,19,19,18,18,17,16,16,15,14,14,13,13,3,0,0,0,0,0,0,0,0,0,5,21,22,23,23,24,24,25,25,25,26,26,26,26,26,25,26,25,25,25,25,26,26,27,28,29,29
-61,125,20,27,27,26,25,25,23,22,21,21,21,20,20,19,19,19,19,19,18,17,16,15,14,14,13,12,2,0,0,0,0,0,0,0,0,0,5,21,22,22,23,24,25,25,25,25,26,26,27,26,26,26,26,25,25,25,26,26,26,26,27,28,28
-62,125,20,30,29,28,26,25,25,24,22,21,21,21,21,21,21,21,20,19,18,17,16,16,14,14,14,13,2,0,0,0,0,0,0,0,0,0,5,23,24,24,25,26,27,27,27,28,29,29,29,29,29,28,28,28,27,26,27,28,29,29,30,31,30
-62,125,20,25,25,24,22,21,21,20,20,20,19,18,18,18,17,17,17,16,16,15,14,13,13,13,13,12,3,0,0,0,0,0,0,0,0,0,5,19,20,21,22,21,23,23,23,23,23,24,25,24,24,24,24,23,23,23,23,24,24,24,25,26,26
-63,125,20,27,27,26,25,24,23,22,20,19,20,20,20,19,19,19,19,18,18,16,16,15,14,14,14,13,4,0,0,0,0,0,0,0,0,0,5,21,21,23,23,24,25,25,25,25,26,27,27,27,26,26,26,26,25,26,26,26,26,26,27,28,29
-61,125,20,27,27,27,25,24,24,22,22,22,21,20,19,19,19,19,19,17,17,17,16,15,14,14,13,13,3,0,0,0,0,0,0,0,0,0,5,21,22,23,24,24,25,25,25,26,26,27,27,27,26,26,26,25,25,25,25,25,27,27,27,29,29
-61,125,20,31,31,30,28,28,27,26,24,24,24,24,22,23,22,21,21,21,20,19,19,17,17,15,15,15,4,0,0,0,0,0,0,0,0,0,7,24,25,26,27,28,29,29,29,29,30,30,31,31,30,30,30,29,29,29,30,30,30,31,32,33,33
-63,125,20,30,30,28,27,26,25,24,23,24,23,21,21,20,20,20,20,19,19,18,17,15,15,14,14,14,3,0,0,0,0,0,0,0,0,0,5,23,24,24,25,26,27,28,28,28,29,29,30,29,28,28,28,28,28,28,28,29,29,29,30,31,31
-62,125,20,23,23,22,21,20,20,19,19,20,19,17,17,17,17,17,16,15,15,14,13,13,12,12,11,10,2,0,0,0,0,0,0,0,0,0,5,19,19,20,20,21,21,22,22,22,23,24,24,23,23,23,23,22,21,21,22,23,23,23,24,25,25
-63,125,20,29,29,28,27,26,25,24,23,23,22,22,21,21,21,21,20,19,19,18,17,16,15,15,14,14,3,0,0,0,0,0,0,0,0,0,5,23,24,25,26,26,27,27,28,28,28,30,30,29,29,28,29,28,28,29,29,28,28,29,30,30,31
-61,125,20,27,27,27,25,24,24,23,22,21,21,21,20,19,19,19,18,18,17,16,16,15,14,14,13,13,3,0,0,0,0,0,0,0,0,0,5,22,22,23,25,24,24,24,24,25,26,27,27,27,27,27,27,26,26,26,26,26,26,27,27,29,29
-62,125,20,31,29,29,28,26,26,25,24,23,23,23,22,22,22,22,21,20,20,19,18,17,16,15,15,14,4,0,0,0,0,0,0,0,0,0,6,24,25,26,26,26,27,28,29,29,29,30,30,30,29,29,29,29,29,28,29,29,29,30,31,32,32
-61,125,20,24,24,24,22,22,21,20,20,21,21,19,17,17,17,17,17,17,16,15,15,14,14,13,12,12,3,0,0,0,0,0,0,0,0,0,5,20,20,21,21,21,22,22,23,24,24,25,24,24,23,23,23,23,22,23,23,23,23,24,25,25,25
-63,125,20,26,25,25,24,23,22,21,21,21,20,18,18,18,19,18,18,17,16,15,15,14,13,13,13,12,2,0,0,0,0,0,0,0,0,0,5,21,21,22,22,23,24,24,24,25,26,26,26,26,25,25,25,24,24,24,25,25,25,26,26,27,27
-63,125,20,29,28,27,26,26,25,24,23,23,22,21,21,21,20,20,19,19,17,17,16,15,15,15,14,13,2,0,0,0,0,0,0,0,0,0,5,23,24,24,25,26,26,26,27,28,29,29,29,29,28,28,28,28,27,28,28,28,28,28,29,31,31
-63,125,20,26,25,25,24,22,21,21,20,21,20,18,18,17,17,17,18,16,16,15,15,13,13,13,12,12,2,0,0,0,0,0,0,0,0,0,5,20,20,21,22,22,23,24,24,24,25,26,26,26,25,24,25,24,24,25,25,25,25,25,26,27,28
-63,125,20,29,28,28,27,26,26,23,23,23,23,22,21,21,21,21,20,19,19,17,17,16,16,15,15,14,3,0,0,0,0,0,0,0,0,0,5,24,24,25,26,26,27,27,28,28,28,29,30,29,28,28,28,28,27,28,28,29,29,29,30,32,32
-62,125,20,27,26,25,24,24,23,22,21,20,21,20,19,19,19,19,18,18,18,17,15,15,14,13,13,13,4,0,0,0,0,0,0,0,0,0,5,21,21,23,24,25,24,25,25,25,25,27,27,27,27,26,26,26,25,25,26,26,26,25,27,28,30
-61,125,20,27,26,25,25,24,23,22,21,21,19,19,19,19,18,18,18,18,16,15,15,14,13,13,13,13,3,0,0,0,0,0,0,0,0,0,5,20,21,22,23,23,24,24,25,25,25,26,27,26,26,26,26,25,24,25,26,25,25,25,27,29,30
-61,125,20,30,29,28,27,26,25,24,24,23,23,22,21,21,21,21,20,20,19,18,17,16,16,15,15,14,3,0,0,0,0,0,0,0,0,0,5,23,24,24,25,25,26,28,28,28,29,30,30,30,29,28,28,27,27,27,28,29,28,29,30,30,30
-62,125,20,25,24,23,22,22,21,20,19,19,19,18,17,17,18,16,16,16,15,15,14,13,13,13,12,12,3,0,0,0,0,0,0,0,0,0,5,19,19,20,21,22,22,23,23,23,24,25,25,24,24,23,24,23,23,23,23,23,24,24,25,25,25
-63,125,20,26,25,25,24,23,22,21,20,20,20,19,19,19,18,18,18,17,17,16,15,14,14,13,13,12,3,0,0,0,0,0,0,0,0,0,5,20,21,22,23,23,23,24,25,25,25,26,26,26,26,25,25,25,24,25,25,25,25,26,27,28,28
-62,125,20,25,23,23,23,22,21,20,19,20,19,18,18,18,17,17,17,16,16,15,14,14,13,13,12,12,3,0,0,0,0,0,0,0,0,0,5,19,19,21,21,21,22,23,23,23,24,25,25,25,24,23,23,23,23,22,23,23,24,24,25,26,25
-62,125,20,28,27,26,25,24,23,22,21,20,20,21,20,20,19,19,18,18,18,16,16,15,14,14,14,13,4,0,0,0,0,0,0,0,0,0,5,21,21,22,23,24,25,25,25,26,26,27,27,26,26,26,26,26,25,26,26,26,26,26,27,29,29
-63,125,20,27,26,25,24,23,22,22,21,20,19,19,19,19,18,18,18,17,16,16,15,15,14,13,13,13,3,0,0,0,0,0,0,0,0,0,5,21,21,22,23,23,23,24,24,24,25,26,26,25,25,25,25,25,24,24,24,25,26,26,27,28,28
-63,125,20,27,27,25,24,23,22,21,19,17,19,19,19,19,19,19,19,18,17,16,16,15,14,14,13,12,3,0,0,0,0,0,0,0,0,0,6,22,22,23,23,23,24,24,25,25,25,26,26,25,25,25,25,24,24,25,25,25,26,26,26,26,26
-61,125,20,31,31,29,28,27,26,25,24,23,23,23,23,23,22,22,21,21,20,19,18,17,16,16,15,16,4,0,0,0,0,0,0,0,0,0,6,24,25,26,26,27,27,29,29,29,30,30,30,30,30,30,30,29,28,28,29,29,29,29,31,32,32
-62,125,20,27,27,26,25,24,23,22,22,22,21,20,20,20,19,19,19,18,18,17,16,16,15,14,14,13,4,0,0,0,0,0,0,0,0,0,6,21,22,23,23,24,25,25,25,25,26,27,27,26,26,26,26,26,25,25,26,26,26,27,28,28,29
-63,125,20,26,26,25,25,23,22,22,21,20,20,20,19,19,18,18,18,17,17,16,15,15,14,13,13,13,3,0,0,0,0,0,0,0,0,0,5,21,21,22,22,24,24,25,24,24,25,26,26,26,25,25,26,25,24,24,25,26,26,26,27,28,28
-62,125,20,25,25,24,23,23,22,21,20,20,19,19,18,18,18,18,17,17,16,15,14,14,13,12,12,11,2,0,0,0,0,0,0,0,0,0,4,20,21,21,22,23,23,24,24,24,25,26,26,26,24,24,24,24,24,24,24,25,25,25,27,27,27
-62,125,20,29,29,28,27,26,25,24,23,22,22,21,21,21,21,21,20,19,19,17,16,16,15,15,14,14,3,0,0,0,0,0,0,0,0,0,5,23,24,25,26,26,26,27,28,29,29,30,30,29,29,28,28,28,28,27,28,28,29,30,30,31,31
-63,125,20,26,26,26,24,23,22,21,20,19,19,19,19,18,18,18,17,17,16,16,15,14,14,13,12,12,3,0,0,0,0,0,0,0,0,0,5,21,21,22,23,23,24,25,25,26,26,27,27,26,25,26,26,25,24,25,25,25,26,26,27,27,26
-62,125,20,29,28,27,26,25,25,24,24,24,23,21,20,20,21,21,20,20,19,18,17,16,15,15,15,14,3,0,0,0,0,0,0,0,0,0,6,24,24,25,25,26,27,27,27,28,29,30,30,29,28,28,28,28,27,27,28,28,29,29,30,31,31
-61,125,20,24,24,23,22,22,22,20,19,19,19,18,17,17,17,17,17,17,15,15,14,13,13,13,11,11,3,0,0,0,0,0,0,0,0,0,5,20,20,20,22,22,22,22,23,23,24,25,25,24,24,24,24,24,23,24,24,24,24,24,24,26,26
-61,125,20,31,31,29,28,28,27,25,24,24,24,24,23,23,22,22,22,21,20,19,18,17,17,16,16,15,4,0,0,0,0,0,0,0,0,0,6,25,26,26,26,27,28,29,29,30,30,31,31,31,29,29,29,29,29,30,30,29,30,31,32,32,32
-61,125,20,25,25,24,24,23,21,21,20,19,20,19,18,18,18,18,17,17,16,15,14,14,13,13,13,13,3,0,0,0,0,0,0,0,0,0,5,20,21,21,23,22,23,24,24,24,24,25,25,25,25,24,24,24,24,24,24,24,24,24,26,27,28
-61,125,20,29,28,27,26,25,24,23,22,21,21,21,21,21,20,20,19,19,18,17,16,16,15,14,14,14,4,0,0,0,0,0,0,0,0,0,6,22,23,24,25,25,25,26,27,26,27,28,28,28,27,27,27,27,25,26,26,27,27,27,29,30,30
-61,125,20,29,28,27,26,25,25,23,22,21,21,21,20,21,20,20,20,19,18,17,16,16,15,15,14,14,4,0,0,0,0,0,0,0,0,0,6,22,23,23,24,25,26,26,26,27,27,28,28,27,27,26,27,27,25,26,26,26,26,27,29,29,28
-61,125,20,31,30,30,29,27,26,25,24,24,24,23,23,22,22,22,21,21,20,19,18,17,17,16,15,14,4,0,0,0,0,0,0,0,0,0,7,25,25,26,27,27,28,28,28,28,29,31,30,29,29,29,29,28,28,28,28,29,30,31,32,32,32
-61,125,20,25,24,24,22,21,21,20,19,18,18,17,17,17,17,17,17,16,16,15,14,14,13,13,11,11,2,0,0,0,0,0,0,0,0,0,4,19,20,20,21,21,22,22,23,22,23,24,24,23,23,23,23,22,23,23,23,23,23,24,25,26,26
-61,125,20,30,30,28,26,26,26,25,24,23,22,22,22,21,21,21,20,19,19,18,17,16,15,14,14,13,2,0,0,0,0,0,0,0,0,0,5,23,24,25,25,25,27,27,28,28,29,29,30,30,29,29,29,28,27,28,28,28,29,29,30,31,32
-61,125,20,26,26,25,23,23,22,21,21,20,19,19,18,18,18,18,17,17,16,15,15,14,14,13,13,13,4,0,0,0,0,0,0,0,0,0,5,20,21,22,22,23,23,24,24,24,25,25,25,24,24,24,24,24,24,24,24,25,25,25,26,27,28
-61,125,20,25,25,23,22,22,21,19,18,18,18,18,17,17,17,17,16,16,15,14,13,13,13,13,12,12,2,0,0,0,0,0,0,0,0,0,4,18,19,21,21,21,22,23,23,24,24,25,25,25,24,24,23,23,22,23,23,23,23,24,25,25,25
-61,125,20,27,27,25,25,25,24,22,21,21,20,20,19,19,19,19,18,18,17,17,15,14,14,13,13,13,3,0,0,0,0,0,0,0,0,0,5,21,22,23,23,24,25,25,25,26,26,27,27,27,26,26,26,26,25,25,25,26,26,26,27,28,28
-61,125,20,31,30,29,27,27,26,25,24,23,23,23,21,21,21,21,21,20,19,18,17,17,17,15,15,14,3,0,0,0,0,0,0,0,0,0,5,23,24,25,26,27,27,29,28,29,30,30,30,30,29,29,29,29,28,28,29,29,29,30,31,31,31
-61,125,20,30,29,28,27,26,25,25,24,24,23,21,21,21,21,21,20,20,18,18,17,16,16,15,14,14,3,0,0,0,0,0,0,0,0,0,5,23,24,25,25,26,27,28,27,28,30,31,31,30,29,29,29,29,28,28,29,29,28,29,30,30,31
-61,125,20,24,24,23,22,21,21,20,19,18,18,18,18,17,17,17,17,16,15,14,14,13,12,12,11,11,2,0,0,0,0,0,0,0,0,0,4,18,19,20,21,21,22,23,23,23,24,24,25,24,24,24,24,23,23,23,23,24,24,24,24,25,25
-61,125,20,25,24,24,23,22,21,21,20,20,19,18,18,18,18,18,17,17,16,15,15,14,13,13,13,13,3,0,0,0,0,0,0,0,0,0,5,19,20,21,21,22,22,23,23,23,24,25,25,24,24,24,24,23,23,23,23,23,24,24,25,26,26
-61,125,20,28,28,27,26,25,25,24,23,22,22,21,20,20,20,20,19,18,18,17,17,16,15,15,14,14,4,0,0,0,0,0,0,0,0,0,6,22,23,24,25,25,25,25,26,26,27,28,28,27,27,26,26,26,26,26,26,27,27,28,29,30,30
-61,125,20,28,27,25,24,25,24,23,22,22,21,20,20,20,20,20,19,18,17,16,15,15,14,14,13,13,3,0,0,0,0,0,0,0,0,0,5,22,22,23,24,25,24,25,26,25,26,27,27,27,27,26,26,25,25,25,26,27,27,27,28,29,30
-61,125,20,26,25,24,24,23,22,21,19,19,19,18,18,17,18,18,17,16,16,15,14,14,13,13,13,12,3,0,0,0,0,0,0,0,0,0,5,19,20,21,22,23,23,24,24,24,25,26,26,25,24,24,24,24,24,24,24,24,25,25,26,27,26
-61,125,20,26,25,24,23,23,22,21,20,21,20,19,18,18,18,18,18,17,17,16,15,14,14,13,13,12,3,0,0,0,0,0,0,0,0,0,5,20,20,21,22,22,22,23,24,24,25,26,25,25,25,25,24,24,23,23,24,25,25,25,25,27,26
-61,125,20,28,28,27,26,24,24,23,22,21,22,21,21,20,20,20,19,18,18,17,17,15,14,14,13,13,3,0,0,0,0,0,0,0,0,0,6,22,22,24,24,25,26,26,26,27,27,28,28,28,27,27,27,27,26,26,25,26,28,27,28,30,30
-61,125,20,26,26,26,25,24,23,22,20,20,20,19,19,19,19,19,18,18,17,16,15,14,13,13,12,12,2,0,0,0,0,0,0,0,0,0,4,21,21,22,23,24,24,24,24,25,26,26,26,26,26,25,25,25,24,24,25,25,25,26,27,29,29
-61,125,20,29,28,26,25,24,24,23,22,21,20,20,20,20,19,19,18,18,17,16,16,15,15,14,13,13,3,0,0,0,0,0,0,0,0,0,5,22,22,23,24,25,24,25,26,26,26,27,27,28,27,27,26,26,26,26,26,27,26,26,27,29,29
-61,125,20,28,28,27,26,25,24,23,23,23,21,21,20,21,20,20,20,19,18,17,17,16,15,15,15,13,3,0,0,0,0,0,0,0,0,0,6,22,23,24,24,25,26,26,26,27,28,29,29,28,27,27,27,26,26,26,26,27,27,27,29,29,29
-61,125,20,25,25,25,24,23,22,21,20,20,20,19,18,18,18,18,18,17,17,16,15,15,14,14,13,12,3,0,0,0,0,0,0,0,0,0,5,20,20,21,22,23,23,23,23,24,25,26,25,25,24,24,25,24,23,23,24,24,24,25,26,27,27
-61,125,20,28,28,27,26,25,24,23,22,22,21,21,21,21,21,21,19,19,19,17,16,16,16,14,14,14,4,0,0,0,0,0,0,0,0,0,6,22,22,24,24,24,25,26,26,26,26,28,28,27,27,26,26,26,26,26,27,27,27,27,28,29,29
-61,125,20,29,28,26,25,24,23,22,21,21,21,21,21,21,20,20,18,18,18,17,16,16,14,14,14,13,4,0,0,0,0,0,0,0,0,0,5,22,23,23,23,24,24,26,26,26,27,27,27,27,26,26,26,25,26,26,25,26,27,27,28,30,31
-61,125,20,26,25,24,23,23,22,21,20,19,19,19,19,19,18,18,18,17,17,16,15,14,14,13,13,12,3,0,0,0,0,0,0,0,0,0,5,20,20,21,21,22,23,23,24,23,24,25,25,25,24,24,24,24,24,23,23,24,24,25,26,27,27
-61,125,20,31,31,30,28,27,26,25,25,25,25,24,23,23,23,22,22,21,20,19,18,18,17,16,16,15,4,0,0,0,0,0,0,0,0,0,6,24,25,25,27,27,27,29,29,29,30,30,30,30,30,29,29,29,28,29,29,29,30,30,31,32,32
-61,125,20,28,27,26,25,24,24,23,21,21,21,20,20,20,20,19,19,18,18,17,16,15,15,14,13,13,3,0,0,0,0,0,0,0,0,0,5,21,22,22,24,24,24,25,25,25,26,27,27,26,26,25,26,25,25,25,26,26,26,26,28,29,29
-61,125,20,27,27,26,25,24,23,23,22,21,21,20,20,20,20,20,19,18,18,17,17,16,15,14,13,13,3,0,0,0,0,0,0,0,0,0,5,21,22,23,23,24,24,25,25,26,25,26,26,26,26,26,26,25,24,25,26,26,26,26,27,29,29
-61,125,20,27,26,25,25,24,23,23,21,20,20,20,19,19,19,19,19,18,17,17,16,15,15,15,13,13,2,0,0,0,0,0,0,0,0,0,5,22,22,22,23,23,24,25,25,25,25,26,27,26,25,25,25,25,25,25,25,26,26,26,27,27,28
-61,125,20,25,24,23,22,21,21,20,20,19,19,18,17,17,17,17,17,16,16,15,14,13,12,12,11,11,2,0,0,0,0,0,0,0,0,0,5,19,20,20,21,20,21,22,22,23,23,24,24,24,23,23,23,23,22,22,23,23,23,23,24,25,25
-61,125,20,25,23,22,21,21,20,19,19,18,18,17,17,17,17,17,17,16,15,14,14,13,13,12,11,11,2,0,0,0,0,0,0,0,0,0,4,18,19,19,20,21,21,22,22,23,23,24,24,23,23,23,23,23,22,22,22,23,23,23,24,25,25
-61,125,20,28,28,27,26,25,24,23,23,21,21,21,21,21,20,20,19,18,18,17,16,15,15,14,14,14,4,0,0,0,0,0,0,0,0,0,6,21,23,23,24,24,25,25,26,26,26,27,28,27,27,27,27,26,26,26,26,26,26,27,28,29,30
-61,125,20,27,27,25,24,24,23,22,20,20,20,20,19,19,19,19,18,18,17,16,15,14,13,14,12,12,2,0,0,0,0,0,0,0,0,0,5,20,21,22,22,22,24,24,24,25,25,26,27,26,25,25,25,25,24,25,25,25,25,26,27,29,29
-62,125,20,29,29,27,26,26,25,23,23,23,22,21,20,20,20,20,20,19,18,17,16,15,14,14,13,13,3,0,0,0,0,0,0,0,0,0,5,21,23,23,24,25,25,26,26,27,27,29,29,28,27,27,27,27,26,26,27,27,28,28,30,31,30
-61,125,20,26,26,25,25,24,23,22,21,21,21,19,19,19,19,19,19,17,17,15,15,14,14,13,12,12,2,0,0,0,0,0,0,0,0,0,4,21,20,22,22,24,24,24,24,25,25,26,26,26,26,25,25,25,25,25,25,26,26,26,28,29,29
-61,125,20,29,28,27,26,25,24,23,22,22,21,21,21,21,20,20,20,19,18,17,16,16,15,14,14,14,4,0,0,0,0,0,0,0,0,0,6,22,23,23,24,24,25,25,25,26,26,27,27,27,27,27,27,26,25,26,26,26,27,27,28,29,30
-61,125,20,29,29,27,26,26,24,23,22,22,22,22,21,21,20,20,19,19,19,17,17,15,15,14,14,13,3,0,0,0,0,0,0,0,0,0,5,22,22,23,24,24,25,25,25,26,27,27,27,27,27,26,26,26,26,26,27,27,27,27,29,30,31
-61,125,20,25,24,24,23,22,21,20,19,19,18,18,17,17,17,17,16,16,15,14,14,13,13,12,12,11,2,0,0,0,0,0,0,0,0,0,4,18,19,20,21,21,22,22,23,23,23,24,24,24,23,23,23,23,22,23,23,23,24,24,25,26,27
-61,125,20,27,26,26,25,24,23,22,21,22,21,19,19,18,19,18,18,18,17,16,15,14,14,13,12,12,2,0,0,0,0,0,0,0,0,0,5,20,21,22,22,23,24,25,25,25,26,27,26,26,26,25,26,25,24,25,25,26,26,27,27,28,29
-61,125,20,28,27,26,25,25,24,23,22,21,21,21,19,19,19,19,19,19,17,16,16,15,14,14,13,13,2,0,0,0,0,0,0,0,0,0,5,22,21,23,23,24,24,24,25,25,25,27,28,26,26,25,25,25,25,25,26,26,26,27,28,30,30
-61,125,20,28,27,26,25,24,24,23,22,21,21,21,20,20,19,19,18,18,18,17,16,15,15,14,14,13,4,0,0,0,0,0,0,0,0,0,5,21,21,23,23,24,24,25,26,26,27,27,27,27,26,26,26,25,25,25,26,26,26,26,28,29,30
-61,125,20,26,25,24,23,23,22,21,21,20,20,19,19,19,18,18,18,17,17,16,15,15,14,13,13,13,3,0,0,0,0,0,0,0,0,0,5,20,21,21,21,22,22,22,23,23,24,25,24,24,24,24,24,24,23,23,24,24,24,24,25,27,27
-61,125,20,25,25,24,23,22,21,21,19,19,19,18,17,17,17,17,17,16,16,14,14,13,13,12,12,11,3,0,0,0,0,0,0,0,0,0,5,19,19,20,21,21,22,23,23,24,25,24,25,24,23,23,24,24,23,23,24,24,24,24,25,26,27
-61,125,20,26,25,24,24,22,22,21,20,20,19,19,19,19,18,18,18,17,16,16,15,14,13,13,12,12,3,0,0,0,0,0,0,0,0,0,5,20,21,21,21,22,22,24,24,24,24,25,26,25,24,24,24,24,24,24,24,24,24,25,26,27,27
-61,125,20,26,25,24,23,23,22,21,20,19,19,19,19,19,18,18,18,17,17,15,15,15,13,13,13,13,3,0,0,0,0,0,0,0,0,0,5,19,20,21,21,22,23,23,23,23,24,25,26,25,25,24,24,24,23,23,24,24,24,25,26,27,27
-61,125,20,27,27,26,25,24,23,22,21,20,20,20,19,19,19,19,18,18,17,17,15,14,13,13,13,13,3,0,0,0,0,0,0,0,0,0,4,21,21,21,22,23,24,25,25,25,26,27,27,27,26,26,26,25,25,26,26,26,26,27,28,28,29
-61,125,20,27,26,26,25,24,23,22,21,21,20,20,18,18,18,18,18,18,16,16,15,15,14,13,12,12,2,0,0,0,0,0,0,0,0,0,4,21,21,22,22,23,24,24,24,25,25,26,26,26,25,25,25,25,24,24,25,26,26,26,27,29,28
-61,125,20,24,24,23,23,22,22,21,20,19,19,18,17,17,17,17,17,16,16,15,14,13,13,12,12,11,2,0,0,0,0,0,0,0,0,0,4,19,19,20,21,21,22,22,22,23,23,24,24,23,23,23,23,23,22,22,23,23,24,24,25,27,27
-61,125,20,31,30,30,29,28,27,25,25,26,24,22,21,21,21,22,21,20,20,19,17,17,17,16,15,14,4,0,0,0,0,0,0,0,0,0,6,24,25,25,26,26,27,28,28,28,30,31,30,30,29,27,28,28,28,28,28,29,29,31,32,33,32
-61,125,20,25,24,24,23,22,22,20,19,19,19,18,17,17,17,17,17,17,15,15,14,14,13,12,12,12,2,0,0,0,0,0,0,0,0,0,5,19,19,20,21,21,22,22,22,22,23,24,24,23,23,23,23,23,22,23,23,23,23,24,25,26,26
-61,125,20,32,31,30,29,28,27,26,25,24,24,23,22,22,22,22,22,21,20,19,18,17,16,16,15,15,4,0,0,0,0,0,0,0,0,0,6,24,25,26,27,27,28,29,29,29,29,30,31,30,30,29,30,29,29,29,30,30,30,31,32,33,33
-61,125,20,27,27,26,25,24,23,23,22,22,21,20,20,20,19,19,19,19,17,16,16,15,14,14,13,12,2,0,0,0,0,0,0,0,0,0,5,21,22,23,23,24,24,25,25,25,26,27,27,26,26,26,25,26,25,26,26,25,26,27,28,29,29
-61,125,20,32,32,30,29,28,27,26,24,24,24,24,23,22,22,22,21,21,20,19,18,17,16,16,16,15,4,0,0,0,0,0,0,0,0,0,6,25,25,25,26,27,28,28,29,29,30,30,30,30,30,29,29,30,29,29,29,30,30,30,32,33,33
-61,125,20,32,31,31,30,28,28,26,25,24,24,23,23,23,22,22,22,21,20,19,19,18,17,16,16,15,4,0,0,0,0,0,0,0,0,0,6,24,25,26,26,27,27,28,28,29,30,30,30,30,29,29,29,29,28,29,29,30,30,30,32,33,33
-61,125,20,26,26,25,24,23,22,21,20,19,19,19,18,18,18,18,18,17,16,15,15,14,14,13,13,12,3,0,0,0,0,0,0,0,0,0,5,19,20,21,22,23,23,24,24,23,24,25,25,25,24,24,25,24,24,24,24,25,25,25,26,27,26
-61,125,20,30,30,29,28,26,26,25,24,22,23,22,21,21,22,21,21,20,19,18,17,16,16,15,14,13,3,0,0,0,0,0,0,0,0,0,6,23,23,25,25,26,26,27,27,28,29,30,30,29,29,28,28,27,27,27,29,29,29,29,30,31,31
-61,125,20,27,27,26,25,24,23,22,21,20,20,20,18,18,18,19,18,17,17,16,15,15,13,13,13,12,2,0,0,0,0,0,0,0,0,0,5,20,21,21,23,23,24,24,24,24,26,26,26,26,25,26,25,25,24,25,25,25,26,26,27,28,29
-61,125,20,29,28,27,26,25,24,23,22,22,21,20,20,21,19,19,19,18,18,17,16,15,15,14,14,13,4,0,0,0,0,0,0,0,0,0,6,22,22,22,23,24,25,26,26,26,27,28,28,28,27,27,27,27,26,26,27,27,27,27,28,29,29
-61,125,20,27,27,26,25,24,23,22,21,21,20,20,20,19,19,19,18,18,17,16,16,14,14,13,13,13,3,0,0,0,0,0,0,0,0,0,5,21,21,22,23,23,23,24,24,25,26,26,27,26,26,26,26,25,24,25,25,25,26,26,27,28,28
-61,125,20,28,28,27,26,26,25,24,22,21,21,21,21,21,20,20,20,19,19,18,17,16,15,14,14,14,4,0,0,0,0,0,0,0,0,0,5,21,22,23,24,24,25,26,26,25,26,27,28,27,27,26,26,26,25,26,27,27,27,27,28,30,31
-61,125,20,27,28,27,24,24,23,22,22,21,21,21,20,19,19,19,18,18,17,16,16,15,15,13,14,13,3,0,0,0,0,0,0,0,0,0,5,21,21,22,23,24,24,25,25,25,26,26,27,26,26,26,26,26,25,25,26,26,26,26,27,29,30
-61,125,20,26,26,24,23,23,22,21,21,20,20,19,19,18,18,18,17,17,16,16,15,14,14,13,12,12,4,0,0,0,0,0,0,0,0,0,5,20,20,21,22,22,22,23,23,24,25,25,25,25,24,24,25,24,23,24,24,24,24,25,26,26,26
-61,125,20,31,31,31,28,27,27,26,25,24,24,23,23,23,21,21,21,21,20,19,19,17,17,16,16,14,4,0,0,0,0,0,0,0,0,0,6,24,25,25,26,27,27,28,28,28,29,30,31,30,30,29,29,28,28,29,29,29,29,31,32,33,33
-61,125,20,28,27,26,26,25,24,22,21,21,21,20,20,20,19,19,19,18,17,17,16,14,14,14,13,13,3,0,0,0,0,0,0,0,0,0,5,21,22,23,23,24,24,25,24,25,25,28,27,27,26,26,26,25,25,25,25,26,26,26,28,29,29
-61,125,20,24,24,23,23,21,21,20,20,20,20,18,17,17,17,17,18,18,16,15,14,13,13,12,12,11,2,0,0,0,0,0,0,0,0,0,5,19,19,20,20,21,21,23,22,23,24,24,24,23,22,22,23,23,23,23,24,24,24,24,24,24,25
-61,125,20,28,27,26,24,24,22,21,21,20,19,19,19,19,19,18,17,17,17,16,15,14,14,13,13,12,2,0,0,0,0,0,0,0,0,0,5,20,21,21,22,23,23,24,24,25,25,26,26,25,25,25,25,25,25,25,25,25,26,27,27,29,29
-62,125,20,28,28,28,27,26,25,23,22,23,23,22,21,21,21,21,21,20,19,17,17,15,15,14,14,14,3,0,0,0,0,0,0,0,0,0,5,22,23,24,24,25,25,26,26,27,28,29,29,29,28,28,27,27,27,27,26,27,28,28,28,29,31
-61,125,20,29,28,27,26,26,24,23,23,22,22,22,20,21,20,20,19,19,19,17,16,16,15,15,14,13,3,0,0,0,0,0,0,0,0,0,5,21,22,23,23,24,25,25,26,26,27,28,28,27,26,26,26,26,26,26,26,27,27,28,29,30,30
-61,125,20,30,29,28,27,26,25,24,23,24,23,22,21,21,21,21,20,20,19,17,17,16,15,14,14,13,2,0,0,0,0,0,0,0,0,0,5,23,24,24,25,26,26,27,26,28,29,29,29,29,29,27,27,28,26,27,28,29,29,29,30,32,32
-61,125,20,25,25,24,22,21,21,20,20,19,18,17,17,17,17,17,17,16,15,15,14,13,13,12,12,11,2,0,0,0,0,0,0,0,0,0,4,19,19,19,20,21,21,22,22,23,23,24,25,24,23,23,23,22,22,22,23,24,24,24,25,26,26
-61,125,20,30,29,28,27,26,25,25,24,24,23,22,21,21,22,22,21,20,19,18,17,17,15,15,14,14,3,0,0,0,0,0,0,0,0,0,5,23,24,24,25,25,26,27,27,28,29,30,30,29,29,28,28,28,28,28,28,28,28,29,31,32,32
-61,125,20,24,24,23,22,22,20,19,18,18,18,17,17,17,17,17,17,16,15,14,13,13,12,12,11,11,2,0,0,0,0,0,0,0,0,0,4,19,18,20,20,21,21,21,22,22,23,24,24,24,23,23,23,22,22,22,23,23,24,24,25,26,25
-61,125,20,28,28,27,26,25,24,23,22,22,22,21,20,20,20,20,20,19,18,17,17,16,15,15,14,14,4,0,0,0,0,0,0,0,0,0,6,22,22,23,24,25,25,25,25,26,27,27,27,27,26,26,26,26,26,26,26,27,27,28,29,30,29
-61,125,20,31,30,29,28,26,25,25,24,23,22,22,22,22,22,22,21,20,19,18,17,16,16,15,14,14,3,0,0,0,0,0,0,0,0,0,5,23,24,25,26,26,27,27,28,28,29,30,30,30,28,28,28,29,28,28,28,29,29,29,31,32,32
-61,125,20,25,25,23,23,22,21,20,20,18,19,18,17,18,18,17,17,17,16,15,14,13,13,12,12,12,3,0,0,0,0,0,0,0,0,0,5,19,19,20,21,22,22,22,23,23,24,24,24,23,23,23,24,23,23,23,23,24,24,24,25,25,26
-61,125,20,27,27,26,25,24,23,22,21,21,21,21,20,20,20,19,18,18,17,17,16,15,14,13,13,13,3,0,0,0,0,0,0,0,0,0,5,21,21,22,23,24,24,24,24,25,26,26,27,26,26,25,26,25,24,24,25,25,26,26,27,27,28
-61,125,20,31,30,29,28,27,26,25,24,23,24,22,22,22,21,21,21,20,19,19,18,17,16,16,15,15,4,0,0,0,0,0,0,0,0,0,5,23,24,24,26,26,27,27,28,29,29,30,30,30,29,28,29,29,28,30,29,29,29,30,31,32,32
-61,125,20,31,31,30,28,27,27,26,25,23,23,23,23,22,22,22,22,21,20,19,18,17,16,16,15,15,4,0,0,0,0,0,0,0,0,0,6,24,25,25,27,27,27,28,28,29,30,30,30,30,30,30,30,29,29,29,29,29,30,30,31,32,32
-61,125,20,24,23,23,22,21,21,19,19,18,18,18,17,17,16,16,16,16,15,14,13,13,12,11,11,11,2,0,0,0,0,0,0,0,0,0,4,18,18,20,21,21,21,21,22,22,23,23,23,22,22,22,22,22,22,22,22,23,22,23,24,25,26
-61,125,20,28,28,27,26,25,24,23,22,21,22,21,20,20,20,20,20,19,18,17,17,16,15,14,14,14,4,0,0,0,0,0,0,0,0,0,6,22,23,23,23,24,26,25,26,26,26,27,27,27,26,26,26,26,26,26,26,26,28,28,29,29,30
-61,125,20,27,26,26,25,24,23,22,21,20,20,20,19,18,19,19,19,17,16,15,15,14,14,13,12,12,2,0,0,0,0,0,0,0,0,0,4,20,20,21,22,23,23,24,25,25,26,26,26,25,25,24,25,24,24,25,25,25,26,26,27,28,29
-61,125,20,28,28,27,26,25,24,23,22,23,22,21,20,20,20,20,20,19,18,17,17,15,15,15,13,13,3,0,0,0,0,0,0,0,0,0,5,22,22,23,24,25,25,26,26,26,27,28,28,27,27,27,27,26,26,26,27,27,27,28,29,29,30
-61,125,20,27,27,26,25,25,24,23,23,22,22,21,20,20,20,20,19,19,18,17,16,15,14,14,13,13,4,0,0,0,0,0,0,0,0,0,6,21,22,22,23,24,24,25,25,25,26,27,27,27,26,26,26,25,25,25,26,26,27,26,28,29,30
-61,125,20,31,31,30,29,28,27,26,24,23,23,23,22,22,21,21,21,20,20,19,18,17,16,16,15,15,4,0,0,0,0,0,0,0,0,0,6,24,24,26,27,27,28,28,29,29,30,30,31,30,29,29,30,29,29,29,30,30,30,30,31,32,33
-61,125,20,30,29,29,28,27,25,24,23,23,23,22,21,21,21,21,20,19,19,17,17,16,15,14,13,13,3,0,0,0,0,0,0,0,0,0,5,23,23,24,25,25,26,27,27,28,28,29,30,29,29,28,28,28,27,28,28,28,28,28,31,32,32
-62,125,20,31,29,28,27,27,26,25,23,23,23,22,21,21,21,21,21,20,19,18,17,16,15,15,14,13,3,0,0,0,0,0,0,0,0,0,5,23,23,24,25,26,26,27,27,27,28,30,30,30,29,28,28,28,27,28,28,27,28,29,31,31,32
-61,125,20,26,25,24,23,23,22,21,20,20,21,19,19,18,18,18,18,17,17,15,15,14,13,13,12,12,3,0,0,0,0,0,0,0,0,0,5,19,20,21,22,22,23,23,24,24,24,24,25,24,24,24,24,24,23,24,24,24,24,25,26,26,27
-61,125,20,27,27,26,25,25,24,23,22,21,21,21,20,20,20,20,20,19,18,17,17,16,15,15,14,13,4,0,0,0,0,0,0,0,0,0,5,21,22,24,24,24,25,25,26,26,27,28,28,27,27,26,27,26,26,26,26,26,26,27,28,29,29
-61,125,20,32,31,30,29,28,27,26,24,24,24,23,23,23,22,22,21,21,21,19,18,18,17,16,15,15,4,0,0,0,0,0,0,0,0,0,6,24,25,25,27,27,28,28,29,29,30,31,31,30,30,29,30,29,28,29,29,29,29,30,31,32,33
-61,125,20,28,27,26,25,24,23,22,22,22,22,20,20,20,20,20,19,19,18,17,15,15,15,14,13,13,4,0,0,0,0,0,0,0,0,0,5,21,22,22,23,24,25,26,26,26,27,28,28,28,27,27,27,26,26,26,26,26,26,27,28,29,29
-61,125,20,24,24,23,22,21,20,19,19,19,18,17,17,17,17,17,17,16,16,14,13,13,13,11,11,10,2,0,0,0,0,0,0,0,0,0,4,19,18,19,20,20,21,21,22,22,23,24,24,23,23,22,23,23,22,22,22,22,24,24,24,25,26
-61,125,20,27,27,26,25,24,23,23,20,20,21,20,19,19,19,19,19,18,17,17,16,15,15,14,13,13,2,0,0,0,0,0,0,0,0,0,5,21,22,22,23,24,24,25,25,25,25,27,26,26,26,26,25,25,25,25,25,25,25,25,27,28,28
-61,125,20,24,24,23,21,21,21,19,19,19,19,17,17,17,17,17,16,16,15,14,14,13,12,12,11,11,2,0,0,0,0,0,0,0,0,0,4,19,19,19,21,21,22,22,22,23,23,23,24,23,23,23,23,22,22,22,22,23,23,23,24,25,26
-61,125,20,31,31,30,29,28,27,26,25,25,24,24,22,22,23,22,22,21,20,19,19,18,17,16,16,15,5,0,0,0,0,0,0,0,0,0,7,24,25,25,27,27,27,28,29,28,30,31,31,30,30,29,29,29,29,29,29,29,30,30,31,33,33
-61,125,20,24,24,23,23,22,20,20,19,19,18,17,17,16,16,16,16,16,15,14,14,13,12,12,11,11,2,0,0,0,0,0,0,0,0,0,4,19,19,19,20,20,21,21,22,23,22,24,23,23,22,22,22,21,22,22,22,23,23,23,25,26,25
-61,125,20,24,23,23,22,21,21,19,19,18,18,18,17,17,17,17,17,16,15,15,14,13,13,12,11,11,2,0,0,0,0,0,0,0,0,0,4,18,19,19,20,21,22,21,21,22,23,24,24,24,22,22,23,22,21,22,22,22,23,23,25,25,25
-61,125,20,25,25,24,24,22,22,21,21,21,20,19,19,19,18,18,18,17,16,16,15,14,14,13,13,12,4,0,0,0,0,0,0,0,0,0,5,20,20,21,21,22,23,23,24,24,24,25,25,25,24,24,24,23,22,23,24,24,24,24,26,26,26
-61,125,20,27,26,25,25,24,23,22,21,20,19,20,20,20,19,18,18,17,17,16,15,14,13,13,13,13,3,0,0,0,0,0,0,0,0,0,5,21,21,22,22,23,24,25,24,25,25,25,26,26,26,26,26,25,24,24,24,25,25,25,27,29,29
-61,125,20,29,28,28,27,26,26,25,24,24,24,21,21,21,21,21,21,20,19,18,17,16,16,15,14,13,3,0,0,0,0,0,0,0,0,0,5,23,23,24,25,26,26,27,27,27,28,29,29,29,28,28,28,27,27,27,28,28,28,29,30,31,31
-61,125,20,24,24,23,22,21,21,20,18,18,18,17,17,17,17,17,17,16,15,14,14,13,13,12,11,11,2,0,0,0,0,0,0,0,0,0,4,18,18,20,21,21,22,22,21,22,22,23,24,23,23,23,23,22,22,23,23,22,22,23,24,25,25
-61,125,20,28,28,27,26,25,24,22,22,22,22,21,21,20,20,20,20,19,19,18,17,16,15,15,14,14,4,0,0,0,0,0,0,0,0,0,6,22,22,23,24,24,26,26,25,27,27,28,28,27,27,26,27,27,25,26,26,26,26,27,28,29,30
-61,125,20,25,24,23,22,22,21,20,19,19,18,17,17,17,17,17,16,16,15,15,14,13,13,12,12,11,2,0,0,0,0,0,0,0,0,0,4,18,19,20,21,21,22,22,22,23,23,24,24,24,23,23,23,23,22,22,23,23,23,24,25,26,26
-61,125,20,30,30,28,27,26,25,25,25,24,23,22,22,22,22,21,21,20,18,18,18,17,15,15,14,14,3,0,0,0,0,0,0,0,0,0,5,23,24,25,25,26,26,27,27,28,28,29,29,29,29,29,29,28,27,27,28,29,29,28,30,32,32
-61,125,20,24,24,23,23,22,21,20,20,20,19,18,18,18,18,18,17,17,16,15,15,14,13,13,13,12,3,0,0,0,0,0,0,0,0,0,5,19,19,21,21,21,21,22,23,23,23,24,24,24,24,24,23,23,23,23,23,23,24,24,25,26,26
-61,125,20,24,24,23,22,21,20,19,19,19,19,18,17,17,17,17,17,16,16,15,14,13,12,12,11,11,2,0,0,0,0,0,0,0,0,0,4,19,19,19,20,20,21,21,21,22,22,24,24,24,22,22,22,22,21,22,22,22,23,23,24,26,26
-61,125,20,30,30,29,28,27,27,24,24,24,24,22,21,21,21,21,21,21,19,18,17,16,16,16,14,14,3,0,0,0,0,0,0,0,0,0,5,24,24,24,25,26,27,28,28,29,29,30,30,29,28,28,29,28,27,29,29,28,28,29,30,31,31
-61,125,20,26,26,25,25,24,23,22,21,21,21,20,19,19,19,19,18,17,17,16,16,14,13,13,13,12,3,0,0,0,0,0,0,0,0,0,4,21,21,22,23,23,23,24,25,25,26,27,27,26,26,25,26,25,24,24,25,25,25,26,27,28,28
-61,125,20,28,27,25,25,25,23,22,21,21,21,20,20,18,18,18,19,18,17,17,16,15,14,13,13,13,2,0,0,0,0,0,0,0,0,0,5,21,21,22,22,24,24,25,25,25,25,27,27,26,26,26,26,25,25,25,26,25,26,26,28,29,29
-61,125,20,30,30,29,28,27,25,24,24,23,24,22,21,21,21,21,21,20,19,18,18,17,16,15,14,14,3,0,0,0,0,0,0,0,0,0,5,23,24,24,25,26,27,27,27,27,29,29,29,29,28,28,28,28,27,28,28,28,28,29,31,31,30
-61,125,20,27,26,25,24,24,22,21,20,20,20,19,19,19,19,18,18,18,18,17,15,14,13,13,13,13,3,0,0,0,0,0,0,0,0,0,4,20,21,22,23,22,24,24,24,25,25,26,27,26,26,26,26,25,25,25,26,26,25,25,27,28,28
-61,125,20,31,31,29,28,28,27,25,24,24,23,23,22,22,21,22,21,21,20,19,18,17,17,16,16,15,4,0,0,0,0,0,0,0,0,0,6,23,25,25,26,27,28,28,29,29,29,31,31,30,30,30,30,29,28,29,29,30,29,29,31,33,33
-61,125,20,32,31,29,28,27,26,25,25,25,24,22,22,22,23,22,21,20,19,19,18,17,17,16,15,15,4,0,0,0,0,0,0,0,0,0,6,24,24,26,27,27,28,28,29,29,30,31,31,30,30,30,30,29,28,29,29,30,30,31,32,32,32
-61,125,20,27,27,26,26,24,23,21,21,21,21,20,19,19,19,19,19,18,17,17,16,15,14,13,13,13,2,0,0,0,0,0,0,0,0,0,5,21,21,22,23,24,25,25,26,25,26,26,27,26,26,26,26,26,25,26,26,26,25,26,28,28,29
-61,125,20,27,26,25,24,24,23,22,21,20,20,19,19,19,19,19,18,18,17,16,15,14,14,13,12,12,2,0,0,0,0,0,0,0,0,0,5,20,21,22,22,23,24,24,24,25,26,26,27,26,26,25,25,25,24,25,25,25,26,26,27,28,28
-61,125,20,28,27,26,25,24,24,23,22,21,21,20,20,20,20,20,19,19,18,17,16,15,15,14,14,13,3,0,0,0,0,0,0,0,0,0,5,21,22,22,24,24,24,25,25,25,26,27,27,27,26,26,26,25,25,25,26,26,26,26,28,29,29
-61,125,20,28,28,27,26,25,25,24,23,23,22,21,20,20,20,20,19,19,18,17,17,16,15,15,14,14,4,0,0,0,0,0,0,0,0,0,6,22,22,23,24,25,25,26,26,26,27,27,27,27,26,26,27,26,26,26,26,26,27,27,28,30,30
-61,125,20,27,27,26,25,25,23,22,22,21,21,20,20,20,20,19,19,19,17,16,16,15,14,14,13,12,2,0,0,0,0,0,0,0,0,0,5,21,21,22,22,24,24,25,25,25,26,27,27,26,26,26,25,25,25,25,25,26,26,26,28,28,28
-61,125,20,29,27,27,26,24,24,23,23,22,22,21,20,20,20,20,19,19,18,17,16,16,15,15,14,14,4,0,0,0,0,0,0,0,0,0,6,22,23,23,24,25,25,26,26,26,26,27,27,27,26,26,26,26,26,25,26,26,27,27,28,29,29
-61,125,20,32,31,30,29,28,27,26,25,25,24,23,22,22,22,22,21,21,20,19,18,17,17,16,15,15,4,0,0,0,0,0,0,0,0,0,6,24,25,26,27,28,28,29,29,29,30,30,30,30,29,28,29,29,28,29,29,29,29,30,31,32,32
-61,125,20,27,26,26,24,24,22,22,22,21,21,19,19,19,19,19,18,18,17,16,15,15,13,13,12,12,2,0,0,0,0,0,0,0,0,0,4,21,21,22,23,23,24,24,24,25,26,26,27,26,25,25,25,25,24,25,25,24,25,26,27,28,29
-61,125,20,25,24,23,22,22,21,20,19,20,19,18,17,18,18,17,17,16,15,15,14,13,13,12,12,11,2,0,0,0,0,0,0,0,0,0,4,19,19,20,21,21,22,22,23,23,23,24,24,24,23,23,23,23,22,23,23,23,23,24,25,26,26
-61,125,20,25,25,23,23,22,22,20,20,20,19,19,18,18,18,17,16,16,16,15,14,14,13,13,12,12,3,0,0,0,0,0,0,0,0,0,5,19,19,20,21,21,21,22,23,23,23,24,25,24,23,23,23,22,23,23,23,23,24,24,25,26,26
-61,125,20,25,25,24,24,23,21,21,20,20,20,18,18,18,18,18,17,17,16,15,14,14,14,13,13,12,3,0,0,0,0,0,0,0,0,0,5,20,20,21,21,22,22,23,24,24,25,25,25,25,25,24,24,24,23,24,24,24,24,24,25,26,26
-61,125,20,27,26,26,24,24,22,22,21,20,20,20,20,18,20,20,18,18,18,17,16,15,15,14,13,13,3,0,0,0,0,0,0,0,0,0,5,21,21,22,23,23,24,24,24,24,25,26,27,26,25,25,25,25,24,24,25,25,26,26,27,28,28
-61,125,20,27,27,25,24,24,23,22,20,20,19,20,20,19,19,19,18,18,17,16,15,14,13,13,13,13,3,0,0,0,0,0,0,0,0,0,4,21,21,21,22,23,24,25,25,25,26,27,27,26,26,26,26,25,25,25,25,25,26,26,27,28,28
-61,125,20,31,31,30,29,28,27,26,25,25,25,23,23,23,22,22,22,21,21,20,19,18,17,17,16,16,4,0,0,0,0,0,0,0,0,0,6,24,25,26,26,27,28,28,28,29,29,30,31,30,29,28,29,28,28,29,29,29,30,30,32,33,33
-61,125,20,25,25,25,24,22,22,20,20,19,20,19,19,18,18,18,17,17,16,16,15,14,13,13,13,12,3,0,0,0,0,0,0,0,0,0,5,19,20,21,22,22,23,23,24,24,24,25,25,24,24,24,24,24,23,23,23,23,24,24,25,26,27
-61,125,20,27,26,25,24,23,23,22,22,21,21,20,19,19,19,19,19,18,17,16,15,15,14,13,13,13,3,0,0,0,0,0,0,0,0,0,4,20,21,22,23,23,24,24,25,26,26,27,27,26,26,25,26,25,25,25,25,26,26,26,27,28,28
-61,125,20,25,25,24,23,23,21,21,20,19,19,19,19,18,18,18,18,17,16,15,14,14,13,13,13,13,3,0,0,0,0,0,0,0,0,0,5,20,20,21,22,22,23,24,23,23,24,25,25,25,25,24,24,23,23,24,24,24,24,24,25,27,27
-61,125,20,26,26,25,24,23,23,22,20,20,20,19,19,19,19,18,18,18,17,16,15,14,13,13,12,12,2,0,0,0,0,0,0,0,0,0,4,20,21,22,22,23,24,24,24,24,25,26,26,26,25,25,25,25,24,24,25,25,26,25,26,29,28
-61,125,20,30,30,29,28,28,26,25,25,24,24,24,22,22,21,22,20,20,20,19,18,17,16,16,15,15,4,0,0,0,0,0,0,0,0,0,6,23,24,26,26,27,27,28,28,28,29,30,30,29,29,28,29,28,28,28,28,29,29,30,31,32,32
-61,125,20,26,26,26,25,24,23,22,21,21,20,20,18,18,18,18,18,18,17,16,15,15,14,13,13,12,2,0,0,0,0,0,0,0,0,0,5,20,21,21,22,23,23,24,25,25,26,26,26,26,25,25,25,25,25,25,25,25,26,26,26,27,28
-61,125,20,28,27,27,26,25,24,23,23,23,22,21,21,21,21,20,19,19,18,17,17,16,15,15,14,13,4,0,0,0,0,0,0,0,0,0,5,21,22,24,24,24,25,26,26,26,27,28,28,28,27,26,27,26,26,26,26,26,26,27,28,29,29
-61,125,20,26,26,26,24,23,23,21,21,21,21,20,19,19,19,19,19,17,17,17,15,15,14,13,13,13,2,0,0,0,0,0,0,0,0,0,4,21,21,22,23,23,23,24,25,25,26,26,26,26,26,25,25,25,24,24,25,25,26,26,27,28,28
-61,125,20,28,27,27,26,25,24,23,22,22,22,22,21,20,20,20,20,19,19,18,17,16,15,15,14,14,4,0,0,0,0,0,0,0,0,0,6,22,22,23,24,25,25,26,26,26,26,27,27,27,26,26,26,26,26,26,26,27,27,27,28,29,30
-61,125,20,27,27,26,25,25,24,24,22,22,22,21,20,20,20,20,19,19,18,17,17,16,15,14,14,14,4,0,0,0,0,0,0,0,0,0,6,21,22,23,24,24,25,25,25,26,26,26,26,26,26,26,26,26,25,25,26,26,27,26,27,29,29
-61,125,20,24,24,23,22,21,20,19,19,18,18,18,17,17,17,17,16,16,15,14,13,13,12,12,11,11,2,0,0,0,0,0,0,0,0,0,4,19,19,19,20,20,22,22,22,22,23,24,24,23,23,23,23,22,21,21,22,22,23,23,24,25,26
-61,125,20,26,25,24,24,22,22,21,20,20,19,19,19,19,19,18,18,18,17,16,15,15,14,13,13,12,3,0,0,0,0,0,0,0,0,0,5,20,20,21,22,22,22,23,24,24,24,25,25,25,24,24,24,24,23,24,24,24,24,24,25,26,27
-61,125,20,25,25,24,24,23,21,20,19,19,19,19,19,19,18,18,18,17,17,16,15,14,14,13,12,12,3,0,0,0,0,0,0,0,0,0,5,20,20,21,21,22,22,24,23,23,24,25,25,24,24,24,25,23,23,24,23,23,24,24,25,27,27
-62,125,20,28,27,25,25,24,23,22,21,20,20,19,19,19,19,19,19,18,16,16,16,14,14,14,13,12,3,0,0,0,0,0,0,0,0,0,5,21,21,22,23,23,24,25,24,25,26,26,27,26,26,26,26,25,24,25,25,25,26,26,28,28,28
-61,125,20,28,28,26,26,25,24,23,23,22,22,21,21,20,20,20,19,19,19,17,17,16,15,15,14,14,3,0,0,0,0,0,0,0,0,0,5,22,22,24,25,24,25,26,25,26,27,27,28,26,26,26,26,27,26,26,26,26,26,26,28,30,30
-61,125,20,28,27,27,26,25,24,23,22,22,22,21,20,20,20,20,20,19,18,18,17,16,16,15,14,14,4,0,0,0,0,0,0,0,0,0,6,22,23,23,25,25,26,26,26,27,27,28,28,27,26,26,26,26,26,26,26,26,27,27,29,30,30
-61,125,20,28,27,27,26,25,24,23,22,22,22,21,20,20,20,20,20,19,18,18,17,16,15,14,14,14,4,0,0,0,0,0,0,0,0,0,6,22,23,23,24,25,25,26,26,26,27,27,27,27,26,26,26,26,26,26,26,26,26,27,28,29,29
-61,125,20,25,25,23,22,22,21,21,19,19,19,18,18,18,18,18,18,17,16,16,15,14,13,13,12,12,3,0,0,0,0,0,0,0,0,0,5,19,19,21,21,22,22,23,23,23,23,25,25,24,24,24,24,23,23,23,23,23,24,24,25,25,26
-61,125,20,23,22,21,21,21,20,19,18,19,18,17,17,16,16,16,16,16,15,14,13,12,12,11,11,11,2,0,0,0,0,0,0,0,0,0,4,18,18,19,20,21,21,21,22,22,23,23,23,22,22,22,23,22,21,21,21,22,22,22,23,24,24
-61,125,20,25,24,23,22,21,21,20,19,18,19,17,17,17,17,17,17,17,16,15,14,13,13,13,12,12,3,0,0,0,0,0,0,0,0,0,5,19,19,20,21,21,22,23,22,22,23,24,24,24,23,23,23,23,22,23,23,23,23,23,25,26,25
-61,125,20,24,24,22,21,21,21,19,19,19,19,17,17,17,17,17,17,16,15,15,14,13,13,13,11,11,2,0,0,0,0,0,0,0,0,0,5,19,19,20,20,21,21,22,22,22,23,24,24,24,23,22,23,22,22,22,22,22,23,23,24,25,25
-61,125,20,24,24,23,21,21,20,20,19,19,18,18,18,18,18,17,17,16,14,14,13,13,13,12,12,11,2,0,0,0,0,0,0,0,0,0,4,18,19,20,20,21,22,22,22,23,24,24,24,24,23,22,23,22,22,22,22,23,23,23,24,25,25
-61,125,20,24,23,23,22,22,21,20,19,19,18,17,17,17,16,16,16,15,15,14,14,13,12,12,12,11,2,0,0,0,0,0,0,0,0,0,4,18,18,19,20,21,21,22,22,23,23,24,24,23,23,23,23,22,22,22,22,23,23,23,24,25,26
-61,125,20,24,23,22,22,21,20,19,18,18,18,17,17,17,17,17,17,16,15,13,13,13,12,12,11,11,2,0,0,0,0,0,0,0,0,0,4,18,18,20,20,20,21,21,22,22,22,23,23,23,23,22,22,22,21,21,22,22,22,23,24,24,25
-61,125,20,23,23,22,22,21,20,19,18,18,18,17,17,17,16,16,16,15,14,13,13,13,12,12,11,11,2,0,0,0,0,0,0,0,0,0,4,18,18,19,19,20,21,22,22,22,23,24,24,23,22,22,22,21,21,22,22,22,23,23,23,25,25
-61,125,20,25,25,24,23,22,22,21,19,19,19,18,18,18,18,18,17,17,16,15,15,14,13,13,12,12,3,0,0,0,0,0,0,0,0,0,5,19,20,21,22,22,23,23,23,23,24,25,24,24,24,24,24,23,22,24,24,24,24,24,25,27,26
-62,125,20,29,29,28,27,26,25,24,24,24,23,22,22,21,21,21,20,20,19,18,17,16,15,15,14,14,3,0,0,0,0,0,0,0,0,0,5,24,24,25,25,25,25,27,27,27,28,29,29,29,29,29,28,27,26,27,27,28,28,28,30,31,31
-61,125,20,27,27,26,25,24,23,22,21,21,21,20,20,20,20,19,19,19,18,17,16,15,15,14,14,13,4,0,0,0,0,0,0,0,0,0,6,22,22,23,23,24,25,26,26,26,26,27,27,26,26,26,26,26,26,26,26,26,26,26,28,29,29
-61,125,20,28,27,26,25,24,24,23,22,23,22,21,20,20,20,20,20,19,18,17,16,16,15,15,14,13,4,0,0,0,0,0,0,0,0,0,6,22,22,23,23,24,25,25,25,26,27,27,27,26,26,26,26,25,25,25,26,25,26,26,28,28,28
-61,125,20,23,23,22,22,21,20,19,18,18,18,17,17,17,17,17,16,16,15,14,14,13,12,12,12,11,2,0,0,0,0,0,0,0,0,0,4,18,19,19,21,21,21,22,22,22,23,23,23,23,22,22,22,21,21,22,22,22,22,23,24,25,25
-61,125,20,26,25,25,25,23,22,20,19,18,19,18,19,19,18,17,17,17,17,16,15,15,13,13,13,13,3,0,0,0,0,0,0,0,0,0,5,21,21,21,23,24,23,23,23,24,25,26,26,26,25,25,25,25,25,24,24,24,25,25,26,27,27
-61,125,20,25,24,23,22,21,21,20,19,18,18,17,17,17,17,16,16,15,15,14,14,13,13,12,12,11,2,0,0,0,0,0,0,0,0,0,4,19,19,20,21,21,21,22,22,22,23,23,24,23,23,22,22,22,22,22,22,23,23,24,24,25,25
-61,125,20,25,24,24,22,22,21,20,20,19,19,18,18,18,17,17,17,17,16,15,15,14,13,13,12,12,3,0,0,0,0,0,0,0,0,0,5,20,20,21,22,22,23,24,23,23,24,24,24,24,24,24,24,23,23,24,24,24,24,24,24,26,27
-61,125,20,28,27,26,26,25,24,23,22,21,21,20,20,20,20,20,19,18,18,17,16,16,15,15,13,13,4,0,0,0,0,0,0,0,0,0,5,22,22,23,23,24,25,25,25,26,26,27,27,27,26,26,26,26,25,25,26,26,26,26,27,29,29
-61,125,20,23,23,22,21,21,20,19,18,18,18,17,17,17,17,17,16,16,15,14,13,13,12,11,11,10,2,0,0,0,0,0,0,0,0,0,4,18,19,19,20,21,21,21,22,22,22,23,24,23,23,21,22,22,22,21,22,22,23,23,23,25,25
-62,125,20,30,29,28,27,26,25,24,24,23,23,21,21,21,21,21,21,19,19,18,17,16,15,15,14,14,2,0,0,0,0,0,0,0,0,0,5,23,23,25,25,25,27,27,27,28,29,30,30,29,28,28,28,27,27,28,28,28,28,28,30,30,30
-61,125,20,27,26,26,25,24,23,22,20,21,20,19,18,18,19,19,19,19,17,17,16,15,15,14,13,13,2,0,0,0,0,0,0,0,0,0,5,21,22,22,22,23,24,25,24,25,26,27,27,26,25,25,25,24,25,25,26,25,25,25,27,28,28
-61,125,20,27,25,25,24,24,23,22,20,20,20,19,19,19,19,19,19,18,17,16,15,15,15,13,13,13,2,0,0,0,0,0,0,0,0,0,5,22,22,22,22,23,24,25,24,25,26,26,26,26,25,25,25,25,24,24,25,25,25,25,27,28,28
-61,125,20,27,26,25,24,23,23,22,22,23,22,20,19,19,20,20,19,18,17,17,16,16,15,15,14,13,4,0,0,0,0,0,0,0,0,0,6,22,22,23,23,24,24,24,25,26,27,28,27,27,25,25,26,26,26,25,25,26,27,28,28,28,27
-61,125,20,27,26,25,25,24,24,23,22,20,20,19,20,20,19,19,19,18,17,16,16,15,14,13,13,13,3,0,0,0,0,0,0,0,0,0,5,21,22,22,23,24,25,25,26,26,27,28,28,27,26,26,26,26,25,25,26,26,26,26,27,28,27
-62,125,20,29,29,28,27,26,25,24,23,21,22,21,21,20,20,20,20,19,18,17,16,15,15,14,13,13,3,0,0,0,0,0,0,0,0,0,5,22,23,23,25,25,26,27,26,27,27,29,29,29,28,28,28,27,27,27,28,28,28,28,29,30,31
-61,125,20,28,27,26,25,25,24,23,22,21,21,20,20,20,20,20,19,19,18,17,17,16,15,15,14,14,4,0,0,0,0,0,0,0,0,0,6,22,22,23,24,24,25,25,25,25,26,26,26,26,25,25,25,25,25,25,26,26,26,27,28,29,29
-62,125,20,29,29,28,27,26,25,24,24,23,22,21,21,20,20,20,20,19,19,18,17,16,15,15,14,14,3,0,0,0,0,0,0,0,0,0,5,23,23,25,25,26,26,27,28,28,29,30,30,29,28,28,28,28,27,27,28,28,28,29,30,30,30
-62,125,20,31,30,29,27,27,26,25,24,23,23,23,22,22,22,22,21,21,20,19,18,17,17,16,15,15,4,0,0,0,0,0,0,0,0,0,7,25,25,26,26,26,27,28,29,29,29,30,30,30,29,29,29,29,28,28,29,29,30,29,30,31,31
-61,125,20,24,24,23,23,21,21,19,19,20,19,18,18,17,17,17,17,16,16,15,14,13,13,12,12,11,3,0,0,0,0,0,0,0,0,0,5,19,19,21,21,21,22,22,23,22,23,24,24,24,23,23,23,23,22,23,23,23,23,23,24,25,25
-61,125,20,27,26,25,24,23,22,21,20,20,20,20,19,19,19,19,18,18,17,16,15,15,14,14,13,13,3,0,0,0,0,0,0,0,0,0,5,21,21,22,23,23,24,24,24,25,26,27,27,26,25,25,25,25,24,25,25,26,25,25,27,28,28
-61,125,20,28,27,27,26,25,24,23,22,22,21,20,20,20,19,19,19,19,18,17,16,15,15,14,14,14,4,0,0,0,0,0,0,0,0,0,6,22,23,24,24,25,25,26,26,26,26,27,27,27,26,26,26,26,25,26,26,27,27,27,28,29,29
-61,125,20,26,26,25,24,24,23,22,22,22,21,20,19,19,19,19,19,18,18,16,15,15,15,14,14,12,3,0,0,0,0,0,0,0,0,0,5,21,21,22,23,24,24,25,25,25,26,27,27,26,26,25,25,25,25,25,25,26,26,26,27,28,28
-61,125,20,25,24,23,22,21,21,20,19,20,19,18,18,17,17,17,17,16,16,15,15,13,13,12,12,12,3,0,0,0,0,0,0,0,0,0,5,20,20,21,21,22,23,23,23,24,24,25,25,25,24,24,24,23,23,23,24,24,24,24,25,26,26
-61,125,20,24,24,22,21,21,20,19,18,18,17,17,16,16,16,16,16,15,15,14,13,13,12,12,11,11,2,0,0,0,0,0,0,0,0,0,4,18,18,20,21,21,21,22,23,23,24,24,24,24,23,22,23,23,22,22,21,22,23,24,24,25,25
-62,125,20,30,29,28,28,27,26,25,24,24,24,23,22,22,22,22,21,20,19,19,18,17,16,16,15,15,4,0,0,0,0,0,0,0,0,0,6,24,25,26,26,27,27,28,28,28,29,31,31,29,28,28,28,28,28,29,28,28,29,30,31,32,32
-61,125,20,27,26,25,24,24,23,22,20,20,20,19,19,19,19,19,18,18,17,17,16,15,14,14,13,13,3,0,0,0,0,0,0,0,0,0,5,21,22,22,23,24,24,24,25,25,25,26,27,26,26,25,25,25,25,24,26,25,26,26,26,29,29
-61,125,20,26,26,25,24,24,23,22,21,21,20,19,18,18,19,18,18,18,17,15,15,15,15,13,13,12,3,0,0,0,0,0,0,0,0,0,5,21,21,22,23,24,25,25,26,25,26,27,27,27,25,25,25,26,26,25,25,25,26,26,27,27,27
-61,125,20,26,26,25,24,23,23,22,21,21,21,20,19,19,18,19,18,18,17,15,15,14,13,13,12,12,2,0,0,0,0,0,0,0,0,0,5,21,21,22,22,23,24,25,24,25,25,26,27,26,25,25,25,25,24,24,25,25,25,26,26,27,27
-61,125,20,27,27,26,25,24,23,23,21,22,21,21,19,19,19,19,19,18,17,17,17,15,15,15,13,13,3,0,0,0,0,0,0,0,0,0,5,22,22,23,24,25,25,26,26,26,27,27,28,28,27,26,26,26,26,26,26,26,26,27,28,29,30
-61,125,20,25,24,23,23,22,22,21,19,18,19,18,18,18,17,17,17,16,16,15,14,13,13,13,12,12,3,0,0,0,0,0,0,0,0,0,5,20,20,21,21,22,22,22,23,23,24,25,25,25,24,24,24,23,23,23,24,24,23,24,25,26,27
-62,125,20,30,30,29,27,27,26,25,23,23,23,22,21,21,21,21,20,20,19,18,18,16,15,15,14,14,4,0,0,0,0,0,0,0,0,0,6,24,25,26,26,27,27,28,29,29,29,30,30,30,30,29,29,28,28,29,29,28,29,29,30,31,31
-62,125,20,29,29,28,26,25,25,23,22,22,22,21,20,20,21,21,20,19,18,17,17,16,15,14,13,13,3,0,0,0,0,0,0,0,0,0,5,23,23,25,25,26,27,27,27,28,29,29,29,29,28,27,28,27,27,28,28,28,28,29,30,30,30
-61,125,20,24,22,22,22,20,20,19,18,17,17,17,16,16,16,16,16,15,14,14,13,12,12,11,11,11,2,0,0,0,0,0,0,0,0,0,4,19,19,19,20,20,21,21,21,22,23,23,23,23,22,22,22,22,21,22,22,22,22,23,24,24,24
-61,125,20,27,27,25,24,24,23,22,21,20,20,19,19,19,18,18,18,17,17,16,15,15,14,13,13,12,3,0,0,0,0,0,0,0,0,0,5,21,21,23,24,24,25,25,25,25,26,27,27,27,26,26,26,25,25,26,26,26,25,26,27,28,28
-61,125,20,27,27,25,25,23,23,22,21,20,20,19,18,19,19,19,18,17,17,16,15,14,14,14,12,12,3,0,0,0,0,0,0,0,0,0,5,21,21,23,23,23,24,25,25,25,26,27,27,26,26,26,26,25,25,25,25,25,26,26,28,28,28
-61,125,20,23,23,22,22,20,19,18,18,17,17,17,16,16,16,16,16,15,15,14,13,12,11,11,11,10,2,0,0,0,0,0,0,0,0,0,4,18,19,20,20,20,21,21,22,22,22,23,23,23,22,22,22,22,22,21,22,22,22,22,23,24,24
-61,125,20,25,25,23,22,22,21,20,20,19,19,18,18,18,18,17,16,16,15,15,14,14,13,13,12,12,4,0,0,0,0,0,0,0,0,0,5,20,20,21,22,22,22,23,23,23,23,24,25,25,24,23,23,23,23,23,23,24,24,24,25,26,27
-61,125,20,26,26,25,24,23,22,21,20,19,20,18,18,18,18,17,17,16,16,15,14,13,13,13,12,12,2,0,0,0,0,0,0,0,0,0,5,20,21,21,22,23,23,24,24,24,25,26,26,26,25,25,24,24,24,25,24,25,25,26,26,27,27
-61,125,20,24,24,23,23,22,21,20,20,20,19,18,18,18,18,18,17,17,16,15,15,14,13,13,13,12,3,0,0,0,0,0,0,0,0,0,5,20,20,21,22,22,22,23,23,24,24,25,25,24,23,23,24,24,23,23,23,23,24,24,25,26,26
-61,125,20,24,24,23,21,20,20,19,18,18,18,17,17,17,17,17,16,15,15,14,14,13,12,12,11,11,2,0,0,0,0,0,0,0,0,0,4,19,19,20,20,21,21,22,22,23,23,24,24,24,23,23,23,22,22,21,22,23,23,24,24,25,25
-62,125,20,27,26,25,24,24,22,21,20,20,20,19,19,18,18,18,18,17,17,16,15,14,14,13,13,13,3,0,0,0,0,0,0,0,0,0,5,20,21,22,23,23,24,25,25,25,25,25,26,26,25,25,25,25,24,24,25,25,25,26,27,28,28
-62,125,20,26,26,25,23,23,23,21,21,20,19,19,19,19,18,18,18,17,17,16,15,14,13,13,12,12,2,0,0,0,0,0,0,0,0,0,4,21,21,22,23,23,24,24,25,25,25,26,27,26,26,26,26,25,24,25,25,25,25,25,26,27,28
-62,125,20,27,26,25,24,23,22,21,19,19,19,19,18,19,18,18,18,17,17,16,15,14,13,13,12,13,3,0,0,0,0,0,0,0,0,0,5,21,21,22,22,23,24,25,25,25,26,27,27,26,25,25,25,25,25,24,25,25,25,26,27,28,28
-61,125,20,24,24,23,22,20,20,19,18,18,18,17,17,17,17,17,16,16,15,14,14,13,12,12,11,11,2,0,0,0,0,0,0,0,0,0,4,19,19,19,20,21,21,21,22,22,22,24,24,24,23,23,23,22,22,22,22,22,23,23,24,25,25
-62,125,20,27,27,26,25,24,23,22,20,21,21,19,19,18,19,18,18,18,16,16,14,14,14,14,13,12,3,0,0,0,0,0,0,0,0,0,5,21,21,22,23,23,25,25,25,25,26,26,27,26,26,26,26,26,25,25,26,25,26,26,28,28,28
-61,125,20,24,24,23,22,21,20,20,19,19,19,17,17,17,17,17,16,16,14,14,14,12,12,12,12,12,2,0,0,0,0,0,0,0,0,0,5,19,19,20,20,21,22,22,23,22,23,24,24,23,23,23,23,23,22,22,23,23,23,23,24,25,26
-61,125,20,27,26,26,25,24,23,22,22,22,22,20,19,19,19,19,19,18,17,17,16,15,15,14,13,13,4,0,0,0,0,0,0,0,0,0,5,22,22,23,24,24,24,25,26,26,28,28,28,27,26,26,26,26,26,26,26,26,27,28,28,28,28
-61,125,20,27,26,24,23,22,22,21,21,20,19,19,19,19,18,18,18,17,16,16,15,14,14,13,13,12,3,0,0,0,0,0,0,0,0,0,5,21,21,22,23,23,23,24,24,25,25,26,26,26,26,25,25,25,24,24,25,25,25,26,26,27,27
-61,125,20,28,27,26,25,23,23,22,21,21,21,20,19,19,20,19,18,18,17,16,16,15,14,14,13,13,4,0,0,0,0,0,0,0,0,0,5,21,22,24,24,24,25,26,26,26,27,28,28,27,26,26,27,26,26,26,26,26,26,27,28,28,28
-61,125,20,27,26,26,24,24,23,22,21,21,21,20,20,20,19,19,18,18,17,16,16,15,14,14,13,13,4,0,0,0,0,0,0,0,0,0,6,22,22,22,23,23,25,25,25,25,26,27,27,27,26,26,26,26,25,25,25,26,26,26,27,29,28
-61,125,20,24,23,22,21,20,19,19,19,18,18,17,16,16,16,16,15,15,15,13,12,12,12,11,10,10,2,0,0,0,0,0,0,0,0,0,3,17,18,19,20,20,21,22,22,22,22,23,23,23,23,23,22,22,22,21,22,22,22,22,24,24,25
-62,125,20,26,26,25,24,23,22,21,20,19,19,18,18,18,18,18,18,17,16,16,14,14,13,13,12,12,2,0,0,0,0,0,0,0,0,0,5,20,20,21,22,23,24,25,24,25,26,26,27,26,25,25,25,25,24,24,25,25,25,25,27,27,27
-62,125,20,30,29,29,27,27,26,25,24,24,23,22,22,21,21,21,21,20,19,19,18,17,16,16,15,15,4,0,0,0,0,0,0,0,0,0,6,25,25,26,27,27,27,27,28,28,29,29,30,30,29,29,29,29,27,28,28,28,29,29,30,31,32
-61,125,20,23,23,22,21,21,20,19,19,18,18,17,16,16,16,16,16,15,15,14,13,12,12,11,11,10,2,0,0,0,0,0,0,0,0,0,4,18,19,19,20,21,21,22,22,22,23,24,23,23,23,22,22,21,22,22,22,22,23,23,24,25,25
-62,125,20,30,29,27,26,26,25,24,23,21,21,21,21,21,21,20,19,19,18,17,17,16,15,15,14,14,3,0,0,0,0,0,0,0,0,0,5,23,24,25,26,26,27,27,27,27,28,29,29,29,29,29,28,28,26,27,28,28,29,28,30,31,32
-62,125,20,30,30,28,27,26,25,25,24,23,23,22,21,21,21,21,21,19,18,18,17,17,16,15,14,14,4,0,0,0,0,0,0,0,0,0,6,23,24,25,26,27,27,27,28,29,29,30,30,30,29,29,29,29,28,28,28,29,29,30,30,30,31
-61,125,20,28,27,26,25,24,23,22,21,20,20,19,19,20,19,19,18,18,18,16,15,15,14,13,13,13,4,0,0,0,0,0,0,0,0,0,6,21,22,23,24,24,25,26,26,26,27,28,28,27,27,27,27,26,26,26,26,26,27,27,28,28,28
-61,125,20,26,26,25,24,23,22,21,20,20,20,19,19,19,18,18,18,17,16,16,15,14,14,13,13,13,3,0,0,0,0,0,0,0,0,0,5,21,21,22,23,23,23,25,25,25,25,26,26,26,25,25,25,25,24,25,25,25,25,26,27,27,27
-61,125,20,24,24,23,22,22,21,20,19,19,19,19,18,18,18,18,17,17,16,15,15,14,13,13,13,12,3,0,0,0,0,0,0,0,0,0,5,20,20,20,21,22,22,22,22,23,24,25,25,24,23,23,24,23,22,22,23,24,24,25,25,25,25
-62,125,20,30,29,28,27,26,25,25,23,22,23,22,21,21,21,21,20,20,19,18,17,16,16,15,15,14,4,0,0,0,0,0,0,0,0,0,6,24,24,25,26,26,26,28,28,28,29,30,29,29,28,28,29,28,28,28,28,29,28,28,29,30,29
-61,125,20,26,26,25,24,23,22,21,20,19,19,19,18,18,18,18,17,17,16,15,15,14,13,13,12,12,3,0,0,0,0,0,0,0,0,0,5,20,21,22,23,23,24,25,25,25,26,26,26,26,26,26,26,25,25,25,25,25,26,26,27,27,27
-61,125,20,25,24,23,22,21,21,20,18,19,18,18,17,17,17,17,16,15,15,15,14,13,13,13,12,11,3,0,0,0,0,0,0,0,0,0,5,19,19,20,21,22,22,23,23,24,25,25,25,25,24,24,24,24,23,23,24,23,24,25,25,25,25
-62,125,20,30,30,29,28,27,25,25,23,23,22,22,22,22,22,22,21,20,20,18,17,17,16,15,15,14,4,0,0,0,0,0,0,0,0,0,6,24,25,26,26,27,27,28,28,28,29,30,31,30,29,29,29,28,28,28,29,29,29,29,31,31,31
-61,125,20,27,26,25,24,24,23,21,20,19,19,19,18,18,18,18,18,17,16,15,14,13,13,12,13,12,2,0,0,0,0,0,0,0,0,0,5,20,20,22,22,23,25,25,24,25,25,27,27,26,26,26,26,25,25,25,25,25,25,26,27,28,29
-61,125,20,24,23,22,22,20,19,19,18,17,17,17,16,16,16,16,16,15,15,13,13,12,12,11,11,11,2,0,0,0,0,0,0,0,0,0,4,18,19,19,20,21,21,22,22,23,23,24,24,24,23,23,23,23,22,22,22,23,23,23,24,24,24
-62,125,20,30,29,27,26,25,25,24,23,23,22,21,21,21,20,20,20,19,18,17,17,16,15,14,14,13,3,0,0,0,0,0,0,0,0,0,5,23,24,24,25,26,26,27,27,28,28,30,30,30,29,29,29,28,28,27,27,28,29,29,30,31,31
-61,125,20,27,26,26,25,24,23,21,21,21,21,20,20,19,19,19,19,18,17,16,16,15,15,14,13,13,4,0,0,0,0,0,0,0,0,0,6,22,22,23,24,24,24,25,25,25,26,27,27,26,26,25,26,25,25,25,26,26,26,26,27,28,28
-61,125,20,30,29,28,27,25,24,23,23,22,22,22,20,19,21,21,20,18,18,18,17,16,16,15,15,14,4,0,0,0,0,0,0,0,0,0,6,23,24,25,25,26,27,27,28,29,30,31,30,30,29,29,30,29,29,28,29,29,29,29,30,31,31
-61,125,20,27,27,26,25,24,23,21,20,21,21,20,19,19,19,19,18,18,17,16,16,15,14,14,13,13,4,0,0,0,0,0,0,0,0,0,5,21,22,22,23,24,25,26,26,26,28,28,28,27,26,26,27,26,26,26,26,26,26,27,28,28,28
-61,125,20,24,23,22,21,20,19,19,17,17,17,17,16,16,17,16,15,15,15,14,13,12,12,12,12,11,2,0,0,0,0,0,0,0,0,0,3,18,19,19,19,20,22,22,22,23,22,23,24,24,23,23,23,22,21,22,22,22,23,23,24,24,25
-61,125,20,28,28,26,25,24,23,22,21,21,21,19,19,19,19,19,19,18,17,17,16,15,15,14,13,13,3,0,0,0,0,0,0,0,0,0,5,21,22,23,24,25,25,25,26,26,27,28,28,27,26,26,26,26,26,26,26,27,27,27,28,28,28
-61,125,20,25,24,24,23,22,21,20,18,19,19,17,18,17,17,17,17,16,16,15,14,14,13,13,13,12,3,0,0,0,0,0,0,0,0,0,5,19,20,21,21,22,22,23,23,24,24,25,25,25,24,24,24,23,23,23,23,23,24,24,25,25,25
-61,125,20,27,27,26,25,25,24,23,22,21,21,20,20,20,20,19,19,18,18,17,16,15,15,14,14,13,4,0,0,0,0,0,0,0,0,0,6,22,22,23,24,24,24,25,26,26,27,28,28,27,27,26,26,26,25,26,25,26,26,27,28,28,27
-62,125,20,28,27,26,25,24,23,22,22,22,21,20,20,20,19,19,19,18,17,17,16,15,15,14,14,13,4,0,0,0,0,0,0,0,0,0,6,21,22,23,24,24,25,25,26,26,26,28,27,27,26,26,27,26,25,25,26,26,26,27,28,28,28
-61,125,20,25,25,24,23,22,21,20,20,20,19,17,17,17,17,16,16,16,15,15,14,14,13,13,12,12,3,0,0,0,0,0,0,0,0,0,5,19,20,21,21,22,22,23,23,24,24,25,25,25,24,24,24,24,23,23,24,24,24,24,25,26,25
-62,125,20,26,26,25,24,23,22,21,21,20,20,19,19,19,19,19,18,17,17,16,15,15,15,13,13,12,2,0,0,0,0,0,0,0,0,0,5,20,21,22,23,24,23,24,25,25,25,26,26,26,25,25,25,25,25,25,25,25,26,26,26,27,27
-62,125,20,29,28,28,27,26,25,23,23,24,23,21,20,20,20,20,20,20,18,18,16,15,15,15,14,13,3,0,0,0,0,0,0,0,0,0,5,23,24,24,25,26,27,28,27,28,29,30,30,29,28,28,28,28,28,28,28,28,28,29,30,30,30
-62,125,20,28,27,26,25,24,23,23,22,21,21,20,20,20,19,19,19,18,17,16,16,15,14,14,14,13,4,0,0,0,0,0,0,0,0,0,6,21,22,23,23,24,25,26,26,26,27,27,28,27,26,26,26,26,25,26,26,26,26,27,28,28,28
-62,125,20,30,29,28,27,25,25,23,23,21,22,21,20,20,20,20,19,19,18,17,16,15,14,15,14,14,3,0,0,0,0,0,0,0,0,0,5,22,23,24,25,25,26,27,27,27,28,29,29,29,28,27,28,28,27,27,27,28,28,28,30,30,30
-61,125,20,27,26,26,25,24,24,22,21,21,21,20,20,20,20,19,19,18,18,17,16,15,15,14,13,13,4,0,0,0,0,0,0,0,0,0,6,22,22,24,24,25,25,25,25,26,26,27,28,27,27,26,26,25,25,25,25,26,27,27,27,28,30
-61,125,20,26,26,25,24,23,22,21,21,20,19,19,18,18,18,18,18,17,16,16,15,14,13,13,12,12,2,0,0,0,0,0,0,0,0,0,5,21,21,21,23,23,24,24,24,25,26,27,27,26,25,25,25,25,24,25,25,25,25,26,26,27,27
-61,125,20,27,27,25,25,24,23,22,21,21,21,19,19,19,19,19,19,17,17,16,15,15,14,14,12,12,3,0,0,0,0,0,0,0,0,0,5,20,21,22,24,23,24,25,25,26,26,27,28,26,26,26,26,25,25,25,26,26,26,26,28,28,28
-61,125,20,28,27,26,25,24,23,22,22,22,21,20,19,19,19,19,18,18,18,17,16,16,15,15,14,13,3,0,0,0,0,0,0,0,0,0,6,22,22,23,24,24,25,26,26,26,27,27,28,27,26,26,27,26,25,26,26,26,26,26,28,29,28
-61,125,20,25,24,23,23,22,21,21,20,19,19,18,18,18,18,18,17,17,16,15,15,14,14,13,13,12,3,0,0,0,0,0,0,0,0,0,5,20,20,21,21,22,22,23,23,23,23,25,25,25,24,24,24,23,22,23,23,23,24,24,25,26,26
-62,125,20,30,28,27,26,26,25,24,23,23,22,21,21,20,20,20,20,19,19,18,17,16,15,15,14,13,3,0,0,0,0,0,0,0,0,0,5,23,23,25,25,25,26,27,28,28,28,30,30,29,29,28,29,28,27,27,28,28,29,29,31,31,31
-61,125,20,25,25,23,23,21,21,20,19,19,19,18,17,18,18,17,17,16,16,15,14,14,13,13,13,12,3,0,0,0,0,0,0,0,0,0,5,19,20,21,21,22,22,23,23,23,24,25,25,25,24,24,24,24,23,24,23,24,24,24,25,25,25
-61,125,20,27,27,25,24,24,23,21,21,20,20,19,19,19,18,18,18,17,16,16,15,14,14,13,13,13,3,0,0,0,0,0,0,0,0,0,5,21,21,22,23,23,25,25,25,26,26,26,27,26,26,26,26,25,25,25,25,25,25,25,27,28,29
-61,125,20,24,24,23,23,21,21,20,20,21,19,18,18,18,18,18,17,17,16,15,14,14,13,13,12,11,3,0,0,0,0,0,0,0,0,0,5,20,20,21,21,22,23,23,23,24,24,25,24,24,24,23,24,24,23,23,23,23,23,25,26,26,24
-62,125,20,27,26,26,25,24,23,23,22,22,22,20,19,19,19,19,19,19,18,16,16,15,15,15,13,13,3,0,0,0,0,0,0,0,0,0,6,22,22,23,24,25,25,26,26,26,28,27,27,27,26,25,26,26,26,26,26,26,27,28,29,29,28
-61,125,20,26,26,25,24,23,22,21,20,20,19,18,18,18,18,18,17,17,16,15,14,14,13,13,12,12,2,0,0,0,0,0,0,0,0,0,5,20,21,22,22,23,24,24,24,25,25,26,26,26,25,25,25,24,24,24,25,25,25,26,26,27,27
-61,125,20,25,24,23,23,22,22,21,19,19,19,18,18,18,18,18,18,16,15,15,15,14,14,13,12,12,3,0,0,0,0,0,0,0,0,0,5,20,20,21,22,22,22,23,23,23,24,25,25,25,24,24,24,24,23,23,24,24,24,24,24,25,25
-62,125,20,31,30,29,27,27,26,25,24,23,23,22,22,22,21,21,21,20,19,18,18,17,16,16,15,15,4,0,0,0,0,0,0,0,0,0,6,24,25,26,26,27,27,28,28,29,30,30,30,30,29,29,29,29,27,28,28,29,29,29,30,31,32
-61,125,20,24,24,23,22,21,21,20,19,19,18,17,17,17,16,16,16,15,15,14,13,13,12,12,12,11,2,0,0,0,0,0,0,0,0,0,4,19,19,20,21,21,21,22,22,22,24,24,24,24,23,23,22,22,22,22,23,23,23,24,24,25,25
-61,125,20,27,26,25,24,24,23,21,20,20,19,19,19,19,19,18,18,17,17,16,15,14,13,13,13,12,3,0,0,0,0,0,0,0,0,0,5,20,21,22,23,23,24,24,25,25,26,26,27,26,26,25,25,25,24,25,25,25,25,26,27,28,29
-62,125,20,30,28,28,27,26,25,23,22,21,21,21,20,20,20,20,20,19,18,17,16,16,15,14,14,13,3,0,0,0,0,0,0,0,0,0,5,22,23,24,24,25,26,27,27,27,28,29,29,29,28,27,28,27,26,27,27,27,28,28,30,31,30
-61,125,20,26,26,24,23,23,22,21,19,19,19,18,18,18,17,18,17,17,16,15,14,13,13,13,13,13,3,0,0,0,0,0,0,0,0,0,4,20,20,22,23,23,24,25,25,24,24,26,26,26,26,26,24,25,24,25,25,25,25,25,26,27,28
-61,125,20,27,27,26,25,25,23,22,21,21,20,20,20,19,19,19,18,18,17,17,16,15,14,14,13,13,4,0,0,0,0,0,0,0,0,0,6,21,22,23,24,24,25,26,26,25,27,27,27,27,27,26,26,25,26,26,26,26,27,27,28,28,28
-62,125,20,29,29,27,26,26,24,23,22,22,22,21,20,20,20,19,19,19,18,17,17,15,15,14,14,13,3,0,0,0,0,0,0,0,0,0,5,23,23,24,25,26,26,27,27,27,27,29,29,29,28,28,27,27,27,27,28,28,28,28,29,30,30
-61,125,20,28,28,27,25,24,24,23,22,21,21,20,20,19,19,19,19,18,17,17,16,16,15,14,14,13,4,0,0,0,0,0,0,0,0,0,6,22,22,23,24,25,25,25,25,26,27,27,27,27,26,26,26,26,25,26,26,26,27,27,28,29,29
-61,125,20,24,24,23,22,21,20,20,20,19,18,18,18,18,18,16,16,16,16,15,13,13,13,12,12,12,3,0,0,0,0,0,0,0,0,0,4,18,19,21,21,22,23,22,23,23,24,24,25,24,24,24,24,23,23,23,24,24,24,23,24,24,24
-62,125,20,29,29,28,27,26,25,24,22,21,22,22,21,21,21,20,20,20,18,18,16,15,15,14,14,14,3,0,0,0,0,0,0,0,0,0,5,23,23,24,25,26,27,28,27,28,28,29,29,29,28,28,28,28,27,28,28,28,28,29,29,30,31
-63,125,20,26,26,25,24,24,23,22,21,21,20,19,19,19,18,18,18,17,17,16,15,15,14,14,13,13,4,0,0,0,0,0,0,0,0,0,5,21,21,22,23,24,24,24,24,25,25,26,26,25,25,25,25,25,24,24,25,25,26,26,27,27,28
-61,125,20,28,27,26,25,24,24,22,21,21,21,20,20,20,19,19,19,18,17,17,16,15,15,14,14,13,4,0,0,0,0,0,0,0,0,0,6,21,22,23,24,24,25,26,26,26,26,27,27,27,26,26,26,26,25,26,26,26,26,27,28,28,28
-63,125,20,28,27,26,25,24,23,23,26,28,24,21,21,20,20,20,20,19,18,17,16,15,15,15,14,13,3,0,0,0,0,0,0,0,0,0,5,22,23,24,24,25,25,26,27,27,28,29,29,28,27,27,27,26,26,26,27,27,27,28,29,29,28
-63,125,20,24,24,23,22,21,21,20,19,18,18,18,17,17,17,17,16,16,15,15,14,13,13,12,12,11,2,0,0,0,0,0,0,0,0,0,4,19,20,20,21,21,23,23,23,23,24,24,25,25,24,24,24,23,22,23,23,23,23,24,25,25,26
-63,125,20,29,29,28,27,26,25,24,23,24,23,21,21,21,21,20,20,20,18,18,17,17,16,15,14,14,4,0,0,0,0,0,0,0,0,0,6,23,23,25,26,26,26,27,27,28,28,29,29,29,28,28,28,27,27,27,27,27,28,28,30,31,31
-63,125,20,26,25,25,24,23,22,21,21,21,20,19,19,19,19,19,17,17,17,16,15,15,15,13,13,13,3,0,0,0,0,0,0,0,0,0,5,21,21,22,23,23,24,24,25,25,26,26,26,25,25,25,25,25,25,25,25,25,26,26,26,27,27
-63,125,20,26,25,25,23,22,21,21,20,20,19,18,18,18,18,17,17,17,16,15,14,14,13,13,12,12,3,0,0,0,0,0,0,0,0,0,5,20,21,22,23,22,23,24,24,25,26,26,26,26,25,25,25,25,24,25,25,25,25,25,25,27,27
-63,125,20,26,26,25,24,23,22,21,21,21,20,19,18,18,18,18,17,17,17,15,15,14,14,13,13,12,3,0,0,0,0,0,0,0,0,0,5,20,21,22,23,23,23,24,24,25,26,26,26,26,25,25,25,25,24,24,24,24,24,25,25,27,26
-63,125,20,25,24,23,22,22,21,20,19,19,19,17,17,17,17,17,16,16,16,15,14,13,13,13,12,11,2,0,0,0,0,0,0,0,0,0,4,19,20,21,22,22,22,23,23,24,25,25,25,24,24,23,23,23,23,23,23,24,23,25,25,26,26
-62,125,20,28,27,26,25,24,23,22,21,21,20,20,20,20,19,20,19,18,18,17,16,15,15,14,13,13,3,0,0,0,0,0,0,0,0,0,6,22,22,23,24,24,25,25,26,26,27,28,28,27,26,26,26,25,26,26,26,26,26,27,28,29,29
-63,125,20,25,25,24,23,22,21,21,20,19,19,19,18,18,17,17,17,17,16,15,14,14,13,13,12,12,2,0,0,0,0,0,0,0,0,0,5,20,21,21,21,22,23,24,24,23,24,25,25,25,24,24,24,23,23,24,24,23,25,25,25,26,26
-62,125,20,28,28,27,26,25,25,24,23,21,21,21,21,20,20,20,20,19,18,17,17,15,15,14,13,13,3,0,0,0,0,0,0,0,0,0,5,22,23,24,25,25,26,27,27,27,28,29,28,28,28,27,27,28,27,27,27,28,28,28,29,31,31
-63,125,20,26,25,24,23,23,22,21,20,19,19,19,19,18,17,17,17,16,16,15,14,14,13,13,12,12,2,0,0,0,0,0,0,0,0,0,5,20,20,22,22,23,23,23,24,24,25,25,25,25,25,23,23,24,23,23,24,25,24,24,26,27,27
-63,125,20,26,25,24,23,23,22,20,20,20,19,19,19,19,18,17,17,17,16,15,14,14,13,13,13,13,3,0,0,0,0,0,0,0,0,0,5,21,21,21,22,22,23,24,24,24,25,26,26,26,25,25,25,24,23,24,25,25,25,25,26,26,26
-63,125,20,29,28,26,26,25,24,24,22,21,22,21,21,20,20,20,19,19,18,18,17,16,15,15,14,14,3,0,0,0,0,0,0,0,0,0,5,23,23,24,25,25,26,27,27,27,28,28,28,28,28,28,27,27,27,27,27,26,27,28,29,30,30
-63,125,20,29,29,28,26,26,25,24,23,24,22,22,22,21,21,20,20,20,19,18,17,17,16,15,14,14,4,0,0,0,0,0,0,0,0,0,6,24,24,25,26,27,27,28,28,28,29,30,29,29,29,29,29,28,27,28,28,28,29,29,29,31,32
-63,125,20,27,26,26,24,24,23,22,21,21,20,20,19,19,19,18,18,17,17,16,15,14,14,13,12,12,2,0,0,0,0,0,0,0,0,0,5,22,22,22,24,24,24,25,25,26,26,27,27,27,26,26,26,26,25,25,25,26,27,27,27,28,28
-63,125,20,31,30,28,28,28,27,27,27,26,24,22,22,22,22,22,21,20,19,18,18,17,16,15,15,14,3,0,0,0,0,0,0,0,0,0,5,23,25,26,26,27,28,28,28,29,29,30,31,30,29,29,29,29,27,28,29,29,29,30,31,32,33
-63,125,20,25,25,23,22,21,21,20,19,18,18,18,17,17,17,17,17,17,16,15,14,14,12,12,12,12,2,0,0,0,0,0,0,0,0,0,5,19,20,21,21,21,21,22,23,23,24,25,25,24,24,24,24,23,23,23,23,24,24,24,25,26,26
-63,125,20,26,25,24,24,23,21,21,20,20,20,19,18,18,18,18,17,17,16,16,15,14,14,13,12,12,4,0,0,0,0,0,0,0,0,0,5,20,21,22,22,23,23,24,24,24,25,25,25,25,24,24,24,23,24,24,24,24,24,25,26,26,27
-63,125,20,24,24,24,23,22,21,20,19,20,19,18,18,18,18,18,17,17,15,15,15,14,12,12,12,12,3,0,0,0,0,0,0,0,0,0,5,19,20,21,21,22,22,23,23,23,24,24,25,24,23,23,23,23,23,23,23,24,24,24,25,26,26
-63,125,20,29,28,26,26,25,25,23,21,22,21,21,20,20,20,19,19,18,18,18,16,16,15,14,14,13,3,0,0,0,0,0,0,0,0,0,5,23,23,24,25,25,26,27,26,27,28,28,28,28,27,26,27,27,26,26,27,27,27,27,28,30,30
-63,125,20,28,27,25,25,24,23,21,21,21,20,19,19,19,18,18,18,18,17,16,15,15,14,13,13,13,2,0,0,0,0,0,0,0,0,0,5,22,22,23,24,23,25,25,25,26,27,28,28,26,26,25,26,26,25,25,25,26,26,26,28,29,29
-63,125,20,28,28,27,26,25,25,24,23,22,22,21,21,21,20,20,19,19,19,18,17,16,15,15,15,14,4,0,0,0,0,0,0,0,0,0,6,22,23,24,25,25,26,26,26,26,26,27,28,28,26,27,27,26,26,26,27,27,27,27,28,30,31
-63,125,20,25,25,24,22,21,21,20,19,19,18,18,18,18,17,16,16,16,15,14,14,13,13,13,12,12,2,0,0,0,0,0,0,0,0,0,4,19,20,21,21,21,22,23,23,24,23,24,24,24,25,24,24,23,22,23,23,23,24,24,24,26,27
-63,125,20,24,23,23,22,21,20,19,19,19,17,17,17,16,16,16,16,15,15,14,14,12,12,12,12,10,2,0,0,0,0,0,0,0,0,0,4,19,19,20,20,20,21,22,22,23,23,24,23,23,23,23,24,23,22,22,22,23,23,24,24,26,26
-62,125,20,29,28,27,26,25,24,23,22,20,20,21,21,21,19,19,18,18,17,16,16,15,14,14,14,13,3,0,0,0,0,0,0,0,0,0,5,22,23,23,24,25,25,26,27,27,27,28,28,28,28,27,27,27,26,26,27,28,28,27,28,30,31
-63,125,20,24,24,23,22,21,20,19,19,19,19,17,17,17,17,17,16,16,15,14,13,13,12,12,12,11,2,0,0,0,0,0,0,0,0,0,4,19,19,20,21,21,22,22,22,23,24,24,25,23,23,23,22,23,22,23,23,23,22,24,25,25,26
-63,125,20,28,27,26,26,25,24,23,21,21,22,20,20,19,19,19,18,18,17,17,17,16,14,14,14,13,3,0,0,0,0,0,0,0,0,0,5,21,22,23,24,24,26,26,27,26,27,28,29,28,27,26,26,27,26,27,27,27,27,28,29,29,29
-63,125,20,25,24,24,22,22,21,20,20,18,19,18,18,17,18,18,17,16,16,15,14,14,13,13,12,12,3,0,0,0,0,0,0,0,0,0,5,20,20,21,21,22,22,23,23,23,24,25,24,24,23,23,23,23,23,24,23,24,24,24,26,26,26
-63,125,20,31,31,29,28,28,26,26,24,24,24,23,23,22,22,22,21,20,19,19,18,17,16,16,15,15,4,0,0,0,0,0,0,0,0,0,5,25,25,26,27,28,29,28,29,30,30,30,30,30,29,29,29,29,28,28,30,30,30,30,31,34,34
-63,125,20,30,28,27,26,25,25,24,23,22,22,21,21,21,20,20,19,18,18,17,17,16,15,14,14,14,4,0,0,0,0,0,0,0,0,0,6,23,23,25,25,25,26,26,26,27,27,28,29,28,28,28,27,26,27,26,27,28,28,29,29,30,29
-63,125,20,25,24,24,23,22,21,21,20,20,20,19,18,18,18,18,17,17,16,16,15,15,14,13,13,13,3,0,0,0,0,0,0,0,0,0,5,20,20,21,22,23,23,23,24,24,25,25,25,25,24,24,25,24,24,23,23,24,25,25,26,26,26
-63,125,20,25,24,24,22,22,21,20,20,19,19,18,17,17,17,17,17,17,16,15,15,13,13,13,13,12,3,0,0,0,0,0,0,0,0,0,5,19,20,21,22,22,22,23,23,24,24,24,25,25,24,24,24,24,23,24,24,24,24,24,25,26,26
-63,125,20,25,24,24,23,22,22,20,19,19,19,18,18,18,18,18,17,17,16,16,15,14,13,13,12,12,3,0,0,0,0,0,0,0,0,0,5,20,21,21,21,22,23,24,23,23,24,25,26,25,24,24,24,24,23,24,24,24,25,25,26,26,26
-63,125,20,32,30,29,28,27,26,24,25,24,23,23,22,22,21,21,20,20,19,18,17,16,16,15,14,13,3,0,0,0,0,0,0,0,0,0,5,24,25,26,26,27,28,29,29,30,30,31,31,30,29,29,29,29,29,29,30,29,30,30,31,32,34
-63,125,20,28,27,26,25,24,23,22,22,21,20,19,19,19,18,18,17,17,17,16,15,14,14,13,13,13,3,0,0,0,0,0,0,0,0,0,5,21,22,23,24,25,25,25,26,27,27,27,27,28,27,26,26,26,25,25,26,27,27,27,28,29,29
-63,125,20,29,28,27,26,25,24,24,21,20,21,21,21,21,20,20,19,19,18,17,17,16,15,15,14,14,4,0,0,0,0,0,0,0,0,0,6,23,23,24,25,25,26,26,27,28,28,28,29,28,28,28,28,28,27,26,27,28,28,28,29,29,29
-63,125,20,25,25,24,23,23,22,21,20,20,19,19,19,19,17,17,17,16,16,15,15,14,13,12,12,12,3,0,0,0,0,0,0,0,0,0,5,20,20,22,22,23,23,24,25,24,25,25,25,25,25,25,25,24,24,24,24,25,25,25,26,27,27
-63,125,20,25,25,25,24,23,21,21,20,19,19,19,18,18,18,18,17,17,16,16,15,14,14,13,13,12,3,0,0,0,0,0,0,0,0,0,5,20,21,22,22,23,23,24,24,24,24,25,25,25,24,23,24,24,23,24,24,25,25,25,26,26,26
-63,125,20,24,24,23,22,21,20,19,18,17,17,17,17,16,16,16,16,16,15,14,13,13,12,12,11,11,2,0,0,0,0,0,0,0,0,0,4,18,19,21,21,22,21,22,23,23,24,24,24,24,23,23,23,23,22,22,23,23,23,23,25,26,26
-63,125,20,28,27,26,25,24,23,22,21,21,21,20,19,19,19,18,18,17,17,16,15,14,13,14,13,12,2,0,0,0,0,0,0,0,0,0,5,22,22,24,24,24,25,25,26,26,27,28,28,26,26,26,25,26,26,26,26,26,26,27,28,29,29
-63,125,20,26,25,24,24,23,22,21,20,20,19,18,18,18,18,18,17,17,16,16,15,14,14,13,13,12,3,0,0,0,0,0,0,0,0,0,5,20,20,21,22,23,24,24,24,25,25,26,26,25,24,24,24,24,24,24,24,25,25,26,26,27,27
-63,125,20,29,28,26,25,25,24,23,23,21,21,21,21,21,20,20,19,18,18,18,17,16,15,14,14,13,3,0,0,0,0,0,0,0,0,0,6,23,23,24,24,25,26,26,26,27,27,28,28,28,27,26,26,27,26,25,26,27,28,27,28,30,30
-63,125,20,27,27,26,25,25,24,23,22,22,21,20,20,20,20,19,19,18,17,17,16,15,15,14,13,13,3,0,0,0,0,0,0,0,0,0,5,22,22,23,24,24,24,25,25,26,27,27,27,26,26,26,26,26,25,25,26,26,27,27,28,28,29
-63,125,20,25,24,24,23,22,21,20,19,18,18,18,17,17,17,17,17,16,16,15,14,13,13,12,12,12,3,0,0,0,0,0,0,0,0,0,4,19,20,20,21,21,22,22,23,23,23,25,25,24,24,23,23,23,22,23,23,23,24,24,25,26,26
-63,125,20,28,26,26,26,24,24,22,22,21,21,20,19,19,19,19,19,19,17,17,16,15,14,14,13,12,2,0,0,0,0,0,0,0,0,0,5,22,22,23,24,24,25,25,26,26,27,28,27,26,26,25,26,26,26,26,25,26,26,27,28,29,29
-62,125,20,25,25,24,23,23,22,21,21,21,20,19,18,18,18,18,18,17,16,16,15,14,13,13,12,12,2,0,0,0,0,0,0,0,0,0,5,20,21,21,22,22,22,23,24,24,24,25,25,24,24,23,24,23,23,24,23,24,24,25,25,26,27
-63,125,20,25,24,23,22,22,21,20,19,18,18,18,17,17,17,17,17,16,15,15,14,13,13,12,12,12,2,0,0,0,0,0,0,0,0,0,4,19,20,20,21,21,22,22,22,23,23,23,24,23,23,23,23,23,22,23,23,24,24,24,25,26,25
-63,125,20,28,28,27,25,25,24,23,23,21,21,21,21,20,20,20,19,19,18,17,16,15,14,14,14,13,3,0,0,0,0,0,0,0,0,0,5,22,23,24,23,25,25,26,26,26,26,27,27,27,26,26,26,26,26,26,26,27,27,27,29,30,30
-63,125,20,32,32,30,29,28,26,25,24,23,24,23,22,22,22,22,21,21,20,19,18,17,16,15,15,15,3,0,0,0,0,0,0,0,0,0,6,24,25,26,26,27,28,28,29,29,30,30,31,30,29,29,29,29,29,29,30,30,30,30,32,32,32
-63,125,20,25,25,25,24,23,22,21,20,20,19,19,18,18,18,18,17,17,16,15,14,14,13,13,12,12,4,0,0,0,0,0,0,0,0,0,5,20,20,21,22,22,23,24,24,24,24,25,25,25,24,24,24,24,24,24,25,25,24,24,25,26,27
-63,125,20,33,32,30,29,28,28,27,26,26,25,24,24,23,23,22,22,21,21,20,19,18,17,17,16,15,4,0,0,0,0,0,0,0,0,0,7,25,26,26,27,28,28,28,30,30,30,31,32,31,30,30,30,30,29,29,30,31,31,32,32,33,34
-63,125,20,31,30,29,29,28,27,26,24,22,23,22,22,22,21,21,21,20,19,18,17,16,15,14,15,15,3,0,0,0,0,0,0,0,0,0,5,23,24,24,26,27,27,29,28,28,29,30,30,30,29,29,28,29,28,29,30,29,30,30,31,33,32
-63,125,20,27,26,26,25,24,23,23,21,21,20,19,19,19,19,19,18,18,17,17,15,14,14,14,13,13,2,0,0,0,0,0,0,0,0,0,4,21,21,22,23,23,24,25,25,26,26,26,26,26,26,25,25,26,25,25,25,25,26,26,26,28,28
-63,125,20,28,28,27,27,25,24,23,22,22,22,21,21,21,20,20,20,19,19,18,17,15,15,14,14,14,4,0,0,0,0,0,0,0,0,0,6,22,23,23,24,25,26,26,26,26,25,26,28,28,28,27,27,26,26,26,27,27,27,27,28,30,31
-63,125,20,28,28,27,26,25,24,23,22,22,21,20,20,20,19,19,19,18,17,17,16,15,14,14,13,13,3,0,0,0,0,0,0,0,0,0,5,21,22,23,24,24,25,25,25,26,26,26,27,26,26,25,26,26,25,25,26,26,27,27,28,29,29
-59,125,20,30,30,29,27,26,25,23,23,23,23,22,21,21,21,22,21,20,19,18,17,16,16,16,15,14,3,0,0,0,0,0,0,0,0,0,6,23,23,24,26,25,25,26,25,25,27,30,30,29,28,27,28,27,26,26,27,26,26,27,29,31,30
-62,125,20,26,25,25,24,23,22,21,20,19,19,19,18,18,18,18,18,17,16,16,14,13,13,12,12,12,3,0,0,0,0,0,0,0,0,0,4,19,20,21,22,22,23,24,24,24,25,26,25,25,24,24,24,24,24,24,25,25,25,26,26,27,26
-63,125,20,25,25,24,24,23,21,20,20,20,20,19,19,19,18,18,18,17,16,16,15,14,13,13,13,12,3,0,0,0,0,0,0,0,0,0,5,20,20,21,21,23,23,23,23,23,24,24,25,24,23,23,23,23,23,23,23,24,24,25,26,27,26
-63,125,20,31,31,29,28,27,27,25,25,24,23,22,22,22,21,21,21,20,20,19,18,17,16,15,14,13,2,0,0,0,0,0,0,0,0,0,5,25,24,25,27,27,28,29,29,29,29,29,30,30,30,29,29,29,29,29,29,29,30,30,31,32,32
-63,125,20,31,30,30,28,28,27,26,25,25,24,23,23,22,22,22,22,21,20,19,18,17,16,16,15,15,3,0,0,0,0,0,0,0,0,0,6,24,25,26,26,26,28,28,29,29,30,30,30,30,29,29,29,29,29,29,29,29,30,30,31,32,33
-63,125,20,29,28,27,26,25,25,23,23,23,22,21,21,20,20,20,20,19,18,18,17,16,15,15,14,14,4,0,0,0,0,0,0,0,0,0,6,22,22,24,24,24,26,26,26,26,27,27,27,27,26,26,26,26,26,26,27,27,27,28,29,30,30
-63,125,20,29,28,28,27,26,25,24,23,23,23,22,21,20,20,20,20,20,19,18,17,16,16,15,14,14,4,0,0,0,0,0,0,0,0,0,6,22,23,24,25,25,26,26,26,26,27,28,28,27,26,26,26,26,26,27,27,28,28,29,29,30,31
-62,125,20,26,24,24,23,23,22,20,20,19,19,18,18,18,17,17,17,16,16,15,14,14,12,12,12,11,2,0,0,0,0,0,0,0,0,0,4,19,19,21,21,22,22,22,23,24,23,24,25,25,24,24,24,23,23,23,24,24,24,25,26,26,27
-63,125,20,25,25,24,23,22,21,20,19,19,19,19,17,18,18,18,17,17,16,15,14,14,13,13,12,12,2,0,0,0,0,0,0,0,0,0,5,19,19,21,21,22,22,22,23,23,24,25,24,24,23,23,24,23,23,23,23,23,24,25,25,26,27
-63,125,20,33,31,30,29,28,28,26,25,26,25,24,23,23,23,23,22,22,21,20,18,18,17,16,16,15,4,0,0,0,0,0,0,0,0,0,7,25,26,27,27,28,28,29,30,30,30,31,31,31,30,29,29,29,29,30,31,31,31,31,33,34,34
-63,125,20,30,28,27,27,25,25,23,22,21,22,22,21,20,20,20,19,18,18,18,17,16,16,15,14,14,4,0,0,0,0,0,0,0,0,0,6,22,23,24,25,25,25,26,27,27,27,28,28,28,28,27,27,27,27,27,28,28,28,28,29,30,31
-62,125,20,27,27,25,24,24,23,22,21,21,21,20,19,19,19,18,18,18,17,16,15,15,14,14,14,12,3,0,0,0,0,0,0,0,0,0,6,21,21,22,23,23,24,25,24,25,25,25,26,26,25,26,25,25,25,25,25,25,26,27,28,28,29
-63,125,20,27,27,26,25,25,24,24,22,20,20,21,21,20,20,20,18,18,18,17,16,14,13,13,13,13,3,0,0,0,0,0,0,0,0,0,5,21,22,22,23,24,25,25,25,25,26,27,27,27,27,26,26,26,26,26,26,26,26,26,27,30,31
-63,125,20,30,29,28,27,26,25,24,24,23,23,22,21,20,20,20,19,19,18,17,17,16,15,15,14,14,4,0,0,0,0,0,0,0,0,0,6,22,23,24,25,26,26,26,26,27,28,28,28,28,27,27,27,27,27,27,28,28,28,29,30,31,31
-62,125,20,29,28,26,26,26,24,23,22,20,21,20,20,20,20,19,19,18,17,16,15,15,14,13,13,13,3,0,0,0,0,0,0,0,0,0,5,22,22,23,24,24,25,25,25,26,26,27,27,27,26,26,26,26,25,26,26,27,27,28,28,29,29
-63,125,20,26,25,25,24,22,22,21,21,22,20,19,19,19,18,17,17,17,17,15,15,14,13,13,12,12,3,0,0,0,0,0,0,0,0,0,5,20,21,21,22,22,23,23,24,24,25,26,25,24,24,24,24,24,24,24,24,24,25,25,26,28,28
-62,125,20,30,29,29,27,26,25,25,24,23,23,22,22,22,21,21,20,19,19,18,18,16,15,15,14,14,4,0,0,0,0,0,0,0,0,0,6,22,24,24,25,26,27,26,27,27,28,29,29,29,28,28,28,28,27,27,28,28,28,29,29,31,31
-62,125,20,30,29,28,27,25,25,24,23,23,22,22,22,22,21,21,20,18,18,18,17,16,15,15,14,13,3,0,0,0,0,0,0,0,0,0,6,23,24,24,25,25,25,26,27,27,27,28,28,28,28,27,27,27,26,26,26,27,29,28,29,30,30
-63,125,20,33,33,32,31,30,28,27,26,25,25,24,24,23,23,23,23,22,21,20,19,18,17,17,16,16,4,0,0,0,0,0,0,0,0,0,7,25,26,27,28,28,29,30,30,31,31,32,32,32,31,31,31,31,30,30,30,31,31,32,33,34,34
-63,125,20,26,26,24,24,23,22,21,20,20,20,19,19,18,18,18,17,17,17,16,15,14,13,13,12,12,4,0,0,0,0,0,0,0,0,0,5,20,21,21,22,22,23,24,23,25,25,25,25,25,25,24,24,23,23,24,24,25,25,26,26,26,26
-62,125,20,26,26,25,24,23,22,21,20,19,19,19,18,18,18,17,17,17,16,15,15,14,13,13,12,12,3,0,0,0,0,0,0,0,0,0,4,19,20,21,22,22,23,24,23,23,24,25,25,25,24,24,24,24,24,24,25,24,25,25,26,27,28
-63,125,20,26,25,25,24,23,22,21,21,20,20,19,19,19,19,18,18,17,16,16,15,14,14,13,13,13,4,0,0,0,0,0,0,0,0,0,5,21,21,21,21,21,23,23,24,24,25,26,26,25,24,25,24,24,23,24,24,24,25,25,26,27,27
-63,125,20,28,27,26,25,25,24,23,21,22,21,20,20,19,19,19,19,17,17,16,16,15,13,13,12,12,3,0,0,0,0,0,0,0,0,0,4,21,22,22,23,24,25,25,25,26,27,28,28,27,26,26,26,26,25,25,26,26,26,28,29,30,29
-62,125,20,29,28,27,26,26,25,24,22,22,22,21,20,20,20,20,19,18,18,17,16,16,15,15,14,13,3,0,0,0,0,0,0,0,0,0,5,22,22,23,24,24,26,25,26,26,26,28,28,28,27,27,27,27,26,27,27,27,27,28,29,30,31
-63,125,20,27,26,26,25,25,23,22,21,20,20,20,20,20,18,18,18,17,16,16,15,15,13,13,12,12,3,0,0,0,0,0,0,0,0,0,4,20,21,22,23,23,24,24,25,25,26,27,27,26,26,26,26,26,25,26,26,26,26,26,27,29,29
-63,125,20,28,27,26,25,24,23,23,22,21,21,20,20,20,19,19,18,18,17,16,16,15,13,13,13,13,3,0,0,0,0,0,0,0,0,0,4,20,22,22,23,24,25,25,26,26,26,27,27,27,27,27,26,26,25,26,26,26,27,27,28,29,30
-63,125,20,27,27,26,25,24,23,22,22,21,20,20,19,19,19,19,19,18,17,17,16,14,14,13,13,12,3,0,0,0,0,0,0,0,0,0,5,21,22,22,24,24,25,25,25,26,26,27,27,27,26,25,25,25,26,26,26,26,27,27,28,29,29
-63,125,20,26,25,24,23,23,22,21,20,19,19,19,19,18,18,18,16,16,16,15,14,14,13,13,12,12,3,0,0,0,0,0,0,0,0,0,5,19,20,21,21,22,23,23,24,24,24,25,25,25,25,25,25,25,24,24,24,24,24,25,26,27,27
-63,125,20,28,28,27,26,25,24,23,22,22,22,20,20,19,19,19,19,19,18,17,16,15,15,14,14,13,3,0,0,0,0,0,0,0,0,0,5,22,22,23,24,25,25,26,26,26,27,28,28,28,27,27,27,26,26,27,27,27,27,28,29,30,30
-63,125,20,32,32,31,29,29,27,26,26,26,25,24,24,24,23,23,22,21,21,20,19,18,17,16,16,15,4,0,0,0,0,0,0,0,0,0,7,25,26,26,26,28,28,29,29,29,31,31,31,31,30,30,30,29,29,30,30,30,31,31,32,34,34
-63,125,20,33,33,31,30,29,28,26,26,25,25,24,24,24,23,23,22,21,20,20,19,18,17,17,16,16,4,0,0,0,0,0,0,0,0,0,7,25,26,27,28,28,29,30,30,30,31,32,32,31,31,31,31,31,29,30,30,30,31,31,32,34,35
-62,125,20,30,29,28,27,26,26,24,24,24,23,22,22,21,21,21,20,19,19,18,18,16,15,15,15,14,4,0,0,0,0,0,0,0,0,0,6,23,24,24,25,26,26,27,27,28,28,29,29,29,29,28,28,28,27,27,28,28,28,29,30,31,31
-63,125,20,28,27,26,25,24,24,23,22,22,21,20,21,20,20,19,19,18,17,17,16,15,14,14,13,13,3,0,0,0,0,0,0,0,0,0,5,22,22,23,23,23,24,25,25,26,26,27,26,26,26,26,26,25,25,25,25,26,27,27,28,29,29
-63,125,20,29,29,28,26,25,25,23,22,21,21,21,21,20,20,20,19,19,18,17,16,16,15,14,13,13,4,0,0,0,0,0,0,0,0,0,5,22,22,24,25,24,25,26,27,27,28,28,29,28,28,27,27,27,27,27,27,27,27,27,29,30,30
-63,125,20,28,28,27,26,25,25,24,22,21,21,21,21,21,20,20,19,19,18,18,17,16,15,14,14,14,4,0,0,0,0,0,0,0,0,0,6,22,23,23,24,24,25,25,25,26,26,27,28,27,26,26,26,26,25,26,26,27,28,27,28,30,30
-63,125,20,32,31,30,28,28,27,26,26,25,24,22,21,21,21,21,21,20,19,19,18,17,17,16,15,14,3,0,0,0,0,0,0,0,0,0,5,24,25,25,26,27,28,28,29,30,31,31,31,31,30,30,30,29,29,29,30,30,31,31,32,33,33
-63,125,20,24,23,22,20,21,21,20,19,17,18,17,18,16,16,16,16,15,15,14,13,12,12,12,11,11,2,0,0,0,0,0,0,0,0,0,4,18,19,20,20,21,21,21,22,23,22,23,23,23,23,23,23,22,22,21,21,23,23,23,24,26,26
-62,125,20,25,24,24,23,22,21,21,19,18,19,19,18,18,18,18,16,16,15,15,15,14,13,12,12,11,2,0,0,0,0,0,0,0,0,0,4,19,20,21,21,22,23,23,23,23,24,24,24,24,24,24,24,23,22,23,23,23,24,24,25,26,27
-63,125,20,28,28,27,26,25,24,23,22,22,21,21,21,20,20,20,19,18,18,18,17,15,15,14,14,13,3,0,0,0,0,0,0,0,0,0,5,22,22,24,24,24,24,25,26,26,27,27,28,26,26,26,26,27,26,25,26,26,27,27,28,29,29
-63,125,20,29,29,28,27,25,24,24,23,22,21,21,21,21,20,20,20,19,19,18,16,16,15,14,14,14,4,0,0,0,0,0,0,0,0,0,6,23,23,24,25,25,26,26,26,27,28,28,28,28,27,27,27,26,26,26,26,27,28,28,28,30,29
-63,125,20,28,28,27,25,25,24,23,22,22,21,21,21,20,20,19,19,19,18,17,16,15,15,14,14,13,3,0,0,0,0,0,0,0,0,0,5,21,22,23,24,24,25,26,26,27,27,28,28,28,27,26,26,26,26,27,27,27,26,27,28,29,30
-63,125,20,28,28,27,26,25,24,23,22,22,22,21,20,20,20,20,19,18,18,17,16,15,14,14,13,13,3,0,0,0,0,0,0,0,0,0,5,22,22,23,24,24,25,25,25,25,27,27,27,27,26,26,26,25,25,25,26,26,27,28,29,30,30
-63,125,20,24,24,23,23,21,21,19,19,20,18,17,17,17,17,17,16,16,15,14,14,13,12,12,11,10,2,0,0,0,0,0,0,0,0,0,4,18,19,19,20,20,22,22,22,23,23,24,24,23,22,23,22,22,22,22,22,22,23,24,25,25,25
-63,125,20,32,32,29,29,28,26,25,24,23,23,23,23,22,22,21,20,20,19,18,18,18,16,16,16,16,4,0,0,0,0,0,0,0,0,0,5,24,25,26,27,27,28,29,29,30,30,31,31,31,30,30,29,29,29,29,29,30,30,31,32,33,33
-63,125,20,29,28,27,27,26,25,24,23,23,23,21,21,21,21,20,20,19,19,18,17,17,16,15,15,14,4,0,0,0,0,0,0,0,0,0,6,23,23,24,25,25,26,26,26,26,26,28,28,27,27,27,27,26,26,26,27,27,28,28,30,30,30
-63,125,20,29,29,27,26,25,24,24,24,23,22,22,22,21,21,20,20,19,18,17,17,16,15,15,14,14,4,0,0,0,0,0,0,0,0,0,6,23,23,24,24,25,25,25,26,27,27,28,28,28,28,28,27,26,26,26,27,27,28,28,29,29,30
-63,125,20,25,24,24,22,21,21,21,19,19,19,19,17,17,17,17,17,17,16,15,15,14,13,12,12,11,2,0,0,0,0,0,0,0,0,0,5,20,20,21,21,21,22,22,23,23,24,25,25,24,23,22,23,23,23,23,23,24,24,24,25,25,26
-63,125,20,29,29,27,26,25,25,24,23,22,22,22,21,21,21,20,20,20,19,18,17,16,16,15,14,13,3,0,0,0,0,0,0,0,0,0,6,23,23,24,25,25,26,26,27,27,27,28,28,27,26,26,26,26,27,26,26,26,28,28,29,29,29
-63,125,20,25,24,23,23,22,21,20,19,17,18,18,18,18,17,18,17,17,16,15,14,14,13,12,12,11,2,0,0,0,0,0,0,0,0,0,4,19,20,21,21,22,22,22,23,24,24,24,24,24,24,23,23,23,22,23,24,24,24,24,24,25,26
-63,125,20,32,31,30,29,28,27,26,25,24,24,23,22,22,22,22,22,21,20,20,19,18,17,16,15,15,4,0,0,0,0,0,0,0,0,0,6,25,26,26,27,28,29,29,30,31,31,32,32,31,31,30,31,30,30,30,30,30,31,31,32,32,32
-63,125,20,25,25,24,22,21,21,20,18,18,18,18,17,17,17,17,16,16,15,14,14,13,12,13,12,12,2,0,0,0,0,0,0,0,0,0,4,19,20,20,21,21,21,23,23,23,24,24,24,24,23,23,23,23,23,23,23,23,23,24,25,25,26
-63,125,20,24,25,24,24,23,21,20,20,20,20,18,18,18,18,18,17,17,15,15,15,14,13,12,12,12,3,0,0,0,0,0,0,0,0,0,5,18,20,20,21,22,22,23,24,23,24,25,25,25,24,24,23,23,22,23,23,23,24,24,24,26,27
-63,125,20,31,31,30,29,28,27,26,25,23,23,23,22,22,22,22,21,20,20,19,18,17,16,15,15,15,3,0,0,0,0,0,0,0,0,0,6,24,25,26,27,28,28,28,28,28,30,31,31,30,30,29,30,28,28,28,29,29,30,30,31,32,33
-63,125,20,28,27,26,25,25,23,22,22,21,21,20,20,20,19,18,18,18,17,16,16,15,14,13,13,13,3,0,0,0,0,0,0,0,0,0,5,21,21,22,23,24,25,25,25,26,26,27,27,27,26,26,26,25,25,26,27,26,26,26,27,29,30
-62,125,20,29,28,27,27,26,24,24,22,21,21,21,21,21,20,20,20,19,19,18,17,16,15,15,14,14,3,0,0,0,0,0,0,0,0,0,5,22,22,24,25,25,26,26,26,26,27,28,28,28,27,26,26,26,26,26,27,27,28,28,29,30,30
-63,125,20,27,27,26,25,24,23,22,22,22,21,20,20,19,19,19,18,18,17,17,15,15,14,14,13,13,2,0,0,0,0,0,0,0,0,0,5,21,22,22,23,24,24,24,25,25,26,27,27,26,25,26,26,25,25,25,26,26,26,26,28,29,29
-62,125,20,29,28,27,26,25,25,24,23,23,22,21,20,20,20,20,20,19,18,17,17,16,15,14,14,13,3,0,0,0,0,0,0,0,0,0,5,22,23,23,24,24,25,25,26,26,27,27,27,26,26,26,26,26,25,26,26,27,27,28,29,29,29
-63,125,20,26,25,25,24,23,22,21,21,21,21,19,18,18,18,19,18,18,17,16,15,15,14,14,13,12,3,0,0,0,0,0,0,0,0,0,5,20,21,22,22,23,23,23,23,23,24,24,25,25,24,23,23,23,23,23,24,24,25,25,26,27,27
-62,125,20,27,26,26,25,24,23,22,21,21,21,20,19,19,19,19,18,18,17,16,16,15,14,14,14,14,4,0,0,0,0,0,0,0,0,0,5,21,21,22,23,23,24,25,25,25,25,26,26,26,25,25,25,25,25,25,25,25,26,26,27,28,28
-63,125,20,27,27,26,25,24,24,22,21,21,21,20,19,20,20,20,19,18,18,17,16,15,15,14,13,12,3,0,0,0,0,0,0,0,0,0,5,21,21,23,23,24,24,25,25,26,26,27,26,26,26,26,26,25,25,25,25,26,26,26,27,27,27
-63,125,20,29,29,27,27,25,24,24,24,23,23,21,21,21,21,20,19,19,19,17,17,16,16,15,14,14,4,0,0,0,0,0,0,0,0,0,6,23,24,24,25,25,26,26,26,27,28,28,28,28,27,27,27,27,26,26,27,27,28,29,30,30,30
-63,125,20,27,27,27,26,25,24,23,23,23,22,21,20,20,20,20,20,19,18,17,17,16,15,15,14,13,3,0,0,0,0,0,0,0,0,0,5,22,22,23,24,25,26,26,26,26,26,27,27,27,26,26,26,26,25,26,26,26,27,27,28,29,29
-62,125,20,27,26,25,25,24,23,22,22,21,21,19,19,19,19,19,18,18,17,17,16,15,14,14,14,13,4,0,0,0,0,0,0,0,0,0,5,20,21,22,23,23,24,25,25,25,25,26,26,26,25,25,25,25,25,25,25,25,26,26,27,28,28
-63,125,20,28,27,26,25,25,24,23,22,22,21,21,21,20,20,19,19,18,17,17,16,15,14,14,13,13,3,0,0,0,0,0,0,0,0,0,5,21,22,23,24,24,25,25,26,26,26,26,26,26,26,26,26,25,25,25,26,27,27,27,28,29,30
-63,125,20,24,24,23,22,22,21,20,19,18,18,18,17,17,18,18,17,17,15,15,15,13,13,13,12,12,2,0,0,0,0,0,0,0,0,0,5,19,19,21,21,22,22,22,22,23,24,24,24,23,23,23,23,22,22,23,23,23,23,24,25,26,26
-62,125,20,29,29,27,27,26,25,24,24,23,22,21,21,21,21,21,20,19,18,18,17,16,15,15,15,14,3,0,0,0,0,0,0,0,0,0,5,22,23,24,24,25,26,26,27,27,27,28,28,28,27,27,27,26,26,26,26,27,28,28,29,30,30
-63,125,20,25,24,24,23,22,21,20,20,20,20,18,18,18,18,18,17,17,16,16,15,14,13,13,12,12,3,0,0,0,0,0,0,0,0,0,5,19,20,21,22,22,22,23,23,24,24,25,24,24,23,23,23,22,22,23,23,24,24,24,26,26,27
-63,125,20,23,23,22,22,21,21,20,17,15,16,17,18,17,17,17,16,16,15,14,14,13,12,11,11,12,3,0,0,0,0,0,0,0,0,0,5,18,19,19,20,20,20,21,22,23,23,23,23,23,22,22,23,22,22,22,22,22,23,23,24,25,25
-63,125,20,26,25,23,22,22,21,20,20,19,19,18,17,17,17,17,17,17,15,15,15,14,14,13,13,11,3,0,0,0,0,0,0,0,0,0,5,20,20,21,21,22,22,23,23,24,25,25,25,25,24,23,24,23,23,23,23,24,25,25,26,26,26
-63,125,20,29,29,28,26,26,25,24,23,24,22,21,21,21,20,20,20,19,19,18,17,17,15,15,15,14,4,0,0,0,0,0,0,0,0,0,6,23,23,25,25,25,26,27,26,27,28,29,29,28,28,27,27,26,26,28,27,27,28,28,30,30,30
-63,125,20,29,29,28,27,26,25,23,23,22,22,21,21,21,20,20,20,19,19,19,17,16,15,15,15,14,4,0,0,0,0,0,0,0,0,0,6,22,24,24,26,26,27,26,27,27,28,29,29,28,27,27,27,27,27,27,28,28,28,29,29,29,29
-63,125,20,28,28,27,26,25,24,22,21,20,20,20,19,19,19,19,18,18,17,16,16,15,14,14,13,13,3,0,0,0,0,0,0,0,0,0,5,21,22,23,24,25,25,26,26,27,27,28,28,27,26,26,26,26,26,26,26,27,27,27,28,29,29
-63,125,20,32,32,31,30,28,27,26,24,24,24,24,23,23,23,23,23,22,21,20,19,18,17,17,16,16,4,0,0,0,0,0,0,0,0,0,7,26,26,27,28,28,29,29,30,30,31,32,32,31,31,30,30,29,30,31,31,30,31,31,33,34,34
-63,125,20,26,26,25,24,23,22,21,20,20,19,19,18,19,19,18,18,17,16,16,15,14,14,13,13,12,3,0,0,0,0,0,0,0,0,0,5,21,21,22,23,23,23,24,24,24,25,26,26,25,25,25,25,25,24,24,24,24,25,25,26,27,28
-63,125,20,28,27,26,25,25,25,24,22,21,21,21,21,20,20,20,19,18,18,17,16,15,15,14,13,13,4,0,0,0,0,0,0,0,0,0,5,22,23,24,24,25,26,27,27,27,28,28,29,28,28,27,28,27,26,27,27,27,27,27,28,29,29
-62,125,20,27,26,25,24,23,22,21,21,20,20,20,20,19,19,19,18,18,17,16,16,15,14,13,13,13,4,0,0,0,0,0,0,0,0,0,6,21,21,22,23,24,24,24,25,25,25,25,26,26,26,25,25,25,25,25,25,25,26,26,27,27,27
-63,125,20,27,27,26,24,24,22,21,21,20,19,19,19,19,19,18,18,17,17,16,15,14,14,13,12,12,2,0,0,0,0,0,0,0,0,0,5,21,22,22,23,24,25,25,26,25,26,27,27,27,26,26,26,26,25,25,25,26,27,27,27,29,29
-63,125,20,27,26,26,25,24,24,21,21,20,20,20,19,19,19,19,17,17,16,16,15,14,14,13,12,12,2,0,0,0,0,0,0,0,0,0,5,21,22,23,23,24,25,25,26,26,27,27,27,27,26,26,26,25,25,26,26,26,26,27,28,29,28
-62,125,20,25,24,23,22,21,21,18,17,18,19,18,16,17,17,16,16,16,16,14,14,12,13,12,11,11,2,0,0,0,0,0,0,0,0,0,5,20,19,20,20,21,22,23,24,23,24,25,25,24,23,23,23,23,24,24,23,23,23,25,26,26,25
-63,125,20,29,28,27,26,25,25,24,23,22,22,21,21,21,21,21,19,19,18,17,17,16,15,14,14,13,4,0,0,0,0,0,0,0,0,0,5,23,23,24,25,25,26,26,27,27,28,29,29,28,27,27,28,27,27,27,27,27,28,28,28,29,30
-63,125,20,25,25,24,23,21,21,20,19,18,18,17,17,17,17,17,17,16,15,14,13,13,12,12,11,11,2,0,0,0,0,0,0,0,0,0,4,19,19,21,21,21,22,22,23,23,24,25,25,25,24,24,24,23,23,23,24,23,24,24,25,26,26
-63,125,20,24,23,23,22,21,20,19,19,19,18,17,17,17,17,17,17,16,15,14,14,13,12,12,11,11,2,0,0,0,0,0,0,0,0,0,4,19,19,20,21,21,21,22,22,22,23,24,24,23,23,23,23,23,22,23,23,24,24,24,25,26,26
-63,125,20,28,27,26,25,24,23,22,22,23,21,20,19,19,19,19,18,18,18,17,16,15,15,14,13,12,2,0,0,0,0,0,0,0,0,0,5,21,22,23,24,25,26,25,26,26,28,29,28,27,26,26,27,27,26,26,26,27,27,28,29,29,29
-63,125,20,29,29,28,27,25,24,24,22,22,22,21,20,21,20,20,20,20,19,17,17,17,15,15,14,14,4,0,0,0,0,0,0,0,0,0,5,23,24,24,25,26,26,27,27,27,28,29,29,29,28,28,28,27,27,27,27,28,28,28,29,30,30
-63,125,20,26,25,25,24,22,22,21,21,20,20,18,18,18,18,17,17,16,17,15,14,13,13,13,13,13,3,0,0,0,0,0,0,0,0,0,5,21,21,22,22,23,23,24,25,24,25,26,26,24,24,25,24,24,24,24,24,25,25,26,26,27,27
-62,125,20,29,29,28,27,26,25,24,22,21,21,21,20,20,20,20,19,19,18,18,17,16,15,14,14,14,3,0,0,0,0,0,0,0,0,0,5,23,23,24,24,26,26,27,27,27,28,28,29,28,27,27,28,27,27,27,27,28,28,28,29,30,30
-63,125,20,24,23,23,22,22,20,20,18,18,17,17,17,17,16,16,17,15,14,14,13,13,13,12,11,10,2,0,0,0,0,0,0,0,0,0,4,19,19,20,20,21,21,22,23,23,24,24,24,24,22,23,22,23,22,23,23,23,24,24,25,26,26
-63,125,20,27,27,27,26,25,23,22,21,21,21,20,19,18,18,19,19,18,17,16,15,15,14,14,13,12,3,0,0,0,0,0,0,0,0,0,5,21,22,23,24,24,26,26,26,26,28,29,28,26,26,26,26,26,26,26,27,27,27,28,29,28,28
-63,125,20,27,26,26,25,24,23,22,22,21,20,19,18,18,18,19,18,18,17,16,15,15,14,13,13,13,3,0,0,0,0,0,0,0,0,0,4,21,22,23,23,24,25,25,25,26,27,28,28,27,27,27,26,26,25,25,25,25,27,27,28,29,28
-63,125,20,29,28,27,26,25,24,22,21,21,20,20,20,20,19,19,19,17,17,17,16,15,15,14,13,13,3,0,0,0,0,0,0,0,0,0,5,22,23,23,24,25,25,27,26,27,27,28,28,27,27,27,27,27,27,27,28,27,27,28,28,29,29
-62,125,20,25,25,24,24,23,22,21,20,19,20,19,18,17,17,18,17,17,17,15,14,14,14,13,13,11,2,0,0,0,0,0,0,0,0,0,5,20,20,21,21,22,23,24,24,24,26,26,26,25,24,24,24,24,23,24,24,24,24,25,26,26,26
-63,125,20,28,27,26,25,24,23,22,22,22,20,19,19,19,19,19,18,18,16,16,15,14,14,13,13,12,2,0,0,0,0,0,0,0,0,0,5,21,22,22,24,24,24,25,25,26,27,27,27,26,26,26,26,26,25,26,26,26,26,26,28,28,28
-63,125,20,29,28,27,26,26,24,23,22,21,21,21,20,20,20,20,19,19,18,17,17,16,15,14,14,13,4,0,0,0,0,0,0,0,0,0,6,22,23,23,25,25,26,26,26,27,28,28,28,28,27,27,27,26,26,27,27,27,28,28,29,30,30
-63,125,20,24,23,22,22,21,21,20,18,18,18,17,17,17,17,17,16,16,15,15,13,13,12,12,11,11,2,0,0,0,0,0,0,0,0,0,4,19,20,20,21,22,22,22,23,23,24,25,25,24,24,23,23,23,22,22,23,24,24,24,24,25,25
-63,125,20,26,26,25,24,23,22,21,20,20,19,19,19,19,19,19,18,17,17,16,15,15,14,14,13,13,3,0,0,0,0,0,0,0,0,0,5,20,21,23,23,24,24,24,24,24,25,26,26,26,25,25,25,24,24,24,25,25,25,25,26,27,27
-63,125,20,29,28,26,25,24,24,23,22,21,21,20,20,20,20,19,19,18,17,16,16,15,14,14,13,13,3,0,0,0,0,0,0,0,0,0,5,22,22,23,25,25,26,26,26,27,27,27,28,28,28,28,27,26,26,26,26,26,27,27,29,30,30
-63,125,20,27,27,25,24,23,22,22,21,21,20,19,19,19,19,19,18,17,17,16,16,15,14,13,13,13,4,0,0,0,0,0,0,0,0,0,5,21,21,21,23,24,24,24,24,25,25,26,26,25,25,25,25,25,24,24,24,25,25,25,27,27,27
-62,125,20,27,27,26,25,24,23,22,21,20,21,20,19,19,19,18,18,18,17,16,15,15,14,13,13,13,3,0,0,0,0,0,0,0,0,0,5,21,21,22,23,23,24,25,25,25,26,27,27,27,26,26,26,25,25,26,26,25,26,26,27,28,29
-62,125,20,25,24,24,23,22,23,21,22,23,22,20,18,17,18,18,18,17,16,16,15,14,14,13,12,11,2,0,0,0,0,0,0,0,0,0,5,21,20,21,21,22,23,23,24,24,26,27,26,25,24,24,25,24,24,23,23,24,25,26,27,25,25
-63,125,20,25,25,24,23,23,22,21,20,21,20,19,18,18,18,18,18,17,16,15,15,14,13,13,12,13,3,0,0,0,0,0,0,0,0,0,5,20,21,21,22,23,23,23,23,24,25,26,25,25,24,24,24,24,24,24,24,24,25,25,26,26,26
-63,125,20,29,29,27,26,25,24,23,23,23,23,21,21,21,20,20,19,19,18,18,17,16,15,15,14,14,3,0,0,0,0,0,0,0,0,0,5,23,23,24,25,26,26,26,27,27,28,28,29,28,27,27,27,27,26,27,27,27,27,27,29,30,31
-62,125,20,25,25,25,24,23,22,21,18,16,19,21,20,19,19,19,18,18,18,17,17,15,14,14,13,13,4,0,0,0,0,0,0,0,0,0,6,21,22,22,23,23,24,24,24,25,26,26,26,26,26,25,25,24,23,25,25,26,26,25,26,28,28
-63,125,20,25,25,23,23,22,21,20,19,19,19,18,17,17,17,17,17,17,15,14,14,14,12,12,12,12,2,0,0,0,0,0,0,0,0,0,4,20,20,21,22,22,22,23,23,23,24,25,25,25,24,24,24,23,23,24,23,23,24,24,25,25,26
-63,125,20,26,26,25,23,23,23,22,21,20,20,20,19,19,19,19,18,18,17,16,16,15,14,14,13,13,4,0,0,0,0,0,0,0,0,0,6,21,21,22,22,23,24,24,25,25,25,26,26,26,25,25,25,24,24,25,25,25,25,25,26,26,27
-61,125,20,27,26,25,24,24,23,22,21,20,19,20,20,20,19,19,18,17,17,15,15,14,13,13,13,13,3,0,0,0,0,0,0,0,0,0,5,21,21,23,23,23,24,25,26,25,26,27,27,27,27,26,26,26,25,25,26,26,26,26,26,28,28
-63,125,20,26,26,24,23,23,22,20,20,20,19,19,19,18,18,17,17,17,16,15,15,15,13,13,13,12,3,0,0,0,0,0,0,0,0,0,5,20,21,22,22,23,23,24,24,25,25,26,26,26,24,24,24,24,24,24,25,25,25,25,26,26,26
-63,125,20,25,25,24,23,23,21,20,19,19,19,19,18,18,18,18,17,17,16,16,15,14,13,13,12,12,3,0,0,0,0,0,0,0,0,0,4,19,20,21,21,21,23,23,24,24,25,26,25,25,25,25,24,24,23,24,24,25,25,24,25,26,26
-63,125,20,26,26,26,24,23,22,21,21,21,20,19,19,19,19,19,18,17,17,16,15,15,14,13,13,13,3,0,0,0,0,0,0,0,0,0,6,21,21,21,23,23,24,24,25,25,26,26,26,26,26,26,25,25,25,24,24,25,25,26,27,28,27
-63,125,20,25,24,24,23,22,21,20,19,19,19,19,18,17,17,17,17,16,16,15,15,14,13,13,12,12,3,0,0,0,0,0,0,0,0,0,4,19,20,21,22,23,23,23,24,24,25,25,25,25,24,24,24,24,24,24,24,24,24,25,26,26,26
-63,125,20,30,30,28,27,26,25,24,23,23,22,21,21,22,22,21,21,19,19,18,17,16,16,15,15,15,4,0,0,0,0,0,0,0,0,0,6,24,24,25,26,26,26,27,27,28,29,29,29,29,28,28,28,27,27,27,27,28,28,29,30,30,30
-63,125,20,29,29,27,26,26,24,24,22,22,22,21,21,20,20,20,20,19,19,18,17,16,15,14,14,14,3,0,0,0,0,0,0,0,0,0,5,23,23,24,25,25,26,27,27,27,28,28,29,28,28,27,27,27,26,27,27,27,27,27,29,29,30
-63,125,20,26,26,25,24,23,22,21,21,21,21,20,19,19,18,19,18,18,17,16,15,15,14,14,13,12,3,0,0,0,0,0,0,0,0,0,5,21,21,22,23,23,24,24,25,25,26,26,26,26,25,25,26,25,24,25,25,26,25,25,27,27,27
-63,125,20,27,27,26,26,25,24,23,22,22,22,21,20,20,20,20,20,19,18,17,16,15,15,14,14,14,3,0,0,0,0,0,0,0,0,0,5,22,23,23,24,24,26,26,26,26,27,28,29,27,27,27,26,26,26,27,27,27,26,27,29,29,30
-63,125,20,26,25,24,24,24,22,21,20,21,21,20,19,19,18,18,18,18,17,16,16,15,14,13,13,13,3,0,0,0,0,0,0,0,0,0,5,20,21,22,22,23,25,25,25,25,26,26,26,26,25,24,25,24,24,25,25,25,25,25,26,27,27
-63,125,20,26,25,25,24,22,22,21,20,19,19,19,19,19,18,18,17,17,16,15,15,14,13,13,13,12,3,0,0,0,0,0,0,0,0,0,5,21,21,22,22,22,23,24,25,25,25,26,27,26,25,25,25,25,24,25,25,25,25,25,25,26,27
-63,125,20,25,24,24,23,22,22,21,20,19,18,18,18,18,18,18,17,16,16,15,14,14,14,13,12,12,3,0,0,0,0,0,0,0,0,0,5,20,20,21,22,22,22,23,23,24,24,25,25,24,24,23,23,23,22,22,23,23,24,25,25,26,26
-62,125,20,29,29,28,27,26,25,24,23,22,22,21,21,21,20,20,20,20,19,18,17,16,16,15,15,14,3,0,0,0,0,0,0,0,0,0,5,23,24,24,25,26,26,26,27,28,28,30,30,29,29,28,27,27,27,27,27,28,28,28,30,31,31
-63,125,20,25,25,25,23,22,22,21,19,19,19,19,18,18,18,18,17,17,16,15,14,14,14,12,12,12,2,0,0,0,0,0,0,0,0,0,5,20,21,21,22,23,23,23,23,24,25,26,26,25,25,24,24,24,23,24,24,24,25,25,25,26,26
-62,125,20,27,26,25,24,23,23,21,21,21,21,20,18,19,19,19,19,18,17,17,16,15,14,13,13,13,3,0,0,0,0,0,0,0,0,0,5,21,21,23,23,24,24,25,24,25,26,27,28,26,25,25,25,24,25,24,25,25,25,26,26,28,28
-62,125,20,26,25,24,23,23,22,21,20,19,19,19,19,19,18,18,18,17,17,16,15,15,14,13,13,13,3,0,0,0,0,0,0,0,0,0,5,21,21,22,22,23,24,24,24,25,25,25,25,26,25,25,24,24,23,24,25,25,25,24,25,26,27
-63,125,20,28,28,27,26,25,24,23,23,23,22,21,20,20,20,20,19,19,18,17,16,16,15,15,14,13,3,0,0,0,0,0,0,0,0,0,5,23,23,24,25,25,26,26,26,27,28,28,29,28,27,26,27,27,26,27,26,27,27,28,29,30,29
-62,125,20,31,30,28,27,27,26,25,24,24,23,23,23,22,22,21,21,20,19,18,18,17,17,16,15,15,4,0,0,0,0,0,0,0,0,0,6,24,25,26,26,26,27,28,29,29,30,30,30,30,29,29,30,28,28,28,28,28,29,29,30,31,31
-62,125,20,29,28,27,26,25,24,23,22,21,22,21,20,20,20,20,20,19,18,17,17,15,15,14,13,13,2,0,0,0,0,0,0,0,0,0,5,22,23,24,25,26,26,28,27,28,27,28,29,29,28,27,27,27,26,27,28,27,28,28,30,30,30
-63,125,20,25,25,25,24,24,22,21,20,20,20,19,18,19,18,18,18,18,17,16,15,15,14,14,13,13,4,0,0,0,0,0,0,0,0,0,5,20,21,21,22,22,23,23,24,25,25,25,26,25,24,24,25,25,24,25,25,24,25,25,26,27,28
-61,125,20,30,28,28,27,26,25,24,23,22,22,21,21,21,21,20,20,19,19,17,17,17,16,15,15,15,3,0,0,0,0,0,0,0,0,0,5,24,24,25,26,26,27,27,28,29,29,30,30,29,29,28,29,28,27,27,27,28,28,28,30,31,31
-63,125,20,29,28,27,26,25,24,23,22,22,22,21,21,20,20,20,19,18,17,17,16,15,14,14,13,13,3,0,0,0,0,0,0,0,0,0,5,22,23,25,25,25,26,26,27,27,28,29,28,28,28,27,28,27,26,26,27,27,28,28,28,30,30
-63,125,20,31,30,28,26,26,25,24,23,21,21,22,22,21,21,21,20,19,19,18,17,17,15,15,15,14,4,0,0,0,0,0,0,0,0,0,6,23,24,25,26,26,26,27,28,27,28,29,29,29,29,28,28,27,27,28,28,28,28,28,30,30,31
-63,125,20,28,27,26,26,25,24,22,21,21,21,21,20,20,20,19,19,18,17,17,16,15,14,14,13,13,2,0,0,0,0,0,0,0,0,0,5,22,22,24,24,25,25,26,26,26,27,28,28,28,27,27,27,26,26,26,26,27,27,27,28,29,29
-63,125,20,25,25,23,23,22,21,20,20,20,19,18,18,18,18,17,16,16,15,14,14,13,12,12,12,12,2,0,0,0,0,0,0,0,0,0,4,20,20,20,22,22,22,23,23,24,24,24,25,25,25,25,23,23,22,23,24,24,24,24,25,26,26
-62,125,20,31,30,28,28,27,26,25,24,24,24,23,22,22,21,21,20,20,20,19,18,16,15,15,15,15,4,0,0,0,0,0,0,0,0,0,6,24,25,25,26,27,28,28,28,29,29,30,30,30,30,30,30,29,28,29,29,29,29,29,30,32,32
-63,125,20,26,26,25,24,23,21,21,21,20,19,19,19,18,18,18,18,18,16,16,15,14,13,13,13,13,3,0,0,0,0,0,0,0,0,0,5,20,21,21,23,23,24,24,24,25,25,25,26,25,25,25,25,24,24,24,25,25,25,25,26,27,27
-63,125,20,27,26,25,24,23,22,22,21,20,20,19,19,19,19,18,18,18,17,16,16,15,14,14,13,13,4,0,0,0,0,0,0,0,0,0,5,21,22,22,23,23,24,25,25,25,25,26,26,26,25,25,25,25,24,25,25,25,26,26,27,27,28
-63,125,20,30,29,28,26,26,25,24,23,21,22,22,22,22,21,21,20,19,18,18,17,17,16,15,14,14,4,0,0,0,0,0,0,0,0,0,6,23,24,25,26,26,27,27,28,28,28,30,30,29,29,29,29,28,28,27,28,29,29,29,30,31,31
-63,125,20,25,25,23,22,21,21,20,20,20,18,18,18,18,17,17,17,16,15,15,14,14,13,13,13,12,2,0,0,0,0,0,0,0,0,0,4,19,20,21,21,22,22,24,24,24,25,25,25,25,25,25,25,25,23,23,24,25,25,25,26,27,27
-62,125,20,31,30,29,28,27,26,25,24,23,23,22,22,21,21,21,20,20,19,18,17,17,16,16,15,15,4,0,0,0,0,0,0,0,0,0,6,24,25,26,27,27,28,28,28,29,29,31,31,30,29,28,29,29,28,29,29,29,30,30,31,32,32
-63,125,20,29,29,27,26,26,25,24,22,21,20,21,21,21,20,20,19,18,18,17,16,16,15,15,14,14,3,0,0,0,0,0,0,0,0,0,5,23,23,24,24,26,26,27,27,28,28,28,28,28,28,28,28,28,27,27,27,27,28,27,29,30,31
-63,125,20,30,28,28,27,26,26,24,23,22,22,21,21,20,20,20,20,19,18,17,17,16,15,14,14,14,3,0,0,0,0,0,0,0,0,0,6,23,23,24,25,26,26,26,27,27,28,29,29,29,29,28,28,28,27,27,28,27,28,29,30,30,31
-61,125,20,27,27,26,25,24,24,22,22,22,22,21,20,20,19,19,19,19,18,17,16,15,15,14,14,13,4,0,0,0,0,0,0,0,0,0,6,22,22,23,24,24,24,25,25,25,26,26,27,26,26,26,26,25,25,26,25,25,26,26,27,28,29
-63,125,20,25,25,24,24,22,22,20,20,20,19,18,18,18,18,17,17,17,17,15,15,14,13,13,12,12,3,0,0,0,0,0,0,0,0,0,5,20,21,20,22,22,24,24,23,24,25,26,26,25,25,25,24,24,24,24,25,24,24,24,25,26,27
-63,125,20,25,24,24,23,22,21,20,20,20,20,18,18,18,17,17,17,17,16,15,15,14,14,13,12,12,2,0,0,0,0,0,0,0,0,0,5,20,20,21,22,21,22,22,23,24,25,25,25,25,24,23,23,24,24,23,24,24,25,26,25,25,25
-63,125,20,25,25,24,23,23,22,21,21,20,20,19,18,18,18,18,18,17,17,16,15,14,14,13,12,12,3,0,0,0,0,0,0,0,0,0,6,21,21,22,23,23,23,25,24,25,25,26,26,26,26,25,25,25,25,25,25,25,26,26,28,28,28
-63,125,20,26,26,25,24,23,23,21,21,21,20,20,19,19,18,18,18,18,17,16,15,14,14,13,13,12,3,0,0,0,0,0,0,0,0,0,5,21,21,22,23,23,24,24,24,24,25,26,26,26,25,25,26,25,24,24,25,25,26,26,26,27,28
-63,125,20,27,26,25,23,23,22,21,21,20,20,19,18,18,18,18,18,17,16,15,15,15,14,13,13,12,3,0,0,0,0,0,0,0,0,0,6,21,21,22,22,22,23,24,25,25,26,26,26,26,25,25,25,25,24,24,25,25,26,26,27,27,26
-63,125,20,25,24,24,21,21,21,21,19,19,18,18,17,17,17,17,17,16,15,15,14,13,13,13,12,11,2,0,0,0,0,0,0,0,0,0,4,19,20,20,21,22,22,23,23,24,25,25,25,25,24,24,24,23,23,23,23,24,24,25,26,25,25
-63,125,20,27,26,25,24,23,22,21,20,20,20,19,19,18,18,18,17,17,16,15,15,14,14,13,13,13,4,0,0,0,0,0,0,0,0,0,5,20,21,22,23,24,24,25,25,25,25,26,26,26,25,25,25,25,24,25,25,25,26,26,26,28,29
-63,125,20,30,30,27,25,25,25,24,23,21,21,21,21,21,20,20,19,19,17,17,16,16,15,14,14,13,4,0,0,0,0,0,0,0,0,0,6,23,24,25,25,26,27,27,28,28,28,29,29,29,28,28,28,28,27,27,28,28,28,28,29,30,30
-63,125,20,28,28,27,26,25,24,23,22,23,22,21,20,20,20,20,20,18,17,17,17,15,15,15,13,13,3,0,0,0,0,0,0,0,0,0,5,23,23,24,24,25,26,26,27,27,28,28,28,27,27,27,27,26,26,26,26,27,29,29,29,29,29
-62,125,20,29,29,28,27,26,25,24,22,21,22,21,21,20,20,20,20,19,19,18,16,16,15,14,14,14,3,0,0,0,0,0,0,0,0,0,5,22,23,25,25,25,26,28,28,28,28,29,30,29,28,28,28,28,27,27,28,28,28,28,29,31,31
-63,125,20,29,28,27,26,26,25,23,23,23,22,20,20,20,20,20,19,18,18,17,16,15,14,13,13,13,3,0,0,0,0,0,0,0,0,0,5,22,23,24,25,25,25,26,27,28,28,28,29,28,27,27,27,27,26,26,26,27,28,29,29,30,30
-63,125,20,26,25,24,23,21,21,20,20,19,18,18,18,17,17,17,17,16,15,15,14,13,12,12,12,11,2,0,0,0,0,0,0,0,0,0,5,19,20,21,21,22,23,24,23,23,24,25,25,25,24,24,24,23,23,24,24,24,24,25,25,26,27
-63,125,20,26,25,23,23,23,22,21,21,20,20,19,19,19,18,17,17,16,16,15,14,14,13,12,12,12,2,0,0,0,0,0,0,0,0,0,5,20,21,22,22,22,23,23,23,24,25,25,25,25,25,25,25,24,23,23,24,24,24,24,26,26,28
-63,125,20,26,25,24,23,22,21,20,20,20,19,17,17,17,17,17,17,16,15,14,14,13,12,12,12,10,2,0,0,0,0,0,0,0,0,0,4,19,20,21,21,22,23,22,23,24,24,25,24,24,23,23,24,24,24,23,24,24,24,24,26,26,26
-62,125,20,30,30,29,28,27,26,25,24,24,24,23,22,22,22,22,21,20,19,19,18,17,16,16,15,15,4,0,0,0,0,0,0,0,0,0,6,24,25,25,26,26,28,28,28,29,30,31,31,29,29,28,28,29,28,28,28,29,29,30,31,31,31
-63,125,20,28,27,26,25,25,25,23,22,21,21,21,21,20,20,20,18,18,18,17,16,15,14,14,13,13,3,0,0,0,0,0,0,0,0,0,5,21,22,23,24,25,25,26,27,27,28,28,28,28,27,27,27,27,26,26,26,27,27,27,29,30,30
-63,125,20,25,24,23,22,21,22,21,19,19,18,18,17,17,17,17,17,16,15,15,14,13,13,12,11,11,2,0,0,0,0,0,0,0,0,0,4,19,20,20,21,22,22,23,23,24,25,25,25,25,24,23,24,24,23,24,24,24,24,25,26,27,27
-63,125,20,25,25,24,23,23,21,20,20,19,19,19,18,18,18,18,17,17,16,15,14,14,13,12,12,12,2,0,0,0,0,0,0,0,0,0,5,20,20,21,22,22,23,24,23,24,24,25,25,25,24,24,24,23,23,24,24,24,25,25,26,26,26
-63,125,20,26,25,24,23,23,22,21,20,20,19,18,18,18,17,17,17,16,16,15,15,14,13,13,12,12,3,0,0,0,0,0,0,0,0,0,4,19,20,21,22,23,23,24,24,24,24,25,25,25,24,24,24,24,23,24,24,24,25,25,26,27,27
-63,125,20,29,29,28,26,26,25,24,23,23,23,21,21,21,21,20,20,19,18,18,17,16,15,15,14,14,3,0,0,0,0,0,0,0,0,0,5,22,24,24,25,25,26,27,28,28,28,29,29,29,28,28,28,27,26,28,27,27,28,28,29,30,30
-63,125,20,27,26,25,24,24,23,22,21,20,20,20,19,19,19,18,18,17,17,16,16,15,14,14,13,13,4,0,0,0,0,0,0,0,0,0,6,21,21,22,23,23,24,24,24,24,25,25,26,25,24,24,25,24,24,24,25,25,25,25,26,27,27
-63,125,20,26,26,25,24,24,22,21,20,21,20,19,19,19,18,18,18,18,17,16,15,15,13,13,13,13,3,0,0,0,0,0,0,0,0,0,5,21,21,21,22,23,24,24,24,25,26,26,26,26,25,25,25,25,24,24,25,25,25,25,26,27,27
-62,125,20,27,27,26,25,25,23,22,21,21,21,21,20,20,20,19,19,19,18,17,16,15,14,14,14,13,4,0,0,0,0,0,0,0,0,0,6,21,22,22,24,24,25,25,25,25,25,26,26,26,26,25,26,25,24,25,25,26,26,25,27,29,29
-63,125,20,29,28,27,26,25,25,24,22,21,21,21,21,21,21,20,20,19,19,18,17,16,16,14,14,14,3,0,0,0,0,0,0,0,0,0,5,22,24,24,24,25,25,26,26,27,28,28,28,28,27,26,26,27,26,26,26,27,28,28,29,30,30
-63,125,20,26,25,24,23,23,21,21,20,20,20,19,19,19,18,18,18,17,17,16,15,14,13,13,13,12,3,0,0,0,0,0,0,0,0,0,5,20,21,21,22,23,23,23,24,24,24,25,25,25,24,24,24,24,23,24,25,25,25,25,26,26,26
-63,125,20,26,26,24,24,22,22,22,20,20,20,18,18,18,18,18,17,17,16,16,15,14,13,13,12,12,3,0,0,0,0,0,0,0,0,0,5,20,20,22,22,22,23,23,24,25,25,25,25,24,24,24,24,23,23,24,24,24,25,25,26,27,27
-63,125,20,29,29,28,27,27,25,24,23,22,22,22,21,21,21,21,21,20,19,19,18,16,15,15,14,14,4,0,0,0,0,0,0,0,0,0,6,23,24,24,25,25,26,27,26,27,28,29,29,29,27,27,27,26,26,27,28,27,28,28,30,31,31
-61,125,20,26,26,25,24,24,23,22,22,21,20,19,19,19,19,18,18,17,17,16,15,14,13,13,12,13,3,0,0,0,0,0,0,0,0,0,5,20,21,22,23,23,24,24,25,24,26,26,27,26,26,25,25,24,24,25,25,25,25,26,26,27,28
-63,125,20,26,25,24,24,23,22,21,21,20,19,19,18,18,18,18,17,17,16,15,15,14,14,13,12,12,3,0,0,0,0,0,0,0,0,0,5,20,20,21,22,22,23,24,23,24,25,25,25,25,25,25,25,24,24,25,25,25,25,26,26,27,27
-63,125,20,30,30,29,27,26,26,24,24,23,23,22,21,21,21,21,20,19,18,18,17,17,17,15,15,14,4,0,0,0,0,0,0,0,0,0,6,23,24,24,25,26,26,26,28,28,29,30,29,29,28,27,28,28,28,28,28,28,29,30,31,31,30
-61,125,20,31,30,29,28,27,26,25,23,23,23,23,22,22,22,22,21,20,20,18,18,17,17,16,16,14,4,0,0,0,0,0,0,0,0,0,6,24,24,25,26,26,27,27,28,28,29,30,30,29,28,28,28,28,28,28,28,28,29,30,31,32,32
-63,125,20,25,25,24,23,21,21,21,20,21,19,18,17,18,18,18,17,16,15,15,14,13,13,12,12,11,2,0,0,0,0,0,0,0,0,0,4,20,20,20,21,22,22,22,23,24,24,25,24,24,24,24,24,24,23,23,23,23,25,25,26,26,25
-63,125,20,29,29,27,26,25,24,23,22,21,21,20,20,20,20,20,19,18,18,17,16,15,14,14,13,13,2,0,0,0,0,0,0,0,0,0,5,22,22,24,24,24,24,26,26,26,27,28,28,28,27,26,26,26,26,26,27,27,27,28,29,29,29
-63,125,20,30,30,29,27,26,26,25,23,23,22,22,22,21,21,21,20,19,19,18,18,16,15,15,15,14,4,0,0,0,0,0,0,0,0,0,6,23,24,25,25,26,27,27,27,28,29,29,29,29,28,28,29,28,27,28,29,28,29,29,30,31,31
-63,125,20,29,29,28,26,25,25,24,23,23,21,21,20,20,20,20,19,18,18,18,16,15,15,15,14,13,3,0,0,0,0,0,0,0,0,0,5,22,23,23,24,24,25,26,26,28,28,29,29,29,27,27,27,27,26,26,26,27,28,28,29,30,31
-62,125,20,30,30,28,27,27,25,25,24,24,23,23,23,22,21,21,20,20,19,18,18,16,16,16,14,14,4,0,0,0,0,0,0,0,0,0,5,23,24,24,26,26,27,28,28,28,29,30,30,29,29,28,28,27,28,28,28,28,29,29,30,31,31
-63,125,20,24,24,24,24,23,22,21,20,20,20,18,17,17,18,18,17,17,16,15,14,13,13,12,11,11,2,0,0,0,0,0,0,0,0,0,5,19,19,20,20,22,22,23,23,24,24,25,25,24,23,23,23,23,23,23,24,24,24,25,26,26,26
-63,125,20,29,29,28,27,26,25,24,23,22,21,22,21,21,20,20,19,19,18,17,16,16,15,14,13,13,3,0,0,0,0,0,0,0,0,0,5,22,23,23,24,25,25,26,26,27,27,28,28,28,27,27,27,27,26,27,27,27,27,27,29,30,31
-63,125,20,26,25,25,24,24,23,22,21,20,20,20,19,19,19,19,18,18,17,16,16,15,14,14,13,13,4,0,0,0,0,0,0,0,0,0,6,21,21,22,22,22,23,24,24,24,25,26,26,26,26,25,24,24,24,25,25,25,25,25,26,27,28
-63,125,20,26,26,25,24,23,22,21,22,22,21,19,19,19,19,18,18,17,17,16,16,14,14,13,13,12,3,0,0,0,0,0,0,0,0,0,5,21,21,21,22,23,24,24,25,25,25,26,26,26,25,25,25,25,25,25,25,25,26,26,27,27,27
-63,125,20,27,26,25,24,24,23,22,21,20,20,20,19,19,19,19,18,18,17,16,15,15,14,13,13,12,3,0,0,0,0,0,0,0,0,0,5,21,21,22,23,23,23,24,24,25,26,26,26,26,25,25,25,25,25,24,25,25,26,26,27,27,27
-63,125,20,26,25,24,23,23,23,21,20,19,19,19,18,18,18,17,17,17,16,15,15,14,13,13,12,12,2,0,0,0,0,0,0,0,0,0,5,20,21,21,22,22,23,23,23,24,24,25,25,25,23,23,24,24,23,23,24,24,24,25,26,26,27
-63,125,20,29,29,28,28,26,25,24,23,23,23,21,21,20,20,20,19,19,19,18,17,16,15,15,14,13,3,0,0,0,0,0,0,0,0,0,6,23,23,23,25,26,26,26,27,26,28,29,29,28,28,26,27,27,27,28,27,28,27,29,30,30,31
-61,125,20,27,27,26,24,24,23,22,21,21,21,20,18,19,19,19,18,18,17,17,15,15,15,13,13,12,3,0,0,0,0,0,0,0,0,0,5,21,21,23,24,23,24,25,25,25,26,27,27,26,25,25,25,25,25,25,25,25,26,26,27,28,28
-63,125,20,30,29,28,27,27,26,24,23,23,23,22,21,21,21,21,21,20,19,18,17,17,16,16,15,14,4,0,0,0,0,0,0,0,0,0,6,23,24,25,26,26,26,27,27,28,29,29,29,29,28,28,28,28,27,27,28,28,28,29,30,30,30
-63,125,20,25,25,25,24,23,22,21,20,21,20,19,19,17,17,17,17,17,16,15,14,14,14,12,12,12,3,0,0,0,0,0,0,0,0,0,5,20,20,21,21,22,22,23,24,23,24,25,26,25,25,25,25,24,23,24,24,24,25,25,26,27,27
-63,125,20,26,26,24,24,23,22,21,20,19,20,20,18,18,19,19,18,18,17,16,16,15,14,14,13,12,3,0,0,0,0,0,0,0,0,0,5,20,20,21,22,23,23,24,24,24,24,25,26,24,24,24,24,24,23,24,24,24,24,25,26,27,26
-63,125,20,26,25,24,23,22,21,20,20,20,20,19,18,18,18,18,18,17,16,15,15,14,13,13,12,12,3,0,0,0,0,0,0,0,0,0,4,20,21,21,21,23,23,23,23,24,24,25,25,25,25,23,23,23,22,23,23,24,24,24,25,26,26
-63,125,20,26,25,24,23,22,22,21,21,20,20,19,18,18,18,18,17,17,16,15,15,14,13,13,12,12,3,0,0,0,0,0,0,0,0,0,4,19,20,21,22,23,23,23,23,24,24,25,25,25,24,24,24,23,23,24,24,24,25,25,26,27,27
-63,125,20,26,25,25,24,23,22,21,20,19,20,19,18,18,18,18,17,17,16,16,15,14,13,13,13,13,3,0,0,0,0,0,0,0,0,0,5,21,21,21,22,23,23,23,24,23,24,25,25,25,24,24,24,24,23,25,24,24,24,24,26,27,27
-63,125,20,24,24,24,23,22,22,21,19,19,19,18,17,17,17,17,17,17,16,15,14,13,13,13,12,11,2,0,0,0,0,0,0,0,0,0,4,19,20,20,21,22,22,23,23,24,25,25,25,24,23,22,23,23,23,23,24,24,24,25,25,26,26
-62,125,20,28,27,26,25,25,24,23,22,21,22,21,20,19,19,19,19,19,18,17,16,15,15,14,13,13,3,0,0,0,0,0,0,0,0,0,6,22,22,23,24,24,25,24,25,26,27,27,27,27,26,26,27,26,25,26,26,26,27,27,29,29,29
-61,125,20,23,23,22,21,21,20,19,18,17,18,17,17,17,17,16,15,15,15,14,13,13,11,11,11,11,2,0,0,0,0,0,0,0,0,0,3,18,19,20,20,21,20,21,21,22,22,23,23,23,23,23,22,22,21,21,22,22,23,22,23,25,25
-61,125,20,28,27,26,25,25,24,22,21,21,20,20,20,20,20,19,19,19,18,17,17,16,15,15,13,13,4,0,0,0,0,0,0,0,0,0,6,21,22,23,24,24,25,26,26,25,26,27,27,27,26,26,26,25,25,26,26,26,26,26,27,28,28
-61,125,20,30,29,28,27,26,26,25,24,24,23,22,21,21,21,21,21,20,19,18,17,16,16,15,15,13,3,0,0,0,0,0,0,0,0,0,5,22,23,25,25,26,26,27,27,27,28,29,29,29,28,27,28,27,27,27,27,28,28,29,30,30,30
-61,125,20,28,27,26,25,25,24,23,22,21,21,21,20,20,20,20,19,19,18,17,16,15,15,14,13,13,3,0,0,0,0,0,0,0,0,0,5,21,22,23,24,24,24,25,25,25,26,27,27,27,27,26,26,25,26,25,26,26,26,26,27,28,29
-61,125,20,26,26,25,24,23,22,22,21,21,21,19,19,19,19,19,18,18,17,16,15,15,14,14,13,12,3,0,0,0,0,0,0,0,0,0,5,21,21,22,22,22,24,24,24,25,25,26,26,25,24,24,25,24,24,24,24,25,25,25,26,27,26
-62,125,20,27,27,25,24,23,23,22,21,19,19,19,20,20,19,19,18,17,17,16,16,15,13,13,13,13,2,0,0,0,0,0,0,0,0,0,5,21,21,22,22,23,23,24,24,25,25,26,27,27,27,26,25,24,24,24,25,25,25,26,27,28,28
-61,125,20,31,30,29,28,27,26,25,23,23,23,22,22,22,22,22,21,20,20,19,18,17,17,17,16,14,4,0,0,0,0,0,0,0,0,0,6,23,24,25,26,27,27,28,28,29,29,30,30,29,29,29,29,29,27,28,28,29,30,29,31,31,31
-62,125,20,30,29,28,27,27,25,25,23,22,23,22,21,21,21,21,21,20,19,18,17,17,16,15,14,14,3,0,0,0,0,0,0,0,0,0,5,23,24,24,26,26,27,27,27,27,28,30,30,29,28,27,27,28,27,27,28,28,29,29,30,30,30
-62,125,20,26,26,25,24,24,22,21,21,20,20,19,19,19,19,18,18,17,17,16,15,14,13,13,13,13,2,0,0,0,0,0,0,0,0,0,5,20,21,21,23,23,24,25,24,25,25,26,26,26,25,25,25,25,24,24,25,25,25,25,26,27,28
-61,125,20,25,25,24,23,22,21,21,20,21,20,18,18,18,18,18,17,17,17,15,15,14,14,13,13,12,3,0,0,0,0,0,0,0,0,0,5,19,20,20,21,22,22,22,22,23,24,25,25,24,24,23,24,23,22,22,23,23,25,25,25,25,25
-61,125,20,28,27,26,25,24,23,23,22,21,21,20,21,20,20,20,19,18,18,17,16,15,15,14,14,14,4,0,0,0,0,0,0,0,0,0,5,22,22,23,24,24,25,25,26,26,27,28,28,27,27,26,26,26,25,26,26,26,26,27,28,29,29
-61,125,20,26,26,25,24,23,22,21,21,21,21,19,19,19,19,18,18,18,17,16,15,14,13,13,12,12,2,0,0,0,0,0,0,0,0,0,4,20,21,21,22,22,23,24,24,24,25,26,26,26,25,25,25,24,24,24,25,24,25,25,26,27,27
-61,125,20,26,25,25,24,23,22,21,20,20,20,19,18,18,18,18,18,18,17,15,15,14,13,13,12,12,2,0,0,0,0,0,0,0,0,0,4,20,21,21,21,22,24,24,24,25,25,26,25,25,25,24,25,24,24,24,24,25,25,25,26,27,27
-61,125,20,26,26,25,24,23,23,21,20,20,20,20,19,19,19,19,19,18,17,16,15,14,14,13,13,12,3,0,0,0,0,0,0,0,0,0,5,21,21,22,22,23,23,24,24,24,26,26,26,26,25,25,25,25,24,25,25,25,25,26,27,27,28
-61,125,20,27,27,25,25,24,22,22,21,21,21,19,19,19,19,19,19,18,17,16,16,15,14,14,13,12,2,0,0,0,0,0,0,0,0,0,5,21,21,22,23,24,24,24,25,24,26,27,27,26,25,25,25,25,25,24,25,25,26,26,28,28,27
-61,125,20,23,23,22,22,21,20,19,18,18,18,17,17,17,17,17,16,16,15,14,14,12,12,12,11,10,2,0,0,0,0,0,0,0,0,0,4,17,19,19,20,20,21,21,22,22,21,23,23,22,22,22,22,21,21,21,21,22,22,22,23,25,25
-61,125,20,25,25,24,23,22,21,20,20,19,19,18,17,17,17,17,17,16,16,15,15,14,13,13,13,12,3,0,0,0,0,0,0,0,0,0,5,19,20,21,22,22,22,23,23,23,24,25,25,24,23,23,24,23,23,23,23,24,24,24,25,25,25
-62,125,20,31,30,29,28,28,26,25,24,23,23,23,22,22,22,22,21,21,20,19,18,17,17,16,15,15,4,0,0,0,0,0,0,0,0,0,6,24,24,26,27,27,28,28,28,28,29,30,30,29,29,29,29,28,28,29,29,29,29,29,30,32,33
-61,125,20,25,24,24,23,22,21,20,20,20,19,18,18,17,17,17,17,17,16,16,15,14,14,13,13,12,3,0,0,0,0,0,0,0,0,0,5,19,20,21,21,22,23,23,23,23,24,24,25,24,24,24,24,23,23,23,23,24,24,24,25,26,26
-61,125,20,26,26,25,24,23,22,21,21,21,21,20,19,19,18,18,18,17,17,16,16,14,14,14,13,13,3,0,0,0,0,0,0,0,0,0,5,20,21,22,22,23,24,25,24,25,25,26,27,26,25,25,25,24,24,24,25,25,25,26,27,27,28
-61,125,20,26,26,25,24,23,22,22,21,20,20,19,19,19,18,18,18,17,16,16,15,14,13,13,12,12,2,0,0,0,0,0,0,0,0,0,5,20,20,21,22,22,23,24,24,25,25,26,26,25,25,25,25,24,24,24,25,25,25,25,26,27,26
-61,125,20,25,24,23,22,22,21,20,19,19,18,18,18,18,17,17,17,16,16,15,14,14,13,13,13,12,3,0,0,0,0,0,0,0,0,0,4,19,19,21,21,21,22,22,23,23,23,24,24,24,24,23,23,23,22,22,24,24,24,24,24,26,26
-61,125,20,30,30,29,29,27,25,25,24,24,23,23,23,22,22,22,21,21,20,19,18,17,17,16,15,15,4,0,0,0,0,0,0,0,0,0,6,23,25,25,25,27,28,28,28,28,28,29,30,29,29,29,28,29,28,28,28,29,29,29,30,32,33
-61,125,20,25,25,24,23,22,22,20,19,19,20,19,18,18,18,18,17,17,17,15,15,14,14,13,13,13,3,0,0,0,0,0,0,0,0,0,5,20,21,21,22,22,22,23,23,24,24,25,25,25,24,23,24,23,23,23,23,23,24,25,25,26,26
-62,125,20,30,30,29,27,26,26,25,24,23,23,23,22,22,22,22,21,21,20,19,18,17,17,16,15,15,4,0,0,0,0,0,0,0,0,0,6,24,24,25,26,26,26,28,28,28,28,29,29,29,28,29,29,27,27,28,28,29,28,29,31,32,32
-61,125,20,24,23,22,21,21,20,19,18,19,19,18,17,17,17,17,17,16,16,15,15,13,13,12,12,10,2,0,0,0,0,0,0,0,0,0,5,19,20,20,20,21,21,22,22,23,23,24,24,24,23,22,22,22,22,22,22,22,23,23,25,25,25
-62,125,20,30,29,28,27,26,25,24,23,23,22,21,21,21,21,20,20,19,19,18,16,15,15,14,14,13,3,0,0,0,0,0,0,0,0,0,5,22,23,24,25,26,27,27,28,28,29,29,29,28,28,28,28,28,27,27,28,28,28,29,30,31,31
-61,125,20,25,24,23,23,22,22,21,20,19,19,19,18,18,18,18,18,17,16,16,15,14,13,13,12,12,3,0,0,0,0,0,0,0,0,0,5,20,20,21,22,22,22,23,24,23,24,25,25,24,24,23,23,23,23,23,23,23,24,24,25,26,26
-61,125,20,27,26,26,24,24,23,22,22,22,21,19,19,19,19,19,18,17,17,16,15,15,14,13,13,13,2,0,0,0,0,0,0,0,0,0,5,21,22,22,23,23,24,24,24,25,26,26,26,26,25,25,25,26,25,25,25,25,25,26,27,27,28
-61,125,20,25,24,23,22,22,21,19,19,19,19,17,17,17,17,17,17,16,16,14,14,14,13,12,12,11,3,0,0,0,0,0,0,0,0,0,4,19,19,20,20,21,22,22,23,22,23,24,25,24,24,23,23,23,23,23,23,23,24,24,25,25,25
-61,125,20,28,27,26,25,24,23,22,22,21,21,21,21,19,19,19,19,19,18,17,17,16,14,14,14,13,4,0,0,0,0,0,0,0,0,0,5,21,22,24,23,24,25,25,26,26,27,27,27,27,27,27,26,26,26,26,26,26,26,26,27,29,29
-61,125,20,29,29,28,27,26,25,24,23,24,23,21,21,21,21,21,20,19,19,18,17,17,15,15,14,13,3,0,0,0,0,0,0,0,0,0,5,23,23,24,25,26,27,27,27,28,29,29,29,29,28,28,28,28,27,27,28,28,28,29,29,30,30
-62,125,20,31,30,29,28,27,27,26,25,25,24,23,22,22,22,22,22,21,20,19,19,18,17,16,16,15,4,0,0,0,0,0,0,0,0,0,6,24,25,25,26,27,27,28,28,28,29,30,30,29,29,28,29,28,27,28,28,29,29,30,31,32,33
-61,125,20,25,23,22,21,21,20,20,18,18,18,17,17,17,17,17,16,16,15,14,14,13,12,12,11,11,2,0,0,0,0,0,0,0,0,0,4,18,19,19,20,20,21,21,21,22,23,23,23,23,23,22,23,22,21,21,22,22,23,23,24,25,25
-61,125,20,24,24,23,21,21,20,19,18,18,18,18,17,17,17,17,17,16,16,15,14,13,12,12,12,11,2,0,0,0,0,0,0,0,0,0,4,19,19,20,20,21,22,22,22,23,23,23,24,24,23,22,22,22,21,22,22,23,23,23,24,25,25
-61,125,20,26,26,25,24,23,23,22,22,21,20,20,19,19,19,19,18,17,17,16,15,14,13,13,13,12,3,0,0,0,0,0,0,0,0,0,5,20,21,22,23,23,24,24,25,25,25,26,27,26,25,25,26,25,25,25,25,25,25,25,27,28,29
-61,125,20,27,26,25,24,23,23,21,21,21,20,19,19,18,18,18,18,18,17,16,15,14,14,13,13,12,3,0,0,0,0,0,0,0,0,0,4,20,21,21,22,23,23,24,24,25,25,26,26,26,25,25,25,25,24,24,25,25,25,25,27,28,28
-61,125,20,27,26,25,25,24,23,22,22,22,22,21,20,20,20,20,19,19,18,17,17,16,15,14,14,13,4,0,0,0,0,0,0,0,0,0,6,21,22,23,23,23,25,25,25,26,26,27,27,27,26,26,26,26,25,25,26,26,26,26,27,28,29
-61,125,20,27,26,26,25,24,23,22,21,21,20,19,19,18,19,18,18,18,17,16,15,15,14,14,13,12,3,0,0,0,0,0,0,0,0,0,5,21,21,22,23,23,24,24,24,24,25,25,25,25,25,25,25,24,24,24,25,25,26,26,27,28,27
-61,125,20,26,26,25,24,23,22,22,21,20,20,20,19,19,19,19,19,18,17,16,15,14,14,13,13,12,3,0,0,0,0,0,0,0,0,0,5,21,21,22,22,22,23,24,24,25,25,26,26,25,25,25,24,24,23,24,25,25,25,25,26,27,28
-61,125,20,24,24,23,22,21,21,20,19,19,18,17,17,17,16,16,16,16,15,14,14,13,13,12,12,11,2,0,0,0,0,0,0,0,0,0,4,18,19,20,21,21,22,22,22,22,23,24,24,23,23,22,23,22,22,22,22,23,23,24,24,25,25
-61,125,20,30,29,29,27,27,26,25,23,23,22,22,22,22,22,21,21,20,19,18,17,16,16,15,15,14,3,0,0,0,0,0,0,0,0,0,6,24,24,25,26,26,27,27,27,28,29,29,29,29,29,28,28,28,27,28,28,29,29,29,30,31,32
-62,125,20,31,30,29,28,28,27,25,24,23,23,23,22,22,21,21,21,21,20,19,18,17,16,16,15,15,4,0,0,0,0,0,0,0,0,0,6,25,24,26,26,27,28,28,28,28,29,30,30,30,29,29,29,29,28,29,29,29,30,30,31,32,32
-62,125,20,28,26,26,24,24,24,24,24,23,22,20,19,19,20,19,18,18,17,16,15,15,14,13,13,13,4,0,0,0,0,0,0,0,0,0,6,22,22,23,23,24,24,24,25,25,25,26,27,27,26,26,25,25,24,25,26,26,26,26,27,28,29
-62,125,20,29,29,28,27,26,25,24,24,23,23,21,20,20,20,20,20,19,19,18,17,16,14,14,14,13,3,0,0,0,0,0,0,0,0,0,5,23,23,23,25,26,26,27,27,27,27,28,29,28,28,28,28,27,27,27,27,27,27,29,30,30,30
-62,125,20,30,29,28,27,26,25,25,24,24,24,22,22,22,21,21,21,20,19,18,17,17,16,16,15,15,4,0,0,0,0,0,0,0,0,0,6,23,24,25,26,26,27,27,26,27,29,29,29,29,28,28,28,28,27,28,28,28,29,29,30,31,31
-62,125,20,30,30,29,27,27,25,24,23,22,22,22,21,21,21,21,20,20,19,18,17,16,15,15,15,14,3,0,0,0,0,0,0,0,0,0,5,23,23,24,26,26,26,27,28,27,29,30,30,29,28,28,28,28,28,28,28,29,29,29,30,31,31
-61,125,20,27,26,25,25,23,23,22,21,21,20,20,19,18,18,18,18,18,17,16,15,15,14,13,13,12,2,0,0,0,0,0,0,0,0,0,5,21,21,22,22,23,25,24,24,25,25,26,27,27,25,25,26,25,25,25,26,25,26,26,27,28,28
-61,125,20,31,29,29,27,27,26,25,24,23,23,22,22,22,21,21,20,19,19,18,18,17,15,15,15,15,3,0,0,0,0,0,0,0,0,0,6,23,24,25,26,26,26,27,28,27,28,29,29,29,29,29,27,28,27,28,28,28,29,29,30,31,32
-62,125,20,27,27,26,25,24,23,22,21,21,21,20,19,19,19,19,19,18,17,17,16,15,15,14,13,13,4,0,0,0,0,0,0,0,0,0,5,21,21,23,24,24,24,25,24,25,26,26,27,26,26,26,25,25,25,25,25,25,26,26,27,28,28
-61,125,20,27,26,25,24,24,22,21,20,19,20,19,19,19,18,18,18,18,17,15,15,14,13,13,13,12,3,0,0,0,0,0,0,0,0,0,4,21,21,22,23,23,23,24,25,25,25,26,26,26,26,25,25,25,24,24,25,25,25,25,26,28,27
-61,125,20,24,23,22,21,20,20,19,18,18,18,17,16,16,16,16,16,15,15,13,13,13,12,12,11,10,2,0,0,0,0,0,0,0,0,0,4,18,18,19,21,20,21,21,21,22,24,24,24,23,23,22,22,22,21,21,21,23,23,24,24,25,25
-61,125,20,28,28,26,25,25,24,23,21,20,20,20,19,19,19,19,18,18,17,17,16,15,15,14,14,13,4,0,0,0,0,0,0,0,0,0,6,21,22,23,24,25,25,26,26,26,27,28,28,27,27,26,26,26,26,26,27,26,26,27,28,28,28
-61,125,20,31,31,29,28,27,26,26,24,24,23,23,22,22,22,22,21,20,20,19,18,17,16,16,15,15,4,0,0,0,0,0,0,0,0,0,6,23,24,26,26,27,27,28,28,29,29,30,30,30,29,29,30,29,28,28,30,30,30,31,31,32,32
-61,125,20,27,26,25,24,24,23,22,21,21,20,19,18,18,18,18,18,18,16,16,15,14,14,13,13,12,3,0,0,0,0,0,0,0,0,0,5,21,21,22,23,23,24,25,25,25,26,27,27,26,25,25,25,25,25,25,25,26,26,26,27,28,28
-62,125,20,29,29,28,27,26,25,24,24,24,24,21,21,21,21,21,21,19,19,18,17,17,15,15,14,14,3,0,0,0,0,0,0,0,0,0,5,22,24,24,25,25,26,27,28,28,28,29,29,29,28,28,28,27,27,27,27,27,28,29,29,30,30
-61,125,20,27,27,26,25,24,24,22,21,21,21,20,20,20,20,20,19,18,18,18,16,15,15,14,13,13,3,0,0,0,0,0,0,0,0,0,6,22,23,23,24,24,25,25,25,26,26,27,27,27,26,26,26,26,26,26,26,26,26,27,28,29,29
-61,125,20,24,24,23,21,21,20,19,19,20,19,18,18,18,17,17,17,15,15,15,14,14,13,13,12,12,3,0,0,0,0,0,0,0,0,0,5,19,20,20,20,21,21,22,22,23,24,25,25,25,23,23,23,22,22,22,23,24,24,24,24,26,26
-61,125,20,26,25,24,23,22,21,21,20,20,19,18,18,17,17,17,17,16,15,15,14,14,13,13,12,12,3,0,0,0,0,0,0,0,0,0,5,20,20,21,22,22,23,23,23,24,24,25,25,24,24,24,24,24,23,23,24,24,24,25,25,26,26
-62,125,20,31,30,29,28,28,25,24,22,23,24,23,24,23,21,21,21,20,20,19,17,16,16,15,15,15,4,0,0,0,0,0,0,0,0,0,7,24,25,25,26,26,28,28,29,28,28,29,30,30,30,30,29,29,28,29,29,30,29,29,31,32,33
-61,125,20,31,30,29,28,27,26,25,25,24,23,22,22,22,22,21,21,20,19,18,17,17,16,16,16,15,4,0,0,0,0,0,0,0,0,0,6,24,25,25,26,27,28,28,28,29,30,30,31,30,30,29,29,28,28,28,29,29,29,29,31,32,32
-61,125,20,31,31,29,27,26,25,24,23,23,23,22,21,21,21,21,20,20,19,18,17,16,15,15,14,13,3,0,0,0,0,0,0,0,0,0,5,22,23,25,26,26,27,27,28,28,29,30,30,29,28,28,29,28,27,28,29,29,29,29,31,31,31
-61,125,20,28,27,26,26,25,24,23,22,22,21,20,20,20,19,19,19,19,18,17,16,16,15,14,14,14,4,0,0,0,0,0,0,0,0,0,6,21,22,23,24,24,25,26,25,26,26,27,28,27,26,26,26,26,26,26,26,26,26,26,28,29,30
-62,125,20,31,30,29,28,27,26,25,25,25,24,23,22,22,22,21,21,20,20,19,18,17,16,16,15,15,4,0,0,0,0,0,0,0,0,0,6,24,25,26,26,27,27,28,28,28,29,30,30,30,29,29,28,28,28,28,28,29,29,29,30,32,32
-62,125,20,27,27,26,25,24,23,23,22,22,22,21,20,20,20,20,20,19,18,17,16,16,15,15,14,14,4,0,0,0,0,0,0,0,0,0,6,22,22,23,24,24,25,26,25,26,27,28,28,27,26,26,26,26,25,26,26,27,27,26,27,28,28
-61,125,20,25,25,23,23,22,21,20,20,19,19,18,17,17,17,17,17,16,15,15,14,13,13,12,12,12,3,0,0,0,0,0,0,0,0,0,4,19,20,21,21,21,22,22,23,23,24,25,25,24,23,23,24,23,22,23,23,23,23,24,25,26,26
-61,125,20,25,24,24,23,22,21,20,20,20,20,19,18,18,18,18,17,17,16,15,15,14,14,13,12,12,3,0,0,0,0,0,0,0,0,0,5,20,20,21,21,21,23,23,23,23,24,25,25,24,24,24,24,23,23,23,23,24,24,25,25,25,25
-61,125,20,27,26,25,25,24,23,22,21,21,20,19,18,18,18,18,18,18,17,15,15,14,14,13,13,12,3,0,0,0,0,0,0,0,0,0,5,20,21,22,23,24,24,25,25,25,26,26,26,26,25,25,25,25,25,25,25,25,26,26,27,28,27
-61,125,20,27,26,26,25,24,23,22,21,21,21,19,18,18,18,18,18,17,16,15,15,14,13,13,13,12,2,0,0,0,0,0,0,0,0,0,5,20,21,22,23,23,24,25,25,25,26,27,27,26,26,26,25,25,25,25,25,25,26,26,27,28,27
-61,125,20,25,24,23,23,22,21,21,20,19,19,18,18,18,18,18,17,17,16,16,15,14,13,13,13,13,3,0,0,0,0,0,0,0,0,0,5,20,20,21,21,22,23,23,23,23,24,25,25,24,24,24,24,23,22,23,24,24,24,24,25,26,26
-61,125,20,28,27,26,25,25,23,22,22,22,21,20,19,19,19,19,18,18,17,16,15,15,14,14,13,13,3,0,0,0,0,0,0,0,0,0,5,21,22,22,23,24,25,25,25,26,26,27,27,26,26,26,26,26,25,25,25,26,26,26,27,28,27
-61,125,20,27,26,26,25,24,23,22,21,21,20,19,19,18,18,18,18,17,17,16,16,15,14,13,13,12,3,0,0,0,0,0,0,0,0,0,5,20,21,22,23,23,24,25,25,25,26,26,26,25,25,25,25,25,24,25,25,26,26,26,27,27,27
-61,125,20,25,25,23,22,22,21,21,19,19,19,18,17,17,17,17,16,16,15,15,14,13,13,13,12,12,3,0,0,0,0,0,0,0,0,0,5,19,19,21,21,21,21,22,23,23,23,25,25,24,23,23,22,22,23,22,23,23,23,24,25,25,25
-61,125,20,30,30,29,27,27,26,25,24,24,23,22,21,21,21,21,21,20,20,18,17,17,16,16,15,14,3,0,0,0,0,0,0,0,0,0,6,24,24,25,26,27,27,27,28,27,28,29,30,29,29,29,29,28,27,27,28,29,29,29,30,31,32
-61,125,20,27,26,25,24,24,22,21,20,20,20,18,18,18,18,18,18,18,16,15,15,14,14,13,13,12,3,0,0,0,0,0,0,0,0,0,4,20,22,22,23,23,24,25,25,25,25,26,27,26,25,25,26,25,25,25,25,25,25,26,27,28,28
-62,125,20,32,31,29,28,27,27,26,24,23,23,22,22,22,21,21,21,20,19,18,18,17,16,16,15,15,4,0,0,0,0,0,0,0,0,0,6,24,24,26,27,27,28,28,29,29,29,30,30,30,29,29,29,29,28,28,29,29,30,30,31,32,33
-61,125,20,27,27,26,24,24,23,22,21,21,20,19,19,19,19,19,19,17,17,16,16,14,14,14,13,13,3,0,0,0,0,0,0,0,0,0,5,21,21,22,23,23,24,25,25,26,26,27,27,26,26,25,25,26,25,26,26,25,25,27,27,28,28
-61,125,20,26,26,25,24,24,22,21,20,20,20,19,18,18,18,18,18,18,16,15,15,15,13,12,12,12,2,0,0,0,0,0,0,0,0,0,4,20,21,21,22,23,24,24,25,25,25,26,26,26,26,25,25,25,24,25,24,24,25,26,26,27,28
-61,125,20,28,27,26,25,24,24,23,22,22,21,20,20,20,20,20,19,18,18,17,17,16,15,14,14,14,4,0,0,0,0,0,0,0,0,0,6,22,22,23,24,24,25,25,25,25,27,27,27,27,26,26,26,25,25,25,26,26,26,26,27,28,29
-62,125,20,29,29,28,27,25,25,23,23,22,22,22,21,21,21,21,20,20,19,18,17,16,15,15,14,14,3,0,0,0,0,0,0,0,0,0,5,23,24,24,25,26,26,27,27,28,28,28,29,29,29,28,28,28,27,28,28,29,28,28,30,31,31
-61,125,20,28,27,27,25,25,24,23,21,21,22,21,20,19,19,19,19,19,18,17,17,15,15,15,13,13,4,0,0,0,0,0,0,0,0,0,5,21,22,23,24,25,24,25,25,26,27,28,28,28,26,26,26,26,25,26,26,26,26,27,29,29,29
-61,125,20,29,29,28,27,26,25,24,22,21,22,22,20,20,20,20,20,19,19,18,16,16,15,14,14,13,3,0,0,0,0,0,0,0,0,0,5,22,23,24,25,25,26,26,27,27,28,29,30,28,27,27,28,28,27,28,28,27,29,29,30,31,31
-61,125,20,28,27,26,25,24,23,23,22,21,21,20,20,19,19,19,19,18,18,17,16,15,15,14,13,13,4,0,0,0,0,0,0,0,0,0,6,21,22,23,23,24,25,25,24,25,26,27,27,27,25,25,25,26,25,25,25,25,26,26,27,28,28
-61,125,20,25,25,24,23,22,21,21,20,20,19,19,18,18,18,18,17,17,16,15,15,13,13,13,12,12,3,0,0,0,0,0,0,0,0,0,5,20,20,21,21,22,23,23,23,23,24,24,25,24,24,24,24,23,23,24,24,24,24,24,26,26,26
-62,125,20,31,30,29,28,27,26,25,24,24,23,23,22,22,22,22,21,21,20,19,18,17,16,16,15,15,4,0,0,0,0,0,0,0,0,0,6,24,25,26,26,27,28,28,28,28,29,30,30,29,29,28,29,28,28,29,29,29,30,30,31,32,32
-61,125,20,29,29,28,27,26,25,24,23,23,23,22,21,21,21,21,20,19,19,18,17,16,15,15,14,14,3,0,0,0,0,0,0,0,0,0,5,23,24,25,26,26,27,27,27,28,28,29,29,29,29,28,28,28,26,27,27,28,28,29,30,31,32
-62,125,20,26,25,25,24,23,22,21,20,19,19,18,18,18,17,17,17,17,16,15,15,13,13,13,12,12,2,0,0,0,0,0,0,0,0,0,4,20,21,22,23,23,23,24,25,25,26,27,27,26,25,25,25,25,24,24,25,25,25,25,26,27,28
-61,125,20,25,24,23,22,21,21,20,19,19,18,17,17,17,17,16,16,16,15,14,14,13,13,12,12,11,2,0,0,0,0,0,0,0,0,0,4,19,20,20,21,21,22,22,22,22,22,24,24,23,22,23,23,22,22,22,23,23,23,23,24,25,25
-61,125,20,24,24,22,21,21,20,19,18,19,18,17,16,16,16,16,16,16,14,13,12,12,12,12,10,10,2,0,0,0,0,0,0,0,0,0,4,18,18,19,21,21,21,21,22,22,23,24,24,23,23,22,23,22,22,22,22,22,22,23,25,25,25
-61,125,20,24,24,23,21,21,21,20,19,18,18,18,17,17,17,17,16,15,15,14,14,13,12,12,11,11,2,0,0,0,0,0,0,0,0,0,4,19,20,20,20,21,21,22,22,23,22,23,24,23,23,23,22,22,22,22,23,22,22,23,24,25,25
-61,125,20,28,28,25,25,25,24,23,22,21,21,21,20,20,20,20,19,18,17,17,16,16,15,14,13,13,4,0,0,0,0,0,0,0,0,0,5,22,22,23,24,25,25,25,26,26,27,27,28,28,27,26,27,26,26,26,26,26,26,26,27,29,30
-62,125,20,29,29,27,25,25,25,24,23,23,22,22,21,21,21,21,20,19,19,18,17,16,15,14,14,13,3,0,0,0,0,0,0,0,0,0,5,23,24,24,25,26,27,27,28,28,28,29,30,29,29,29,29,28,27,27,27,28,29,28,29,30,31
-61,125,20,24,24,23,21,21,20,19,19,18,17,17,17,16,16,16,16,15,14,14,13,12,12,11,11,10,2,0,0,0,0,0,0,0,0,0,4,18,18,20,20,21,21,21,22,23,23,24,24,24,23,23,23,22,22,22,22,23,23,23,24,25,25
-62,125,20,30,29,28,28,26,26,24,23,23,23,22,21,21,21,21,21,19,19,18,17,17,15,15,15,15,3,0,0,0,0,0,0,0,0,0,5,23,24,25,26,26,27,27,28,28,28,29,30,29,28,28,28,28,27,27,28,28,29,29,29,31,31
-61,125,20,27,26,25,24,24,23,22,22,21,21,19,19,19,19,19,19,17,17,16,15,15,14,14,12,13,2,0,0,0,0,0,0,0,0,0,5,22,22,22,23,23,24,25,25,25,26,27,27,26,25,25,26,25,24,25,26,26,25,25,27,28,28
-62,125,20,29,29,27,26,25,24,24,23,22,22,21,20,21,20,20,20,19,18,17,17,15,14,14,14,14,2,0,0,0,0,0,0,0,0,0,5,22,24,24,25,25,26,28,27,28,28,29,29,29,28,28,28,27,26,27,28,28,28,28,29,30,31
-61,125,20,26,26,24,24,23,22,21,20,20,20,20,20,19,19,19,18,17,17,16,15,14,13,13,13,12,3,0,0,0,0,0,0,0,0,0,5,21,21,22,22,22,24,24,24,25,25,26,26,26,25,25,25,25,24,24,25,25,25,25,26,27,27
-61,125,20,25,24,23,22,22,21,20,19,18,18,18,17,17,17,17,17,16,15,15,14,13,13,12,12,11,3,0,0,0,0,0,0,0,0,0,5,19,20,20,21,21,21,22,23,23,24,24,24,24,23,23,23,22,23,23,23,23,24,24,25,25,25
-61,125,20,25,25,24,23,22,21,21,20,19,19,18,17,17,18,17,17,16,16,15,15,14,14,13,13,12,3,0,0,0,0,0,0,0,0,0,5,19,20,21,22,22,23,23,23,24,24,25,25,24,24,23,24,24,23,23,24,24,24,25,26,26,26
-61,125,20,26,25,23,23,22,21,20,20,19,19,18,17,17,18,17,17,17,17,15,15,14,13,13,12,12,3,0,0,0,0,0,0,0,0,0,5,20,20,21,22,23,23,24,23,24,25,25,26,25,24,23,24,24,23,23,23,24,24,24,26,26,26
-61,125,20,26,26,25,24,23,22,21,19,18,19,18,18,18,18,18,17,17,17,15,15,14,13,13,13,12,2,0,0,0,0,0,0,0,0,0,5,20,21,21,23,23,24,25,25,24,25,26,26,26,25,25,25,25,24,25,25,25,25,26,27,28,28
-61,125,20,24,23,22,21,21,21,20,19,19,18,18,17,17,17,17,16,15,15,14,14,13,12,12,11,11,2,0,0,0,0,0,0,0,0,0,4,19,19,19,21,21,21,22,23,22,23,23,24,23,23,22,22,22,21,22,23,23,23,23,24,25,25
-61,125,20,23,23,22,21,21,21,20,18,19,19,17,17,17,17,17,16,16,15,14,14,12,12,12,12,11,2,0,0,0,0,0,0,0,0,0,5,19,19,20,21,21,22,22,22,22,23,24,24,24,23,23,23,22,22,22,23,23,23,23,23,25,26
-62,125,20,29,29,28,26,26,25,25,23,22,22,21,21,21,21,21,20,19,18,18,17,16,15,15,14,15,3,0,0,0,0,0,0,0,0,0,6,23,24,25,25,26,26,27,27,27,28,29,29,29,28,28,28,28,27,27,27,28,29,28,30,30,31
-61,125,20,27,27,26,25,24,23,22,21,21,20,19,19,19,19,19,18,18,17,16,15,14,14,14,13,12,3,0,0,0,0,0,0,0,0,0,5,21,22,22,24,24,25,26,25,26,26,27,27,26,25,25,26,25,25,26,26,26,26,27,27,29,29
-61,125,20,27,26,25,25,23,22,22,21,21,20,20,19,19,19,19,19,17,17,16,15,14,14,13,13,12,2,0,0,0,0,0,0,0,0,0,5,21,21,22,23,23,23,24,25,25,26,27,27,26,26,25,25,25,24,25,25,26,26,26,27,28,28
-62,125,20,27,27,26,25,24,23,22,21,21,21,20,20,20,20,19,19,19,18,17,16,15,14,14,14,13,4,0,0,0,0,0,0,0,0,0,6,22,22,23,23,24,24,25,25,25,25,26,27,27,26,26,26,25,25,25,26,25,26,26,27,28,29
-61,125,20,31,30,29,28,26,25,25,23,23,22,22,22,22,21,20,19,19,19,17,17,16,15,15,15,14,3,0,0,0,0,0,0,0,0,0,5,23,24,25,25,26,26,27,28,28,29,30,30,30,29,29,29,29,28,28,29,29,29,29,30,30,31
-61,125,20,26,26,25,23,23,23,20,20,19,19,19,18,18,18,18,18,16,16,16,14,13,13,13,12,12,2,0,0,0,0,0,0,0,0,0,4,21,21,22,23,23,24,24,24,25,26,26,26,25,25,25,25,25,24,24,25,25,25,26,26,27,27
-62,125,20,29,29,27,26,26,25,24,23,24,23,21,21,20,20,20,20,19,18,18,17,15,15,14,13,13,3,0,0,0,0,0,0,0,0,0,5,23,24,24,25,26,26,27,28,28,29,30,30,29,28,28,28,28,27,27,28,29,29,29,29,30,31
-62,125,20,31,31,29,27,27,26,25,23,23,23,22,22,22,22,21,20,20,20,19,18,16,15,15,15,14,4,0,0,0,0,0,0,0,0,0,6,24,25,25,27,27,28,28,29,29,29,30,31,30,30,29,29,29,28,28,29,29,30,29,30,32,32
-62,125,20,26,26,25,23,23,22,21,21,22,21,20,19,19,19,19,18,17,15,15,15,14,13,13,12,12,2,0,0,0,0,0,0,0,0,0,5,19,20,21,22,23,23,23,24,25,25,25,26,25,24,24,24,24,24,24,24,24,26,25,25,26,28
-61,125,20,26,26,25,24,23,22,22,20,19,19,18,18,18,19,18,17,17,17,16,15,14,14,13,13,12,3,0,0,0,0,0,0,0,0,0,5,21,21,22,22,23,24,25,25,25,26,27,27,26,26,25,25,25,25,25,25,25,25,26,27,27,27
-61,125,20,31,30,29,28,27,26,24,24,23,23,22,21,22,21,21,20,19,18,18,17,16,15,15,15,14,4,0,0,0,0,0,0,0,0,0,6,24,25,26,27,27,28,29,29,29,29,30,30,30,30,30,30,29,28,29,29,29,29,29,31,32,31
-61,125,20,26,26,25,25,23,23,21,21,20,20,20,19,19,19,19,19,17,17,16,15,15,14,13,13,13,2,0,0,0,0,0,0,0,0,0,5,21,21,22,23,23,24,25,24,25,26,27,26,26,25,25,26,25,24,25,26,26,26,26,27,28,28
-61,125,20,24,24,23,22,21,21,20,20,18,18,17,17,17,17,17,17,16,16,15,14,13,13,12,12,11,3,0,0,0,0,0,0,0,0,0,5,19,20,20,21,21,22,22,23,23,23,24,24,24,23,23,24,23,23,23,23,23,24,24,25,25,25
-61,125,20,25,24,24,23,22,21,20,19,19,19,18,18,18,18,17,17,16,16,14,14,14,13,13,13,12,3,0,0,0,0,0,0,0,0,0,5,20,21,21,21,22,23,23,23,23,24,24,25,24,24,24,24,23,23,23,24,24,24,24,25,26,26
-61,125,20,27,27,26,25,24,23,22,21,21,21,20,20,20,19,19,19,18,18,17,16,15,15,14,14,13,4,0,0,0,0,0,0,0,0,0,6,21,22,22,24,24,25,25,25,25,26,26,26,26,26,25,26,25,25,26,26,26,26,26,27,28,28
-61,125,20,26,25,23,23,22,21,20,19,19,19,18,17,17,18,17,17,16,16,15,14,13,13,12,12,11,3,0,0,0,0,0,0,0,0,0,5,20,20,20,21,22,22,23,23,24,25,25,25,24,24,23,24,24,23,23,24,24,24,25,26,26,26
-61,125,20,28,27,26,25,24,23,22,21,21,20,20,19,19,19,19,19,18,18,17,15,15,14,14,13,13,4,0,0,0,0,0,0,0,0,0,5,21,23,23,24,24,25,26,26,26,27,28,28,27,27,26,27,26,26,26,26,27,27,27,28,29,29
-61,125,20,28,27,26,25,24,23,22,21,21,21,20,19,19,19,18,18,17,17,16,16,15,14,13,13,13,3,0,0,0,0,0,0,0,0,0,5,21,22,22,24,25,25,25,25,25,26,27,27,27,27,26,27,26,25,25,26,26,26,26,27,28,29
-61,125,20,26,26,25,24,23,23,21,21,20,19,19,18,18,18,18,18,18,17,16,15,15,13,13,12,12,2,0,0,0,0,0,0,0,0,0,5,20,21,22,23,23,24,25,25,25,26,27,27,26,25,25,25,25,24,25,25,25,25,25,27,27,27
-61,125,20,25,25,25,24,23,22,21,20,20,20,19,19,18,18,18,17,17,17,15,15,14,13,13,12,11,2,0,0,0,0,0,0,0,0,0,4,21,21,21,22,23,23,24,24,25,26,27,27,26,25,25,25,25,24,25,25,25,25,25,26,28,28
-61,125,20,26,26,25,24,24,23,21,20,20,20,18,18,17,17,17,17,17,17,15,15,14,13,13,12,12,2,0,0,0,0,0,0,0,0,0,5,20,21,21,22,22,23,24,25,25,25,26,26,26,25,25,25,24,24,24,25,25,25,26,26,27,27
-61,125,20,24,24,23,22,22,21,20,19,19,18,18,17,17,17,17,17,16,15,14,13,13,13,13,12,12,3,0,0,0,0,0,0,0,0,0,5,19,19,20,21,22,21,22,23,22,23,24,24,24,24,22,23,22,22,23,23,23,23,24,25,26,26
-61,125,20,23,23,22,21,21,20,19,18,18,18,17,17,17,16,16,16,16,15,14,13,13,12,12,11,11,2,0,0,0,0,0,0,0,0,0,4,18,19,20,20,20,21,22,22,22,22,24,24,23,23,23,22,22,22,22,23,23,22,22,23,24,24
-61,125,20,27,27,25,24,24,23,23,22,21,21,21,21,20,20,19,19,18,18,17,16,16,15,14,14,14,4,0,0,0,0,0,0,0,0,0,6,21,22,23,24,25,24,25,26,26,26,26,26,26,26,26,26,26,25,25,26,26,26,26,27,28,28
-61,125,20,24,23,22,21,21,20,19,19,19,18,17,17,17,17,16,16,16,15,14,13,13,12,12,12,11,2,0,0,0,0,0,0,0,0,0,4,19,20,20,21,21,21,21,21,23,23,23,23,24,23,22,22,22,21,21,22,22,23,23,24,24,24
-61,125,20,23,23,22,21,21,20,19,18,18,18,17,16,17,17,17,16,15,15,14,14,13,12,12,11,11,2,0,0,0,0,0,0,0,0,0,4,19,18,20,20,21,21,22,22,23,23,24,24,23,23,22,23,22,21,22,22,22,23,23,24,24,24
-61,125,20,26,26,25,24,23,22,21,21,21,20,19,18,18,18,18,18,17,16,16,15,14,14,13,12,12,3,0,0,0,0,0,0,0,0,0,5,21,21,21,23,23,23,24,24,25,26,26,26,26,25,25,25,25,24,25,25,25,26,26,27,27,27
-62,125,20,27,26,25,24,23,22,21,19,20,19,19,18,18,18,17,17,17,16,15,14,13,13,13,12,12,3,0,0,0,0,0,0,0,0,0,4,21,21,21,22,23,24,25,25,25,26,27,27,27,26,26,26,25,25,25,25,25,26,26,27,28,28
-62,125,20,27,26,25,24,23,22,22,22,21,20,20,19,19,19,18,18,17,17,16,15,14,14,13,13,12,3,0,0,0,0,0,0,0,0,0,6,21,22,22,24,24,24,25,25,25,25,26,26,26,26,26,26,25,25,25,25,25,26,26,26,28,29
-61,125,20,24,24,22,21,21,20,19,19,18,17,17,16,16,16,16,15,15,14,14,13,12,12,11,11,11,2,0,0,0,0,0,0,0,0,0,4,19,19,19,20,20,21,21,22,22,23,24,23,23,23,23,23,23,22,22,21,22,23,23,24,25,25
-61,125,20,24,23,23,22,21,20,19,18,18,18,17,16,16,16,16,16,15,15,13,13,12,12,12,11,10,2,0,0,0,0,0,0,0,0,0,4,18,19,19,20,21,22,22,22,23,24,24,24,24,24,23,23,23,22,22,23,23,23,23,24,25,25
-61,125,20,27,27,26,25,24,23,22,21,21,21,20,18,18,19,19,18,17,17,16,16,15,15,13,12,12,3,0,0,0,0,0,0,0,0,0,5,21,21,23,24,25,25,26,26,26,28,28,28,27,26,26,27,26,26,26,27,27,27,27,28,28,27
-61,125,20,27,26,26,24,23,23,22,20,20,19,19,18,18,18,18,18,17,16,16,15,15,14,13,13,12,3,0,0,0,0,0,0,0,0,0,5,20,21,22,23,23,24,25,25,25,26,26,26,26,25,25,25,25,25,25,25,26,26,26,28,28,28
-62,125,20,31,30,29,28,27,26,24,23,22,23,22,22,21,21,21,21,21,20,19,18,17,17,16,15,15,4,0,0,0,0,0,0,0,0,0,6,24,25,25,27,26,28,29,29,29,30,31,31,30,30,30,30,29,29,29,29,29,29,30,31,32,31
-61,125,20,24,23,22,22,20,19,19,18,17,17,16,16,16,15,15,15,15,15,13,13,12,12,12,11,11,2,0,0,0,0,0,0,0,0,0,4,18,19,20,20,20,21,22,22,23,23,24,24,24,23,23,23,22,22,22,22,22,23,23,24,25,25
-61,125,20,24,23,23,22,21,21,19,18,18,18,17,17,17,16,17,16,16,15,14,14,13,12,12,11,11,2,0,0,0,0,0,0,0,0,0,4,19,19,20,21,21,22,22,23,23,23,24,24,24,23,23,23,23,22,22,22,23,23,23,24,24,25
-61,125,20,25,24,24,23,22,21,20,20,20,20,19,18,17,17,17,17,17,16,15,15,14,13,13,13,12,3,0,0,0,0,0,0,0,0,0,5,20,20,21,22,22,22,23,23,23,24,24,24,24,23,23,24,23,23,23,23,24,24,25,26,26,26
-61,125,20,24,24,23,22,21,20,19,18,17,18,17,17,17,17,17,16,16,15,14,13,13,12,12,11,11,2,0,0,0,0,0,0,0,0,0,4,19,19,19,20,21,21,23,23,22,24,24,24,24,23,23,23,23,22,22,23,22,23,23,24,25,25
-61,125,20,26,25,25,23,23,22,21,19,19,19,19,18,18,18,18,17,17,16,15,14,14,13,13,12,11,2,0,0,0,0,0,0,0,0,0,5,20,21,21,22,23,24,24,25,25,25,26,26,26,25,25,25,25,25,24,24,26,26,26,27,28,27
-61,125,20,26,26,25,24,23,22,21,21,21,21,19,19,19,19,19,18,18,17,16,16,15,14,13,13,12,3,0,0,0,0,0,0,0,0,0,5,21,21,22,23,23,24,24,24,26,26,26,26,26,26,25,25,25,24,25,25,25,26,26,27,28,28
-61,125,20,27,27,26,25,24,23,22,22,22,22,20,20,20,20,20,19,18,17,17,17,15,15,14,13,13,3,0,0,0,0,0,0,0,0,0,6,22,22,23,24,25,26,25,26,26,27,28,28,27,26,26,26,26,26,26,26,26,27,28,29,28,27
-61,125,20,28,27,26,25,25,24,23,21,21,20,20,19,19,19,19,18,18,17,16,16,15,15,14,14,13,4,0,0,0,0,0,0,0,0,0,6,21,22,23,24,25,26,26,26,26,27,28,28,28,27,26,26,26,26,26,27,27,27,27,28,29,29
-61,125,20,27,26,26,25,24,23,22,22,22,22,21,20,20,20,20,19,19,18,17,16,15,15,14,14,13,4,0,0,0,0,0,0,0,0,0,6,22,22,23,24,24,25,25,26,25,26,27,27,27,26,26,26,25,25,26,26,25,25,26,27,28,29
-61,125,20,24,23,23,22,21,20,19,19,18,18,17,17,17,17,17,16,15,15,14,14,13,13,12,12,11,2,0,0,0,0,0,0,0,0,0,4,19,19,20,21,21,22,22,22,22,23,24,24,24,23,23,22,22,22,22,22,23,23,24,24,25,24
-61,125,20,23,23,22,21,21,20,19,19,19,19,18,17,17,17,17,16,16,15,15,14,13,12,12,12,11,2,0,0,0,0,0,0,0,0,0,4,19,19,20,20,21,22,22,22,22,23,24,24,23,23,23,23,22,22,22,22,23,23,23,25,25,25
-62,125,20,30,29,29,28,26,25,24,23,22,22,22,21,21,20,20,20,20,19,18,17,16,15,15,14,14,3,0,0,0,0,0,0,0,0,0,5,23,24,24,26,26,27,27,28,28,28,29,30,29,29,28,28,28,28,28,28,29,29,29,30,31,31
-61,125,20,26,25,23,22,22,21,20,19,20,19,19,18,18,18,17,17,17,16,15,14,14,13,12,12,12,3,0,0,0,0,0,0,0,0,0,5,20,20,21,22,22,22,23,23,23,24,25,26,24,24,24,24,24,22,23,23,24,24,25,25,26,26
-61,125,20,27,26,25,24,24,23,22,21,21,20,19,18,18,18,18,18,17,16,15,15,14,14,13,13,12,3,0,0,0,0,0,0,0,0,0,5,21,22,23,23,24,24,25,25,25,26,26,26,26,25,25,25,25,25,25,25,25,26,26,27,28,28
-62,125,20,28,26,26,24,23,23,21,21,21,19,18,18,18,18,18,18,17,16,15,15,14,14,13,12,12,2,0,0,0,0,0,0,0,0,0,5,21,21,21,23,23,24,24,25,25,26,26,26,26,26,26,26,25,24,24,25,26,27,27,27,28,28
-61,125,20,27,26,25,24,23,23,22,20,20,20,19,19,19,19,19,18,18,17,16,16,14,14,13,13,12,3,0,0,0,0,0,0,0,0,0,5,21,22,22,23,23,23,25,25,25,26,27,27,27,26,26,26,26,25,25,25,25,25,25,26,27,28
-62,125,20,28,26,26,25,24,23,22,21,21,21,20,20,19,19,19,19,19,18,17,16,15,14,14,13,13,3,0,0,0,0,0,0,0,0,0,6,22,23,23,24,24,25,26,25,26,27,27,27,27,26,26,26,26,26,26,26,26,26,27,28,28,29
-61,125,20,27,27,25,24,23,22,22,20,19,20,20,19,19,18,18,18,18,17,16,16,14,14,14,14,13,4,0,0,0,0,0,0,0,0,0,5,21,22,23,23,24,25,25,26,26,27,28,28,27,27,27,27,26,26,26,26,26,26,26,27,28,28
-62,125,20,24,24,23,22,21,21,20,19,18,18,18,17,17,17,17,17,16,15,15,14,13,13,12,12,11,2,0,0,0,0,0,0,0,0,0,4,19,19,20,20,20,22,22,22,23,24,24,24,23,23,23,23,22,22,22,22,23,23,23,23,24,24
-61,125,20,24,24,23,22,22,21,20,20,20,19,19,19,18,17,17,17,17,16,15,15,13,13,13,12,12,3,0,0,0,0,0,0,0,0,0,5,19,20,21,22,23,22,23,23,23,24,25,25,25,24,24,24,24,23,23,24,23,23,24,25,25,27
-61,125,20,27,26,26,25,24,23,22,21,21,21,19,19,19,19,19,18,17,17,16,15,15,14,13,13,13,3,0,0,0,0,0,0,0,0,0,5,20,21,22,23,24,25,25,25,25,26,26,26,26,25,25,25,25,25,25,25,25,26,26,27,28,29
-61,125,20,25,25,24,23,22,21,20,20,20,19,18,18,17,17,17,17,16,16,15,15,14,14,13,13,12,3,0,0,0,0,0,0,0,0,0,5,20,20,21,22,22,22,23,23,23,23,25,25,24,24,23,23,23,23,23,23,24,24,24,25,26,26
-62,125,20,31,30,29,28,27,26,25,25,25,24,22,21,21,21,21,20,20,19,19,18,17,17,16,15,14,4,0,0,0,0,0,0,0,0,0,7,24,25,26,27,27,27,28,28,29,30,31,30,30,29,28,29,28,28,28,29,29,30,31,31,32,31
-62,125,20,31,30,29,28,27,26,25,24,24,24,23,22,22,22,21,21,20,20,19,18,17,17,16,15,15,4,0,0,0,0,0,0,0,0,0,6,24,25,26,27,27,28,28,28,29,30,31,30,30,29,29,29,29,28,28,29,29,29,30,31,31,31
-61,125,20,26,26,26,24,23,23,21,21,22,21,20,19,19,18,18,18,17,17,16,15,15,14,14,13,12,3,0,0,0,0,0,0,0,0,0,5,21,22,22,23,24,24,25,25,26,26,27,27,27,26,25,26,26,25,25,26,25,26,27,27,28,28
-61,125,20,28,27,26,25,24,23,22,21,20,21,20,20,19,19,19,19,18,18,17,15,15,15,14,13,13,4,0,0,0,0,0,0,0,0,0,5,22,22,23,24,24,25,26,26,26,27,28,28,27,27,27,27,26,26,26,26,26,27,27,28,28,28
-61,125,20,29,29,28,26,26,25,23,22,21,22,21,20,20,20,20,20,20,19,18,17,16,14,14,14,14,2,0,0,0,0,0,0,0,0,0,5,23,23,24,25,26,27,28,27,27,29,30,30,29,27,27,27,27,27,28,28,28,27,28,30,31,31
-61,125,20,30,29,28,27,26,25,24,24,23,23,22,21,20,21,21,21,20,19,18,18,17,17,16,15,14,4,0,0,0,0,0,0,0,0,0,5,23,23,25,26,26,26,28,28,29,29,30,30,29,29,28,29,30,29,28,28,29,30,30,30,30,31
-61,125,20,28,27,25,24,23,23,22,21,20,20,19,19,19,19,19,18,18,17,16,15,15,15,14,13,13,3,0,0,0,0,0,0,0,0,0,5,21,21,23,23,23,24,25,25,26,26,27,27,27,26,26,26,26,25,25,25,25,26,26,27,28,28
-61,125,20,27,27,26,25,24,23,23,22,22,22,21,20,20,20,20,19,19,18,17,16,16,15,14,14,13,4,0,0,0,0,0,0,0,0,0,6,22,22,23,24,24,25,25,25,26,26,27,27,26,26,26,26,25,25,25,26,26,26,26,27,29,29
-62,125,20,28,27,26,25,25,23,22,22,20,20,20,20,20,19,19,19,18,17,17,16,15,14,14,13,13,4,0,0,0,0,0,0,0,0,0,6,22,22,23,24,25,25,25,26,26,27,27,28,27,26,26,26,26,25,26,26,26,26,27,27,28,29
-61,125,20,27,26,25,24,23,22,21,20,21,20,19,18,18,18,18,18,18,17,15,15,14,14,13,13,12,3,0,0,0,0,0,0,0,0,0,4,20,21,21,22,23,24,25,25,25,26,27,27,26,26,26,26,25,25,25,25,25,25,25,27,28,28
-61,125,20,25,25,24,23,22,21,20,20,20,20,19,18,18,18,18,17,17,16,15,15,14,14,13,13,12,3,0,0,0,0,0,0,0,0,0,5,19,20,21,22,22,23,23,23,23,24,25,25,25,25,24,25,23,23,23,24,24,24,25,25,26,26
-61,125,20,26,26,25,25,24,23,22,20,19,19,19,19,18,18,18,18,17,17,16,15,14,13,13,13,13,3,0,0,0,0,0,0,0,0,0,5,20,21,22,23,24,24,25,25,25,25,26,26,26,25,25,25,25,24,25,25,25,25,26,27,28,28
-62,125,20,30,30,29,28,27,26,25,24,24,24,23,22,22,22,21,21,20,20,19,18,17,17,16,15,15,4,0,0,0,0,0,0,0,0,0,6,24,25,26,26,27,28,28,28,28,30,30,31,31,29,29,29,29,27,28,29,29,29,29,30,31,31
-62,125,20,30,29,28,27,26,26,24,22,22,23,21,21,21,21,21,20,19,19,18,18,17,15,15,15,14,3,0,0,0,0,0,0,0,0,0,6,24,25,25,25,27,27,27,28,29,29,29,29,29,28,28,28,27,26,27,28,29,29,29,30,31,32
-61,125,20,25,24,23,22,22,21,20,20,20,19,19,18,18,18,18,17,17,16,16,15,14,14,13,12,12,3,0,0,0,0,0,0,0,0,0,5,20,19,21,21,22,22,23,24,24,24,25,25,25,24,24,24,23,23,23,23,23,24,24,25,26,26
-61,125,20,25,24,23,21,21,21,21,19,19,19,18,18,18,18,17,17,16,15,15,14,13,13,13,12,12,3,0,0,0,0,0,0,0,0,0,5,19,20,20,21,22,22,22,22,22,22,23,24,24,24,24,24,23,22,22,23,23,23,23,23,26,26
-61,125,20,24,24,23,22,22,21,20,19,18,19,18,18,18,18,18,17,16,16,15,15,13,13,13,12,11,3,0,0,0,0,0,0,0,0,0,5,19,19,20,20,21,22,22,23,22,24,24,24,24,23,23,23,22,22,22,22,23,23,24,24,26,26
-61,125,20,25,24,23,23,22,21,19,18,18,18,18,17,17,17,17,17,16,15,15,14,13,13,13,12,11,3,0,0,0,0,0,0,0,0,0,4,18,19,21,21,21,22,22,22,23,24,25,25,24,23,23,23,23,22,23,23,23,23,24,24,25,25
-61,125,20,25,25,24,23,22,22,21,20,19,19,19,18,18,18,18,17,17,16,16,15,14,13,13,13,13,4,0,0,0,0,0,0,0,0,0,5,19,20,21,22,22,23,23,23,23,23,24,24,24,23,23,23,23,23,23,23,24,24,24,25,26,27
-61,125,20,27,25,25,25,23,22,21,20,20,20,19,19,19,19,19,18,18,17,16,15,14,14,13,13,12,3,0,0,0,0,0,0,0,0,0,5,21,21,22,22,23,24,24,25,24,25,25,26,25,25,25,25,24,24,25,25,24,25,25,27,27,27
-61,125,20,26,26,26,24,24,23,22,21,21,21,19,19,18,18,18,18,18,17,16,15,15,13,13,13,13,3,0,0,0,0,0,0,0,0,0,5,21,21,21,23,23,23,24,25,25,26,26,26,26,25,25,25,24,25,25,25,25,25,26,26,28,28
-62,125,20,30,29,27,26,25,24,23,23,22,21,21,21,21,21,21,20,19,18,18,17,16,15,14,14,13,3,0,0,0,0,0,0,0,0,0,5,23,23,24,25,25,26,26,27,28,28,29,29,29,28,28,28,27,26,27,27,28,28,28,29,31,31
-61,125,20,24,24,23,21,21,20,19,19,18,18,18,18,18,18,17,16,16,15,15,14,13,12,12,12,12,3,0,0,0,0,0,0,0,0,0,5,19,19,20,21,21,21,22,22,22,23,24,24,23,23,23,23,22,22,22,22,22,24,24,24,25,25
-61,125,20,26,25,25,24,24,23,21,21,21,21,19,19,19,18,18,18,17,17,15,15,14,13,13,13,12,3,0,0,0,0,0,0,0,0,0,4,21,21,22,23,23,24,24,25,25,26,27,27,26,26,25,26,25,24,24,25,25,25,26,26,27,27
-61,125,20,26,25,25,23,23,22,20,19,19,19,19,19,19,18,18,17,17,17,16,15,14,13,13,12,12,2,0,0,0,0,0,0,0,0,0,4,20,21,22,22,23,24,24,24,25,25,26,26,26,26,25,25,24,24,25,25,24,25,26,26,27,28
-61,125,20,28,27,26,25,25,24,23,21,22,21,21,20,20,20,20,20,18,18,17,16,15,15,15,13,13,3,0,0,0,0,0,0,0,0,0,5,22,22,23,24,25,25,26,26,26,27,28,28,27,26,26,26,26,25,26,26,26,26,27,29,29,28
-61,125,20,27,26,25,25,24,23,22,21,21,21,19,19,19,19,19,18,17,17,16,16,15,14,13,13,12,3,0,0,0,0,0,0,0,0,0,5,21,21,22,22,23,24,25,25,25,26,26,26,26,25,25,25,25,25,25,26,26,25,25,26,28,28
-62,125,20,30,29,28,26,26,25,24,24,24,24,22,21,21,21,21,20,19,17,17,16,17,16,15,14,14,4,0,0,0,0,0,0,0,0,0,6,22,23,24,25,26,27,27,28,29,29,29,29,29,28,28,28,28,28,27,27,28,29,29,29,30,31
-61,125,20,27,27,25,24,24,22,22,20,20,19,20,19,19,19,19,18,18,17,16,15,15,14,13,13,12,2,0,0,0,0,0,0,0,0,0,4,21,21,22,23,24,24,25,25,25,26,26,26,26,26,26,26,25,24,25,26,25,25,26,27,28,28
-61,125,20,24,24,23,22,21,20,19,18,18,18,17,17,16,16,17,16,16,15,14,14,13,13,12,12,11,2,0,0,0,0,0,0,0,0,0,4,18,19,20,20,21,21,22,22,22,23,23,23,23,22,22,22,22,22,22,23,23,23,23,24,25,24
-61,125,20,24,23,23,22,22,21,19,18,18,17,17,16,16,17,17,16,16,15,14,13,13,13,12,12,11,2,0,0,0,0,0,0,0,0,0,4,18,18,20,21,21,21,22,22,23,23,24,24,23,23,22,22,22,22,22,22,23,23,24,25,25,25
-62,125,20,30,29,27,26,25,24,24,22,21,21,21,20,20,20,20,19,18,18,17,16,15,14,14,14,14,3,0,0,0,0,0,0,0,0,0,5,22,23,24,25,25,26,27,27,27,28,29,29,29,28,28,27,26,27,26,27,28,27,28,29,30,31
-62,125,20,29,29,28,27,25,25,23,22,22,21,21,20,20,20,20,20,19,19,18,17,16,15,15,14,13,3,0,0,0,0,0,0,0,0,0,5,22,23,24,24,25,26,27,27,27,29,29,29,28,28,27,27,27,26,26,27,27,28,29,29,29,29
-61,125,20,30,29,28,27,26,25,25,24,23,22,21,21,21,21,21,20,19,19,18,16,16,15,15,14,14,4,0,0,0,0,0,0,0,0,0,5,24,24,25,26,26,26,26,27,28,29,29,29,29,29,28,28,27,27,27,28,28,28,29,30,30,30
-61,125,20,28,27,26,25,24,24,23,22,22,22,21,20,20,20,19,19,18,18,17,16,15,15,14,14,13,4,0,0,0,0,0,0,0,0,0,5,21,22,23,24,24,24,25,26,25,27,27,28,26,26,26,26,26,25,25,26,26,27,27,27,29,29
-62,125,20,29,29,28,27,26,26,25,23,23,22,22,22,22,21,21,20,20,20,18,18,17,16,15,15,14,4,0,0,0,0,0,0,0,0,0,6,24,24,25,26,26,27,27,27,28,29,29,30,29,29,29,29,28,28,28,28,28,28,28,29,30,30
-61,125,20,24,24,23,22,21,21,20,19,19,18,18,17,17,18,17,16,16,16,14,14,13,13,13,12,12,3,0,0,0,0,0,0,0,0,0,5,19,19,20,21,21,22,22,23,23,23,24,24,24,23,23,23,23,23,23,23,23,23,23,24,26,26
-61,125,20,23,23,22,21,21,20,20,19,19,18,18,17,17,17,17,16,16,15,14,14,13,12,12,11,11,3,0,0,0,0,0,0,0,0,0,4,19,19,20,20,20,21,22,22,22,22,23,23,23,23,22,23,22,22,22,22,22,22,23,23,24,25
-61,125,20,26,26,26,25,24,24,23,21,20,20,20,20,19,20,20,19,19,18,17,16,15,14,14,13,13,3,0,0,0,0,0,0,0,0,0,6,22,22,22,24,24,25,25,25,25,26,27,27,27,26,26,25,25,25,25,26,26,26,26,28,29,28
-62,125,20,27,26,25,24,23,22,21,19,19,19,19,19,19,19,18,17,17,17,15,14,14,14,13,13,12,3,0,0,0,0,0,0,0,0,0,5,20,21,21,23,23,24,25,25,25,26,26,27,26,25,25,25,24,25,25,25,25,25,25,27,27,27
-61,125,20,29,29,28,27,26,25,24,24,24,23,21,21,21,21,21,20,19,19,18,17,16,16,15,15,14,3,0,0,0,0,0,0,0,0,0,5,23,24,24,25,26,27,27,27,27,29,30,30,29,28,28,28,27,27,27,28,28,28,29,30,31,31
-61,125,20,28,27,26,25,25,24,23,22,21,21,21,20,20,20,19,19,19,18,17,17,16,15,15,14,14,4,0,0,0,0,0,0,0,0,0,6,22,22,23,24,25,25,26,25,26,26,27,27,27,26,25,26,26,26,26,26,26,27,27,28,29,29
-61,125,20,26,26,25,24,23,22,21,20,20,20,19,19,18,18,18,18,17,17,16,15,14,13,13,13,12,2,0,0,0,0,0,0,0,0,0,4,20,20,22,22,23,23,24,25,24,25,26,26,26,25,25,25,25,24,24,25,25,25,25,27,27,28
-62,125,20,31,30,29,28,27,26,25,24,23,23,22,22,21,21,21,20,20,19,18,18,17,16,15,15,15,4,0,0,0,0,0,0,0,0,0,6,24,25,26,26,27,27,28,28,28,29,30,31,29,28,28,29,29,28,28,29,30,30,30,31,31,31
-61,125,20,25,25,24,23,22,21,20,20,20,19,18,17,17,17,17,17,16,16,15,15,14,13,13,13,12,3,0,0,0,0,0,0,0,0,0,5,19,20,21,21,22,23,23,23,23,24,25,25,25,24,24,24,23,23,24,24,24,24,25,25,26,27
-61,125,20,27,26,25,24,24,22,21,21,21,20,19,19,19,19,18,18,17,16,16,15,14,13,13,13,13,3,0,0,0,0,0,0,0,0,0,5,21,21,22,23,24,24,25,25,26,26,26,26,26,25,25,25,25,24,25,25,26,25,26,27,28,28
-61,125,20,27,26,25,24,24,24,22,21,21,21,20,19,19,19,19,19,18,18,17,16,15,15,14,13,13,4,0,0,0,0,0,0,0,0,0,6,21,21,22,24,24,25,25,25,25,26,26,27,26,25,24,26,25,25,25,25,26,26,27,28,27,27
-62,125,20,28,27,25,24,24,24,21,21,20,20,19,19,19,19,19,18,18,17,16,16,15,14,13,13,12,3,0,0,0,0,0,0,0,0,0,5,21,22,22,23,24,25,25,25,26,26,27,27,27,27,25,26,25,25,25,25,25,26,26,27,28,29
-61,125,20,27,27,26,25,24,23,22,21,21,21,20,20,20,19,19,19,18,18,17,17,15,14,14,14,13,4,0,0,0,0,0,0,0,0,0,5,21,22,23,24,24,25,26,26,26,27,27,27,27,27,26,27,26,26,26,26,26,26,27,28,28,29
-61,125,20,24,24,22,22,21,21,19,19,19,18,17,17,17,17,16,17,17,15,14,13,13,12,12,12,12,3,0,0,0,0,0,0,0,0,0,5,19,19,20,21,21,22,22,23,23,23,24,24,24,24,24,23,23,23,23,23,22,23,23,24,25,25
-62,125,20,29,29,29,28,27,25,24,22,22,23,22,21,20,21,21,20,20,19,18,17,17,16,16,15,14,4,0,0,0,0,0,0,0,0,0,6,23,24,24,26,26,28,28,27,27,29,30,30,29,28,27,27,28,27,28,29,28,29,29,31,30,30
-62,125,20,31,30,29,27,26,26,24,24,24,24,22,22,22,22,21,21,20,20,19,18,17,16,16,15,15,4,0,0,0,0,0,0,0,0,0,6,24,24,25,26,27,27,28,29,29,30,31,31,30,30,29,29,29,28,28,28,29,29,29,31,31,31
-61,125,20,25,25,23,22,22,21,20,19,18,19,18,18,18,18,17,17,16,16,15,14,14,13,12,12,13,3,0,0,0,0,0,0,0,0,0,5,20,20,22,22,22,23,23,24,24,24,24,25,25,24,24,24,23,23,23,23,23,24,24,25,26,26
-61,125,20,27,27,26,25,24,23,22,21,21,21,21,19,19,20,20,19,18,18,17,16,16,15,14,14,13,4,0,0,0,0,0,0,0,0,0,5,21,21,23,23,25,26,26,26,25,27,28,28,26,26,26,26,26,25,26,26,26,26,28,28,28,28
-62,125,20,30,29,28,27,27,26,25,24,24,23,23,22,22,22,22,21,21,20,19,18,17,17,16,15,15,4,0,0,0,0,0,0,0,0,0,6,24,25,26,26,27,28,28,28,29,30,30,30,30,29,29,29,29,27,28,28,29,29,30,30,30,31
-61,125,20,28,27,25,25,25,24,22,22,22,21,20,20,20,20,20,19,18,18,17,17,16,15,14,13,13,4,0,0,0,0,0,0,0,0,0,5,21,22,23,23,24,25,25,26,26,26,27,27,27,27,27,27,26,25,26,26,26,26,26,28,29,29
-62,125,20,30,29,28,27,27,25,24,23,23,22,22,21,21,21,21,21,20,19,18,17,17,16,15,14,14,3,0,0,0,0,0,0,0,0,0,5,23,24,24,26,26,26,27,27,27,29,30,29,29,28,27,28,27,27,28,28,28,28,29,29,30,30
-61,125,20,27,26,25,25,24,23,22,21,21,20,19,18,18,18,18,18,17,16,16,15,14,14,13,13,12,3,0,0,0,0,0,0,0,0,0,5,21,21,22,23,24,24,25,24,25,26,26,26,26,25,25,25,25,24,25,25,25,26,26,27,27,27
-61,125,20,27,25,25,25,23,22,21,21,20,21,20,19,18,18,18,19,18,18,17,16,14,14,14,13,13,3,0,0,0,0,0,0,0,0,0,5,21,21,22,23,24,24,25,26,25,26,27,27,26,25,25,26,25,25,26,26,25,26,26,28,28,29
-61,125,20,26,26,24,24,23,22,21,19,19,20,19,18,18,18,18,18,17,17,15,15,15,14,13,12,12,2,0,0,0,0,0,0,0,0,0,4,20,21,21,22,23,24,24,24,25,26,26,26,26,25,24,24,25,24,25,25,25,25,26,26,27,27
-61,125,20,25,25,24,23,22,21,20,20,20,19,18,18,18,18,18,17,17,15,15,14,14,14,13,12,12,3,0,0,0,0,0,0,0,0,0,5,20,20,21,21,22,22,23,23,24,24,25,25,25,25,24,24,23,23,23,23,24,24,24,25,26,26
-61,125,20,28,27,26,25,25,24,23,22,21,21,20,20,20,19,19,19,19,18,17,16,16,15,15,14,14,4,0,0,0,0,0,0,0,0,0,6,22,23,23,24,24,25,25,25,25,26,27,27,26,26,26,25,25,25,26,26,26,26,27,28,29,29
-61,125,20,25,25,23,22,21,20,19,20,20,19,18,17,17,17,17,17,17,16,15,15,14,13,13,12,12,3,0,0,0,0,0,0,0,0,0,5,20,21,21,22,22,22,23,23,24,24,25,25,25,24,24,24,24,23,23,23,23,24,24,25,25,25
-62,125,20,27,26,26,25,24,23,22,20,20,20,20,19,19,19,19,19,18,17,17,16,15,14,14,13,13,3,0,0,0,0,0,0,0,0,0,5,21,22,23,23,24,25,25,25,26,26,27,27,27,26,26,26,25,26,26,26,25,26,27,27,28,28
-62,125,20,29,29,28,27,26,25,25,24,23,22,21,21,21,21,21,20,19,18,18,17,16,16,14,14,14,3,0,0,0,0,0,0,0,0,0,5,24,23,25,25,26,27,28,28,28,29,29,29,29,28,28,28,28,27,28,28,28,28,29,29,30,31
-61,125,20,26,26,25,24,23,22,21,20,19,19,19,18,18,18,18,18,17,17,16,15,14,13,13,12,12,3,0,0,0,0,0,0,0,0,0,5,21,21,22,22,23,24,24,25,25,25,26,26,26,25,25,25,25,25,24,24,25,25,25,26,27,27
-62,125,20,29,29,28,26,24,25,25,22,22,22,21,20,21,21,20,20,19,18,18,17,16,15,15,14,13,3,0,0,0,0,0,0,0,0,0,5,23,23,23,24,25,25,26,27,28,28,29,29,30,29,28,27,26,25,26,26,28,29,29,30,30,29
-62,125,20,26,26,25,24,23,22,21,20,20,20,19,18,18,18,18,18,17,16,16,15,14,14,13,12,12,3,0,0,0,0,0,0,0,0,0,5,21,21,21,23,23,23,24,24,25,25,26,26,26,25,24,25,25,24,24,24,25,25,26,26,26,27
-62,125,20,27,26,25,24,23,22,21,20,19,19,19,19,19,18,18,18,17,17,16,15,14,13,13,13,13,3,0,0,0,0,0,0,0,0,0,5,21,21,22,23,24,24,25,25,25,25,26,26,26,26,26,26,25,25,25,24,25,26,26,27,28,28
-61,125,20,24,24,23,22,22,21,20,19,19,19,18,18,18,18,18,17,17,16,16,15,14,13,13,13,12,3,0,0,0,0,0,0,0,0,0,5,20,20,21,21,21,22,22,22,23,24,24,25,24,23,23,23,22,22,23,23,23,24,24,24,25,26
-62,125,20,30,30,29,28,27,26,25,23,23,23,22,21,21,21,21,20,19,19,18,17,16,16,16,15,14,4,0,0,0,0,0,0,0,0,0,6,24,24,26,27,28,28,28,28,28,29,31,31,30,28,28,29,28,28,28,29,29,29,30,31,31,30
-61,125,20,26,25,24,24,23,22,21,20,19,19,18,18,18,18,18,17,17,16,15,15,14,13,13,13,12,2,0,0,0,0,0,0,0,0,0,4,20,21,21,22,23,23,24,24,25,25,26,26,26,26,25,25,25,24,24,25,25,25,25,26,27,28
-61,125,20,24,24,24,22,22,22,20,20,18,19,18,18,18,18,18,17,17,16,15,15,14,13,12,12,12,3,0,0,0,0,0,0,0,0,0,5,20,20,21,22,22,23,23,23,24,25,25,25,24,24,23,24,23,23,23,24,24,24,24,25,26,26
-61,125,20,23,23,23,21,20,20,20,19,19,19,18,16,17,17,16,16,15,15,15,14,13,12,12,12,12,2,0,0,0,0,0,0,0,0,0,5,19,19,20,21,21,22,21,22,23,23,23,23,23,23,23,22,22,22,22,22,22,23,23,24,25,26
-62,125,20,29,28,28,27,26,25,23,22,22,22,21,21,21,21,21,20,20,19,18,17,16,15,15,14,13,3,0,0,0,0,0,0,0,0,0,5,23,24,24,25,26,26,27,27,28,28,30,29,29,28,28,29,27,27,27,28,28,28,29,30,31,30
-62,125,20,30,29,28,26,26,25,23,23,23,22,20,20,21,20,20,20,19,18,18,16,16,15,15,14,14,3,0,0,0,0,0,0,0,0,0,5,22,23,24,25,26,27,27,28,28,29,30,30,29,28,28,28,28,27,28,28,28,29,29,30,31,31
-61,125,20,28,27,26,25,25,24,23,22,22,21,20,19,19,19,19,19,18,17,17,16,15,15,15,14,13,4,0,0,0,0,0,0,0,0,0,5,22,23,23,24,24,25,26,26,26,27,28,28,27,27,27,27,26,26,26,26,27,27,27,28,29,29
-61,125,20,27,26,25,24,23,22,21,20,20,19,19,18,18,18,18,18,17,17,16,15,14,13,13,13,12,3,0,0,0,0,0,0,0,0,0,4,21,21,22,22,23,24,25,25,25,26,27,27,26,26,25,25,25,25,25,25,25,26,26,27,27,28
-61,125,20,24,22,22,21,20,20,20,19,18,18,17,17,17,17,17,17,16,16,14,13,13,13,12,12,11,2,0,0,0,0,0,0,0,0,0,5,19,19,20,20,21,22,22,22,23,23,24,24,24,23,23,23,23,22,22,22,22,23,23,24,24,25
-62,125,20,31,30,29,28,27,26,25,24,24,24,22,21,21,21,21,21,21,20,19,18,17,17,16,15,15,4,0,0,0,0,0,0,0,0,0,6,24,25,26,27,27,28,28,29,29,29,30,30,30,29,29,29,29,28,29,29,29,30,30,31,32,32
-61,125,20,26,25,25,24,23,22,21,20,20,20,19,19,19,19,19,18,18,17,16,15,15,14,13,13,12,3,0,0,0,0,0,0,0,0,0,5,21,21,21,22,23,24,25,25,25,25,26,26,26,25,25,25,24,24,25,24,25,25,26,27,28,28
-61,125,20,25,25,24,23,22,21,21,19,19,19,18,18,18,18,18,17,17,16,16,15,14,14,13,13,12,3,0,0,0,0,0,0,0,0,0,5,20,20,21,21,22,22,23,24,23,24,25,25,25,24,24,24,23,23,24,23,24,24,24,26,26,26
-61,125,20,31,30,29,28,27,26,25,25,25,24,22,21,21,21,21,21,21,19,19,18,17,17,15,15,14,4,0,0,0,0,0,0,0,0,0,6,25,25,25,26,27,28,28,29,29,30,31,31,30,30,30,30,29,29,29,29,29,29,30,31,31,31
-61,125,20,24,23,22,21,21,20,19,18,18,18,17,17,17,17,17,16,16,15,14,13,12,12,12,11,11,2,0,0,0,0,0,0,0,0,0,4,19,18,19,20,21,22,22,22,23,23,24,24,24,23,23,23,22,22,23,23,23,23,24,24,25,25
-62,125,20,23,23,23,22,21,20,18,18,18,17,18,18,17,17,17,16,16,15,14,14,13,12,12,12,11,3,0,0,0,0,0,0,0,0,0,5,19,19,20,21,21,21,22,22,22,23,23,24,23,23,23,22,23,22,22,23,23,23,24,24,25,25
-61,125,20,23,22,22,21,20,20,19,18,17,17,17,17,16,16,16,16,15,15,14,12,12,12,11,11,10,2,0,0,0,0,0,0,0,0,0,3,18,19,19,20,20,21,22,22,23,23,24,23,23,22,22,23,22,21,22,22,22,23,23,24,25,24
-61,125,20,25,25,24,22,22,21,21,20,20,19,18,18,18,18,17,17,16,16,15,15,14,14,13,13,12,3,0,0,0,0,0,0,0,0,0,5,20,20,21,22,22,22,23,23,23,24,25,25,25,25,24,24,23,23,24,23,24,24,24,25,26,26
-61,125,20,25,24,24,23,22,22,21,20,20,20,18,18,18,18,18,17,17,17,15,14,14,13,13,13,13,3,0,0,0,0,0,0,0,0,0,5,19,20,21,21,22,23,23,23,23,24,25,25,24,24,24,24,24,23,23,23,23,24,25,25,26,27
-61,125,20,24,23,23,22,21,20,19,19,18,19,17,17,17,17,17,17,16,15,14,14,14,12,12,12,12,2,0,0,0,0,0,0,0,0,0,5,19,19,20,21,21,22,22,22,23,24,23,24,23,23,22,22,23,22,22,23,23,23,23,24,25,25
-62,125,20,31,30,29,28,27,26,25,25,25,24,23,22,22,22,21,21,20,20,19,18,17,17,16,15,15,4,0,0,0,0,0,0,0,0,0,6,24,25,26,27,27,28,28,28,29,29,31,31,30,29,29,29,29,28,28,28,29,29,30,31,32,32
-62,125,20,30,29,28,26,26,25,24,23,22,22,21,21,20,21,20,19,19,18,17,17,16,16,15,15,14,4,0,0,0,0,0,0,0,0,0,6,23,24,25,26,26,27,28,28,29,29,30,30,29,29,28,28,28,28,28,28,29,29,29,30,31,32
-63,125,20,30,30,29,27,26,26,25,24,24,23,22,21,21,21,21,21,20,19,18,17,17,16,15,15,15,4,0,0,0,0,0,0,0,0,0,6,24,24,25,26,26,27,27,28,28,29,30,30,29,28,28,28,28,27,28,28,29,29,30,31,31,32
-63,125,20,28,28,27,26,25,24,23,23,23,22,21,21,20,20,20,19,19,18,17,16,16,15,14,14,13,3,0,0,0,0,0,0,0,0,0,5,23,23,24,25,25,26,26,26,26,28,28,28,27,26,26,27,27,26,26,27,27,27,28,28,30,30
-63,125,20,29,27,26,25,24,23,22,22,22,22,20,20,20,20,19,19,18,18,17,16,15,14,14,13,13,3,0,0,0,0,0,0,0,0,0,5,22,23,23,25,25,26,26,26,27,28,29,29,27,26,26,27,26,26,26,27,27,28,28,30,29,29
-62,125,20,28,26,26,24,23,23,22,21,21,21,20,19,19,19,19,19,18,18,17,16,15,15,14,13,13,4,0,0,0,0,0,0,0,0,0,6,22,22,23,23,24,25,25,25,26,27,27,26,26,25,25,26,26,25,25,25,26,26,27,28,28,28
-63,125,20,25,25,24,23,22,21,20,19,19,18,18,18,18,17,17,17,17,15,14,14,13,12,12,12,12,3,0,0,0,0,0,0,0,0,0,4,19,20,21,22,22,23,23,24,24,25,26,26,25,25,24,24,24,23,24,24,24,24,25,25,26,27
-63,125,20,26,25,24,23,23,22,22,21,21,21,19,19,19,19,19,18,17,17,16,15,15,14,14,13,13,3,0,0,0,0,0,0,0,0,0,6,21,21,22,23,23,23,24,24,24,26,26,26,26,25,25,25,25,24,24,25,25,25,25,26,27,27
-63,125,20,26,26,26,25,23,21,21,21,21,20,19,19,19,19,19,18,17,17,16,16,15,14,13,13,13,4,0,0,0,0,0,0,0,0,0,6,21,21,22,22,23,24,24,25,25,25,25,25,25,25,25,25,24,24,24,25,25,25,25,26,27,28
-63,125,20,29,28,27,26,25,24,23,22,21,21,21,21,21,20,20,19,19,18,17,17,16,14,14,14,14,3,0,0,0,0,0,0,0,0,0,5,22,23,24,24,25,25,27,27,27,27,28,28,28,28,28,28,27,26,27,27,27,27,27,28,30,30
-63,125,20,27,26,25,25,23,23,21,20,21,20,19,19,19,18,18,18,17,17,16,15,14,13,13,13,13,3,0,0,0,0,0,0,0,0,0,5,20,21,22,23,23,23,24,25,25,26,27,27,26,26,26,26,25,25,25,25,25,26,26,27,28,28
-63,125,20,29,28,28,27,27,25,23,22,22,22,22,21,21,21,21,20,20,19,18,17,16,16,15,14,14,4,0,0,0,0,0,0,0,0,0,6,23,23,25,25,26,26,27,27,27,29,29,29,29,28,28,28,27,28,27,28,28,29,29,30,31,31
-63,125,20,27,26,25,24,23,22,22,21,20,20,19,19,19,19,18,17,17,17,16,15,15,14,14,13,13,3,0,0,0,0,0,0,0,0,0,5,21,21,23,22,23,24,25,24,25,26,27,27,27,25,25,26,25,24,24,25,25,26,26,27,27,27
-63,125,20,27,26,25,24,23,23,22,21,20,20,19,19,18,18,18,18,17,17,16,15,15,14,14,13,13,4,0,0,0,0,0,0,0,0,0,5,20,21,22,23,24,24,25,25,25,26,26,26,26,25,25,25,25,25,25,25,25,26,26,27,28,28
-63,125,20,26,26,24,24,23,22,21,20,19,20,20,20,20,19,19,18,18,17,16,15,15,14,14,14,12,4,0,0,0,0,0,0,0,0,0,5,21,21,23,23,24,24,25,25,25,25,26,26,25,25,25,25,25,24,25,25,25,25,25,27,27,28
-63,125,20,26,25,25,24,23,22,21,20,19,20,20,18,18,18,18,18,17,17,16,15,14,13,13,12,12,3,0,0,0,0,0,0,0,0,0,5,20,20,22,22,23,24,24,24,25,25,25,25,26,25,25,25,25,24,24,24,25,25,26,26,27,27
-63,125,20,27,26,25,24,23,22,22,21,20,19,19,19,19,18,18,17,17,16,16,15,15,14,14,13,13,4,0,0,0,0,0,0,0,0,0,5,20,21,22,23,24,24,24,25,25,26,26,26,26,26,25,26,25,25,24,25,25,26,26,27,28,27
-63,125,20,24,24,23,22,22,21,21,20,20,19,18,18,18,17,17,17,17,16,15,14,14,13,12,12,11,2,0,0,0,0,0,0,0,0,0,4,20,20,21,21,22,22,23,23,23,23,25,25,25,24,24,25,24,23,24,24,24,24,24,25,26,27
-63,125,20,29,28,28,26,26,24,23,21,21,21,21,21,20,20,20,19,19,18,17,17,16,15,14,14,13,3,0,0,0,0,0,0,0,0,0,6,23,24,25,25,26,27,27,27,28,28,29,29,29,28,28,28,27,26,27,27,27,28,29,30,30,30
-63,125,20,29,28,27,26,25,24,22,22,21,21,20,20,20,20,19,19,19,18,17,16,15,14,13,13,13,2,0,0,0,0,0,0,0,0,0,5,22,22,23,25,25,25,26,26,26,27,28,29,28,28,27,27,27,26,27,27,26,27,28,29,29,30
-62,125,20,30,29,28,27,26,25,23,22,22,21,21,21,20,20,20,19,19,19,17,16,15,15,13,13,13,3,0,0,0,0,0,0,0,0,0,5,22,23,24,25,26,26,27,27,27,28,29,29,29,29,28,28,28,27,27,28,28,28,28,30,31,31
-63,125,20,29,29,28,27,26,25,24,23,23,22,22,22,21,21,20,20,20,19,18,17,16,16,15,15,14,4,0,0,0,0,0,0,0,0,0,6,24,24,25,25,26,27,27,27,28,29,29,29,29,28,28,28,28,27,27,28,29,29,29,29,30,30
-63,125,20,28,28,27,25,25,24,23,22,22,21,20,20,20,20,20,19,18,18,17,16,15,14,14,13,13,3,0,0,0,0,0,0,0,0,0,5,22,22,23,25,25,26,26,26,27,27,28,27,28,27,27,26,26,26,26,27,26,27,27,29,30,30
-62,125,20,26,25,24,22,22,21,20,18,18,18,18,18,17,17,17,17,16,16,15,14,13,13,12,12,11,2,0,0,0,0,0,0,0,0,0,4,19,20,20,21,22,23,23,24,24,25,25,26,25,25,25,25,24,24,24,24,24,24,25,26,27,27
-62,125,20,30,29,28,26,26,25,24,23,22,22,22,21,21,20,20,20,20,19,17,17,17,16,15,14,14,4,0,0,0,0,0,0,0,0,0,6,23,24,25,26,26,26,27,27,28,29,30,30,30,28,28,28,28,27,28,28,28,29,29,30,31,31
-63,125,20,26,25,25,23,23,22,21,20,20,19,19,18,18,18,18,17,17,16,16,14,14,14,13,12,12,3,0,0,0,0,0,0,0,0,0,5,20,21,21,22,23,23,24,24,24,25,25,26,26,25,25,25,24,24,25,24,24,24,26,26,26,28
-63,125,20,28,27,26,25,25,23,22,22,22,21,20,20,20,19,19,18,18,17,17,16,15,14,14,13,13,3,0,0,0,0,0,0,0,0,0,5,22,23,23,24,24,25,26,26,26,26,28,28,27,27,27,27,26,25,26,27,27,26,26,28,29,29
-63,125,20,29,29,28,27,26,25,24,23,23,22,21,21,21,20,20,20,19,18,17,16,16,15,15,14,14,4,0,0,0,0,0,0,0,0,0,6,22,23,24,25,26,26,26,26,26,28,29,29,28,28,27,28,27,27,27,27,27,27,28,29,30,30
-63,125,20,25,24,23,22,22,21,20,20,20,19,18,17,18,18,17,17,16,16,15,14,14,13,12,12,11,2,0,0,0,0,0,0,0,0,0,4,19,20,20,21,22,22,22,22,23,24,24,24,24,24,24,24,23,22,23,23,23,24,24,25,26,27
-62,125,20,27,27,26,25,24,23,22,22,22,21,20,19,19,19,18,18,18,17,16,16,15,14,14,14,13,4,0,0,0,0,0,0,0,0,0,6,21,22,22,23,24,24,25,25,25,25,26,26,25,25,25,25,25,25,25,26,26,26,27,28,28,28
-63,125,20,28,27,26,25,24,23,23,22,22,22,21,21,21,20,19,19,18,18,17,17,15,15,14,13,14,3,0,0,0,0,0,0,0,0,0,5,21,22,23,23,24,25,25,26,26,26,27,27,27,26,26,26,26,26,26,25,27,27,27,28,29,30
-63,125,20,29,28,26,25,25,23,23,23,22,21,20,20,20,20,20,19,18,18,17,16,15,14,13,13,13,2,0,0,0,0,0,0,0,0,0,5,21,22,22,24,25,26,26,26,27,27,27,27,27,27,26,27,27,26,26,26,26,27,28,29,30,29
-63,125,20,34,33,31,30,29,28,27,26,27,26,24,24,23,23,23,22,22,21,20,20,18,18,17,16,16,4,0,0,0,0,0,0,0,0,0,7,26,26,27,28,29,29,30,30,31,31,32,32,32,31,31,31,31,30,30,31,31,32,32,34,34,34
-63,125,20,29,29,28,27,26,24,23,22,21,21,20,20,20,20,20,20,18,18,18,16,15,15,14,14,14,4,0,0,0,0,0,0,0,0,0,6,22,23,24,25,25,26,27,27,27,28,29,28,28,27,27,27,27,27,27,27,27,28,28,29,30,30
-63,125,20,28,28,27,26,25,25,23,22,21,20,20,20,19,19,19,19,18,18,17,16,16,15,14,13,12,2,0,0,0,0,0,0,0,0,0,5,21,22,23,24,25,25,25,26,26,27,27,28,28,26,26,27,26,26,26,27,27,27,27,28,29,30
-63,125,20,34,33,32,30,29,28,27,26,25,25,24,23,23,23,22,22,21,21,20,19,18,18,17,16,16,4,0,0,0,0,0,0,0,0,0,7,25,26,27,28,28,29,29,30,31,31,31,32,31,31,30,30,30,30,30,31,31,32,32,33,34,34
-63,125,20,29,28,26,25,25,24,24,22,21,21,21,21,20,20,20,19,18,18,17,17,15,15,15,13,13,3,0,0,0,0,0,0,0,0,0,5,22,23,23,24,24,24,25,26,26,27,27,28,28,27,27,26,26,26,26,26,27,28,28,29,29,30
-63,125,20,33,32,31,29,28,27,26,25,25,24,23,23,23,22,22,22,21,20,19,18,17,16,15,14,14,3,0,0,0,0,0,0,0,0,0,6,25,25,26,27,27,29,29,28,30,30,31,31,31,30,29,30,30,30,29,30,30,31,31,32,33,32
-62,125,20,30,30,29,28,27,26,25,24,24,23,22,21,21,21,21,20,19,19,18,17,17,16,15,15,14,4,0,0,0,0,0,0,0,0,0,6,23,24,25,26,26,27,27,27,27,28,29,29,28,27,27,28,28,27,28,28,28,29,29,30,31,32
-63,125,20,25,24,24,23,21,21,20,19,18,19,19,18,18,18,18,17,17,16,15,14,13,13,12,12,12,2,0,0,0,0,0,0,0,0,0,4,18,19,21,21,22,23,23,23,24,24,24,24,24,24,24,24,23,22,23,24,24,24,25,26,26,28
-63,125,20,29,28,27,26,25,24,23,22,21,21,21,21,20,20,20,19,18,18,18,16,15,15,14,13,13,3,0,0,0,0,0,0,0,0,0,5,21,23,23,24,24,25,26,27,27,27,27,28,27,27,27,27,27,27,27,27,26,27,28,28,30,30
-63,125,20,29,29,28,27,26,25,24,23,23,22,21,21,20,20,20,19,19,18,17,17,16,16,15,14,14,4,0,0,0,0,0,0,0,0,0,6,22,23,24,25,25,26,27,27,27,28,29,29,28,28,27,28,27,27,27,28,28,28,29,30,30,30
-63,125,20,30,29,28,27,26,25,24,23,24,22,22,22,21,21,20,19,19,19,17,17,16,15,15,15,13,3,0,0,0,0,0,0,0,0,0,5,23,23,24,24,25,26,25,26,27,28,29,28,28,27,27,27,28,27,27,27,28,28,28,30,30,30
-63,125,20,25,24,23,22,21,20,20,19,19,18,17,17,17,17,17,16,16,15,15,13,13,13,12,11,11,2,0,0,0,0,0,0,0,0,0,4,19,19,20,21,21,22,22,23,22,23,24,24,24,23,23,23,23,23,23,23,23,23,24,25,26,26
-62,125,20,27,27,25,25,24,23,22,21,20,20,19,19,19,18,18,17,17,17,16,15,15,14,13,13,13,4,0,0,0,0,0,0,0,0,0,5,19,21,22,23,23,24,25,25,25,25,26,26,26,25,25,26,25,25,25,26,26,26,26,27,28,28
-63,125,20,28,27,26,26,25,24,22,21,21,21,20,20,20,19,19,19,17,17,17,16,16,15,14,13,13,3,0,0,0,0,0,0,0,0,0,5,21,22,23,24,24,25,25,25,26,27,27,27,27,26,26,26,26,25,25,26,27,27,27,29,29,29
-63,125,20,33,32,32,30,29,28,26,26,25,25,24,24,23,23,22,22,22,20,20,20,18,17,16,16,15,4,0,0,0,0,0,0,0,0,0,7,26,27,27,28,28,29,29,30,31,31,32,32,32,31,30,30,31,30,30,30,31,31,33,34,34,34
-63,125,20,24,24,24,23,23,22,21,20,19,19,18,18,18,17,17,17,17,16,15,14,14,13,13,12,12,3,0,0,0,0,0,0,0,0,0,4,19,19,20,21,22,22,22,23,23,23,24,24,23,23,23,23,23,23,23,23,23,24,24,25,26,27
-62,125,20,29,28,27,26,25,25,23,23,22,21,21,20,20,20,20,19,19,18,17,16,15,14,14,13,13,2,0,0,0,0,0,0,0,0,0,5,21,22,23,24,24,25,26,26,26,26,27,28,28,27,27,26,26,26,26,26,27,27,28,29,30,30
-63,125,20,28,27,26,25,24,23,22,21,20,21,20,19,19,19,19,18,18,17,17,15,14,13,13,13,13,3,0,0,0,0,0,0,0,0,0,5,21,22,22,23,24,25,26,26,26,27,28,28,27,26,26,26,26,25,26,26,26,27,27,28,28,29
-63,125,20,29,29,28,27,26,25,24,23,23,22,22,21,21,20,20,20,19,19,18,17,16,16,15,14,14,4,0,0,0,0,0,0,0,0,0,6,23,24,25,25,26,26,26,26,26,27,28,28,28,26,26,26,27,27,27,28,28,29,29,29,30,30
-63,125,20,28,28,27,26,25,24,23,22,21,21,21,21,21,20,20,19,18,18,17,16,15,14,14,14,14,3,0,0,0,0,0,0,0,0,0,5,21,22,23,24,25,25,26,26,25,26,27,27,27,26,26,27,25,25,26,27,27,27,27,29,30,31
-63,125,20,26,26,25,24,23,22,21,20,20,20,19,19,19,19,18,18,17,17,16,15,14,14,13,13,12,3,0,0,0,0,0,0,0,0,0,5,20,21,21,22,22,23,23,24,24,24,25,25,25,25,25,25,24,24,24,24,24,24,25,25,27,27
-63,125,20,28,28,27,26,25,24,23,22,23,22,20,20,20,20,20,20,19,17,17,17,15,14,14,13,13,3,0,0,0,0,0,0,0,0,0,5,22,22,23,24,25,25,26,26,26,27,28,28,27,26,26,27,26,26,26,27,27,27,27,29,29,29
-63,125,20,26,26,24,23,22,22,21,20,19,19,19,19,18,18,18,17,17,16,15,15,13,13,13,12,12,3,0,0,0,0,0,0,0,0,0,4,19,20,21,22,22,22,23,23,24,25,25,25,25,24,24,24,24,23,23,24,24,24,25,26,26,27
-62,125,20,29,29,28,27,26,25,23,22,21,21,21,20,20,20,20,19,19,19,17,16,15,15,15,14,13,3,0,0,0,0,0,0,0,0,0,5,23,23,24,24,25,26,26,26,27,28,29,29,28,28,27,28,27,26,27,28,28,28,29,29,29,30
-63,125,20,28,28,27,26,25,24,23,21,21,20,20,20,20,20,20,20,18,18,17,15,15,15,14,13,13,3,0,0,0,0,0,0,0,0,0,5,22,23,24,24,24,25,25,25,25,26,26,27,26,26,26,26,25,26,26,26,26,26,27,28,29,29
-63,125,20,25,25,25,25,23,21,21,19,18,19,19,19,19,18,18,17,17,17,16,15,13,13,13,13,13,3,0,0,0,0,0,0,0,0,0,5,19,20,21,21,22,24,24,24,24,24,25,25,25,25,24,25,24,24,25,24,25,25,24,25,26,27
-63,125,20,29,29,28,27,26,25,24,23,23,23,21,20,20,20,20,19,19,18,17,17,16,15,15,15,14,4,0,0,0,0,0,0,0,0,0,6,22,23,24,25,25,26,26,26,27,28,28,28,28,27,26,27,27,27,27,27,28,28,29,30,31,31
-63,125,20,29,28,27,26,25,24,23,23,22,22,22,21,21,20,20,20,19,18,18,17,16,15,15,14,14,4,0,0,0,0,0,0,0,0,0,6,22,23,23,25,25,26,26,26,27,27,27,27,27,26,26,27,26,26,27,27,26,27,27,28,30,30
-62,125,20,29,28,28,26,26,25,24,23,23,23,21,20,20,21,21,20,19,18,18,17,16,15,15,14,14,3,0,0,0,0,0,0,0,0,0,5,23,23,24,24,25,26,27,27,27,28,29,29,28,26,27,27,27,27,27,27,27,28,29,29,30,29
-63,125,20,27,27,27,25,25,24,23,22,21,21,21,20,20,20,20,19,19,18,17,16,15,14,14,14,13,3,0,0,0,0,0,0,0,0,0,5,22,22,24,24,25,25,26,25,26,26,27,27,27,26,26,25,25,26,26,27,27,27,27,28,29,30
-62,125,20,25,25,24,23,22,21,21,20,20,19,18,17,17,17,17,17,16,16,15,14,13,13,13,12,12,2,0,0,0,0,0,0,0,0,0,4,20,20,21,21,22,23,23,23,24,24,25,24,24,24,24,24,23,23,23,24,24,25,25,26,27,27
-63,125,20,29,29,27,26,26,25,24,23,22,23,22,21,21,20,20,20,19,18,18,17,16,16,15,14,14,4,0,0,0,0,0,0,0,0,0,6,23,23,24,25,25,26,26,27,27,27,28,28,27,27,26,27,27,27,27,27,28,28,29,29,30,31
-62,125,20,30,29,28,27,26,25,24,23,21,21,21,21,21,21,20,20,20,19,17,17,16,16,14,14,13,4,0,0,0,0,0,0,0,0,0,6,22,23,25,25,25,26,27,27,27,28,29,30,29,28,28,28,28,27,27,28,28,28,28,29,29,30
-63,125,20,27,27,25,24,24,22,21,21,19,20,19,19,19,19,19,18,17,17,16,15,14,14,13,12,12,2,0,0,0,0,0,0,0,0,0,5,20,20,21,22,22,24,25,25,25,26,27,27,25,25,25,25,24,25,25,25,25,26,26,27,28,28
-63,125,20,28,28,26,26,25,24,23,22,22,21,21,21,20,20,19,19,18,18,17,17,16,15,14,13,13,2,0,0,0,0,0,0,0,0,0,5,22,22,23,24,24,25,25,25,25,26,27,28,27,26,26,26,26,25,27,27,26,26,27,29,30,29
-63,125,20,28,26,26,25,24,23,22,22,21,21,20,19,20,19,19,19,18,18,17,16,15,14,13,13,13,2,0,0,0,0,0,0,0,0,0,4,21,21,22,23,24,24,25,25,25,26,27,28,27,26,25,25,25,25,26,26,26,26,26,28,29,29
-63,125,20,30,29,27,26,25,25,24,23,23,23,21,21,21,20,20,20,19,18,17,16,16,15,15,15,15,4,0,0,0,0,0,0,0,0,0,6,22,23,24,25,25,26,27,27,27,28,28,28,27,27,27,27,26,26,26,27,28,27,29,30,30,30
-62,125,20,30,29,28,27,26,25,24,23,22,22,22,22,22,21,21,20,20,19,18,17,16,15,15,14,14,4,0,0,0,0,0,0,0,0,0,6,22,24,25,25,26,26,27,27,27,27,29,29,29,29,29,28,27,27,27,28,27,28,28,29,31,31
-63,125,20,33,32,31,30,28,27,26,25,24,25,24,23,23,23,23,22,21,20,20,19,18,17,16,16,15,4,0,0,0,0,0,0,0,0,0,7,25,25,27,27,28,28,29,28,29,31,31,31,31,30,30,30,30,29,29,29,29,31,32,33,34,34
-63,125,20,25,25,24,23,22,21,20,20,20,19,18,17,17,17,16,16,16,15,15,14,13,13,12,12,12,3,0,0,0,0,0,0,0,0,0,4,19,20,20,21,21,22,22,22,23,23,24,24,24,23,23,23,23,23,23,23,24,24,25,25,26,26
-62,125,20,28,28,27,26,25,24,23,22,21,21,20,20,20,20,19,19,18,17,17,16,15,14,13,13,13,3,0,0,0,0,0,0,0,0,0,5,22,22,23,24,24,25,25,25,26,26,28,28,26,26,26,26,26,25,26,27,27,27,28,28,30,30
-63,125,20,29,28,26,25,25,23,22,22,22,22,21,20,20,20,20,19,19,18,17,16,15,15,14,13,12,3,0,0,0,0,0,0,0,0,0,5,22,22,23,23,24,24,25,25,26,27,28,27,27,26,26,26,26,26,26,26,26,27,27,28,29,28
-62,125,20,30,29,27,27,26,24,24,23,22,22,22,21,21,21,20,20,19,18,18,18,17,15,15,14,14,3,0,0,0,0,0,0,0,0,0,6,22,23,24,25,26,26,26,27,27,28,28,29,29,29,28,28,27,26,27,27,28,28,29,29,30,30
-63,125,20,31,30,29,28,27,26,25,24,23,23,23,22,21,21,21,21,20,19,19,17,16,16,15,14,14,3,0,0,0,0,0,0,0,0,0,5,24,25,25,26,27,27,28,29,29,30,31,31,30,29,29,30,29,29,29,29,29,31,31,32,32,31
-63,125,20,28,28,27,26,25,24,23,23,22,22,21,20,20,20,20,20,19,18,17,17,15,15,15,14,13,4,0,0,0,0,0,0,0,0,0,6,23,23,24,25,24,25,26,27,27,28,29,28,28,27,27,27,26,26,27,27,27,27,28,29,29,29
-63,125,20,29,28,28,26,25,25,23,23,21,22,21,21,21,20,20,19,19,18,17,17,17,15,14,14,13,3,0,0,0,0,0,0,0,0,0,6,23,23,23,25,25,26,26,26,27,27,28,28,27,27,27,27,26,27,26,27,27,28,29,29,31,31
-62,125,20,25,25,24,24,23,22,21,20,20,19,19,19,18,18,18,18,17,17,16,15,14,14,13,12,12,3,0,0,0,0,0,0,0,0,0,5,20,21,21,22,22,23,23,24,24,24,25,25,25,25,24,24,24,24,23,23,24,25,25,25,26,28
-63,125,20,32,31,30,30,28,27,26,24,24,24,23,23,22,22,22,21,21,19,19,19,17,17,16,16,15,4,0,0,0,0,0,0,0,0,0,5,25,25,26,26,27,28,28,28,29,29,30,30,30,29,30,30,29,29,29,29,30,30,31,32,33,33
-63,125,20,25,25,24,23,23,21,21,20,19,20,19,19,19,18,17,17,17,17,16,15,14,14,14,12,12,4,0,0,0,0,0,0,0,0,0,5,20,20,21,21,22,22,23,24,24,24,25,25,24,24,24,24,23,24,24,24,25,25,24,26,26,27
-62,125,20,27,26,26,24,23,23,22,21,21,21,20,19,19,19,19,19,18,17,17,16,15,14,14,13,12,3,0,0,0,0,0,0,0,0,0,5,21,22,22,23,23,24,24,24,25,26,27,27,25,25,25,25,25,24,24,25,26,26,26,28,28,27
-63,125,20,25,24,23,22,22,21,20,20,19,18,18,18,18,18,18,16,16,15,15,14,13,13,12,12,12,2,0,0,0,0,0,0,0,0,0,4,18,19,20,21,22,22,22,23,23,23,24,24,24,23,23,23,23,22,23,23,23,24,24,25,25,25
-61,125,20,25,25,24,24,23,22,21,20,20,21,20,19,19,18,18,18,19,18,15,12,11,13,14,15,13,3,0,0,0,0,0,0,0,0,0,5,20,21,21,22,22,23,24,23,23,24,25,25,25,24,23,23,23,24,24,24,24,24,25,25,26,26
-62,125,20,26,25,24,24,23,21,21,21,20,19,19,19,19,18,18,18,17,16,15,15,14,14,14,12,12,3,0,0,0,0,0,0,0,0,0,5,20,20,21,22,22,23,24,24,24,25,25,26,25,25,25,25,24,24,24,25,25,25,25,27,27,27
-62,125,20,29,28,27,26,26,24,24,22,21,21,21,21,21,20,20,21,19,18,18,17,16,15,15,14,14,3,0,0,0,0,0,0,0,0,0,5,23,23,24,24,25,25,26,27,27,28,28,28,28,27,27,27,26,26,27,27,27,27,28,29,29,29
-63,125,20,25,25,24,23,23,22,21,20,20,20,20,19,19,19,19,18,18,17,16,16,15,14,13,13,13,4,0,0,0,0,0,0,0,0,0,5,21,21,22,22,22,22,24,24,24,24,25,25,25,25,24,24,24,24,24,24,25,25,25,26,26,27
-63,125,20,29,28,27,25,24,24,23,23,23,21,21,21,21,20,20,19,19,17,16,16,16,15,14,14,14,3,0,0,0,0,0,0,0,0,0,5,21,22,23,24,24,25,25,26,26,27,28,28,27,26,26,27,26,26,26,26,27,27,27,28,28,28
-62,125,20,29,28,27,26,25,24,24,22,21,21,21,20,20,20,20,19,19,18,17,16,15,14,13,13,13,3,0,0,0,0,0,0,0,0,0,5,22,22,24,24,24,25,25,26,26,27,28,28,28,26,26,26,26,26,26,26,26,27,28,28,29,29
-63,125,20,29,28,28,27,25,25,23,22,22,22,21,21,20,20,20,20,20,19,18,17,16,16,15,14,14,3,0,0,0,0,0,0,0,0,0,6,23,23,24,25,25,26,26,27,27,27,29,29,28,27,27,27,26,27,27,27,27,28,27,28,29,29
-63,125,20,28,28,26,26,25,24,22,22,23,23,21,21,21,20,20,19,18,18,18,17,16,15,15,14,14,3,0,0,0,0,0,0,0,0,0,5,22,23,23,24,24,25,25,26,26,27,27,27,27,27,27,27,26,26,26,26,26,27,27,28,30,30
-63,125,20,28,27,27,26,25,24,23,22,21,22,21,20,20,19,20,19,19,18,17,16,16,14,14,14,14,2,0,0,0,0,0,0,0,0,0,5,22,23,23,24,25,25,26,26,27,26,27,28,27,26,26,26,25,26,26,26,26,27,28,28,30,30
-62,125,20,28,27,26,25,26,24,23,22,22,21,20,20,19,20,20,19,18,18,17,17,15,15,13,13,13,3,0,0,0,0,0,0,0,0,0,5,22,22,22,24,25,25,25,26,26,26,28,28,28,27,26,26,26,25,26,27,27,27,27,28,29,29
-63,125,20,24,24,23,23,21,21,21,19,20,19,18,18,18,18,17,17,16,15,15,14,13,13,12,12,12,2,0,0,0,0,0,0,0,0,0,5,19,20,21,21,21,22,23,23,23,24,24,25,24,24,23,23,23,22,24,24,23,24,24,25,26,26
-63,125,20,28,28,26,26,25,24,22,21,20,21,21,20,20,20,19,19,19,18,17,16,15,14,14,13,13,3,0,0,0,0,0,0,0,0,0,5,22,22,23,24,24,25,26,26,25,26,27,28,26,27,26,26,25,25,26,27,26,26,26,28,29,30
-63,125,20,27,27,26,25,24,24,23,22,21,21,21,20,20,20,20,19,18,17,16,16,15,15,13,13,13,3,0,0,0,0,0,0,0,0,0,5,22,23,23,24,24,25,26,26,26,27,27,28,27,26,26,26,26,26,26,27,27,27,27,27,28,29
-63,125,20,28,28,27,25,25,24,23,22,22,21,21,21,21,20,20,19,18,18,17,16,15,14,14,13,13,3,0,0,0,0,0,0,0,0,0,5,22,23,23,24,24,25,25,26,26,26,27,27,27,27,27,27,26,26,26,27,27,27,26,28,29,29
-63,125,20,28,28,27,26,25,24,23,22,22,21,20,20,20,20,20,19,18,18,17,16,15,15,14,14,13,3,0,0,0,0,0,0,0,0,0,5,22,22,23,24,25,25,25,25,26,26,27,27,27,25,25,25,26,26,26,27,27,27,27,28,29,29
-63,125,20,27,27,26,25,24,23,23,21,20,21,20,19,19,19,19,18,18,18,17,16,14,14,14,13,13,3,0,0,0,0,0,0,0,0,0,5,21,22,22,23,24,25,26,25,26,26,27,27,26,26,25,26,25,25,25,26,26,26,27,28,29,29
-63,125,20,28,27,26,25,24,24,23,22,21,22,21,20,20,20,20,19,18,17,17,16,16,14,14,13,13,3,0,0,0,0,0,0,0,0,0,5,21,22,23,24,24,25,25,26,26,27,27,27,27,26,26,26,26,26,26,26,27,27,28,28,28,29
-62,125,20,29,28,28,27,26,24,23,22,22,22,21,20,20,21,20,20,19,19,17,17,16,15,14,14,13,2,0,0,0,0,0,0,0,0,0,5,22,23,24,25,25,26,26,27,27,28,29,29,28,27,27,27,26,26,27,27,27,28,28,29,29,30
-63,125,20,29,28,26,25,25,25,23,22,21,21,21,21,21,20,20,19,18,18,18,17,16,15,14,14,13,3,0,0,0,0,0,0,0,0,0,6,22,22,24,25,26,25,26,27,26,27,27,27,27,27,27,27,26,26,27,27,28,27,27,28,30,30
-63,125,20,26,25,24,23,23,21,20,20,19,19,19,18,18,18,18,18,17,16,15,14,14,13,13,13,13,3,0,0,0,0,0,0,0,0,0,5,20,21,21,23,23,24,23,24,25,25,25,25,25,25,25,25,24,24,25,24,24,25,25,26,27,27
-63,125,20,29,29,27,26,25,24,24,23,23,23,21,21,20,20,20,19,18,18,18,17,16,16,14,15,14,4,0,0,0,0,0,0,0,0,0,6,22,23,24,25,26,26,26,27,27,29,29,29,28,27,27,27,27,27,28,27,28,27,28,29,29,29
-63,125,20,28,28,27,25,24,23,23,22,21,21,20,21,20,20,19,19,18,17,17,17,15,14,13,13,13,2,0,0,0,0,0,0,0,0,0,5,22,23,23,24,25,24,25,26,27,27,28,28,28,27,27,26,26,25,25,26,27,27,27,28,28,28
-63,125,20,31,30,29,28,27,27,25,24,22,23,23,21,21,21,21,21,20,18,18,18,17,16,15,15,14,2,0,0,0,0,0,0,0,0,0,5,24,25,26,26,27,28,29,29,30,30,31,31,30,30,30,30,29,28,28,29,29,30,31,32,32,32
-63,125,20,27,27,26,24,24,23,23,22,21,21,21,20,20,19,19,18,18,17,16,16,15,14,13,13,13,3,0,0,0,0,0,0,0,0,0,5,22,23,23,24,24,24,25,25,26,26,27,27,27,26,26,26,25,25,25,25,26,26,27,28,29,29
-63,125,20,28,28,27,26,25,24,23,22,22,21,20,19,19,19,19,18,18,17,16,16,15,15,14,13,13,3,0,0,0,0,0,0,0,0,0,5,22,22,23,24,25,25,26,26,26,27,28,28,27,26,26,26,26,26,26,26,27,27,28,28,29,29
-63,125,20,29,28,27,26,25,24,23,22,22,21,21,20,20,20,20,19,19,18,17,16,15,15,14,13,13,4,0,0,0,0,0,0,0,0,0,6,23,23,24,25,25,25,26,26,27,28,28,29,27,27,27,27,26,26,26,27,27,28,28,29,29,29
-63,125,20,28,27,27,26,25,24,22,22,22,21,20,19,19,19,19,18,18,18,17,16,15,14,14,13,12,3,0,0,0,0,0,0,0,0,0,5,21,22,23,24,24,25,26,26,26,27,27,28,27,27,27,27,27,26,26,26,27,26,27,29,29,30
-62,125,20,29,29,27,26,25,25,23,23,22,22,21,21,21,21,20,19,18,18,17,17,16,14,14,13,14,3,0,0,0,0,0,0,0,0,0,6,23,23,24,25,26,26,26,27,27,27,28,29,29,28,28,28,27,26,27,26,27,28,28,29,30,31
-63,125,20,24,24,23,23,22,21,20,19,17,18,17,17,17,16,16,16,15,15,14,13,12,12,12,12,11,2,0,0,0,0,0,0,0,0,0,4,19,19,20,21,22,22,23,23,23,23,24,24,24,23,23,23,22,22,23,23,23,24,24,24,24,24
-63,125,20,24,23,23,22,22,21,20,19,18,18,18,17,17,17,17,17,16,16,14,13,13,12,12,12,11,3,0,0,0,0,0,0,0,0,0,4,20,19,20,21,22,22,23,23,23,24,25,25,25,24,23,24,24,23,23,23,24,24,24,24,25,26
-62,125,20,29,28,28,26,25,23,23,21,22,21,21,20,20,19,19,19,19,18,17,16,16,15,14,14,13,2,0,0,0,0,0,0,0,0,0,5,22,23,24,24,25,26,27,27,27,28,28,29,28,29,29,28,27,26,27,27,27,27,27,29,30,30
-63,125,20,29,29,28,27,26,25,24,22,22,22,22,21,20,20,20,20,19,19,18,17,16,16,15,14,14,4,0,0,0,0,0,0,0,0,0,6,23,23,25,25,26,26,27,27,28,28,29,29,28,28,27,28,28,26,27,27,27,28,29,29,30,30
-63,125,20,28,28,27,26,25,24,23,21,21,21,21,20,20,20,19,19,18,18,17,17,15,14,14,14,14,4,0,0,0,0,0,0,0,0,0,5,22,23,23,25,25,26,26,27,27,28,28,28,27,27,27,27,27,27,27,27,27,27,27,29,30,30
-62,125,20,30,29,27,26,26,25,24,23,23,23,21,22,21,21,21,20,20,19,17,17,16,15,15,14,14,4,0,0,0,0,0,0,0,0,0,5,22,24,24,25,26,26,27,27,28,28,29,30,29,29,29,28,28,27,28,28,28,28,28,30,31,32
-62,125,20,28,27,27,25,24,24,23,23,23,22,21,19,20,20,20,19,18,17,17,16,16,15,14,13,13,3,0,0,0,0,0,0,0,0,0,5,22,23,24,24,25,25,26,27,27,28,29,29,28,27,27,28,27,27,27,27,28,28,28,29,29,29
-62,125,20,25,25,24,23,22,21,21,20,19,19,18,17,17,17,17,16,16,15,15,14,14,13,12,12,11,2,0,0,0,0,0,0,0,0,0,4,19,20,21,22,22,23,24,24,24,25,25,26,25,25,24,24,24,23,24,24,25,25,25,26,26,26
-63,125,20,26,26,25,24,23,22,20,20,19,19,18,17,18,18,17,17,17,15,15,15,15,14,14,13,13,3,0,0,0,0,0,0,0,0,0,5,20,21,22,22,22,23,24,24,24,25,25,25,25,25,25,25,24,24,24,24,24,24,25,26,26,26
-63,125,20,32,31,30,28,28,27,26,25,24,23,23,23,23,22,22,21,20,20,19,18,17,16,15,15,15,3,0,0,0,0,0,0,0,0,0,6,25,26,26,27,27,28,29,30,30,30,31,32,32,31,31,30,30,29,29,30,30,30,30,32,34,34
-63,125,20,29,28,27,26,25,24,23,23,23,22,21,21,20,20,20,19,19,18,18,17,15,15,14,14,13,4,0,0,0,0,0,0,0,0,0,6,22,23,25,25,26,26,27,27,28,28,29,29,29,28,28,28,28,27,28,28,28,28,28,29,30,30
-63,125,20,26,25,24,24,23,22,21,20,20,20,19,19,18,18,17,17,17,17,15,15,14,14,13,13,13,3,0,0,0,0,0,0,0,0,0,5,20,21,21,22,23,24,24,24,24,25,25,25,25,24,25,25,24,24,24,24,25,25,25,26,27,27
-63,125,20,29,28,27,26,25,24,23,22,23,22,21,21,20,20,20,19,19,18,18,17,16,15,14,14,14,4,0,0,0,0,0,0,0,0,0,5,22,23,25,26,26,26,27,27,27,27,28,29,28,28,27,27,28,27,27,27,28,28,28,29,31,31
-63,125,20,32,31,29,28,27,26,25,25,24,24,24,23,23,22,21,21,20,20,19,18,17,16,16,15,15,3,0,0,0,0,0,0,0,0,0,6,25,26,26,26,27,28,29,29,30,30,30,30,30,30,30,30,30,29,29,30,30,30,30,31,33,34
-63,125,20,28,27,26,25,24,23,21,21,22,21,19,19,19,19,19,18,18,17,16,15,14,13,13,13,13,3,0,0,0,0,0,0,0,0,0,5,21,22,23,24,24,25,26,25,26,27,28,28,27,27,25,25,25,25,25,26,26,26,27,28,29,29
-63,125,20,28,27,26,25,25,24,22,21,22,21,20,20,20,20,19,19,19,17,17,16,15,14,14,13,13,3,0,0,0,0,0,0,0,0,0,5,22,23,23,24,24,26,26,25,26,27,28,28,27,26,26,26,25,25,25,26,26,26,27,28,28,28
-63,125,20,32,31,29,28,27,26,25,24,24,24,23,22,22,22,21,21,20,20,18,18,17,16,15,14,14,3,0,0,0,0,0,0,0,0,0,5,25,25,26,27,27,28,28,29,29,30,31,32,31,30,30,30,30,29,29,29,29,29,30,32,33,33
-63,125,20,25,25,24,24,23,22,22,21,20,20,19,18,18,17,17,17,17,17,16,15,14,13,13,13,13,4,0,0,0,0,0,0,0,0,0,5,20,21,21,22,23,24,24,24,25,25,25,26,25,25,25,25,24,24,24,25,25,25,25,26,27,28
-63,125,20,28,28,27,26,26,24,23,22,21,21,21,20,20,20,20,19,19,18,17,17,16,15,14,14,13,4,0,0,0,0,0,0,0,0,0,6,23,23,24,24,25,25,26,26,27,27,28,28,28,27,27,27,27,26,26,27,27,27,27,28,29,30
-63,125,20,28,28,26,25,25,24,23,22,21,21,21,20,20,20,20,19,19,18,18,16,15,15,15,15,13,3,0,0,0,0,0,0,0,0,0,5,22,23,24,24,24,26,26,26,27,27,28,28,27,27,27,27,26,26,26,26,27,27,27,29,30,30
-63,125,20,28,28,26,25,25,23,22,22,21,21,21,21,20,19,19,19,19,18,16,16,15,14,14,14,13,3,0,0,0,0,0,0,0,0,0,5,22,22,24,24,24,25,25,26,27,27,28,28,28,28,27,27,27,26,26,27,27,27,27,28,30,30
-63,125,20,28,28,27,26,24,23,23,22,21,21,20,20,20,19,19,19,19,18,17,16,15,14,14,13,13,3,0,0,0,0,0,0,0,0,0,5,22,22,23,24,25,25,26,26,26,27,27,28,26,26,26,26,26,26,26,26,27,27,27,28,29,28
-63,125,20,27,27,26,25,24,23,22,21,22,21,20,18,18,19,19,19,18,17,16,15,15,14,13,13,11,2,0,0,0,0,0,0,0,0,0,4,21,22,23,24,24,25,26,26,27,27,28,28,26,25,25,25,25,25,26,26,26,26,27,27,28,28
-63,125,20,25,25,24,23,23,22,20,19,19,20,19,18,18,18,18,18,17,17,16,15,14,14,13,13,12,3,0,0,0,0,0,0,0,0,0,5,21,21,21,22,22,22,23,23,24,24,25,25,24,24,23,24,24,23,23,23,24,24,25,25,26,26
-63,125,20,29,28,28,27,26,25,24,23,23,22,21,21,21,20,20,20,19,19,18,17,16,15,15,15,14,4,0,0,0,0,0,0,0,0,0,6,23,23,24,25,25,26,26,26,27,28,28,28,27,27,27,27,27,27,26,27,27,27,28,29,30,30
-62,125,20,28,27,27,26,25,24,23,21,21,21,20,19,19,20,20,20,19,18,16,16,15,15,14,13,12,2,0,0,0,0,0,0,0,0,0,5,22,22,23,24,25,25,26,26,26,28,28,28,27,26,26,26,26,25,27,27,27,27,27,29,29,29
-63,125,20,25,24,23,22,22,21,20,19,19,18,18,18,17,17,17,16,16,15,14,14,13,12,12,12,12,3,0,0,0,0,0,0,0,0,0,4,19,20,20,21,22,22,23,23,23,23,24,24,24,24,24,23,23,23,23,23,23,23,23,24,26,27
-63,125,20,29,28,28,26,26,25,24,23,24,23,21,21,20,20,20,19,19,19,18,17,16,16,15,14,14,4,0,0,0,0,0,0,0,0,0,6,22,23,24,25,26,27,27,27,27,28,28,28,28,28,28,27,27,27,27,27,28,28,28,29,30,31
-63,125,20,29,29,27,26,25,24,23,23,22,21,21,21,21,20,20,19,19,18,17,17,16,16,15,14,14,4,0,0,0,0,0,0,0,0,0,6,23,24,24,25,26,26,26,27,27,27,28,28,29,28,28,27,27,26,26,27,28,28,28,29,30,30
-63,125,20,26,25,24,23,23,22,21,20,19,19,19,19,18,18,18,18,17,17,16,15,15,14,13,13,13,3,0,0,0,0,0,0,0,0,0,5,20,21,22,23,23,23,24,24,24,25,25,25,24,24,24,24,24,23,23,24,25,25,26,26,27,28
-63,125,20,27,27,26,25,24,24,23,22,21,20,20,20,20,20,20,18,18,17,17,16,16,15,14,13,13,3,0,0,0,0,0,0,0,0,0,5,22,22,24,24,24,25,26,26,27,28,28,28,27,27,27,27,27,26,26,27,27,27,28,28,29,28
-63,125,20,24,24,23,21,21,21,20,20,19,18,17,17,17,16,16,16,16,15,14,14,12,12,12,11,10,2,0,0,0,0,0,0,0,0,0,4,19,19,20,20,21,21,22,23,24,23,24,24,24,23,23,23,22,22,23,23,22,22,24,25,26,26
-63,125,20,31,30,30,29,28,27,26,25,26,25,23,23,22,22,22,21,21,20,19,18,17,17,16,15,15,4,0,0,0,0,0,0,0,0,0,6,25,26,26,27,27,28,29,29,30,31,32,31,30,30,30,30,29,30,30,30,29,31,31,32,32,32
-63,125,20,23,23,23,22,21,20,19,18,18,17,16,16,16,16,16,16,15,14,14,13,12,12,12,11,11,2,0,0,0,0,0,0,0,0,0,4,18,19,20,21,22,22,22,22,23,23,24,24,24,23,22,22,22,22,22,23,23,23,24,25,25,24
-63,125,20,24,24,23,22,21,20,19,19,18,17,17,17,18,18,16,17,16,15,15,14,12,12,12,12,11,2,0,0,0,0,0,0,0,0,0,4,19,19,20,21,21,22,23,23,23,24,24,24,24,23,22,22,22,22,23,23,23,23,24,25,26,25
-63,125,20,24,24,23,22,22,21,20,18,18,18,17,17,17,17,17,16,16,15,13,13,13,12,12,11,12,2,0,0,0,0,0,0,0,0,0,4,18,19,20,20,22,22,22,23,23,24,24,24,24,22,22,23,22,22,23,23,23,23,24,25,26,25
-62,125,20,29,28,27,26,24,23,22,23,22,21,20,20,20,20,20,19,19,18,17,16,15,14,14,13,13,2,0,0,0,0,0,0,0,0,0,5,21,23,23,24,24,26,26,27,27,27,28,28,28,27,27,27,27,26,26,26,27,26,27,28,29,29
-63,125,20,27,27,26,25,25,24,22,22,23,22,21,20,20,20,19,19,18,17,17,16,15,15,14,13,13,3,0,0,0,0,0,0,0,0,0,5,22,22,23,24,25,25,25,26,27,27,27,27,27,26,26,26,26,26,26,26,26,27,27,28,29,29
-62,125,20,28,27,26,25,25,24,23,22,22,21,21,20,20,20,20,19,19,18,17,17,16,15,14,13,13,3,0,0,0,0,0,0,0,0,0,5,23,23,24,24,24,25,26,26,27,28,28,29,28,27,26,27,27,26,26,26,27,27,28,29,30,30
-63,125,20,27,27,25,24,24,23,22,21,20,20,20,19,19,19,19,19,17,17,17,15,14,14,13,12,12,2,0,0,0,0,0,0,0,0,0,5,22,22,23,24,24,25,25,25,26,27,27,27,26,26,26,26,26,25,25,26,26,27,27,27,29,29
-62,125,20,26,25,24,23,22,22,21,20,19,19,18,18,18,18,18,18,17,17,15,14,14,13,13,12,12,3,0,0,0,0,0,0,0,0,0,4,19,20,21,22,23,24,24,24,24,25,25,26,25,25,24,24,24,24,24,25,24,24,25,26,27,27
-63,125,20,29,28,27,26,25,24,23,22,21,21,20,20,21,20,19,19,18,18,17,16,16,15,14,14,14,4,0,0,0,0,0,0,0,0,0,5,22,23,23,24,25,26,27,27,27,28,29,29,28,28,28,28,28,27,27,27,27,28,28,29,30,31
-63,125,20,25,25,23,22,22,21,21,19,19,19,18,18,17,17,17,17,17,16,15,14,13,13,12,12,12,3,0,0,0,0,0,0,0,0,0,5,19,20,21,21,22,22,23,23,23,24,25,25,24,24,24,24,23,22,24,24,23,23,24,25,26,26
-63,125,20,28,27,26,25,24,23,22,22,21,21,20,20,20,20,20,19,18,17,17,16,15,15,14,13,13,3,0,0,0,0,0,0,0,0,0,5,22,23,23,24,24,25,26,26,26,27,28,28,28,27,26,26,26,26,26,26,26,27,27,29,29,29
-63,125,20,27,26,26,25,24,24,22,21,21,21,20,19,19,19,19,19,18,18,16,16,15,15,14,14,13,3,0,0,0,0,0,0,0,0,0,5,21,21,23,24,24,25,25,26,26,28,28,28,27,26,26,26,26,26,26,26,26,27,27,28,29,29
-63,125,20,29,28,27,26,25,24,23,22,22,21,21,21,20,20,20,20,19,19,18,17,16,15,14,14,14,4,0,0,0,0,0,0,0,0,0,6,22,24,25,25,25,26,27,27,27,27,28,28,28,27,27,27,27,27,27,27,27,28,27,29,30,30
-63,125,20,29,27,26,25,25,24,24,22,21,21,21,21,21,20,20,20,20,19,18,17,16,16,15,15,14,4,0,0,0,0,0,0,0,0,0,6,22,23,24,25,26,25,26,26,26,28,29,28,28,27,27,28,26,26,27,26,27,27,28,29,30,31
-63,125,20,25,25,24,23,23,22,21,21,21,20,19,19,18,18,18,17,17,17,16,15,14,14,13,13,12,3,0,0,0,0,0,0,0,0,0,5,20,21,21,22,23,23,24,24,24,25,26,26,25,25,25,25,24,23,24,24,25,25,25,26,27,27
-63,125,20,24,24,23,22,22,21,20,19,19,19,18,17,17,17,17,17,16,16,15,14,13,13,12,12,12,3,0,0,0,0,0,0,0,0,0,4,19,20,20,20,21,22,23,23,23,24,24,25,23,23,23,24,23,22,23,23,23,24,24,25,25,25
-63,125,20,33,32,31,29,28,27,26,26,26,25,24,24,23,23,22,21,21,20,19,18,18,17,17,16,16,4,0,0,0,0,0,0,0,0,0,6,25,26,27,28,28,29,30,31,31,32,32,33,32,31,31,31,31,30,30,31,31,31,32,32,33,33
-62,125,20,29,28,26,26,25,23,22,19,18,19,20,20,21,21,19,19,19,18,16,16,15,15,14,13,13,3,0,0,0,0,0,0,0,0,0,5,22,23,24,24,25,25,25,27,27,27,28,28,28,27,27,27,27,27,26,26,26,28,28,28,30,29
-63,125,20,27,27,26,25,24,24,23,22,22,21,20,20,20,19,20,19,18,18,17,16,15,15,14,13,13,3,0,0,0,0,0,0,0,0,0,5,22,22,23,24,24,25,26,26,26,27,27,27,27,27,26,27,26,25,26,26,27,26,27,28,29,29
-63,125,20,29,29,28,27,26,25,23,22,21,21,21,21,21,20,20,19,19,19,17,16,16,15,15,14,14,4,0,0,0,0,0,0,0,0,0,6,23,24,24,25,25,26,27,27,27,28,28,29,28,28,27,27,27,27,27,27,27,28,28,30,30,30
-62,125,20,26,26,25,25,24,23,22,21,20,20,20,19,19,19,19,19,18,18,17,16,15,15,14,14,13,4,0,0,0,0,0,0,0,0,0,6,22,22,23,23,24,24,25,25,25,25,26,27,25,25,25,25,25,25,25,25,25,26,26,27,28,28
-63,125,20,25,25,25,23,23,22,21,20,19,19,19,18,19,18,18,18,17,17,16,15,15,14,13,13,13,4,0,0,0,0,0,0,0,0,0,5,20,21,22,22,22,24,24,24,25,25,25,25,25,25,25,24,24,23,24,24,24,25,25,26,27,26
-63,125,20,29,29,27,26,26,24,24,24,22,21,22,21,21,20,20,20,19,19,18,17,16,15,14,14,14,4,0,0,0,0,0,0,0,0,0,6,23,23,24,25,25,27,26,27,28,28,28,29,28,28,28,28,27,26,27,27,28,28,28,29,30,31
-63,125,20,28,27,27,26,25,24,22,22,23,22,21,19,20,20,20,19,18,18,16,16,15,14,14,13,13,2,0,0,0,0,0,0,0,0,0,5,22,22,24,24,24,25,25,26,27,28,27,28,27,26,26,26,26,26,26,26,27,27,27,28,29,28
-63,125,20,29,29,28,27,26,25,24,23,23,23,22,21,20,20,20,19,19,18,18,17,16,15,15,15,14,4,0,0,0,0,0,0,0,0,0,6,23,23,24,25,26,26,27,27,27,27,28,29,28,27,27,27,27,27,27,27,27,27,28,29,30,30
-63,125,20,28,27,25,25,24,23,23,22,22,21,20,20,20,19,19,18,18,17,17,16,15,14,14,14,14,3,0,0,0,0,0,0,0,0,0,5,22,22,23,24,25,25,25,26,27,27,27,28,27,27,27,27,26,26,26,26,26,26,26,27,29,29
-63,125,20,28,28,27,26,25,24,23,22,21,22,20,20,20,19,19,19,18,18,17,16,15,14,14,13,14,4,0,0,0,0,0,0,0,0,0,6,22,23,23,25,25,26,26,26,27,27,28,29,28,28,27,27,27,27,26,27,26,26,27,28,30,29
-63,125,20,29,28,28,27,26,25,24,23,22,21,21,20,20,20,20,19,18,18,17,17,16,15,15,14,14,4,0,0,0,0,0,0,0,0,0,6,23,23,24,25,26,26,27,27,28,28,29,29,28,27,27,28,28,27,27,28,28,29,29,30,30,31
-63,125,20,25,25,24,23,22,21,20,19,19,18,18,18,17,17,17,17,16,16,15,14,13,13,12,12,11,2,0,0,0,0,0,0,0,0,0,4,19,20,20,21,21,22,23,23,23,24,25,25,24,23,23,23,23,23,23,23,23,23,24,25,25,25
-63,125,20,25,25,24,23,23,22,21,20,19,19,18,18,18,18,18,18,17,16,16,14,14,13,13,13,13,3,0,0,0,0,0,0,0,0,0,5,20,21,21,22,23,23,24,24,24,25,26,26,25,25,25,25,24,24,24,24,24,25,25,26,27,27
-63,125,20,25,24,23,23,22,21,20,19,19,18,18,17,17,17,17,16,16,15,15,14,14,13,12,12,11,2,0,0,0,0,0,0,0,0,0,4,19,20,21,21,22,22,23,23,23,23,25,25,24,24,24,24,24,23,23,23,24,24,24,25,26,26
-62,125,20,27,26,25,25,24,23,21,21,21,20,19,19,18,19,19,18,18,17,16,15,14,14,14,13,13,4,0,0,0,0,0,0,0,0,0,5,21,21,22,23,24,24,25,25,25,26,26,27,26,26,26,26,26,25,26,26,26,26,26,27,28,28
-63,125,20,28,27,26,25,23,23,22,21,21,21,19,19,19,19,19,18,17,17,16,15,14,14,13,12,13,2,0,0,0,0,0,0,0,0,0,5,21,22,23,24,24,25,25,26,26,26,27,27,27,27,26,26,26,25,25,26,26,27,27,28,29,29
-63,125,20,28,27,26,25,24,23,23,22,22,21,19,19,19,19,19,18,18,18,16,16,14,14,14,13,13,3,0,0,0,0,0,0,0,0,0,5,22,22,23,24,25,25,26,26,26,27,28,28,27,27,27,27,26,26,26,27,27,28,28,29,29,29
-63,125,20,26,25,25,24,23,21,21,21,21,20,19,18,18,18,18,18,17,17,15,15,15,14,13,13,13,3,0,0,0,0,0,0,0,0,0,5,20,21,21,23,22,23,24,24,24,25,26,26,26,25,25,25,24,24,24,24,25,25,25,26,27,27
-63,125,20,25,25,24,23,22,21,21,20,20,20,19,19,19,18,18,18,17,17,16,15,14,14,13,12,12,3,0,0,0,0,0,0,0,0,0,5,20,21,21,22,23,23,24,25,25,25,25,26,25,25,25,24,24,24,24,24,24,25,25,26,27,27
-63,125,20,27,27,26,25,24,23,22,22,22,21,20,20,20,19,19,19,18,17,16,16,15,14,14,13,12,3,0,0,0,0,0,0,0,0,0,5,22,22,23,24,24,25,26,26,26,27,28,28,27,27,27,27,27,26,26,26,27,27,27,29,28,28
-63,125,20,25,25,24,23,23,22,21,20,19,19,19,18,18,18,18,18,17,17,15,14,14,13,13,12,12,3,0,0,0,0,0,0,0,0,0,5,20,21,21,22,23,23,24,24,25,25,26,26,25,25,25,24,24,24,24,24,25,25,25,26,27,27
-63,125,20,28,28,27,26,26,24,23,23,22,22,21,20,20,20,19,19,18,18,18,17,16,15,14,14,13,3,0,0,0,0,0,0,0,0,0,5,21,23,24,25,25,26,26,26,26,27,27,28,28,27,27,26,26,26,26,27,27,27,28,29,29,30
-63,125,20,24,24,24,23,22,21,21,20,19,18,17,17,17,16,16,16,16,15,14,14,13,12,12,12,11,3,0,0,0,0,0,0,0,0,0,4,19,20,20,21,22,23,23,24,24,24,24,24,24,24,23,23,23,23,24,24,24,24,24,25,25,25
-62,125,20,26,26,25,24,23,22,21,20,20,20,19,19,18,18,18,18,18,17,15,15,15,13,13,13,13,3,0,0,0,0,0,0,0,0,0,5,21,20,21,23,23,24,24,25,25,25,26,26,25,25,24,25,25,25,25,25,25,26,26,26,27,27
-63,125,20,28,28,26,25,24,23,23,21,20,21,20,19,19,19,19,19,18,17,17,16,15,15,14,13,13,3,0,0,0,0,0,0,0,0,0,5,22,23,23,24,25,25,26,27,27,27,28,28,28,27,27,27,27,26,27,27,26,27,27,28,30,30
-63,125,20,31,31,30,30,29,27,26,26,26,25,24,23,23,23,22,22,22,21,20,18,18,17,16,16,16,4,0,0,0,0,0,0,0,0,0,7,26,26,27,27,29,29,30,30,30,31,32,32,31,30,30,31,29,30,31,31,31,30,31,32,33,33
-63,125,20,28,27,26,26,24,24,22,21,21,21,20,20,20,20,20,19,19,18,17,16,15,15,14,14,13,3,0,0,0,0,0,0,0,0,0,5,22,22,23,24,25,25,26,26,27,27,27,28,28,27,26,27,27,26,26,26,26,28,28,29,29,29
-63,125,20,24,23,23,22,21,20,19,19,20,18,17,17,16,16,16,16,15,15,15,13,12,12,12,12,11,2,0,0,0,0,0,0,0,0,0,4,19,19,20,21,21,22,22,23,23,23,24,25,23,23,23,23,23,22,22,23,23,24,24,24,25,25
-63,125,20,24,24,22,22,21,20,20,19,19,18,17,17,17,17,17,16,16,15,13,13,13,13,12,11,11,2,0,0,0,0,0,0,0,0,0,4,19,19,20,21,22,21,22,23,23,23,24,25,24,24,23,24,22,22,23,24,24,23,24,25,26,26
-63,125,20,28,27,26,25,25,24,23,23,22,22,21,19,19,19,19,18,18,17,17,16,15,15,14,13,13,2,0,0,0,0,0,0,0,0,0,5,22,22,23,24,25,25,26,26,26,27,28,28,27,27,26,26,26,26,26,26,27,26,27,28,29,29
-62,125,20,25,26,24,23,22,22,21,20,18,19,19,18,18,18,18,17,17,16,15,15,14,13,13,13,12,2,0,0,0,0,0,0,0,0,0,5,20,21,21,22,23,23,23,24,24,25,25,26,25,25,24,24,24,23,24,24,24,25,25,26,26,26
-63,125,20,25,25,24,24,23,22,21,20,20,19,18,18,17,17,17,17,16,16,15,15,13,13,12,12,12,3,0,0,0,0,0,0,0,0,0,5,20,21,21,22,22,23,23,24,24,25,26,26,25,24,24,25,24,23,24,24,24,24,25,25,26,26
-63,125,20,28,28,26,25,24,24,22,22,22,21,19,19,19,19,19,18,17,17,16,16,15,14,14,13,13,3,0,0,0,0,0,0,0,0,0,5,22,22,23,24,25,25,26,26,27,27,28,29,29,27,27,27,27,26,26,27,26,27,27,28,29,30
-62,125,20,27,26,25,24,23,22,22,21,20,21,20,19,19,18,18,18,18,17,17,15,15,14,14,13,13,3,0,0,0,0,0,0,0,0,0,5,21,22,23,23,24,24,25,25,25,26,27,27,26,26,26,26,25,24,24,25,25,26,26,27,28,28
-63,125,20,29,28,28,27,25,25,24,23,22,21,20,20,20,20,20,19,19,18,17,17,16,15,15,14,14,4,0,0,0,0,0,0,0,0,0,6,22,23,24,25,26,26,27,27,27,28,29,29,28,27,27,27,27,27,27,28,28,28,28,30,31,31
-62,125,20,28,27,26,25,24,23,23,22,21,21,21,20,20,20,20,19,18,17,16,16,15,13,13,13,12,3,0,0,0,0,0,0,0,0,0,5,22,22,24,24,25,26,26,27,28,28,29,29,28,27,27,27,27,26,27,27,27,27,28,28,29,30
-63,125,20,24,24,23,21,20,20,20,19,18,17,17,16,16,16,16,16,15,15,14,13,13,12,12,11,11,2,0,0,0,0,0,0,0,0,0,4,19,19,20,21,21,22,22,23,23,23,24,24,24,24,23,23,22,21,22,22,23,24,24,25,26,26
-62,125,20,26,26,25,25,24,23,22,20,20,20,20,19,19,18,19,19,18,18,16,16,15,14,13,13,13,3,0,0,0,0,0,0,0,0,0,6,21,21,22,23,24,24,25,25,25,25,26,26,26,25,25,25,24,25,25,25,25,25,25,26,28,28
-63,125,20,25,25,24,23,22,21,20,20,19,19,18,17,17,17,17,17,17,16,15,15,13,13,13,12,11,3,0,0,0,0,0,0,0,0,0,5,20,21,21,22,23,23,24,24,25,26,26,26,25,25,25,25,25,24,24,24,24,24,25,25,26,26
-62,125,20,25,25,24,23,22,21,19,19,19,18,18,18,18,17,17,16,16,15,15,14,13,12,12,12,12,2,0,0,0,0,0,0,0,0,0,4,19,20,21,21,21,22,23,23,23,23,24,24,24,24,23,23,23,23,23,23,24,24,24,24,26,25
-63,125,20,28,27,25,25,24,23,22,22,21,21,20,20,20,20,19,19,18,17,16,16,15,14,14,13,13,3,0,0,0,0,0,0,0,0,0,5,22,22,23,24,24,25,25,26,26,27,27,27,26,26,26,26,26,25,26,26,26,27,27,28,29,30
-63,125,20,26,25,25,24,23,22,20,17,17,19,18,18,18,18,17,17,17,17,16,15,14,13,13,13,13,3,0,0,0,0,0,0,0,0,0,5,20,21,21,22,22,23,24,24,24,25,25,26,24,24,24,25,25,24,25,25,24,24,25,25,25,27
-62,125,20,25,25,24,22,22,21,21,20,20,20,19,18,18,18,18,17,17,16,15,15,14,13,13,12,12,3,0,0,0,0,0,0,0,0,0,5,20,21,21,21,22,23,23,23,24,24,25,25,25,24,24,25,23,23,23,24,24,24,25,25,26,26
-63,125,20,33,31,30,29,29,28,27,26,26,25,24,23,23,23,22,22,21,20,20,19,18,18,17,16,16,4,0,0,0,0,0,0,0,0,0,7,25,26,27,29,29,30,30,31,31,32,32,32,31,31,30,30,31,30,30,31,31,31,32,32,34,34
-63,125,20,26,25,25,24,23,22,21,21,19,20,18,18,18,18,18,18,17,16,15,15,14,14,13,12,12,3,0,0,0,0,0,0,0,0,0,5,20,21,22,23,23,24,24,24,25,25,26,26,26,25,24,24,25,24,24,24,24,25,25,26,26,26
-62,125,20,29,29,27,25,25,25,23,22,22,21,21,20,20,20,20,19,18,18,17,16,15,15,15,14,14,3,0,0,0,0,0,0,0,0,0,5,23,23,24,25,25,26,26,26,27,28,28,29,29,29,28,28,26,26,26,27,27,28,29,29,30,30
-63,125,20,28,28,27,26,25,24,23,23,23,22,20,20,20,20,20,19,18,18,17,17,15,15,14,14,13,3,0,0,0,0,0,0,0,0,0,5,23,23,24,25,26,26,26,26,27,27,28,28,28,27,27,26,27,26,26,26,27,27,27,28,29,29
-63,125,20,26,26,25,24,23,22,21,21,21,20,19,18,18,18,18,18,17,17,16,16,15,14,14,13,13,4,0,0,0,0,0,0,0,0,0,5,20,21,22,23,23,23,24,24,24,24,25,25,25,24,24,24,24,24,24,24,25,25,26,26,27,27
-63,125,20,29,28,26,26,26,24,23,22,22,21,21,21,20,20,20,19,19,18,17,16,15,15,14,13,14,3,0,0,0,0,0,0,0,0,0,5,22,23,24,24,25,24,26,26,26,27,28,28,28,28,27,27,27,26,27,27,27,28,27,29,29,29
-63,125,20,31,31,29,28,27,26,26,25,24,24,23,23,23,22,22,21,21,20,19,18,17,16,16,15,15,3,0,0,0,0,0,0,0,0,0,6,25,26,26,26,27,28,28,29,30,30,31,31,30,31,30,30,29,29,30,29,30,30,30,31,32,33
-63,125,20,28,27,27,26,25,24,23,22,21,21,20,20,19,19,19,19,18,18,17,16,15,15,14,14,13,3,0,0,0,0,0,0,0,0,0,5,22,22,23,24,24,25,25,26,26,27,28,27,27,26,26,25,25,25,26,26,27,27,28,28,29,28
-62,125,20,30,29,27,27,26,26,25,24,23,23,22,22,22,22,21,21,20,19,18,17,16,15,15,14,14,4,0,0,0,0,0,0,0,0,0,6,23,24,25,25,26,26,27,28,28,29,29,29,29,29,29,29,28,27,27,28,28,29,28,29,31,31
-62,125,20,29,29,27,27,26,26,24,23,23,22,21,21,21,21,20,20,19,19,17,18,17,16,15,15,14,4,0,0,0,0,0,0,0,0,0,6,23,23,25,25,25,26,26,27,27,27,28,28,28,27,27,28,27,26,27,27,27,27,27,29,30,31
-63,125,20,28,27,27,25,24,24,23,22,22,22,20,20,19,20,20,19,18,18,17,16,15,15,15,14,13,3,0,0,0,0,0,0,0,0,0,5,22,22,23,24,24,24,25,25,26,26,27,28,27,26,26,26,25,25,25,25,26,27,28,29,29,29
-63,125,20,25,25,25,23,22,22,20,20,21,20,19,18,17,18,17,17,17,17,16,15,14,13,13,13,13,3,0,0,0,0,0,0,0,0,0,5,20,20,21,21,22,22,22,23,23,24,24,24,24,24,24,23,23,23,23,23,24,24,24,26,27,26
-63,125,20,28,27,26,26,25,24,23,21,20,21,21,20,20,20,19,19,19,18,17,16,15,14,14,13,13,3,0,0,0,0,0,0,0,0,0,5,22,22,23,24,24,25,25,26,26,26,27,27,27,26,26,26,26,26,26,26,26,26,26,28,30,30
-63,125,20,26,25,25,24,24,22,22,20,20,20,20,19,19,18,18,18,18,17,16,15,15,14,13,13,12,4,0,0,0,0,0,0,0,0,0,5,20,21,22,22,23,23,24,24,24,24,26,25,25,25,24,24,24,24,24,24,24,25,25,26,27,27
-63,125,20,30,28,27,27,25,24,24,23,23,22,21,21,21,21,20,19,19,19,18,17,16,16,15,14,14,4,0,0,0,0,0,0,0,0,0,6,23,23,24,25,24,24,26,26,26,27,27,28,28,28,28,28,27,27,27,28,27,28,28,30,30,30
-63,125,20,28,28,27,26,25,25,24,23,23,22,21,21,21,21,20,20,19,18,17,16,16,14,14,13,13,4,0,0,0,0,0,0,0,0,0,6,23,23,24,24,25,25,26,27,27,28,29,29,28,27,27,27,27,27,27,28,27,28,28,29,29,31
-61,125,20,27,25,25,25,23,22,21,21,21,20,20,19,19,19,19,18,18,17,16,15,14,14,13,12,12,3,0,0,0,0,0,0,0,0,0,5,21,21,21,23,23,23,24,24,24,25,25,26,25,25,25,25,24,24,25,25,25,25,26,27,28,28
-63,125,20,26,25,25,24,23,22,21,20,19,19,19,18,18,18,18,17,17,16,15,14,14,13,13,12,12,3,0,0,0,0,0,0,0,0,0,5,20,20,21,22,22,23,23,23,23,24,24,25,24,23,23,24,23,23,24,24,25,25,25,26,27,27
-61,125,20,27,26,25,25,24,23,22,21,21,21,20,19,19,19,19,19,18,17,16,15,15,14,13,12,12,3,0,0,0,0,0,0,0,0,0,5,21,21,22,22,23,23,23,24,24,25,26,26,26,26,24,24,24,24,25,24,25,25,26,26,27,28
-63,125,20,27,25,25,24,24,23,21,20,20,20,20,18,19,19,18,17,17,16,15,15,14,13,13,12,12,3,0,0,0,0,0,0,0,0,0,5,20,20,21,22,23,23,24,25,24,25,26,26,25,25,24,25,24,24,25,25,25,25,25,27,27,27
-63,125,20,30,29,28,27,26,26,25,23,24,23,22,21,21,21,21,20,20,19,18,17,16,16,15,14,14,4,0,0,0,0,0,0,0,0,0,6,23,24,25,26,25,26,27,27,28,28,30,30,29,28,28,28,28,27,28,28,28,29,30,31,31,31
-63,125,20,25,25,25,24,24,23,21,20,19,19,19,18,19,19,18,18,17,16,16,15,14,14,13,13,13,3,0,0,0,0,0,0,0,0,0,5,19,20,21,22,22,23,23,24,25,25,26,26,26,24,24,24,24,24,25,25,24,25,26,26,27,27
-63,125,20,25,24,24,23,22,22,20,20,20,19,18,18,18,17,17,17,17,16,14,15,13,13,12,12,11,2,0,0,0,0,0,0,0,0,0,4,19,21,22,21,21,22,22,22,23,24,24,24,24,23,23,24,24,24,23,24,24,24,24,25,26,27
-63,125,20,27,26,25,25,24,23,22,21,21,20,20,19,19,18,18,17,17,17,16,16,15,14,13,13,12,3,0,0,0,0,0,0,0,0,0,5,20,21,21,23,23,23,24,24,24,25,26,26,26,25,25,25,25,24,25,25,25,25,26,27,28,28
-62,125,20,30,30,29,28,26,26,24,24,23,23,22,22,22,21,21,20,19,19,18,17,17,15,14,14,15,4,0,0,0,0,0,0,0,0,0,6,23,24,25,26,25,26,27,27,28,28,29,29,29,29,29,29,28,26,27,28,28,28,29,30,31,32
-61,125,20,28,28,27,26,25,24,23,22,22,22,21,20,20,20,20,19,18,17,17,16,16,14,14,13,13,4,0,0,0,0,0,0,0,0,0,5,21,21,23,23,24,25,25,25,25,26,27,27,27,26,26,26,25,25,25,25,26,27,27,28,29,29
-63,125,20,29,29,28,27,27,25,24,22,20,21,21,21,20,20,20,19,19,18,17,16,15,14,14,14,13,3,0,0,0,0,0,0,0,0,0,5,21,22,24,25,25,26,26,26,26,27,27,28,27,27,27,27,27,27,28,28,28,27,27,29,30,31
-63,125,20,30,29,29,28,27,25,24,23,24,23,22,21,21,21,21,20,19,18,18,17,16,15,14,14,14,4,0,0,0,0,0,0,0,0,0,5,22,23,25,25,26,26,27,27,27,28,29,29,29,28,28,28,28,27,27,27,27,28,29,30,31,31
-61,125,20,31,30,29,29,27,26,26,23,24,24,22,21,21,21,21,21,21,20,19,18,17,17,16,15,14,3,0,0,0,0,0,0,0,0,0,6,24,25,25,26,26,28,28,28,28,30,31,30,30,29,28,28,29,28,28,29,29,29,30,32,32,32
-63,125,20,31,30,29,28,27,26,25,24,24,23,22,21,21,21,20,20,19,19,18,17,17,16,15,15,14,4,0,0,0,0,0,0,0,0,0,6,23,24,25,26,26,26,27,28,28,28,29,29,29,28,28,28,28,27,28,28,28,29,30,31,32,31
-63,125,20,29,28,27,26,25,24,22,22,22,22,20,21,21,20,20,20,18,18,17,16,15,13,13,13,13,3,0,0,0,0,0,0,0,0,0,5,21,23,23,24,24,25,26,25,25,26,27,27,27,27,27,27,26,25,26,27,27,27,27,28,30,32
-63,125,20,27,27,25,24,24,23,22,22,21,21,20,19,19,19,19,19,18,17,17,16,15,14,14,13,13,4,0,0,0,0,0,0,0,0,0,5,20,21,22,22,23,23,24,24,24,25,25,26,25,25,24,25,25,25,25,25,25,25,26,26,27,28
-63,125,20,27,27,25,24,24,22,22,21,20,20,20,19,19,19,19,18,18,17,17,16,15,14,14,14,12,4,0,0,0,0,0,0,0,0,0,5,21,21,21,22,23,23,24,24,25,25,26,26,25,24,24,25,25,24,24,25,25,26,26,27,28,27
-63,125,20,30,29,29,28,26,26,25,24,24,23,21,20,21,21,21,20,19,18,18,17,16,16,15,14,14,4,0,0,0,0,0,0,0,0,0,6,22,23,24,25,26,27,27,28,28,29,30,29,29,28,28,28,28,28,28,28,28,29,29,30,31,31
-63,125,20,26,26,24,23,23,21,21,19,19,20,19,18,18,18,18,18,17,16,15,15,15,13,12,12,12,2,0,0,0,0,0,0,0,0,0,5,20,20,21,21,22,23,23,24,23,24,26,26,25,24,24,24,24,24,24,24,24,25,25,26,27,28
-63,125,20,26,26,24,23,23,22,21,20,20,20,19,19,19,18,18,17,17,16,16,15,14,13,13,12,12,3,0,0,0,0,0,0,0,0,0,5,20,20,21,22,23,23,24,25,25,25,25,25,26,26,25,25,25,24,24,25,25,25,25,26,27,27
-63,125,20,26,26,25,24,23,22,22,21,21,21,20,19,19,19,19,18,18,17,16,15,15,14,14,13,13,4,0,0,0,0,0,0,0,0,0,6,21,21,22,22,22,24,24,24,24,26,26,26,26,25,25,25,24,24,25,25,26,25,25,26,27,27
-63,125,20,29,28,28,27,26,25,24,22,22,22,21,20,20,20,20,20,19,19,18,16,15,15,15,14,13,3,0,0,0,0,0,0,0,0,0,5,22,22,24,24,24,26,26,26,26,28,29,28,28,26,26,27,27,26,27,27,27,28,29,29,30,29
-62,125,20,30,29,29,28,27,27,26,24,23,23,22,21,21,21,22,22,21,20,19,18,17,17,16,15,15,4,0,0,0,0,0,0,0,0,0,6,23,23,24,25,27,27,27,27,28,29,30,29,27,27,27,28,28,27,28,28,28,28,28,30,30,29
-62,125,20,27,27,27,26,25,24,23,22,22,22,21,20,19,19,19,19,19,18,17,16,15,15,15,14,13,3,0,0,0,0,0,0,0,0,0,5,21,22,23,24,24,24,25,25,26,27,27,27,27,25,25,26,26,25,25,26,26,26,27,28,27,28
-63,125,20,28,27,27,26,25,24,23,23,22,22,21,19,19,19,19,19,19,18,17,16,15,15,14,13,13,2,0,0,0,0,0,0,0,0,0,5,21,22,23,24,25,25,26,26,26,27,28,28,28,27,26,26,25,26,26,26,26,27,28,28,30,29
-61,125,20,27,26,26,24,24,23,22,21,20,20,20,18,18,19,19,18,17,17,16,15,15,14,14,13,13,3,0,0,0,0,0,0,0,0,0,5,21,21,22,23,24,24,24,25,24,25,26,27,26,25,25,25,25,25,24,25,25,26,26,27,28,28
-63,125,20,25,25,24,23,22,21,21,20,19,19,18,18,18,18,18,17,17,17,15,14,13,13,12,12,12,3,0,0,0,0,0,0,0,0,0,4,19,20,21,22,22,23,23,23,24,24,25,25,24,24,24,24,23,23,23,24,24,24,24,25,26,26
-63,125,20,29,29,28,27,26,25,24,23,22,22,22,22,21,20,20,20,19,18,17,17,16,16,14,14,14,4,0,0,0,0,0,0,0,0,0,5,22,23,23,24,25,26,26,26,26,28,28,28,28,28,28,28,27,26,26,27,27,28,28,29,30,30
-63,125,20,25,24,24,23,22,21,21,19,18,18,18,18,18,17,17,17,16,16,15,14,13,12,12,11,11,2,0,0,0,0,0,0,0,0,0,4,19,20,21,20,21,22,23,23,23,24,24,24,24,23,23,23,23,22,22,24,23,24,24,25,26,26
-63,125,20,25,25,24,23,23,22,20,20,20,19,18,18,18,18,18,17,16,16,15,14,13,12,12,12,12,2,0,0,0,0,0,0,0,0,0,4,19,20,20,21,21,23,22,23,23,24,24,25,24,24,24,24,24,23,23,24,23,24,24,25,27,27
-63,125,20,29,28,27,26,25,25,23,22,21,21,21,21,21,19,20,20,18,17,17,16,14,14,14,13,13,2,0,0,0,0,0,0,0,0,0,4,21,23,22,24,24,25,26,26,27,27,28,28,27,27,26,27,26,26,26,26,27,26,27,29,30,30
-63,125,20,29,29,29,28,27,26,25,23,22,23,22,21,21,21,21,21,20,19,19,18,17,16,16,15,14,4,0,0,0,0,0,0,0,0,0,6,23,24,25,25,26,27,27,27,27,29,29,29,28,27,26,27,27,27,28,28,28,28,29,30,30,30
-62,125,20,29,29,28,27,26,25,24,24,23,23,22,22,22,21,20,20,20,19,18,17,16,16,15,14,14,3,0,0,0,0,0,0,0,0,0,5,22,24,24,25,25,26,27,26,27,28,29,29,29,28,28,27,27,26,27,28,27,27,27,29,30,31
-63,125,20,26,25,24,23,23,22,21,21,20,20,19,18,18,18,18,18,17,17,16,15,14,14,13,13,12,3,0,0,0,0,0,0,0,0,0,5,20,21,21,22,23,22,23,24,25,26,26,26,25,25,24,25,24,24,24,24,25,25,25,26,26,26
-63,125,20,29,28,26,26,25,24,23,22,23,22,21,21,21,21,20,20,19,19,17,17,16,15,14,14,13,3,0,0,0,0,0,0,0,0,0,5,22,23,24,25,25,26,26,26,27,27,28,28,28,28,27,27,27,26,27,27,27,27,28,28,31,30
-63,125,20,26,25,25,24,23,22,21,20,20,20,20,19,19,18,18,18,18,17,17,16,14,14,13,13,13,4,0,0,0,0,0,0,0,0,0,5,21,21,22,22,23,24,24,24,24,25,26,26,26,25,25,25,25,24,25,25,25,25,25,26,27,27
-63,125,20,29,29,28,27,26,25,24,23,22,22,22,21,21,21,21,20,20,18,18,17,16,16,15,14,14,4,0,0,0,0,0,0,0,0,0,6,23,24,25,26,26,27,28,28,28,28,29,29,29,28,28,28,28,27,28,28,28,28,29,30,30,30
-63,125,20,26,26,24,23,23,22,21,21,21,20,19,19,19,19,18,18,17,17,16,16,15,14,13,13,13,3,0,0,0,0,0,0,0,0,0,5,20,20,21,21,22,23,23,24,24,24,24,24,24,24,24,24,24,23,24,23,24,25,25,26,27,28
-63,125,20,25,24,23,22,22,21,20,19,18,19,18,18,18,18,17,17,17,16,15,14,13,13,13,12,12,2,0,0,0,0,0,0,0,0,0,4,19,20,20,21,21,21,22,23,24,24,24,25,24,24,23,23,24,23,23,23,23,24,24,25,27,27
-62,125,20,29,29,28,27,26,26,24,23,23,23,22,21,21,21,21,21,19,19,18,17,17,16,15,15,14,3,0,0,0,0,0,0,0,0,0,5,23,23,24,25,26,26,26,27,28,27,28,28,28,27,27,28,27,26,27,28,28,28,29,29,30,31
-63,125,20,29,29,28,26,25,25,25,24,23,23,23,23,22,22,21,20,20,19,19,18,17,16,15,15,15,4,0,0,0,0,0,0,0,0,0,6,23,24,24,25,25,26,26,26,27,27,28,28,28,28,28,28,26,26,26,27,28,28,28,29,32,32
-63,125,20,25,25,24,23,23,22,21,20,19,19,19,18,18,18,18,18,17,16,16,15,14,14,13,12,12,3,0,0,0,0,0,0,0,0,0,5,20,20,21,21,22,22,23,23,25,25,25,24,23,22,23,24,23,23,23,23,24,24,24,24,26,27
-63,125,20,26,25,24,23,23,22,22,20,20,19,19,18,18,18,18,17,17,16,16,15,14,13,13,13,12,4,0,0,0,0,0,0,0,0,0,5,20,21,21,22,23,23,24,24,25,26,26,26,26,25,25,25,25,24,24,24,25,25,25,25,26,26
-63,125,20,27,26,25,24,23,23,22,22,21,20,20,19,19,19,19,18,18,17,16,16,15,14,14,13,13,3,0,0,0,0,0,0,0,0,0,5,21,21,22,23,23,23,24,25,25,25,25,26,26,25,24,25,25,24,24,25,25,25,26,27,28,28
-61,125,20,24,24,23,22,21,21,20,19,19,20,18,17,17,17,17,17,17,16,15,14,13,13,12,12,11,3,0,0,0,0,0,0,0,0,0,5,19,19,20,21,21,22,22,22,22,23,24,24,23,23,22,22,22,22,23,23,24,23,24,24,25,26
-61,125,20,25,25,24,23,22,22,21,20,20,19,19,18,18,18,18,18,17,16,16,15,14,14,13,12,12,3,0,0,0,0,0,0,0,0,0,5,20,20,21,21,22,23,23,22,23,24,25,25,25,24,24,24,23,22,23,23,23,23,23,25,26,26
-62,125,20,31,30,29,29,28,27,25,24,24,23,22,22,22,22,21,21,20,19,19,18,17,17,16,15,15,4,0,0,0,0,0,0,0,0,0,6,24,25,25,26,27,27,28,28,28,29,30,30,30,28,28,29,27,27,28,29,29,29,29,31,32,31
-61,125,20,27,26,24,24,23,22,21,21,20,20,19,18,18,18,18,18,17,17,16,15,14,13,13,12,12,2,0,0,0,0,0,0,0,0,0,4,20,20,22,21,22,24,24,25,25,25,26,26,26,25,24,24,24,24,24,25,25,25,25,26,28,28
-62,125,20,31,30,30,29,28,26,25,24,24,24,22,22,22,21,21,21,21,20,19,19,17,16,15,15,15,4,0,0,0,0,0,0,0,0,0,6,24,25,25,26,27,27,28,29,29,29,30,30,29,29,28,29,28,28,28,28,29,29,30,30,31,31
-61,125,20,28,28,26,26,24,24,23,22,22,21,21,20,20,20,20,19,19,18,17,16,15,15,14,14,14,3,0,0,0,0,0,0,0,0,0,5,21,22,23,24,24,25,25,26,26,26,27,27,27,26,26,26,26,25,26,26,26,27,27,28,29,29
-61,125,20,27,27,25,25,24,23,22,22,21,20,19,19,19,19,19,19,18,17,16,15,15,14,14,13,12,3,0,0,0,0,0,0,0,0,0,5,21,22,23,23,24,24,25,26,26,26,27,27,26,26,26,26,26,25,25,25,26,26,26,27,28,28
-61,125,20,27,26,26,24,24,23,22,21,20,20,20,18,18,19,19,18,18,16,16,15,15,14,14,13,12,2,0,0,0,0,0,0,0,0,0,5,21,21,22,23,24,24,24,25,25,27,27,26,26,26,25,25,25,25,24,25,25,26,26,27,28,27
-61,125,20,28,27,26,25,24,23,22,21,21,21,20,20,20,20,19,19,18,18,17,15,15,14,14,13,13,4,0,0,0,0,0,0,0,0,0,5,22,21,23,24,24,25,25,26,26,27,28,28,28,27,27,27,26,26,26,26,26,26,27,27,28,27
-61,125,20,26,25,25,25,24,23,22,21,21,21,19,18,19,19,19,19,17,17,16,15,15,15,13,13,12,3,0,0,0,0,0,0,0,0,0,5,21,21,22,22,23,24,24,25,25,26,27,27,26,25,25,25,25,24,25,25,25,25,26,27,27,27
-61,125,20,28,27,26,26,24,23,22,21,21,21,21,20,20,19,19,19,18,17,17,16,15,14,15,14,13,3,0,0,0,0,0,0,0,0,0,6,22,22,23,24,23,25,25,25,26,26,27,27,27,26,26,26,26,25,25,26,26,26,26,28,28,28
-62,125,20,31,30,30,29,28,27,26,25,25,24,23,22,22,22,22,21,21,20,19,19,17,17,16,16,15,4,0,0,0,0,0,0,0,0,0,6,24,25,26,27,27,28,28,28,28,29,29,30,29,29,28,29,28,28,28,29,29,29,30,31,32,32
-61,125,20,27,26,26,24,23,23,22,21,21,21,20,20,20,19,19,19,18,18,17,16,15,14,14,13,13,3,0,0,0,0,0,0,0,0,0,5,21,21,22,23,24,24,24,25,24,26,26,26,26,26,25,25,24,24,24,25,26,26,25,27,28,28
-62,125,20,29,28,27,26,26,24,23,22,23,22,21,20,20,20,20,20,19,18,18,16,16,15,14,13,13,3,0,0,0,0,0,0,0,0,0,5,22,23,23,24,25,25,26,27,27,28,29,29,28,27,27,27,27,26,26,26,26,28,28,29,30,30
-61,125,20,27,26,26,25,24,23,22,21,21,20,19,19,19,19,19,18,18,17,16,16,15,14,13,13,13,3,0,0,0,0,0,0,0,0,0,5,20,21,22,23,23,24,25,24,24,25,26,26,25,25,24,24,24,24,25,25,25,26,26,27,28,28
-61,125,20,30,30,29,26,26,26,25,24,25,23,22,21,21,21,21,21,19,19,18,17,17,16,15,15,14,3,0,0,0,0,0,0,0,0,0,5,23,24,25,26,26,26,27,26,27,29,29,29,29,28,27,28,27,28,28,28,29,29,29,30,31,31
-62,125,20,30,30,29,28,27,26,25,24,24,24,23,22,22,22,22,21,21,20,19,18,17,16,16,15,15,4,0,0,0,0,0,0,0,0,0,6,24,25,25,26,26,27,28,29,29,29,29,29,29,29,29,29,29,28,28,29,29,30,30,30,31,31
-61,125,20,24,24,23,21,21,21,20,19,18,18,18,18,18,18,17,17,17,15,15,14,14,12,12,12,12,3,0,0,0,0,0,0,0,0,0,4,18,20,21,21,21,22,22,22,23,23,23,23,23,23,23,23,22,22,22,22,23,23,24,24,25,26
-61,125,20,28,27,26,25,24,24,23,22,22,21,21,21,20,20,19,19,19,17,17,17,16,15,14,14,13,4,0,0,0,0,0,0,0,0,0,6,22,22,23,24,24,25,25,25,26,26,27,27,27,26,26,26,26,25,25,25,26,27,27,27,29,29
-61,125,20,25,25,24,22,21,21,20,19,19,18,18,18,18,17,17,17,16,15,15,14,13,13,12,12,12,3,0,0,0,0,0,0,0,0,0,4,19,19,20,21,21,22,23,22,23,24,24,25,24,23,23,23,23,22,23,23,23,23,23,25,26,26
-61,125,20,27,26,26,25,24,24,22,22,21,21,21,19,19,19,19,19,19,18,17,16,16,15,15,14,13,4,0,0,0,0,0,0,0,0,0,5,21,22,22,24,24,25,26,26,26,27,28,28,27,25,25,26,25,26,26,26,26,26,26,29,29,29
-61,125,20,26,26,25,24,24,23,21,21,21,20,20,19,19,19,19,19,18,17,17,15,15,14,13,13,13,2,0,0,0,0,0,0,0,0,0,5,21,21,22,22,23,24,25,24,25,25,26,26,26,25,25,25,25,25,25,25,25,25,26,26,28,28
-62,125,20,26,26,26,24,23,22,21,19,19,19,18,17,17,18,18,18,17,16,16,15,14,14,13,13,12,3,0,0,0,0,0,0,0,0,0,5,20,21,22,22,23,23,24,24,24,25,27,27,26,25,25,24,24,24,24,25,25,25,26,27,27,26
-61,125,20,30,29,27,26,25,25,24,24,24,23,22,21,21,21,21,21,20,19,18,17,16,15,15,14,14,3,0,0,0,0,0,0,0,0,0,5,23,23,25,25,25,26,27,27,28,29,29,29,28,28,28,27,27,26,27,26,27,28,29,29,29,29
-61,125,20,25,25,24,23,22,22,21,19,19,18,18,18,18,18,18,17,17,16,15,14,14,13,13,12,12,3,0,0,0,0,0,0,0,0,0,5,20,20,21,22,22,23,22,23,24,24,25,24,24,24,24,24,23,23,24,23,23,24,24,25,26,25
-61,125,20,28,27,26,26,24,23,22,22,21,21,20,20,20,20,20,19,18,18,17,16,15,15,14,13,13,4,0,0,0,0,0,0,0,0,0,6,22,22,23,24,25,25,25,26,26,27,28,28,28,26,26,26,26,25,25,25,26,26,27,28,29,29
-61,125,20,27,27,26,25,24,24,22,21,22,22,21,20,20,20,20,19,19,18,17,17,15,14,14,14,13,4,0,0,0,0,0,0,0,0,0,5,22,23,23,24,24,25,26,26,26,27,28,28,27,27,26,26,26,26,26,26,26,27,27,28,29,29
-61,125,20,28,28,27,26,25,24,23,21,20,21,20,20,20,19,19,18,18,18,17,16,15,14,14,14,14,4,0,0,0,0,0,0,0,0,0,6,21,22,23,24,25,26,26,26,26,26,27,27,27,26,26,26,26,25,26,27,26,26,27,28,29,29
-61,125,20,30,30,29,28,26,26,25,24,24,24,22,22,22,22,21,21,20,19,18,17,17,17,16,15,15,4,0,0,0,0,0,0,0,0,0,6,24,25,25,27,27,28,28,29,29,31,31,31,30,29,29,29,29,28,28,28,29,30,30,31,31,31
-61,125,20,31,31,29,29,27,26,25,25,24,24,22,22,22,21,21,20,20,19,18,18,17,16,16,14,15,4,0,0,0,0,0,0,0,0,0,6,24,25,26,26,27,27,28,28,29,30,30,30,30,30,29,30,29,28,28,29,29,29,29,30,32,32
-61,125,20,28,28,26,25,25,23,22,21,21,21,20,20,19,19,19,18,18,18,16,15,15,14,14,13,13,3,0,0,0,0,0,0,0,0,0,5,21,22,22,23,24,25,25,25,26,26,27,27,27,26,26,26,26,25,25,25,26,26,26,27,29,29
-62,125,20,26,26,25,24,22,22,21,20,20,19,18,18,18,18,18,18,17,16,15,14,14,13,13,13,12,2,0,0,0,0,0,0,0,0,0,4,20,21,22,22,23,24,24,24,24,25,26,26,26,24,25,25,24,24,25,24,25,25,26,26,26,27
-61,125,20,24,24,23,22,21,20,19,19,18,18,17,17,17,17,17,16,15,14,14,13,12,12,12,11,11,2,0,0,0,0,0,0,0,0,0,4,18,19,20,21,21,22,22,22,23,23,24,24,24,23,23,23,23,22,22,23,23,23,23,24,25,25
-61,125,20,24,23,22,22,21,20,19,18,18,17,17,16,16,16,16,16,16,15,14,13,13,12,12,11,10,2,0,0,0,0,0,0,0,0,0,3,18,19,19,20,21,21,22,22,22,23,24,24,23,23,23,23,22,22,22,22,22,22,23,24,25,25
-61,125,20,25,24,23,22,21,20,19,18,18,18,17,17,17,17,17,17,16,15,15,14,13,13,12,12,12,3,0,0,0,0,0,0,0,0,0,5,19,20,20,21,22,23,23,23,24,24,25,25,25,24,24,24,24,23,23,23,23,24,24,25,25,26
-61,125,20,28,28,26,25,24,23,23,22,22,22,20,19,19,20,19,19,18,17,16,16,15,15,14,13,13,3,0,0,0,0,0,0,0,0,0,6,22,22,23,24,25,25,25,26,27,28,28,28,27,26,26,27,26,25,25,26,26,26,27,28,29,28
-61,125,20,26,26,26,25,24,23,22,21,20,20,20,19,19,19,19,19,18,17,16,15,15,13,13,13,13,3,0,0,0,0,0,0,0,0,0,5,21,21,22,23,23,24,25,25,25,25,26,26,26,26,25,25,24,24,25,25,25,25,26,27,27,28
-61,125,20,24,24,23,23,22,21,20,19,19,19,19,18,18,18,17,17,17,16,15,15,14,13,13,12,12,3,0,0,0,0,0,0,0,0,0,5,20,20,21,21,22,22,23,23,22,23,24,25,24,23,23,23,22,22,23,23,24,24,24,25,26,26
-61,125,20,24,24,22,21,21,20,19,18,18,18,17,17,17,16,16,16,16,15,13,13,12,12,12,11,11,2,0,0,0,0,0,0,0,0,0,4,18,18,19,20,21,22,22,22,23,23,24,24,24,23,23,23,23,22,22,23,23,23,23,24,25,25
-61,125,20,24,24,23,22,21,21,20,18,18,18,18,17,17,17,17,16,16,15,14,14,13,12,12,12,11,2,0,0,0,0,0,0,0,0,0,4,19,19,20,21,21,22,22,22,22,23,24,24,23,23,23,23,21,21,22,22,22,23,23,24,25,26
-61,125,20,25,24,23,23,22,21,20,19,19,19,18,17,17,17,17,17,17,16,16,15,14,13,13,12,12,3,0,0,0,0,0,0,0,0,0,5,20,20,21,22,22,22,23,23,24,25,25,25,24,24,23,24,24,23,23,23,23,24,24,25,25,25
-61,125,20,24,24,22,21,21,19,19,19,19,18,17,16,16,16,16,16,15,14,13,13,12,12,11,11,10,2,0,0,0,0,0,0,0,0,0,4,18,19,19,20,20,22,22,22,23,23,23,23,23,22,22,22,22,22,22,22,22,23,23,24,25,25
-62,125,20,29,28,28,26,26,25,23,22,23,22,21,20,20,20,20,20,19,18,17,17,15,14,14,13,13,3,0,0,0,0,0,0,0,0,0,5,22,23,25,26,25,26,27,27,28,28,29,29,29,27,27,27,26,26,27,28,28,27,28,30,31,31
-61,125,20,28,27,26,25,24,23,22,22,21,20,21,21,21,20,20,19,19,17,17,16,15,14,14,14,13,3,0,0,0,0,0,0,0,0,0,5,21,23,23,24,24,25,26,25,26,26,26,27,27,26,26,26,25,25,26,26,26,26,26,28,29,30
-62,125,20,30,30,29,28,27,26,25,24,23,24,23,22,21,21,21,21,20,20,19,18,17,16,15,15,14,4,0,0,0,0,0,0,0,0,0,6,24,25,25,26,27,28,28,29,29,29,30,31,31,30,29,29,29,28,29,29,29,29,30,31,32,33
-62,125,20,29,29,28,27,26,25,24,22,22,21,21,20,20,21,21,20,19,18,17,17,16,16,15,15,14,3,0,0,0,0,0,0,0,0,0,5,23,23,25,25,25,26,28,28,28,29,31,30,29,28,28,28,27,28,28,28,28,29,29,31,31,31
-61,125,20,25,23,23,22,22,21,21,19,19,18,18,18,18,18,17,17,17,16,15,14,13,13,13,12,12,3,0,0,0,0,0,0,0,0,0,5,19,20,20,21,21,22,23,22,23,24,24,24,24,24,23,24,23,22,23,23,23,23,23,24,26,26
-61,125,20,30,30,29,27,26,26,25,23,23,23,22,22,22,22,21,21,21,20,18,17,17,16,15,15,14,4,0,0,0,0,0,0,0,0,0,6,24,23,25,26,27,28,28,28,28,29,30,30,30,28,28,29,29,27,28,29,29,29,29,30,31,31
-61,125,20,25,25,23,23,22,22,20,20,19,19,18,18,18,18,18,17,16,17,16,15,13,13,13,12,12,3,0,0,0,0,0,0,0,0,0,5,19,20,21,21,22,23,24,23,24,24,25,24,24,24,23,24,24,23,24,24,24,24,24,25,26,26
-61,125,20,26,26,24,22,21,21,20,20,20,19,19,18,18,17,17,17,17,16,15,15,15,13,13,13,12,3,0,0,0,0,0,0,0,0,0,5,20,20,22,22,23,23,23,23,24,25,25,24,24,24,23,23,24,23,23,23,24,24,24,25,26,26
-62,125,20,28,27,26,25,25,24,23,22,22,21,21,20,20,20,19,19,18,18,17,16,15,15,14,14,14,4,0,0,0,0,0,0,0,0,0,6,22,22,23,24,25,25,25,25,26,27,27,28,27,27,26,27,26,25,25,26,26,26,27,28,28,28
-61,125,20,30,29,28,27,26,26,24,23,22,22,22,21,21,21,21,21,19,19,17,17,17,15,15,15,14,4,0,0,0,0,0,0,0,0,0,5,23,23,24,25,26,27,27,27,28,29,29,30,29,28,28,28,27,27,27,27,28,28,29,30,30,30
-61,125,20,25,24,24,23,22,22,20,20,20,20,18,18,18,18,17,17,17,16,15,15,14,13,12,12,12,3,0,0,0,0,0,0,0,0,0,5,20,21,21,22,22,23,24,23,24,24,25,25,25,25,24,24,24,24,23,24,24,24,24,26,26,26
-61,125,20,27,27,26,24,24,23,21,21,21,20,19,19,19,18,18,18,17,17,16,15,14,14,13,13,12,2,0,0,0,0,0,0,0,0,0,5,21,21,22,23,24,24,25,25,25,26,27,27,26,25,25,25,25,24,25,25,25,25,25,27,27,27
-62,125,20,28,28,28,26,25,25,23,23,23,22,21,21,19,20,20,20,19,18,17,16,16,15,15,14,14,2,0,0,0,0,0,0,0,0,0,5,23,23,24,25,25,26,27,27,28,29,30,30,29,28,27,28,27,26,27,28,27,28,29,31,30,30
-61,125,20,25,25,24,22,22,21,20,19,19,19,18,17,18,18,18,17,17,16,15,15,14,13,13,13,12,3,0,0,0,0,0,0,0,0,0,5,19,20,20,22,22,22,23,23,23,24,25,25,25,24,24,24,23,23,23,23,24,24,24,25,26,26
-61,125,20,29,29,28,27,26,25,24,23,23,22,22,22,22,21,21,20,19,19,18,17,16,15,15,14,14,3,0,0,0,0,0,0,0,0,0,5,23,24,24,25,26,27,27,27,28,29,30,30,29,27,27,28,28,27,27,28,28,28,29,29,30,31
-62,125,20,31,30,29,28,28,26,25,24,24,23,23,22,21,21,21,21,20,19,19,18,17,16,16,15,15,4,0,0,0,0,0,0,0,0,0,6,24,25,26,27,27,27,28,29,29,29,30,31,30,29,29,29,29,28,29,29,29,29,30,31,32,32
-61,125,20,25,25,24,23,22,21,21,20,19,20,18,18,18,18,17,17,18,16,15,15,14,13,12,12,12,3,0,0,0,0,0,0,0,0,0,5,19,20,21,22,22,22,23,24,24,24,25,25,25,24,23,24,23,23,24,24,24,24,24,26,26,26
-62,125,20,30,30,29,27,26,26,25,25,24,24,23,22,22,22,22,21,21,19,19,18,17,16,16,15,14,4,0,0,0,0,0,0,0,0,0,6,24,24,25,26,27,28,28,29,29,30,30,30,30,30,30,29,29,28,28,29,29,29,29,30,32,32
-61,125,20,31,30,29,29,27,26,26,25,25,23,22,22,22,21,21,21,21,20,19,18,18,17,16,15,14,4,0,0,0,0,0,0,0,0,0,7,24,25,26,26,26,28,29,28,29,30,30,30,30,29,29,29,30,29,29,29,29,29,31,31,31,32
-61,125,20,28,27,26,25,24,23,23,22,21,21,21,20,20,20,20,19,18,17,17,16,15,15,14,13,13,4,0,0,0,0,0,0,0,0,0,6,22,22,24,24,24,25,25,26,26,26,28,28,27,27,26,27,26,26,25,26,26,27,27,27,28,28
-61,125,20,29,29,28,26,26,25,24,23,22,22,21,21,21,21,20,20,19,18,17,17,15,15,15,14,13,2,0,0,0,0,0,0,0,0,0,5,23,24,24,25,26,27,27,28,27,28,29,29,29,28,28,28,27,26,27,27,27,28,28,30,31,31
-61,125,20,24,24,24,23,22,22,21,20,20,19,19,18,18,18,18,18,17,16,16,15,14,13,13,12,12,3,0,0,0,0,0,0,0,0,0,5,20,20,21,22,22,23,22,23,23,24,25,25,25,23,23,23,23,23,23,24,23,24,24,25,25,26
-61,125,20,25,25,24,23,23,22,21,19,18,19,18,18,18,18,17,18,17,16,15,14,14,13,13,12,12,3,0,0,0,0,0,0,0,0,0,5,19,20,21,22,22,23,23,23,24,24,25,25,25,24,24,24,23,23,23,23,24,24,24,25,26,26
-61,125,20,31,30,28,28,27,26,25,24,23,22,22,22,22,21,21,20,20,19,17,17,16,16,15,15,14,4,0,0,0,0,0,0,0,0,0,6,23,24,25,26,27,28,29,29,29,29,30,31,30,30,29,30,29,28,29,29,29,28,28,30,32,32
-61,125,20,28,27,26,26,24,24,22,22,22,22,20,20,20,20,20,19,18,18,17,17,15,15,15,14,13,3,0,0,0,0,0,0,0,0,0,6,22,22,24,24,25,25,26,26,26,27,28,28,27,26,26,26,26,25,26,26,26,26,27,29,29,29
-61,125,20,29,27,26,25,24,24,23,22,21,20,20,20,20,20,19,19,18,17,16,16,15,14,14,13,13,4,0,0,0,0,0,0,0,0,0,6,22,22,24,24,24,24,25,26,26,27,28,28,27,27,27,27,26,25,25,26,26,26,27,28,29,29
-61,125,20,26,25,24,23,22,21,21,19,18,19,18,18,18,18,18,17,16,16,15,14,14,13,13,12,11,3,0,0,0,0,0,0,0,0,0,5,20,20,21,22,22,22,23,23,24,24,25,25,24,24,24,24,24,23,23,24,24,24,25,26,26,26
-61,125,20,24,23,22,22,21,19,19,18,19,17,17,16,16,16,16,15,15,14,13,13,12,12,12,11,10,2,0,0,0,0,0,0,0,0,0,3,18,19,19,20,21,21,22,22,22,23,23,24,23,22,22,22,21,22,22,22,22,23,23,24,25,25
-62,125,20,26,26,24,24,24,22,21,20,20,19,19,18,18,18,18,17,17,16,16,15,14,13,12,12,12,2,0,0,0,0,0,0,0,0,0,4,20,21,22,22,23,24,24,25,24,25,25,25,25,25,25,25,25,24,24,24,25,24,24,26,28,28
-61,125,20,24,24,23,22,21,21,20,18,19,19,18,17,17,17,17,17,17,16,14,14,13,13,13,12,12,3,0,0,0,0,0,0,0,0,0,5,19,20,21,21,22,22,22,22,22,23,24,25,24,24,23,23,23,22,23,23,23,23,24,25,26,26
-61,125,20,26,26,25,24,23,22,21,20,20,19,18,18,18,18,18,18,17,16,16,15,14,13,12,12,12,2,0,0,0,0,0,0,0,0,0,4,21,21,22,22,23,24,24,24,25,26,27,26,26,25,25,25,24,24,24,25,25,26,26,26,27,28
-61,125,20,25,25,24,23,22,21,21,20,19,19,18,17,17,17,17,17,16,15,15,14,14,13,13,13,12,3,0,0,0,0,0,0,0,0,0,5,20,20,21,21,21,22,23,23,24,24,25,25,25,24,23,24,23,23,23,23,24,25,25,25,25,25
-61,125,20,28,27,26,25,25,24,23,22,22,21,20,19,19,18,18,18,18,17,16,16,15,15,14,14,13,4,0,0,0,0,0,0,0,0,0,6,22,22,23,24,25,25,26,26,26,27,28,28,27,27,26,26,26,26,26,26,27,27,27,28,29,29
-61,125,20,24,23,23,22,21,20,19,18,18,18,17,17,17,17,17,16,16,15,14,14,13,12,12,11,11,2,0,0,0,0,0,0,0,0,0,4,19,19,20,21,21,21,22,22,22,23,24,24,23,23,23,23,22,21,22,22,22,23,23,24,25,25
-61,125,20,25,25,24,23,22,21,20,19,20,19,19,17,18,18,18,17,17,16,14,14,14,13,13,12,12,3,0,0,0,0,0,0,0,0,0,5,20,20,21,22,22,23,23,23,24,25,26,26,25,24,24,24,23,23,23,24,24,24,24,25,26,26
-61,125,20,24,23,22,21,21,20,19,18,18,18,17,17,17,17,16,16,15,15,14,13,12,12,11,11,11,2,0,0,0,0,0,0,0,0,0,4,19,19,20,20,21,21,21,22,22,22,24,24,24,23,23,23,22,22,22,22,23,23,23,24,25,26
-62,125,20,26,26,25,24,24,23,22,21,19,17,18,18,18,18,18,18,17,17,16,14,14,14,14,13,12,3,0,0,0,0,0,0,0,0,0,5,21,22,21,22,23,23,24,25,25,26,26,25,25,25,24,24,23,24,23,24,25,25,26,26,28,27
-61,125,20,27,27,26,25,24,24,22,22,21,21,21,20,20,20,20,19,19,18,17,16,16,15,14,14,13,4,0,0,0,0,0,0,0,0,0,6,22,22,23,24,24,24,25,25,26,26,27,27,26,26,25,26,26,25,25,25,25,26,26,27,28,29
-61,125,20,28,27,27,25,25,24,23,22,22,21,20,20,19,19,19,19,19,18,17,16,15,14,14,14,13,3,0,0,0,0,0,0,0,0,0,5,21,23,23,24,25,25,26,26,25,26,28,28,27,27,26,27,26,26,26,26,27,27,27,28,29,29
-62,125,20,31,30,29,27,27,26,25,25,24,23,22,21,21,21,21,21,20,19,18,17,17,16,15,15,14,4,0,0,0,0,0,0,0,0,0,6,23,25,25,27,27,28,28,29,28,30,30,30,30,29,28,29,29,29,28,29,29,29,30,31,31,31
-61,125,20,24,24,22,21,21,20,19,19,19,18,17,17,16,16,16,16,15,15,14,13,13,12,11,11,11,2,0,0,0,0,0,0,0,0,0,4,19,19,20,21,21,21,22,22,23,23,24,24,24,23,23,23,22,21,22,22,23,23,24,25,26,26
-62,125,20,29,29,28,27,26,26,24,23,23,22,22,21,21,20,20,20,19,19,17,17,15,15,15,15,14,3,0,0,0,0,0,0,0,0,0,5,24,24,24,25,26,27,26,27,28,29,29,29,28,28,27,28,27,27,27,28,28,29,29,30,31,31
-61,125,20,28,27,26,26,24,23,22,21,21,21,20,20,20,20,20,19,18,17,17,16,15,15,14,13,13,3,0,0,0,0,0,0,0,0,0,6,22,22,23,24,24,25,25,26,26,27,28,27,27,26,26,26,26,25,26,26,27,27,28,28,29,29
-61,125,20,28,27,26,25,24,23,22,22,22,21,20,19,19,19,18,18,18,16,16,15,15,14,14,13,13,4,0,0,0,0,0,0,0,0,0,6,21,22,23,24,25,25,26,26,27,27,27,27,27,27,26,27,26,26,26,26,27,27,27,28,28,28
-61,125,20,28,27,25,25,24,23,23,21,20,20,21,20,20,19,19,18,18,17,17,16,15,14,13,13,13,3,0,0,0,0,0,0,0,0,0,5,22,23,23,24,24,24,25,25,26,26,27,27,27,27,27,27,26,25,26,25,26,27,27,28,29,29
-61,125,20,24,24,23,22,21,20,19,18,18,18,17,16,16,16,16,16,16,15,13,13,12,12,12,12,12,2,0,0,0,0,0,0,0,0,0,5,19,20,20,21,21,21,22,22,22,23,24,24,24,23,23,23,22,22,22,22,22,22,23,25,25,25
-62,125,20,31,30,29,28,27,26,25,24,23,23,22,22,22,21,21,20,20,19,18,18,17,16,16,15,15,4,0,0,0,0,0,0,0,0,0,6,24,25,26,26,27,27,28,28,28,28,29,30,30,30,29,29,28,28,28,28,29,30,29,30,32,33
-62,125,20,30,29,28,27,26,25,24,24,24,23,21,21,21,21,21,20,19,19,18,17,16,15,14,14,14,3,0,0,0,0,0,0,0,0,0,5,24,24,24,26,26,27,27,27,28,28,29,29,29,28,27,27,28,27,27,28,28,29,29,30,31,30
-61,125,20,30,30,29,28,27,26,24,22,22,22,22,21,21,21,20,20,19,19,17,17,16,16,15,14,14,4,0,0,0,0,0,0,0,0,0,6,23,24,25,25,26,27,28,28,29,29,30,31,30,30,29,29,29,28,28,28,28,29,29,29,31,31
-61,125,20,24,24,22,22,21,20,19,18,18,18,18,17,17,17,16,16,15,15,14,13,13,12,12,11,11,2,0,0,0,0,0,0,0,0,0,4,18,19,20,21,21,21,21,22,22,22,23,23,23,23,22,22,22,21,22,22,23,23,23,24,26,26
-62,125,20,30,30,29,28,27,26,25,23,22,22,22,22,22,21,21,20,20,20,18,17,16,16,15,15,14,4,0,0,0,0,0,0,0,0,0,6,24,25,25,26,27,28,29,28,28,28,30,30,30,30,30,29,28,28,29,30,29,29,29,31,32,33
-61,125,20,28,28,27,25,24,23,22,21,21,20,19,19,19,19,19,18,17,17,16,15,15,14,14,13,13,4,0,0,0,0,0,0,0,0,0,6,21,22,23,24,25,25,26,26,26,27,28,28,27,26,26,27,26,26,26,26,26,27,27,28,28,28
-62,125,20,28,27,27,26,24,23,21,23,25,24,21,19,19,19,20,20,19,17,16,16,15,14,14,13,12,3,0,0,0,0,0,0,0,0,0,5,22,23,24,24,25,25,26,26,27,29,29,28,27,27,26,26,25,25,26,26,26,27,28,29,29,29
-62,125,20,26,26,26,24,24,22,21,21,22,21,19,19,19,19,19,18,17,17,17,16,15,14,14,13,12,3,0,0,0,0,0,0,0,0,0,6,21,21,23,24,24,25,25,25,25,27,28,28,27,26,25,26,26,25,25,25,25,26,27,28,28,28
-62,125,20,30,30,29,27,26,25,24,23,21,22,22,21,21,20,20,20,20,18,17,17,16,15,15,14,14,3,0,0,0,0,0,0,0,0,0,5,23,24,25,26,26,27,27,28,28,29,30,30,30,29,28,28,28,28,29,28,29,29,28,29,31,31
-62,125,20,30,29,29,28,26,26,24,23,22,23,22,21,21,21,21,20,20,19,18,17,16,15,15,15,14,3,0,0,0,0,0,0,0,0,0,5,23,24,24,26,26,26,27,27,28,29,29,29,29,28,28,28,28,27,27,28,29,29,29,30,31,31
-61,125,20,26,26,25,24,24,23,22,21,21,21,20,19,19,19,19,17,17,17,16,15,14,14,14,13,12,2,0,0,0,0,0,0,0,0,0,5,21,21,22,23,23,24,25,25,25,26,26,27,26,26,26,26,25,24,25,25,25,26,26,27,28,28
-62,125,20,29,29,28,28,27,25,24,23,23,23,21,20,20,20,20,20,20,19,17,16,15,15,15,14,14,3,0,0,0,0,0,0,0,0,0,5,23,23,25,26,26,27,28,27,27,28,29,29,28,27,27,28,27,27,28,28,28,28,29,30,30,31
-61,125,20,25,24,24,23,22,21,20,20,20,19,18,18,17,17,17,17,16,16,14,14,14,13,12,12,12,3,0,0,0,0,0,0,0,0,0,5,20,20,21,21,22,22,23,23,24,24,24,25,24,24,24,24,23,22,23,23,23,24,25,25,26,26
-62,125,20,31,30,29,27,26,25,24,24,24,24,23,22,22,22,21,21,20,19,18,18,17,16,15,15,14,4,0,0,0,0,0,0,0,0,0,6,24,24,26,26,27,27,28,28,30,30,31,31,30,29,29,29,29,28,29,29,29,29,30,31,32,32
-61,125,20,25,25,23,22,22,21,20,20,19,18,18,18,17,17,17,17,16,15,15,14,13,13,12,12,12,3,0,0,0,0,0,0,0,0,0,5,19,20,21,22,21,22,23,23,24,24,25,24,24,24,24,24,24,23,23,23,23,24,24,25,25,26
-62,125,20,30,29,28,26,26,25,24,23,23,23,22,21,20,20,20,20,19,18,18,16,16,15,15,13,13,3,0,0,0,0,0,0,0,0,0,5,23,24,24,25,25,27,27,27,28,28,29,29,29,28,28,28,27,27,27,28,29,29,29,30,31,31
-61,125,20,24,24,23,22,22,21,19,18,17,18,17,17,17,17,17,17,15,15,15,14,12,12,12,12,12,2,0,0,0,0,0,0,0,0,0,5,19,19,20,21,21,22,22,22,23,23,24,25,24,23,23,23,22,22,23,23,23,23,22,24,24,24
-61,125,20,28,28,26,25,24,24,22,21,21,21,20,20,20,20,20,18,18,17,17,16,15,14,14,13,13,4,0,0,0,0,0,0,0,0,0,6,22,22,23,24,24,24,25,25,26,26,27,27,27,26,26,26,26,25,25,26,27,27,27,28,29,29
-61,125,20,23,23,23,22,21,20,19,18,18,18,17,17,16,16,16,16,16,14,13,13,12,12,11,11,11,2,0,0,0,0,0,0,0,0,0,4,18,19,20,21,21,22,22,23,23,23,24,24,23,23,23,23,23,22,23,23,23,22,23,23,24,25
-62,125,20,29,29,28,27,26,25,24,23,22,22,21,21,21,21,20,20,19,19,17,16,15,15,15,14,13,3,0,0,0,0,0,0,0,0,0,5,23,23,24,25,26,26,26,28,28,28,29,30,29,29,28,28,27,27,28,28,29,28,28,29,30,31
-61,125,20,24,24,23,22,21,21,20,19,18,18,18,18,18,18,17,17,15,15,15,15,13,12,12,12,12,3,0,0,0,0,0,0,0,0,0,4,18,19,20,21,21,21,22,22,23,23,24,24,23,23,23,23,23,22,23,23,23,24,24,24,25,26
-61,125,20,27,26,26,24,24,24,22,22,21,21,20,19,19,19,18,18,18,17,16,15,15,14,14,14,13,3,0,0,0,0,0,0,0,0,0,5,21,21,23,23,24,24,25,25,26,25,26,27,26,26,26,26,25,25,25,25,26,26,26,27,28,28
-61,125,20,27,25,25,24,22,22,21,20,19,19,19,17,17,17,17,17,17,16,15,14,13,13,13,13,12,2,0,0,0,0,0,0,0,0,0,4,21,20,21,22,22,24,24,25,25,26,26,26,26,24,25,25,25,24,24,24,25,25,26,27,27,27
-62,125,20,30,29,28,27,26,25,24,23,24,22,21,21,21,20,20,20,19,18,17,17,16,15,15,14,14,3,0,0,0,0,0,0,0,0,0,5,22,23,25,25,26,26,26,27,28,29,30,30,30,29,29,29,28,27,28,28,29,29,29,31,32,31
-62,125,20,29,28,28,27,26,25,24,23,22,22,22,20,20,20,20,20,19,18,17,17,16,15,14,14,14,3,0,0,0,0,0,0,0,0,0,5,23,23,24,25,25,26,27,27,27,28,29,29,28,28,27,27,27,27,27,28,28,28,28,30,31,30
-61,125,20,24,23,23,22,21,20,19,18,18,18,16,16,16,16,16,16,16,15,15,13,13,13,12,11,11,2,0,0,0,0,0,0,0,0,0,4,18,19,19,20,21,22,22,22,22,23,24,24,24,23,23,23,23,22,22,23,23,23,23,24,24,24
-62,125,20,31,31,29,28,27,26,25,24,24,24,22,22,21,21,21,20,19,19,18,18,17,16,16,15,15,4,0,0,0,0,0,0,0,0,0,6,23,24,26,27,27,28,29,29,29,30,30,30,30,29,29,29,29,28,29,29,29,30,30,31,32,32
-61,125,20,26,26,25,24,24,22,21,21,20,20,19,18,18,18,18,17,17,16,15,15,14,13,13,13,12,2,0,0,0,0,0,0,0,0,0,5,20,21,22,22,23,24,25,24,25,26,26,27,27,25,25,25,25,25,24,25,26,25,25,27,28,28
-61,125,20,27,26,25,24,24,23,22,20,20,20,19,19,19,19,18,18,17,17,16,15,15,14,13,13,12,2,0,0,0,0,0,0,0,0,0,5,20,21,22,23,24,24,24,25,25,26,27,27,27,26,26,26,25,24,25,26,26,25,26,27,28,29
-61,125,20,25,24,23,23,22,21,20,19,20,19,17,17,17,17,17,17,16,15,15,14,13,13,13,13,13,3,0,0,0,0,0,0,0,0,0,5,19,20,21,21,22,23,23,24,24,25,25,25,24,24,24,24,23,23,23,24,23,24,25,25,26,26
-62,125,20,31,30,29,28,26,26,25,24,23,23,23,21,21,21,21,21,20,19,18,18,17,16,15,15,15,4,0,0,0,0,0,0,0,0,0,6,25,24,25,26,27,27,28,28,29,30,31,31,30,29,29,29,28,28,28,29,29,30,31,31,32,31
-61,125,20,28,27,26,25,24,24,22,22,21,20,20,19,20,19,18,18,18,17,16,15,15,14,14,13,13,4,0,0,0,0,0,0,0,0,0,6,21,22,23,24,24,25,25,26,26,27,28,28,28,27,27,27,26,26,26,26,27,27,27,27,28,28
-61,125,20,25,24,23,22,22,21,20,20,20,19,19,18,18,18,17,17,17,16,15,15,14,13,13,12,12,3,0,0,0,0,0,0,0,0,0,5,20,20,21,21,22,23,23,23,23,25,25,25,25,24,24,24,23,23,23,24,24,24,25,25,26,26
-61,125,20,27,26,24,24,24,23,22,21,19,20,19,19,19,19,19,18,17,17,16,15,14,14,13,13,13,3,0,0,0,0,0,0,0,0,0,5,21,21,23,23,23,24,25,25,25,25,25,26,26,26,25,25,25,25,24,25,25,25,26,26,27,27
-61,125,20,24,24,23,22,21,20,20,19,18,18,17,17,17,17,17,17,15,15,14,14,13,13,13,11,11,3,0,0,0,0,0,0,0,0,0,5,19,20,21,21,21,22,23,23,24,24,25,25,25,24,24,24,24,23,23,23,23,23,23,24,25,25
-61,125,20,28,27,26,25,24,23,22,21,21,20,21,21,20,19,19,19,18,18,17,17,15,14,14,14,13,4,0,0,0,0,0,0,0,0,0,6,21,22,23,24,24,25,25,26,26,26,27,27,27,27,27,26,26,26,26,26,27,27,27,28,29,29
-61,125,20,27,26,25,23,23,22,21,20,20,20,19,18,18,18,18,17,17,16,16,14,14,13,13,12,12,3,0,0,0,0,0,0,0,0,0,4,21,21,22,22,23,24,24,25,26,27,27,27,26,26,26,26,25,25,25,25,25,26,26,27,28,27
-61,125,20,27,26,25,24,24,22,21,21,20,20,19,19,19,18,18,18,17,17,16,15,15,14,13,13,12,3,0,0,0,0,0,0,0,0,0,5,21,21,22,23,23,25,25,25,25,26,26,27,27,26,25,25,25,25,25,25,25,25,26,27,28,28
-61,125,20,25,24,23,22,21,21,20,18,18,18,18,17,17,17,17,17,16,16,15,14,14,13,12,12,11,3,0,0,0,0,0,0,0,0,0,5,20,20,20,21,22,23,23,23,23,23,25,25,24,23,23,23,23,23,22,23,23,23,24,25,25,26
-61,125,20,27,27,25,24,23,23,22,22,21,20,20,20,19,19,18,18,17,17,16,15,15,14,13,13,13,4,0,0,0,0,0,0,0,0,0,5,22,22,23,24,24,25,25,26,27,27,28,28,28,27,27,27,26,26,25,26,26,27,27,27,28,28
-62,125,20,30,29,29,27,26,25,24,23,23,22,21,21,21,21,21,21,19,18,17,16,15,16,15,14,14,3,0,0,0,0,0,0,0,0,0,5,23,24,25,25,26,26,27,28,28,29,30,30,30,29,29,29,28,28,29,28,29,29,30,31,31,30
-61,125,20,28,27,26,25,24,23,23,22,22,21,20,20,20,19,19,19,18,18,17,16,16,15,15,14,14,4,0,0,0,0,0,0,0,0,0,6,22,23,23,24,24,25,25,25,27,27,27,27,27,27,26,27,26,25,26,26,26,26,27,28,29,28
-62,125,20,30,30,29,28,26,25,25,24,23,23,23,22,22,22,22,21,20,20,19,18,17,16,16,16,14,4,0,0,0,0,0,0,0,0,0,6,24,25,26,26,27,28,27,28,29,30,30,30,30,29,29,29,30,29,28,28,29,29,30,31,31,32
-61,125,20,24,25,23,22,21,20,19,19,19,19,18,17,17,17,17,17,16,15,14,14,13,13,12,12,12,3,0,0,0,0,0,0,0,0,0,5,19,19,21,21,21,22,23,23,24,24,25,25,25,24,24,25,24,23,23,24,23,24,24,24,25,26
-59,125,20,35,34,32,29,29,27,26,26,26,25,25,25,25,24,25,23,22,21,20,19,18,17,18,17,16,4,0,0,0,0,0,0,0,0,0,6,25,27,29,30,29,29,29,29,30,31,33,33,33,33,32,33,31,29,28,30,30,30,31,33,35,36
-61,125,20,24,25,23,23,22,22,21,19,19,19,18,18,18,18,18,17,16,16,15,15,14,13,13,13,12,3,0,0,0,0,0,0,0,0,0,5,19,20,21,22,22,23,23,24,23,24,25,25,25,24,24,23,23,23,23,23,23,24,24,25,26,26
-61,125,20,25,24,22,21,21,20,19,18,18,18,17,16,16,17,16,16,16,15,14,13,13,12,12,11,10,2,0,0,0,0,0,0,0,0,0,4,19,19,20,21,21,22,22,23,23,24,24,24,24,23,23,24,23,22,22,23,23,23,23,24,24,24
-62,125,20,26,26,25,23,23,22,21,20,19,19,19,19,19,18,18,17,17,16,15,15,14,13,13,13,11,2,0,0,0,0,0,0,0,0,0,5,20,21,21,22,23,23,24,25,24,26,26,26,26,25,24,24,24,24,24,24,25,25,25,26,27,28
-62,125,20,28,28,26,25,24,24,22,22,22,21,20,20,20,20,20,19,19,18,17,17,16,15,14,13,13,4,0,0,0,0,0,0,0,0,0,5,21,22,23,24,24,25,26,26,26,26,27,28,27,26,26,26,25,26,27,26,26,26,26,27,29,29
-62,125,20,23,23,22,21,20,18,18,19,20,19,17,16,17,17,16,16,15,14,14,13,12,12,12,12,11,2,0,0,0,0,0,0,0,0,0,5,18,18,18,19,21,21,22,21,21,22,23,22,22,22,22,22,22,21,21,22,21,22,22,23,23,23
-61,125,20,26,25,25,24,23,22,21,20,20,20,19,18,18,18,18,18,17,17,16,15,14,13,13,13,11,2,0,0,0,0,0,0,0,0,0,4,21,21,21,23,23,23,24,24,25,26,26,27,26,25,25,25,25,24,24,25,25,25,25,27,27,27
-62,125,20,30,29,28,28,27,25,24,23,22,22,22,22,22,22,21,21,20,20,19,18,17,16,15,15,15,4,0,0,0,0,0,0,0,0,0,6,24,25,25,26,26,27,28,27,28,28,29,30,30,30,28,28,28,27,27,28,29,28,28,30,31,32
-62,125,20,26,26,25,24,23,23,21,21,21,20,20,18,18,19,19,18,18,17,17,16,15,15,14,14,13,3,0,0,0,0,0,0,0,0,0,5,21,22,23,23,23,24,25,26,26,26,26,26,26,26,26,26,25,24,25,25,26,26,26,27,28,28
-62,125,20,31,30,29,28,27,26,24,23,24,23,22,21,21,21,21,20,20,19,18,17,16,16,15,15,14,4,0,0,0,0,0,0,0,0,0,6,24,24,25,27,27,28,29,29,29,30,31,31,30,29,29,29,29,28,29,29,29,29,30,30,31,31
-61,125,20,30,29,28,27,26,25,24,23,22,22,22,21,21,20,20,20,20,19,18,17,16,15,15,15,14,3,0,0,0,0,0,0,0,0,0,5,23,24,25,25,26,27,27,27,27,28,29,30,29,28,27,27,27,27,27,28,28,28,29,30,31,31
-62,125,20,31,30,29,27,27,26,25,24,24,23,23,22,22,22,22,21,20,19,18,18,17,16,16,15,14,4,0,0,0,0,0,0,0,0,0,6,24,24,25,27,27,27,28,29,29,29,31,30,30,29,29,29,29,27,28,28,29,29,29,31,30,30
-62,125,20,26,26,24,22,22,22,20,21,21,20,19,19,18,18,17,17,16,16,15,15,13,12,12,12,12,2,0,0,0,0,0,0,0,0,0,4,20,20,20,22,22,24,24,24,24,24,25,26,25,25,25,24,23,22,23,24,24,24,24,25,27,27
-61,125,20,24,24,23,21,21,21,19,19,19,19,18,17,17,17,17,17,16,15,15,14,14,12,12,12,12,2,0,0,0,0,0,0,0,0,0,4,19,19,20,21,21,22,22,22,22,23,24,24,24,24,22,22,22,23,23,23,22,23,23,24,25,26
-62,125,20,26,26,24,23,22,22,21,20,20,19,19,19,19,18,18,18,17,17,16,15,14,13,13,12,12,2,0,0,0,0,0,0,0,0,0,4,21,21,22,22,22,23,23,24,25,25,25,25,26,25,25,25,25,24,24,24,24,25,25,26,28,29
-61,125,20,26,25,25,24,23,22,22,21,20,20,20,19,18,18,18,18,18,17,16,15,14,14,14,13,13,3,0,0,0,0,0,0,0,0,0,4,21,22,22,23,23,24,25,25,25,26,27,27,26,26,25,25,25,25,25,25,25,25,26,27,27,27
-61,125,20,24,24,23,22,21,20,20,18,18,18,18,17,17,17,17,17,16,16,15,14,13,13,12,12,11,2,0,0,0,0,0,0,0,0,0,5,19,20,20,21,21,22,22,23,23,24,25,25,24,23,23,23,22,22,22,23,23,23,23,24,24,24
-62,125,20,26,25,25,23,22,22,20,19,20,19,19,17,18,18,18,19,18,17,16,15,15,13,13,12,11,2,0,0,0,0,0,0,0,0,0,5,20,21,22,22,23,23,24,24,24,25,26,26,25,24,23,24,24,24,24,24,24,25,25,26,28,28
-62,125,20,30,30,28,27,26,26,25,24,23,23,21,21,21,21,21,20,20,19,18,17,16,16,15,15,14,3,0,0,0,0,0,0,0,0,0,6,24,24,25,26,26,28,28,28,28,29,30,31,30,29,28,28,28,28,28,29,29,29,29,29,30,31
-61,125,20,25,25,24,23,22,21,20,20,20,19,18,17,17,17,17,16,16,15,15,14,14,14,13,13,12,3,0,0,0,0,0,0,0,0,0,5,19,20,21,22,22,23,23,24,24,25,25,25,25,24,24,24,24,24,23,24,24,24,24,25,26,27
-61,125,20,25,25,24,22,22,21,20,20,20,19,18,18,17,17,17,17,17,16,16,14,14,14,14,12,12,3,0,0,0,0,0,0,0,0,0,5,19,20,21,22,22,22,23,23,24,25,26,26,25,23,24,24,24,23,22,24,24,24,25,25,26,25
-62,125,20,25,25,25,24,24,22,21,18,17,18,19,17,17,18,18,17,17,16,15,15,14,13,12,12,11,2,0,0,0,0,0,0,0,0,0,5,20,21,21,21,23,23,24,25,25,25,26,26,25,24,24,25,24,23,23,24,24,25,25,26,26,27
-61,125,20,23,22,22,21,20,20,19,18,18,18,17,16,16,16,16,16,15,15,14,13,13,12,12,11,10,2,0,0,0,0,0,0,0,0,0,4,19,19,19,20,20,21,21,21,23,23,23,23,23,23,23,23,22,21,21,21,22,23,24,23,24,23
-61,125,20,26,25,24,23,23,22,21,20,20,20,18,18,17,17,18,17,17,16,16,15,14,13,13,12,12,3,0,0,0,0,0,0,0,0,0,5,21,21,21,22,23,24,24,25,25,26,27,27,27,26,26,26,25,25,25,25,25,25,26,27,27,28
-61,125,20,26,25,25,24,23,22,21,20,19,20,19,18,18,18,18,17,17,17,16,15,14,13,13,12,12,2,0,0,0,0,0,0,0,0,0,5,21,21,21,22,22,23,24,25,25,25,26,26,26,25,25,25,25,25,25,25,25,25,26,27,27,27
-61,125,20,27,26,25,24,24,23,21,20,20,19,19,18,18,18,18,18,18,17,15,15,14,14,13,12,12,3,0,0,0,0,0,0,0,0,0,5,20,21,22,23,23,24,24,25,25,26,26,26,26,25,25,25,25,24,25,25,26,26,26,27,27,27
-61,125,20,24,23,23,22,21,21,20,19,18,18,17,17,17,17,17,17,16,16,15,15,14,12,12,12,12,2,0,0,0,0,0,0,0,0,0,5,19,20,20,21,21,21,22,23,22,24,24,24,24,23,23,23,22,22,22,23,23,23,24,25,25,25
-61,125,20,30,29,28,26,26,26,24,24,24,23,22,21,21,21,21,21,20,18,18,18,16,15,15,15,14,3,0,0,0,0,0,0,0,0,0,5,23,24,25,26,26,27,27,27,28,30,30,30,29,29,27,28,28,28,27,28,29,29,30,30,30,30
-61,125,20,25,25,24,23,22,22,21,20,20,19,18,18,18,17,17,17,16,16,15,15,14,14,13,12,12,3,0,0,0,0,0,0,0,0,0,5,20,20,21,22,22,23,23,23,23,24,24,25,24,24,23,24,23,23,23,23,24,24,25,25,26,25
-61,125,20,30,29,29,28,27,26,25,24,24,24,23,22,22,21,21,21,21,19,19,18,17,17,16,15,15,4,0,0,0,0,0,0,0,0,0,7,24,25,25,26,26,28,29,28,29,30,30,30,30,29,29,29,29,28,29,29,29,29,30,31,31,31
-62,125,20,31,30,29,28,27,26,25,24,24,24,23,21,22,22,21,21,20,19,18,18,18,17,16,15,15,4,0,0,0,0,0,0,0,0,0,6,24,25,25,27,27,28,29,29,30,30,31,30,30,30,30,30,29,28,29,29,30,30,30,31,31,31
-61,125,20,26,24,24,22,22,22,20,20,20,18,18,18,18,18,18,17,17,16,15,15,14,13,13,13,13,3,0,0,0,0,0,0,0,0,0,5,20,20,21,21,22,23,24,23,24,24,25,25,25,24,24,24,24,23,24,24,24,24,24,25,26,26
-61,125,20,27,26,25,25,24,22,22,20,19,19,19,19,19,19,19,18,18,17,16,15,14,13,13,13,12,2,0,0,0,0,0,0,0,0,0,5,21,22,22,23,24,25,25,25,25,25,27,27,26,26,26,26,25,25,26,26,26,26,25,26,28,29
-61,125,20,26,26,25,24,23,23,21,21,20,20,19,19,19,19,19,18,17,16,16,15,15,15,14,13,12,3,0,0,0,0,0,0,0,0,0,5,21,21,22,22,23,24,24,25,26,26,27,27,26,25,25,25,25,25,24,25,25,27,27,27,28,27
-61,125,20,31,30,29,28,27,26,25,25,25,24,23,22,22,21,21,21,20,19,19,18,17,16,16,15,15,3,0,0,0,0,0,0,0,0,0,6,24,24,25,26,27,27,28,29,30,30,30,30,30,29,29,30,29,28,28,28,30,30,30,30,31,31
-61,125,20,28,28,27,25,25,24,23,22,22,21,20,20,19,19,19,18,18,17,17,16,15,15,14,14,13,4,0,0,0,0,0,0,0,0,0,6,21,22,23,24,24,25,26,26,26,27,27,27,27,26,26,27,26,26,26,26,27,27,27,28,28,28
-61,125,20,30,30,29,27,27,26,24,23,23,23,22,21,21,21,21,20,19,18,18,17,16,16,15,15,14,4,0,0,0,0,0,0,0,0,0,6,23,25,25,26,26,27,28,29,29,30,31,31,30,30,29,30,29,28,28,28,29,29,30,31,31,31
-61,125,20,27,27,25,24,23,23,22,20,20,20,19,19,19,19,19,18,17,16,16,16,14,14,13,13,13,2,0,0,0,0,0,0,0,0,0,5,21,22,23,23,24,23,24,25,26,26,26,26,26,26,26,26,25,24,25,25,25,25,25,27,28,29
-61,125,20,25,24,23,22,21,21,19,18,18,18,17,17,17,17,17,16,16,15,14,14,13,13,12,12,11,2,0,0,0,0,0,0,0,0,0,4,18,19,20,21,21,22,22,22,23,23,24,24,24,23,22,23,22,22,22,23,23,23,23,24,25,26
-61,125,20,28,27,26,25,25,24,23,22,22,22,20,20,20,19,19,19,18,18,17,16,15,15,15,14,13,4,0,0,0,0,0,0,0,0,0,6,22,22,23,24,24,25,25,25,26,27,28,27,26,25,25,26,26,25,26,26,26,26,27,28,28,28
-62,125,20,30,29,28,27,26,25,24,23,24,23,22,21,21,21,21,20,20,19,18,18,17,16,15,14,14,4,0,0,0,0,0,0,0,0,0,6,24,24,24,25,26,26,27,27,28,28,28,30,29,29,28,28,28,27,28,28,28,28,28,30,31,31
-61,125,20,30,30,29,27,26,25,24,23,24,23,21,21,20,20,20,20,19,18,18,16,16,16,16,14,13,3,0,0,0,0,0,0,0,0,0,5,23,24,25,26,26,27,27,27,28,29,29,29,29,28,28,28,27,27,27,28,28,28,29,30,30,30
-61,125,20,28,27,27,26,25,24,23,22,22,22,20,19,19,19,19,19,18,17,17,16,15,15,14,13,13,3,0,0,0,0,0,0,0,0,0,6,22,22,23,24,24,25,26,25,26,28,28,28,27,26,26,26,25,25,26,26,26,27,27,28,28,28
-61,125,20,26,26,25,24,23,22,21,21,20,19,18,18,18,18,18,18,18,16,15,15,14,13,13,13,12,2,0,0,0,0,0,0,0,0,0,5,21,21,21,22,23,23,24,25,25,25,26,26,26,25,25,25,25,25,25,25,25,25,26,26,27,28
-62,125,20,30,29,28,27,26,25,24,23,23,22,22,21,21,20,20,20,20,18,18,16,16,15,15,14,14,4,0,0,0,0,0,0,0,0,0,6,23,24,25,26,26,27,28,28,28,29,30,30,29,28,28,29,28,28,28,29,29,29,29,30,30,30
-61,125,20,27,25,25,23,23,22,21,21,21,20,19,18,18,18,18,18,17,16,16,15,14,13,13,12,12,3,0,0,0,0,0,0,0,0,0,5,21,21,22,22,23,24,24,24,24,25,26,25,25,25,24,25,25,24,24,25,25,25,26,27,28,28
-61,125,20,24,24,23,22,21,21,20,19,19,19,18,18,18,18,18,17,16,16,16,15,14,14,13,12,12,3,0,0,0,0,0,0,0,0,0,5,20,20,21,21,21,21,22,23,23,25,25,24,24,23,23,24,23,23,23,23,24,24,25,25,25,25
-61,125,20,25,25,23,23,22,21,20,17,15,18,19,18,18,17,17,17,16,16,15,15,14,14,14,13,13,4,0,0,0,0,0,0,0,0,0,5,19,20,20,21,22,22,22,22,22,24,25,24,23,23,23,24,24,22,22,23,23,24,24,24,25,25
-61,125,20,31,30,29,28,28,26,25,24,22,23,23,22,22,21,21,21,20,20,18,18,17,15,15,15,15,4,0,0,0,0,0,0,0,0,0,5,23,25,25,26,26,29,29,28,28,29,30,30,30,30,30,29,29,28,29,30,29,29,29,31,32,33
-61,125,20,25,25,24,23,22,21,20,19,20,19,18,18,18,17,17,17,17,15,15,15,14,13,13,12,12,3,0,0,0,0,0,0,0,0,0,5,19,20,21,21,22,23,23,24,23,24,24,24,24,24,24,24,23,23,24,24,24,25,25,25,26,25
-61,125,20,27,27,26,26,24,23,22,21,20,20,20,20,19,20,20,19,19,18,17,16,15,14,14,14,14,4,0,0,0,0,0,0,0,0,0,5,22,22,24,24,24,26,25,26,26,26,27,28,27,26,26,27,26,26,26,26,26,26,27,28,29,30
-61,125,20,24,23,23,22,21,20,19,19,19,18,17,17,17,17,17,16,16,15,14,14,13,13,12,11,11,2,0,0,0,0,0,0,0,0,0,4,19,19,20,21,21,21,22,22,22,23,24,24,24,23,23,22,22,22,22,22,23,23,23,24,25,25
-62,125,20,27,26,26,25,23,23,21,21,20,20,19,18,18,18,18,17,17,17,16,15,15,14,13,13,13,2,0,0,0,0,0,0,0,0,0,4,21,21,21,23,23,24,25,25,25,26,27,27,26,26,26,26,26,25,26,26,26,26,27,27,29,29
-61,125,20,23,23,22,22,21,20,20,18,17,17,17,16,16,17,17,17,15,14,14,13,13,13,12,11,10,2,0,0,0,0,0,0,0,0,0,4,18,19,20,20,21,22,22,23,23,24,25,24,24,23,22,23,22,22,23,23,23,24,23,24,25,25
-62,125,20,27,27,26,25,24,22,22,21,20,20,19,19,19,19,19,18,17,17,15,15,14,14,13,13,12,3,0,0,0,0,0,0,0,0,0,5,21,22,23,23,24,25,25,25,26,26,26,27,26,26,26,26,25,25,25,26,25,26,26,27,28,28
-61,125,20,25,25,24,23,22,21,20,19,18,18,17,17,17,17,17,17,16,16,14,14,13,13,13,11,11,3,0,0,0,0,0,0,0,0,0,5,19,19,20,21,21,22,23,23,23,24,25,25,24,23,23,24,23,23,23,23,23,23,25,25,25,25
-62,125,20,31,30,29,28,27,26,25,25,24,24,22,22,22,21,21,21,20,19,18,18,17,16,16,15,15,4,0,0,0,0,0,0,0,0,0,6,24,25,26,26,27,27,28,28,29,30,30,30,30,29,29,29,29,28,28,29,29,30,30,31,31,31
-61,125,20,27,27,26,25,24,23,21,21,21,20,20,19,18,19,19,18,17,17,16,15,15,15,13,13,12,3,0,0,0,0,0,0,0,0,0,5,21,22,22,23,24,24,25,25,26,26,27,27,27,26,25,26,25,26,25,26,26,26,27,28,28,27
-62,125,20,27,27,26,25,24,24,22,22,22,21,20,19,19,19,19,18,18,17,16,15,15,15,14,13,13,4,0,0,0,0,0,0,0,0,0,6,21,21,23,24,25,25,26,26,26,27,28,28,27,26,26,27,26,26,26,26,26,26,27,29,29,29
-61,125,20,27,26,26,24,23,22,21,21,20,19,18,18,18,18,18,18,18,16,16,15,14,14,13,13,12,2,0,0,0,0,0,0,0,0,0,5,20,21,22,23,23,24,25,25,25,26,27,27,26,25,25,25,25,24,25,25,26,26,26,27,28,28
-61,125,20,24,23,22,22,21,20,19,18,18,18,17,17,17,17,17,16,16,15,14,13,12,12,12,11,11,2,0,0,0,0,0,0,0,0,0,4,19,19,19,20,21,22,22,22,22,22,23,23,23,23,22,23,23,22,23,23,23,23,23,24,25,25
-61,125,20,27,26,25,25,24,23,22,20,20,20,20,18,18,18,18,18,18,17,16,15,14,14,14,13,13,3,0,0,0,0,0,0,0,0,0,5,20,21,23,24,24,25,25,25,25,26,27,27,27,25,25,26,25,25,25,26,26,26,27,27,29,29
-61,125,20,27,26,25,24,24,23,22,21,20,20,19,19,19,19,19,18,17,17,16,15,15,13,13,13,13,3,0,0,0,0,0,0,0,0,0,5,21,21,22,23,23,25,25,26,26,26,26,27,26,26,26,26,26,25,25,26,26,25,26,27,28,28
-62,125,20,31,30,28,27,27,26,25,24,24,23,22,22,22,21,20,20,19,18,18,17,17,16,15,15,15,4,0,0,0,0,0,0,0,0,0,6,23,24,26,27,27,28,29,29,29,29,30,30,30,30,30,29,28,28,28,29,29,29,29,30,31,32
-61,125,20,27,26,25,24,23,23,21,21,21,20,20,19,19,19,18,18,17,17,16,15,14,14,13,13,12,3,0,0,0,0,0,0,0,0,0,5,21,22,22,23,23,24,25,25,26,26,26,27,27,26,26,26,25,24,24,25,25,25,25,26,27,27
-61,125,20,27,27,26,24,24,23,22,21,21,20,20,20,20,19,18,18,17,17,16,16,15,14,14,13,12,3,0,0,0,0,0,0,0,0,0,5,21,21,22,24,24,24,25,24,25,26,27,27,27,26,25,25,24,25,25,26,25,26,27,27,27,27
-62,125,20,25,25,23,23,24,21,19,16,15,17,19,19,18,18,17,17,16,16,15,14,13,12,12,12,12,2,0,0,0,0,0,0,0,0,0,4,20,20,22,22,23,23,24,23,23,23,25,25,25,24,25,24,24,23,23,24,23,25,25,25,27,29
-62,125,20,26,26,25,24,23,23,22,21,21,21,19,19,19,19,19,18,18,17,16,15,14,14,13,13,12,3,0,0,0,0,0,0,0,0,0,5,21,21,22,23,23,24,25,25,25,25,27,27,27,26,26,26,25,25,25,25,25,25,25,26,28,28
-61,125,20,27,26,25,24,23,22,21,20,18,19,18,18,18,18,18,17,17,16,15,14,13,13,13,13,12,2,0,0,0,0,0,0,0,0,0,5,20,20,22,22,24,25,25,25,25,25,26,27,27,26,25,25,25,24,25,24,25,25,25,27,28,29
-62,125,20,26,25,25,22,21,21,21,19,19,19,17,17,18,17,17,17,17,15,15,15,13,13,13,12,11,2,0,0,0,0,0,0,0,0,0,5,20,20,21,21,23,23,24,24,24,24,25,25,25,24,24,24,23,23,23,24,24,25,25,26,26,25
-61,125,20,26,26,25,25,24,23,22,20,19,19,19,18,18,18,18,18,17,17,15,14,14,13,13,12,12,3,0,0,0,0,0,0,0,0,0,4,20,21,22,23,23,24,24,25,25,26,27,27,26,26,26,25,25,24,25,25,25,25,26,27,28,28
-61,125,20,26,25,25,24,24,23,22,21,20,21,20,19,19,19,18,18,18,17,17,15,14,14,14,13,13,3,0,0,0,0,0,0,0,0,0,5,21,21,22,22,23,24,25,25,25,26,27,27,26,25,25,25,25,25,25,25,25,26,26,26,27,27
-61,125,20,28,27,26,25,24,23,22,22,21,21,20,20,20,19,19,19,17,17,16,15,15,14,13,13,12,3,0,0,0,0,0,0,0,0,0,5,21,21,23,24,24,24,25,26,26,27,28,28,27,27,27,27,26,25,25,25,26,26,26,27,29,29
-61,125,20,24,23,21,21,20,20,19,18,18,18,18,17,16,16,15,15,15,14,13,13,13,12,12,11,11,2,0,0,0,0,0,0,0,0,0,3,13,13,17,19,19,21,23,23,23,22,23,24,24,23,23,22,22,21,21,22,22,22,23,24,25,25
-62,125,20,31,31,29,28,27,26,25,24,23,23,22,22,22,21,21,20,20,19,18,17,17,17,16,15,15,4,0,0,0,0,0,0,0,0,0,6,24,25,26,27,27,27,28,28,29,30,30,30,29,29,28,29,29,28,28,28,29,29,30,31,32,31
-61,125,20,24,23,23,22,21,20,19,19,18,18,18,17,17,17,17,17,16,15,14,14,13,13,12,12,11,2,0,0,0,0,0,0,0,0,0,4,19,20,20,21,21,22,22,22,22,24,24,24,24,23,23,23,22,22,22,23,22,22,23,23,24,24
-61,125,20,26,26,25,24,23,23,22,21,20,20,19,18,18,18,18,17,17,16,16,15,14,13,13,13,12,2,0,0,0,0,0,0,0,0,0,4,20,22,22,23,24,25,24,25,26,26,26,26,26,26,26,26,26,24,25,25,25,25,26,27,28,29
-61,125,20,24,24,24,23,22,20,20,19,19,19,18,18,18,18,18,17,17,16,16,15,14,13,13,12,12,3,0,0,0,0,0,0,0,0,0,5,20,20,20,22,22,22,23,22,22,24,24,24,24,23,23,24,23,22,23,23,23,23,23,24,25,26
-62,125,20,26,26,25,24,24,23,22,20,19,19,20,19,19,19,18,18,18,18,17,18,16,14,12,9,8,2,0,0,0,0,0,0,0,0,0,5,21,22,23,23,24,24,25,24,25,26,27,27,26,25,25,25,25,25,25,25,25,25,26,26,28,28
-61,125,20,27,27,26,24,24,22,21,21,21,20,18,18,18,18,18,18,17,16,15,15,14,14,13,12,12,3,0,0,0,0,0,0,0,0,0,5,20,21,22,23,23,24,25,25,25,26,27,27,26,25,25,25,25,25,25,25,25,26,26,27,27,27
-62,125,20,27,26,26,25,24,23,22,21,21,20,19,19,19,19,19,19,18,17,15,14,13,14,16,15,18,5,0,0,0,0,0,0,0,0,0,5,21,21,23,23,24,24,25,25,25,26,26,26,26,25,25,26,25,24,25,25,25,25,26,27,27,28
-61,125,20,27,27,26,26,25,24,23,22,22,21,21,20,20,20,20,19,18,18,17,16,16,15,14,14,13,4,0,0,0,0,0,0,0,0,0,6,22,23,23,24,24,25,25,26,26,26,28,28,27,26,26,26,26,26,26,25,25,26,27,28,29,29
-61,125,20,30,30,30,28,27,26,25,24,25,23,22,22,22,21,21,21,20,19,18,18,17,17,16,15,15,4,0,0,0,0,0,0,0,0,0,6,25,25,26,26,27,28,29,29,29,30,31,31,30,29,29,29,29,29,29,29,29,29,31,31,31,30
-62,125,20,27,26,25,24,23,23,21,21,20,20,18,18,18,18,18,18,17,16,16,15,14,14,13,13,13,3,0,0,0,0,0,0,0,0,0,4,20,21,21,22,23,24,25,25,25,26,27,27,27,26,26,26,25,24,25,25,26,26,26,27,28,28
-61,125,20,27,27,26,25,24,24,23,22,21,21,21,20,20,20,20,19,19,18,17,16,15,15,14,14,13,4,0,0,0,0,0,0,0,0,0,6,22,22,23,24,24,25,25,25,25,26,27,27,27,26,26,26,26,25,26,26,26,26,26,28,29,29
-61,125,20,24,24,23,22,21,21,20,19,19,18,17,17,17,16,17,17,15,15,14,13,13,13,12,12,11,2,0,0,0,0,0,0,0,0,0,4,18,19,20,20,21,22,23,23,23,24,24,24,24,24,23,23,22,22,22,23,23,23,23,24,25,26
-61,125,20,26,26,25,24,23,22,22,21,20,20,19,18,18,18,18,18,17,16,16,15,14,13,13,12,11,2,0,0,0,0,0,0,0,0,0,5,20,20,22,22,23,24,24,24,25,25,26,27,26,25,25,25,25,25,24,25,25,25,26,27,27,27
-61,125,20,24,24,23,21,21,20,19,19,18,18,18,18,18,17,17,16,16,16,14,14,13,12,12,11,11,2,0,0,0,0,0,0,0,0,0,4,19,20,20,21,21,22,23,22,22,22,24,24,24,24,23,23,23,22,23,23,23,23,23,24,25,26
-62,125,20,27,26,25,24,23,22,19,19,20,19,18,18,19,19,19,18,18,16,16,15,14,13,13,13,12,2,0,0,0,0,0,0,0,0,0,5,21,21,21,22,22,24,24,24,25,25,25,26,26,25,25,24,24,23,24,24,24,25,25,26,28,28
-61,125,20,24,24,23,22,21,21,20,19,19,19,17,17,17,16,17,17,16,15,14,14,13,12,12,12,11,2,0,0,0,0,0,0,0,0,0,4,19,19,20,21,21,22,22,22,22,23,24,24,24,22,22,23,22,22,23,23,23,23,24,25,25,26
-61,125,20,24,23,22,22,21,21,20,20,19,19,18,17,17,17,17,16,16,15,15,14,13,13,12,11,11,2,0,0,0,0,0,0,0,0,0,4,19,19,20,21,21,22,22,22,22,23,23,23,23,22,22,22,22,22,22,22,23,23,24,25,25,25
-61,125,20,26,25,25,25,24,23,22,21,21,21,20,19,19,18,18,18,18,17,16,15,15,14,14,13,13,3,0,0,0,0,0,0,0,0,0,5,21,21,22,22,23,24,25,25,26,26,27,27,26,25,25,25,25,24,25,25,25,26,26,26,27,27
-62,125,20,27,27,26,25,24,24,23,23,23,22,20,19,19,20,20,19,19,18,17,17,16,15,15,14,13,4,0,0,0,0,0,0,0,0,0,6,22,22,23,24,24,25,25,25,26,27,27,27,26,25,25,26,25,25,25,26,26,27,27,28,29,29
-61,125,20,24,23,22,21,21,20,19,18,17,17,17,17,17,17,17,15,15,15,14,14,12,12,12,11,11,2,0,0,0,0,0,0,0,0,0,3,18,19,19,19,21,22,22,22,22,22,23,23,23,23,23,21,21,21,22,22,22,22,22,24,24,25
-61,125,20,26,26,25,24,23,22,22,20,19,20,20,19,19,19,19,18,17,17,16,15,14,13,13,12,12,3,0,0,0,0,0,0,0,0,0,5,21,21,21,23,23,24,24,25,25,26,26,26,26,25,25,25,24,24,25,25,25,25,26,27,27,27
-61,125,20,27,27,25,25,24,23,21,21,21,20,19,20,19,18,18,18,18,17,16,15,14,13,13,13,13,2,0,0,0,0,0,0,0,0,0,5,20,21,22,22,23,25,25,25,25,25,26,26,26,26,26,26,26,25,25,25,25,25,26,27,29,29
-61,125,20,25,24,23,23,22,21,20,20,20,19,19,18,18,18,18,17,17,16,16,14,14,14,13,13,12,3,0,0,0,0,0,0,0,0,0,5,19,20,21,22,22,23,23,22,23,24,25,25,25,24,24,24,23,22,23,23,23,24,25,25,26,26
-61,125,20,24,24,23,22,21,21,20,18,18,18,18,18,18,18,17,17,16,16,15,14,14,13,12,12,12,3,0,0,0,0,0,0,0,0,0,5,19,19,20,21,21,22,23,23,23,23,24,25,25,23,23,23,23,23,23,23,23,23,23,24,26,26
-62,125,20,27,27,26,25,24,23,23,21,21,21,21,20,20,19,19,19,18,18,17,17,16,15,15,14,14,3,0,0,0,0,0,0,0,0,0,5,21,22,23,24,24,25,26,26,26,26,27,27,27,27,27,26,26,26,26,26,26,27,27,28,29,30
-61,125,20,28,27,26,25,25,24,22,22,22,21,21,20,20,20,20,19,19,18,17,16,16,15,14,14,13,4,0,0,0,0,0,0,0,0,0,6,22,22,23,24,24,25,26,26,26,27,28,28,27,27,26,26,26,25,26,26,27,27,27,28,29,29
-61,125,20,25,25,24,23,22,22,21,20,19,18,18,18,18,18,18,17,17,16,15,15,14,13,13,13,12,3,0,0,0,0,0,0,0,0,0,5,19,20,21,22,22,23,23,23,23,24,25,25,24,24,24,24,24,23,23,24,24,24,24,25,26,26
-61,125,20,27,26,26,25,25,24,23,22,22,21,21,21,20,20,20,19,18,18,17,17,16,14,14,14,13,4,0,0,0,0,0,0,0,0,0,5,21,22,23,23,24,25,25,26,26,27,28,28,28,27,26,26,26,26,26,26,26,26,26,27,28,28
-61,125,20,25,24,23,23,22,21,20,20,19,19,18,18,18,18,17,17,17,16,16,15,13,13,13,12,12,3,0,0,0,0,0,0,0,0,0,5,20,20,20,21,22,23,23,23,23,24,25,25,25,24,24,24,24,23,23,24,24,24,24,25,26,26
-61,125,20,27,27,26,25,24,24,23,21,21,22,21,20,20,20,20,20,19,17,17,17,16,14,14,14,14,4,0,0,0,0,0,0,0,0,0,5,21,22,23,24,24,25,26,25,26,27,27,27,27,26,26,26,25,25,26,26,26,26,26,28,29,29
-61,125,20,31,30,29,27,26,25,25,23,22,23,22,22,22,21,21,21,21,20,19,18,17,16,16,16,14,4,0,0,0,0,0,0,0,0,0,6,24,25,25,26,27,27,28,28,28,29,30,30,30,29,29,29,29,28,28,28,28,28,29,31,33,33
-61,125,20,24,24,23,22,22,20,20,19,18,18,18,18,18,17,17,17,16,16,15,15,14,13,12,12,12,3,0,0,0,0,0,0,0,0,0,4,18,19,20,21,21,21,22,22,22,22,23,24,24,23,23,23,22,22,22,23,23,23,23,24,26,26
-61,125,20,28,27,26,26,25,25,25,22,19,21,19,19,19,19,20,19,18,18,16,17,16,15,14,13,13,3,0,0,0,0,0,0,0,0,0,5,22,23,23,24,24,25,26,26,26,27,28,28,27,27,26,26,26,25,26,26,26,26,27,27,30,30
-61,125,20,27,26,25,24,23,23,22,22,22,22,19,19,19,19,19,19,18,17,17,15,15,15,14,13,13,2,0,0,0,0,0,0,0,0,0,5,21,22,22,23,23,24,24,25,25,25,27,27,26,25,25,25,25,25,25,25,25,25,26,28,28,27
-61,125,20,28,27,26,25,25,24,22,22,22,21,20,20,20,19,19,19,18,18,17,16,15,14,14,13,13,4,0,0,0,0,0,0,0,0,0,6,21,22,23,24,24,25,26,25,26,26,27,28,27,27,26,26,26,25,26,26,26,26,27,28,29,29
-61,125,20,27,26,25,24,23,23,22,21,21,21,20,19,19,19,19,19,18,17,16,15,15,14,14,13,13,3,0,0,0,0,0,0,0,0,0,5,20,21,22,23,24,24,24,25,25,25,26,26,26,25,24,25,24,24,24,25,25,25,26,27,28,28
-62,125,20,30,29,28,27,26,25,25,23,24,23,22,22,21,21,21,21,20,19,19,18,17,16,15,15,14,4,0,0,0,0,0,0,0,0,0,6,24,24,24,25,25,25,26,28,28,29,29,29,29,27,27,28,27,27,27,28,28,28,30,30,30,30
-62,125,20,27,26,25,23,22,23,22,21,21,20,18,18,18,18,18,18,17,16,16,15,14,13,13,12,12,3,0,0,0,0,0,0,0,0,0,4,19,20,21,23,23,23,24,24,24,25,26,25,25,24,24,24,24,24,24,24,24,25,25,26,27,27
-62,125,20,29,29,28,27,26,25,24,23,23,22,21,21,21,21,21,20,19,18,17,17,16,15,15,14,13,3,0,0,0,0,0,0,0,0,0,5,22,23,23,25,26,25,26,27,27,28,29,29,29,28,28,28,27,27,27,27,27,28,28,29,30,30
-59,125,20,30,29,27,26,25,24,23,22,22,22,21,21,21,21,22,20,19,18,17,16,15,15,14,14,13,3,0,0,0,0,0,0,0,0,0,5,21,22,24,25,25,25,25,25,25,26,28,29,28,27,26,27,26,25,25,25,26,26,26,28,30,30
-61,125,20,27,26,25,24,23,23,22,21,20,20,19,19,18,18,18,18,17,17,16,15,15,13,13,13,12,2,0,0,0,0,0,0,0,0,0,5,20,21,21,22,23,24,24,24,25,25,26,26,26,25,24,25,24,23,24,25,25,25,25,26,28,28
-61,125,20,26,26,26,24,23,23,22,21,20,21,20,19,19,19,19,19,17,17,16,15,15,14,14,12,13,2,0,0,0,0,0,0,0,0,0,5,21,22,22,23,23,24,24,25,24,25,26,26,26,25,25,25,25,25,25,25,25,25,26,26,28,28
-61,125,20,24,24,22,21,21,20,19,19,19,18,18,17,17,17,17,17,16,15,14,14,13,13,12,11,11,2,0,0,0,0,0,0,0,0,0,4,19,19,20,21,21,21,22,22,22,23,23,24,23,23,22,23,23,22,22,23,23,23,24,24,25,25
-62,125,20,30,30,29,28,27,26,25,25,25,25,23,22,22,22,22,22,21,20,19,19,18,17,16,16,15,4,0,0,0,0,0,0,0,0,0,6,24,25,25,26,26,28,28,27,27,29,29,30,29,28,28,28,28,27,28,29,28,29,29,30,31,32
-61,125,20,26,26,25,24,23,23,22,21,20,20,20,19,19,19,19,18,18,17,16,16,15,14,14,13,12,3,0,0,0,0,0,0,0,0,0,5,21,21,22,22,23,24,24,25,25,26,26,26,26,25,25,25,25,24,25,25,25,25,25,26,27,28
-61,125,20,27,27,26,25,24,23,22,21,20,20,20,19,19,19,19,19,17,17,16,15,14,14,14,13,13,2,0,0,0,0,0,0,0,0,0,5,20,21,22,22,24,24,25,24,25,26,27,27,26,25,25,25,24,24,25,26,26,25,26,27,27,27
-61,125,20,28,27,26,25,24,24,22,22,21,21,20,20,20,20,20,19,19,18,17,16,15,15,15,14,14,4,0,0,0,0,0,0,0,0,0,5,21,22,23,24,24,24,25,26,26,27,28,28,27,27,26,27,26,25,26,25,26,26,26,27,29,29
-61,125,20,31,30,29,28,27,26,25,24,24,24,23,22,22,22,22,21,21,20,19,18,17,17,16,16,15,4,0,0,0,0,0,0,0,0,0,6,24,25,26,27,27,27,28,28,28,29,30,30,30,29,29,28,28,28,28,28,29,30,30,31,31,31
-62,125,20,30,30,29,28,26,26,25,23,24,23,23,21,21,21,21,21,21,20,19,18,17,16,16,15,14,3,0,0,0,0,0,0,0,0,0,6,23,24,25,25,26,27,27,27,28,29,29,29,29,28,28,28,28,26,27,27,28,29,30,30,31,32
-62,125,20,30,30,28,28,27,25,25,24,24,23,23,22,21,22,22,21,20,20,18,18,17,16,16,15,14,4,0,0,0,0,0,0,0,0,0,5,23,24,25,26,27,27,28,28,28,29,30,30,29,29,28,29,28,28,28,29,28,28,28,30,31,30
-62,125,20,30,30,29,27,26,26,25,23,24,23,22,22,22,21,21,21,20,19,18,18,17,16,16,15,15,4,0,0,0,0,0,0,0,0,0,6,24,24,25,26,27,27,28,28,29,29,29,29,29,28,28,28,29,28,28,27,28,29,29,30,31,32
-61,125,20,25,25,24,22,22,21,20,20,19,19,19,18,18,18,18,18,17,16,16,15,14,13,13,12,13,3,0,0,0,0,0,0,0,0,0,5,19,20,21,21,22,23,23,23,23,24,24,24,24,23,23,24,23,23,24,24,23,23,24,25,26,26
-62,125,20,28,28,27,26,25,24,23,22,22,21,20,20,20,19,19,19,18,18,17,16,16,15,15,14,14,4,0,0,0,0,0,0,0,0,0,6,21,22,23,24,24,25,25,25,26,26,27,27,26,26,26,26,26,25,26,26,26,26,27,28,29,29
-62,125,20,26,26,26,24,24,23,22,21,21,20,20,20,20,19,19,18,18,18,17,16,15,14,14,13,13,3,0,0,0,0,0,0,0,0,0,5,20,22,22,23,24,24,24,25,25,25,26,26,25,25,25,25,25,24,25,25,24,25,25,26,28,29
-61,125,20,25,25,24,23,22,21,21,20,20,20,19,19,18,18,18,17,17,16,15,15,14,14,13,13,13,3,0,0,0,0,0,0,0,0,0,5,20,20,21,22,21,22,22,23,23,24,25,25,25,24,23,24,23,23,23,23,23,23,24,24,25,25
-61,125,20,24,23,23,23,21,20,20,18,19,19,18,17,17,17,16,16,16,16,14,14,14,12,12,12,12,2,0,0,0,0,0,0,0,0,0,5,19,19,20,20,21,21,22,22,22,23,23,23,23,22,22,22,22,21,22,22,22,23,23,24,25,26
-62,125,20,28,27,26,25,25,24,23,22,22,22,22,21,20,20,20,19,19,18,17,17,16,15,15,14,14,4,0,0,0,0,0,0,0,0,0,6,22,22,23,24,24,24,25,25,25,26,27,27,26,25,25,25,25,24,25,25,25,26,27,28,28,28
-61,125,20,30,29,28,27,26,26,24,24,24,23,22,21,21,21,20,20,19,19,18,17,16,15,15,14,14,3,0,0,0,0,0,0,0,0,0,5,22,23,25,26,26,27,27,28,28,28,29,29,28,28,27,27,27,27,27,28,28,28,28,29,30,31
-62,125,20,30,30,28,27,26,25,24,24,23,23,22,21,21,21,22,20,20,19,18,17,16,16,16,14,14,3,0,0,0,0,0,0,0,0,0,5,22,23,25,25,26,26,27,27,27,28,29,29,29,28,28,28,27,26,26,27,28,28,28,30,31,31
-61,125,20,27,26,25,24,24,23,22,21,21,21,21,20,20,20,20,20,19,18,17,16,16,15,15,14,13,4,0,0,0,0,0,0,0,0,0,6,21,22,23,23,24,24,24,25,25,25,27,27,27,25,25,25,25,25,26,25,26,26,27,28,28,28
-61,125,20,24,23,23,22,21,20,19,18,18,18,18,17,17,17,17,17,17,15,14,13,13,12,12,11,11,2,0,0,0,0,0,0,0,0,0,4,19,18,19,20,21,22,22,22,22,23,24,24,23,23,22,22,22,22,22,22,22,23,23,24,25,25
-61,125,20,25,24,23,22,21,21,19,19,19,18,18,18,18,17,17,17,16,16,15,15,14,13,12,12,11,3,0,0,0,0,0,0,0,0,0,5,19,19,20,21,21,22,22,23,22,23,24,24,23,23,23,22,22,22,23,22,23,23,23,23,25,26
-62,125,20,27,27,26,25,25,24,23,22,22,21,20,20,20,20,20,19,19,18,17,16,15,15,14,14,14,4,0,0,0,0,0,0,0,0,0,5,22,22,23,24,24,24,25,26,26,27,27,27,26,26,26,26,26,25,25,25,26,26,26,29,29,29
-62,125,20,29,28,27,26,26,25,24,23,22,22,21,20,20,20,20,20,19,18,18,16,15,15,14,14,13,3,0,0,0,0,0,0,0,0,0,5,21,22,24,25,25,25,26,26,26,27,28,27,27,26,26,26,26,26,26,27,27,27,28,29,30,30
-61,125,20,28,27,26,26,24,24,23,21,21,21,20,20,20,20,20,19,19,18,17,16,15,14,14,13,13,3,0,0,0,0,0,0,0,0,0,5,21,22,23,23,24,25,26,25,26,26,27,27,26,26,26,26,26,25,25,25,26,26,27,28,28,29
-62,125,20,31,30,29,28,27,26,25,25,24,23,22,22,22,22,22,21,20,19,19,18,17,17,16,15,15,4,0,0,0,0,0,0,0,0,0,6,24,24,25,26,27,28,28,28,28,29,30,30,30,29,29,29,28,28,28,29,29,29,29,30,31,32
-62,125,20,30,29,29,27,27,26,25,25,25,24,23,21,22,22,22,21,21,20,19,18,17,15,16,15,15,4,0,0,0,0,0,0,0,0,0,6,24,25,25,26,26,27,28,28,29,29,30,30,29,28,29,28,29,28,28,29,29,29,29,30,31,31
-61,125,20,24,24,23,22,22,20,20,18,18,17,18,17,17,17,17,17,16,15,15,14,13,12,12,12,12,2,0,0,0,0,0,0,0,0,0,4,18,19,20,20,21,21,22,21,22,23,23,24,23,23,23,23,22,21,22,22,23,23,24,24,25,25
-62,125,20,30,29,29,28,26,25,25,24,24,24,23,21,21,21,21,20,20,19,18,18,17,16,16,15,15,4,0,0,0,0,0,0,0,0,0,6,24,24,25,25,26,26,27,28,28,29,29,29,29,28,28,28,27,28,28,28,29,28,29,30,31,31
-61,125,20,25,24,24,22,21,21,20,20,19,19,18,18,18,18,18,18,17,17,16,15,14,13,13,13,12,3,0,0,0,0,0,0,0,0,0,5,19,19,21,21,21,22,22,22,22,23,23,24,23,23,23,23,22,22,23,23,22,23,23,24,25,24
-61,125,20,27,27,25,24,24,23,22,22,22,21,19,19,19,19,19,19,18,17,16,15,14,14,14,14,13,3,0,0,0,0,0,0,0,0,0,5,21,21,22,23,23,24,25,25,25,26,27,27,26,26,25,25,25,25,25,25,26,26,26,26,27,27
-62,125,20,30,30,28,28,27,26,25,23,23,23,22,21,21,21,21,20,20,20,18,18,17,16,15,15,14,4,0,0,0,0,0,0,0,0,0,5,24,24,24,26,27,27,28,28,28,29,30,30,30,29,29,29,28,28,28,28,28,28,29,30,31,31
-63,125,20,25,25,24,23,23,22,21,20,19,19,18,18,18,18,17,17,17,16,15,14,14,13,13,12,12,3,0,0,0,0,0,0,0,0,0,4,19,20,21,22,22,23,23,23,24,24,25,25,24,23,23,23,23,23,23,24,24,24,25,25,26,27
-63,125,20,29,27,27,26,25,24,22,22,21,21,21,20,20,19,19,19,19,18,17,16,15,14,14,13,13,3,0,0,0,0,0,0,0,0,0,5,22,22,22,24,24,25,25,26,27,27,28,28,27,26,26,26,26,26,26,27,27,27,28,29,30,30
-63,125,20,29,28,27,26,25,25,24,23,22,23,21,21,21,20,20,20,19,18,18,16,16,14,14,14,14,2,0,0,0,0,0,0,0,0,0,5,23,23,24,24,25,26,26,26,27,27,28,28,28,27,27,26,27,26,26,26,27,28,28,29,30,30
-62,125,20,28,28,28,27,26,25,24,22,21,21,21,21,21,20,20,20,19,19,18,17,16,15,15,15,15,4,0,0,0,0,0,0,0,0,0,6,22,24,24,25,25,26,27,26,26,27,29,28,27,28,29,27,27,26,27,28,28,28,27,29,29,31
-61,125,20,26,26,24,23,23,22,21,20,19,20,19,19,18,18,18,18,17,17,15,15,13,13,12,12,12,2,0,0,0,0,0,0,0,0,0,4,21,21,21,21,22,23,24,23,24,24,25,25,25,25,25,25,24,23,24,24,25,25,25,26,28,28
-63,125,20,27,26,25,24,24,22,21,21,21,21,20,19,19,19,19,19,18,17,16,16,15,14,14,13,13,4,0,0,0,0,0,0,0,0,0,6,21,21,22,23,23,24,24,24,25,25,26,26,26,25,25,25,25,24,25,25,24,25,26,27,27,26
-63,125,20,30,29,28,26,26,25,24,24,24,23,22,21,21,21,21,20,19,19,18,17,16,16,15,15,14,4,0,0,0,0,0,0,0,0,0,6,23,23,24,25,26,27,27,28,28,29,30,29,29,28,28,29,28,28,28,28,28,29,29,30,31,31
-63,125,20,26,26,25,24,23,23,22,20,19,20,20,19,19,19,19,18,18,17,16,15,15,14,13,13,13,3,0,0,0,0,0,0,0,0,0,5,21,21,22,22,24,24,24,25,25,26,26,26,26,25,25,25,24,24,24,24,25,26,26,26,27,27
-63,125,20,29,29,27,26,26,24,23,22,23,23,21,21,21,20,21,20,19,18,17,16,15,15,15,14,14,3,0,0,0,0,0,0,0,0,0,5,23,23,24,24,25,26,26,27,27,28,29,29,28,28,27,28,27,27,27,27,27,28,28,29,30,30
-63,125,20,26,25,24,23,22,22,21,20,19,19,18,18,18,18,18,17,16,15,15,14,14,13,12,12,12,3,0,0,0,0,0,0,0,0,0,4,19,20,21,22,22,23,23,24,24,24,24,24,24,24,24,24,23,23,23,24,24,25,24,25,27,27
-61,125,20,27,26,25,24,23,23,21,21,21,20,19,19,18,18,18,18,17,16,16,16,15,13,13,13,13,3,0,0,0,0,0,0,0,0,0,5,20,21,21,22,23,23,24,24,25,25,26,26,26,25,25,25,25,24,25,25,25,26,25,26,27,27
-61,125,20,30,30,28,27,27,26,24,24,24,24,22,21,21,21,21,21,20,19,18,16,16,16,15,15,15,3,0,0,0,0,0,0,0,0,0,5,23,24,25,25,26,27,27,28,27,29,29,29,29,28,28,29,28,27,28,28,28,28,29,30,31,32
-63,125,20,29,28,28,27,26,25,24,23,23,22,21,20,20,20,20,20,19,18,17,16,16,15,14,14,14,3,0,0,0,0,0,0,0,0,0,5,22,23,24,25,25,26,26,26,26,28,28,28,28,27,26,26,26,26,27,27,27,27,28,29,30,30
-63,125,20,26,26,24,23,23,22,21,19,18,19,19,18,18,18,18,17,17,16,15,14,14,13,13,12,12,2,0,0,0,0,0,0,0,0,0,5,20,20,21,21,23,22,23,24,24,25,25,25,25,25,24,24,24,23,24,25,24,25,25,26,26,26
-63,125,20,25,24,24,22,22,22,21,19,19,19,18,18,18,17,18,17,17,16,14,14,13,13,12,11,11,2,0,0,0,0,0,0,0,0,0,4,19,20,20,21,21,22,22,23,23,24,24,24,24,24,24,23,24,23,23,23,23,24,24,26,26,26
-63,125,20,26,25,25,24,23,21,21,22,21,20,18,18,18,18,18,18,17,16,15,15,14,13,13,13,12,3,0,0,0,0,0,0,0,0,0,5,20,20,21,21,22,22,23,23,23,24,25,25,25,24,24,25,24,23,24,24,24,25,25,26,27,26
-63,125,20,29,29,28,27,26,25,24,23,23,22,22,21,21,21,21,19,19,18,17,17,17,15,15,14,13,3,0,0,0,0,0,0,0,0,0,6,23,23,24,24,25,26,26,26,27,28,28,29,29,28,28,28,27,26,26,27,27,28,28,30,31,31
-63,125,20,25,25,24,24,22,21,20,21,20,20,19,18,18,18,18,17,17,16,15,15,14,13,13,13,12,2,0,0,0,0,0,0,0,0,0,5,20,20,21,22,22,22,23,24,23,24,25,25,24,24,23,23,24,24,24,24,24,24,25,26,26,26
-63,125,20,29,29,27,26,25,24,23,22,23,21,20,20,20,20,20,20,19,18,17,16,15,14,13,13,13,3,0,0,0,0,0,0,0,0,0,5,22,22,23,24,24,25,26,26,27,27,28,28,27,27,26,27,26,26,26,26,26,27,28,29,29,29
-62,125,20,30,30,29,27,26,26,25,23,22,22,21,21,20,20,20,20,19,18,17,17,16,15,15,14,14,3,0,0,0,0,0,0,0,0,0,5,23,23,24,25,26,26,27,27,27,28,29,29,28,28,27,28,27,27,28,28,28,29,29,30,31,31
-63,125,20,26,26,25,24,23,22,21,20,19,19,18,18,18,17,17,17,17,16,15,15,14,13,13,12,12,3,0,0,0,0,0,0,0,0,0,4,19,20,21,22,22,23,23,23,23,24,25,25,24,24,24,24,24,24,24,24,24,24,25,26,27,27
-63,125,20,29,28,28,27,25,25,23,23,22,22,21,21,21,20,20,19,19,18,17,17,16,15,15,14,13,2,0,0,0,0,0,0,0,0,0,5,23,22,23,25,25,26,26,26,26,27,28,28,28,28,27,27,27,26,26,27,27,28,29,30,30,30
-63,125,20,30,29,28,26,26,25,23,23,23,22,21,21,21,21,20,20,19,18,17,16,15,15,14,14,13,3,0,0,0,0,0,0,0,0,0,5,22,23,23,24,25,25,26,27,27,29,29,29,29,27,27,27,27,27,27,27,28,28,28,29,30,30
-63,125,20,26,26,25,25,23,22,22,20,19,20,19,18,19,19,19,18,18,18,17,16,15,14,14,13,13,4,0,0,0,0,0,0,0,0,0,5,20,21,22,23,23,24,24,25,25,25,26,26,26,25,25,25,25,24,24,25,26,26,26,27,27,28
-63,125,20,27,26,26,25,23,23,22,21,21,21,20,19,19,19,18,18,18,17,17,16,15,14,14,13,13,3,0,0,0,0,0,0,0,0,0,5,20,21,22,23,23,24,25,24,25,25,26,26,26,25,25,25,25,24,25,25,25,25,26,27,28,28
-62,125,20,31,30,29,28,27,26,25,24,23,23,23,23,22,22,22,21,21,20,19,18,17,16,16,15,15,4,0,0,0,0,0,0,0,0,0,6,24,25,25,26,27,27,27,27,27,29,29,29,29,29,29,29,29,27,28,28,28,29,29,30,32,32
-63,125,20,26,25,25,25,23,22,21,21,21,20,20,20,19,19,19,18,18,17,17,16,15,14,13,13,13,3,0,0,0,0,0,0,0,0,0,5,20,21,22,23,23,23,24,24,24,25,26,25,25,25,24,24,24,24,24,24,25,25,25,27,28,27
-63,125,20,30,29,28,26,26,25,24,23,22,21,22,22,21,21,20,20,19,18,18,17,17,16,15,14,14,4,0,0,0,0,0,0,0,0,0,6,23,23,24,25,25,25,26,26,27,28,28,28,28,28,28,28,26,26,26,27,28,28,28,29,30,30
-59,125,20,26,26,24,23,22,21,20,17,16,18,19,19,19,19,19,19,18,17,16,15,15,13,13,13,13,4,0,0,0,0,0,0,0,0,0,5,19,20,22,23,22,22,22,22,22,23,24,25,25,24,24,24,24,22,23,23,23,23,24,25,26,26
-59,125,20,34,34,32,30,29,28,26,25,25,25,25,24,24,24,25,25,23,21,19,19,18,17,17,16,16,4,0,0,0,0,0,0,0,0,0,6,24,26,28,29,29,29,29,29,29,31,32,33,32,31,31,32,31,29,29,30,30,31,31,33,35,35
-63,125,20,25,25,23,23,22,21,21,20,20,19,18,18,17,17,17,17,16,15,14,14,13,13,12,11,12,2,0,0,0,0,0,0,0,0,0,4,19,19,20,21,21,22,23,23,23,24,25,25,24,24,24,24,23,23,23,24,24,25,24,26,26,26
-63,125,20,25,25,24,23,23,22,21,20,20,20,20,19,18,18,18,18,18,17,15,15,15,13,13,13,13,3,0,0,0,0,0,0,0,0,0,5,20,20,21,22,22,23,24,23,24,24,25,25,25,24,24,24,24,24,24,24,25,25,25,26,27,28
-63,125,20,25,24,23,23,22,21,21,19,19,19,18,18,17,17,17,17,17,16,15,14,13,13,12,12,11,2,0,0,0,0,0,0,0,0,0,4,19,20,20,21,21,22,22,23,23,23,24,24,24,23,23,23,23,23,23,23,23,23,24,25,26,27
-63,125,20,25,25,24,23,22,21,20,21,21,20,19,18,18,18,18,17,17,16,16,14,14,13,13,12,12,3,0,0,0,0,0,0,0,0,0,5,19,20,21,21,22,23,23,24,24,25,25,26,25,25,24,25,24,24,24,24,24,25,25,25,26,26
-63,125,20,25,23,23,23,22,21,19,18,19,18,17,17,17,17,17,17,16,16,15,14,13,13,12,11,11,2,0,0,0,0,0,0,0,0,0,4,19,19,20,21,21,21,22,23,23,23,24,25,24,23,22,22,22,22,22,22,23,24,24,25,25,26
-63,125,20,26,25,24,24,23,22,21,19,18,18,18,18,18,18,18,17,17,16,15,14,14,13,13,12,12,3,0,0,0,0,0,0,0,0,0,5,20,20,21,22,22,23,24,24,24,24,25,26,25,24,24,24,24,23,24,24,24,24,25,26,27,27
-63,125,20,24,24,24,23,22,21,20,19,18,18,18,17,17,17,17,17,16,16,15,14,13,13,12,12,11,2,0,0,0,0,0,0,0,0,0,4,19,20,20,21,21,22,22,22,22,23,24,24,23,23,23,23,22,22,23,23,23,24,24,25,26,26
-63,125,20,26,25,25,24,23,22,22,20,19,19,19,19,19,19,18,17,17,17,15,15,14,14,14,12,12,4,0,0,0,0,0,0,0,0,0,5,20,21,21,22,22,24,24,24,25,25,25,26,24,24,23,23,23,23,23,24,25,25,26,26,27,27
-59,125,20,29,29,27,25,24,23,22,21,22,22,21,19,19,20,21,20,19,17,17,16,15,15,14,13,13,3,0,0,0,0,0,0,0,0,0,5,22,22,23,23,24,24,25,24,25,26,28,29,29,26,25,26,26,25,24,25,25,25,25,27,29,30
-63,125,20,26,26,24,23,23,22,21,20,20,20,20,19,19,18,18,18,17,17,16,15,14,13,13,13,13,4,0,0,0,0,0,0,0,0,0,5,20,21,21,22,23,24,24,24,23,23,24,26,25,25,25,26,25,24,23,24,25,25,24,25,28,29
-62,125,20,26,25,24,23,22,21,21,20,18,19,18,17,18,18,19,18,17,16,15,13,13,12,12,10,9,2,0,0,0,0,0,0,0,0,0,5,19,20,21,22,22,22,23,23,24,24,24,25,25,25,24,24,24,23,24,24,24,24,24,26,27,27
-62,125,20,28,27,26,25,25,24,23,22,21,21,21,20,20,20,20,20,19,18,17,16,15,15,14,14,13,3,0,0,0,0,0,0,0,0,0,5,22,22,23,23,24,25,25,25,26,26,27,27,27,26,26,26,26,25,26,25,26,26,27,28,29,29
-62,125,20,26,25,24,23,23,22,21,20,19,19,18,19,19,18,18,17,17,17,15,15,14,13,13,12,12,2,0,0,0,0,0,0,0,0,0,5,20,20,21,22,22,22,23,23,24,24,25,25,25,25,24,24,24,23,23,24,25,25,25,26,27,27
-63,125,20,29,28,27,26,25,25,24,22,22,22,22,21,21,21,20,20,19,19,18,17,16,15,15,14,13,4,0,0,0,0,0,0,0,0,0,6,22,23,23,24,25,26,26,25,27,27,27,28,27,26,26,27,27,26,27,27,27,27,27,29,30,29
-63,125,20,25,25,24,24,23,22,21,20,20,19,18,18,18,18,18,17,16,16,15,15,14,14,13,13,13,4,0,0,0,0,0,0,0,0,0,5,20,20,21,22,22,23,23,24,24,24,25,26,25,25,24,24,24,24,24,24,24,24,24,25,27,28
-63,125,20,26,26,24,24,24,22,21,20,19,19,19,19,19,19,18,18,17,17,17,15,14,13,13,13,12,4,0,0,0,0,0,0,0,0,0,5,20,21,21,23,23,24,24,24,24,24,25,25,25,24,24,24,24,23,24,25,25,24,24,26,27,27
-63,125,20,26,25,24,24,23,22,21,20,20,19,19,18,18,18,18,18,17,16,16,15,15,13,13,13,13,4,0,0,0,0,0,0,0,0,0,5,20,21,22,23,23,24,24,24,24,25,26,26,26,25,24,25,24,24,25,25,25,25,25,26,27,28
-63,125,20,26,25,25,24,23,22,21,20,20,19,19,19,19,19,18,18,17,16,16,15,14,14,13,13,12,3,0,0,0,0,0,0,0,0,0,5,21,21,21,23,23,23,24,24,25,25,25,25,25,24,24,24,25,25,24,25,25,25,26,26,26,26
-59,125,20,30,29,27,25,25,23,22,21,21,21,21,21,21,21,21,21,19,18,17,16,15,14,14,14,13,3,0,0,0,0,0,0,0,0,0,5,21,23,24,25,25,24,25,24,26,26,28,29,28,28,27,27,26,24,24,25,26,26,26,29,30,30
-62,125,20,29,29,27,27,26,25,24,23,23,23,21,21,21,21,21,20,19,18,18,17,16,15,15,15,14,3,0,0,0,0,0,0,0,0,0,5,23,23,24,25,26,26,27,27,27,29,29,28,28,27,27,27,27,27,27,27,27,28,29,29,30,30
-63,125,20,25,24,23,22,21,20,20,20,20,19,18,19,19,18,17,16,16,16,16,14,14,12,12,12,12,2,0,0,0,0,0,0,0,0,0,5,19,20,21,21,22,23,22,23,23,24,24,24,25,25,24,24,23,22,22,23,23,25,24,25,26,28
-63,125,20,28,27,26,26,25,24,23,22,22,21,21,20,20,19,19,19,18,18,17,16,15,15,13,13,13,3,0,0,0,0,0,0,0,0,0,5,21,23,23,24,25,25,25,26,26,27,27,28,27,27,27,26,26,25,25,25,27,27,27,28,29,30
-59,125,20,30,30,28,26,25,23,23,21,21,22,21,21,20,21,21,21,20,17,17,17,16,16,16,14,13,3,0,0,0,0,0,0,0,0,0,6,23,23,24,25,25,25,25,25,25,26,29,29,29,27,26,28,26,25,24,25,26,27,27,29,30,30
-62,125,20,26,26,24,23,23,22,21,21,20,20,19,19,18,18,18,18,17,17,16,15,14,13,13,13,13,4,0,0,0,0,0,0,0,0,0,5,21,21,22,23,23,24,25,25,25,26,27,27,26,26,26,26,26,25,25,25,25,25,25,26,27,28
-63,125,20,24,24,23,21,21,20,20,18,18,18,17,17,17,17,17,16,15,15,15,14,13,12,12,11,11,2,0,0,0,0,0,0,0,0,0,4,19,20,20,21,21,22,22,23,23,24,24,24,24,24,23,23,22,22,22,23,23,23,23,24,25,26
-63,125,20,28,27,27,25,24,23,22,22,22,21,20,19,19,19,19,18,18,17,16,16,14,14,13,13,12,3,0,0,0,0,0,0,0,0,0,5,22,22,23,23,24,25,26,27,27,28,28,28,28,26,26,26,26,26,26,26,27,27,28,28,29,28
-63,125,20,29,28,27,26,25,25,24,22,21,21,21,21,21,20,20,20,18,18,17,17,16,14,14,14,13,4,0,0,0,0,0,0,0,0,0,6,22,23,24,25,26,27,27,27,28,28,29,29,29,28,28,28,27,27,27,27,27,28,28,28,30,30
-63,125,20,25,24,23,22,22,20,19,19,18,18,18,17,17,17,17,17,16,16,15,14,14,13,12,12,11,3,0,0,0,0,0,0,0,0,0,4,19,19,21,21,22,22,23,23,23,24,25,25,24,23,23,23,23,23,23,23,24,24,25,25,26,26
-63,125,20,24,24,24,22,22,22,20,19,19,18,18,18,17,17,17,17,16,16,15,15,13,13,13,12,13,3,0,0,0,0,0,0,0,0,0,5,20,20,21,22,22,23,23,24,24,24,25,25,25,25,24,24,24,24,23,24,24,24,24,24,26,26
-63,125,20,29,28,26,25,24,24,22,22,20,20,20,20,20,20,19,19,18,18,17,15,15,15,14,14,13,3,0,0,0,0,0,0,0,0,0,5,22,23,24,24,25,26,26,27,28,27,28,28,28,27,26,27,27,27,27,27,27,27,27,29,29,29
-63,125,20,28,27,27,26,25,24,23,22,22,22,20,19,19,19,19,19,18,17,17,16,15,14,14,13,13,3,0,0,0,0,0,0,0,0,0,5,22,22,23,24,25,25,26,26,27,27,28,28,27,26,26,27,26,26,26,27,26,26,27,29,29,30
-63,125,20,25,25,24,23,22,21,20,19,20,20,19,18,17,17,16,16,16,16,15,14,13,13,12,12,12,3,0,0,0,0,0,0,0,0,0,5,21,21,21,22,22,23,23,23,24,25,24,25,25,24,25,25,24,23,23,24,24,24,25,26,26,27
-63,125,20,25,25,24,23,22,22,21,20,21,20,20,19,19,19,18,17,17,17,15,15,15,13,13,12,12,3,0,0,0,0,0,0,0,0,0,5,20,21,22,23,24,24,24,24,24,25,26,26,25,25,24,25,24,24,24,24,25,25,25,26,28,27
-63,125,20,25,25,24,23,22,22,20,20,19,19,18,18,17,17,17,17,17,16,16,14,14,13,13,13,11,3,0,0,0,0,0,0,0,0,0,5,20,20,20,22,22,23,23,24,24,24,25,25,25,24,24,24,23,23,24,24,24,24,24,26,26,27
-63,125,20,24,24,23,21,21,21,20,19,19,18,17,17,17,17,16,16,16,16,14,14,12,12,12,12,10,2,0,0,0,0,0,0,0,0,0,4,19,20,20,21,21,22,23,23,23,24,25,25,24,24,23,23,23,23,23,23,23,24,23,25,26,26
-63,125,20,26,26,25,24,23,22,21,20,19,19,19,18,18,18,18,17,17,16,15,15,14,14,13,13,12,3,0,0,0,0,0,0,0,0,0,5,20,20,22,23,23,23,24,24,24,25,26,25,25,25,24,25,24,24,24,25,25,25,25,26,26,26
-62,125,20,28,27,25,24,24,23,22,21,20,20,20,19,19,18,18,18,17,17,16,16,15,14,14,13,13,4,0,0,0,0,0,0,0,0,0,6,21,22,23,23,24,24,25,25,25,25,26,26,26,26,26,25,25,25,25,26,26,26,26,27,28,29
-63,125,20,29,28,26,25,25,24,24,23,21,21,22,22,21,21,20,20,19,19,18,17,16,15,15,14,14,4,0,0,0,0,0,0,0,0,0,6,23,24,24,25,25,25,25,27,27,27,28,28,28,28,28,28,26,26,26,27,27,28,28,29,30,31
-63,125,20,26,26,25,23,23,23,22,21,20,20,20,19,19,18,18,17,17,16,16,15,15,14,13,13,13,4,0,0,0,0,0,0,0,0,0,5,20,21,22,23,23,23,24,24,25,25,25,25,25,25,25,24,24,24,24,24,25,26,25,26,28,28
-63,125,20,24,24,23,22,21,20,19,18,17,18,17,17,18,17,17,16,16,15,15,13,13,12,12,12,12,2,0,0,0,0,0,0,0,0,0,3,19,19,20,21,21,22,22,23,23,24,24,25,24,24,24,24,23,22,23,24,24,24,24,25,26,26
-63,125,20,25,25,24,23,23,22,21,20,20,20,18,18,18,18,18,17,17,16,15,14,14,14,13,13,13,3,0,0,0,0,0,0,0,0,0,5,20,20,20,21,22,23,24,24,25,25,26,26,26,25,25,25,24,24,24,24,24,25,25,25,26,26
-62,125,20,27,26,24,23,22,22,22,20,18,19,19,19,19,18,18,17,17,17,15,15,14,13,13,13,12,2,0,0,0,0,0,0,0,0,0,5,20,21,22,22,22,23,24,24,25,25,25,26,26,25,25,25,25,24,24,24,25,25,25,26,27,28
-63,125,20,25,25,24,23,23,21,21,19,20,20,19,18,18,18,18,17,17,16,16,15,14,13,13,12,12,3,0,0,0,0,0,0,0,0,0,5,19,21,21,22,22,23,24,24,24,24,25,25,24,24,24,24,24,23,24,24,24,25,25,25,27,27
-63,125,20,25,24,23,23,23,22,19,20,22,20,18,18,18,18,18,17,16,16,15,14,14,14,13,12,12,3,0,0,0,0,0,0,0,0,0,6,21,21,21,23,22,23,24,24,24,25,25,25,24,24,24,25,24,23,24,24,25,25,25,26,26,27
-63,125,20,29,28,27,26,25,24,23,22,21,21,20,20,20,20,20,20,19,18,17,17,15,15,15,14,13,3,0,0,0,0,0,0,0,0,0,5,23,23,24,25,26,26,27,26,27,28,29,29,28,27,27,27,27,26,27,27,27,27,27,29,29,30
-63,125,20,24,24,23,22,21,20,20,19,20,19,18,17,17,17,17,17,16,16,15,14,13,13,12,12,11,2,0,0,0,0,0,0,0,0,0,4,19,19,20,21,22,23,23,23,23,24,25,25,24,24,24,24,23,23,23,23,24,24,24,25,25,25
-63,125,20,32,31,30,29,28,27,26,25,25,25,23,23,23,23,23,22,21,20,19,19,18,17,16,17,16,4,0,0,0,0,0,0,0,0,0,6,25,26,27,28,28,28,29,30,31,31,32,32,32,31,31,31,30,30,29,30,31,31,32,33,33,34
-63,125,20,28,27,26,26,24,24,22,23,22,22,21,20,20,20,19,19,18,18,17,16,15,15,15,14,13,3,0,0,0,0,0,0,0,0,0,6,22,23,24,25,25,26,26,26,27,27,28,28,28,27,26,27,27,26,26,26,26,27,27,28,29,29
-63,125,20,25,24,23,23,22,21,20,20,19,19,18,18,17,17,17,17,17,15,15,14,13,13,12,12,12,2,0,0,0,0,0,0,0,0,0,5,19,20,21,21,22,23,23,23,24,24,25,24,24,23,23,22,23,23,23,23,23,25,24,25,26,27
-63,125,20,28,28,27,26,25,25,23,22,21,21,21,21,21,20,19,19,19,18,17,16,15,14,14,14,14,4,0,0,0,0,0,0,0,0,0,5,21,23,25,25,25,27,27,27,27,27,28,29,28,29,28,28,28,27,27,27,27,27,27,28,29,32
-59,125,20,30,29,27,26,25,23,22,21,21,21,22,21,20,21,21,21,19,18,17,16,16,15,15,14,14,3,0,0,0,0,0,0,0,0,0,5,22,22,25,25,24,24,25,24,25,26,27,28,27,26,26,27,27,24,24,25,25,26,26,28,29,30
-63,125,20,26,25,25,24,23,22,21,20,21,21,19,19,19,18,18,17,17,16,16,15,15,14,14,13,13,4,0,0,0,0,0,0,0,0,0,5,20,21,22,23,23,24,24,24,25,25,25,25,25,24,24,24,24,24,24,24,24,25,25,26,27,27
-63,125,20,24,24,22,21,21,21,20,19,18,18,18,18,18,17,17,17,16,15,15,14,14,13,12,12,12,3,0,0,0,0,0,0,0,0,0,4,19,20,20,21,21,22,22,22,23,23,24,24,24,22,23,23,23,21,22,23,23,24,24,25,25,25
-63,125,20,25,25,23,22,22,21,20,20,19,19,17,17,18,17,17,17,16,15,15,14,13,13,13,12,12,2,0,0,0,0,0,0,0,0,0,5,20,20,21,22,22,22,23,24,24,24,24,25,24,24,24,24,23,24,23,24,24,24,24,25,27,26
-63,125,20,28,27,26,26,25,24,23,22,21,21,21,21,20,20,20,19,19,18,17,16,16,15,14,14,14,4,0,0,0,0,0,0,0,0,0,5,22,23,24,25,25,26,26,26,26,27,28,29,28,28,28,27,27,26,26,26,27,28,28,28,29,30
-63,125,20,29,28,28,27,25,25,23,22,21,21,21,21,21,21,20,20,20,18,17,17,17,16,15,15,14,3,0,0,0,0,0,0,0,0,0,6,23,23,24,25,25,26,26,27,27,29,29,29,29,28,27,28,27,26,27,27,28,28,29,30,30,30
-59,125,20,34,34,32,30,29,27,26,25,25,26,25,24,24,25,25,24,22,21,20,19,19,18,18,17,16,4,0,0,0,0,0,0,0,0,0,7,25,26,28,30,29,28,29,29,29,30,33,33,32,31,31,32,31,28,28,29,29,30,30,33,34,34
-63,125,20,25,25,23,22,22,22,21,19,19,19,19,17,17,17,17,17,17,16,15,14,14,13,13,12,12,3,0,0,0,0,0,0,0,0,0,5,19,20,21,22,22,23,23,23,24,25,26,25,24,24,24,25,24,23,23,24,24,23,25,25,25,25
-63,125,20,25,25,24,23,22,21,20,20,20,20,19,18,18,18,18,18,17,17,16,15,15,14,14,13,13,3,0,0,0,0,0,0,0,0,0,5,20,21,21,22,23,23,23,24,24,25,25,26,25,24,24,24,24,24,24,23,24,25,25,25,26,27
-63,125,20,27,27,26,25,24,23,22,21,20,20,20,20,20,19,18,18,18,17,16,16,15,14,14,13,13,3,0,0,0,0,0,0,0,0,0,5,21,22,23,23,24,25,25,26,26,27,27,27,27,26,26,26,26,25,25,25,26,27,27,28,29,29
-63,125,20,28,28,26,26,24,23,23,23,22,21,20,19,19,20,20,19,19,18,17,16,15,14,14,13,13,3,0,0,0,0,0,0,0,0,0,5,22,22,24,24,25,25,25,26,26,27,28,28,28,26,26,27,26,26,26,26,26,27,28,29,30,30
-62,125,20,27,26,25,24,23,22,22,21,21,20,20,19,19,19,19,18,18,17,16,16,15,14,14,13,13,3,0,0,0,0,0,0,0,0,0,6,21,21,22,23,23,24,24,25,25,25,26,27,26,26,26,25,25,25,25,25,26,26,26,27,28,28
-63,125,20,29,28,27,26,26,24,23,25,26,22,19,20,20,19,19,18,18,18,18,17,16,15,14,14,15,4,0,0,0,0,0,0,0,0,0,6,23,23,24,25,25,25,25,26,27,28,28,28,28,27,27,27,26,26,26,27,27,27,28,29,29,30
-63,125,20,28,27,26,25,25,24,23,21,21,21,20,20,20,19,20,19,18,18,17,16,15,15,14,13,13,3,0,0,0,0,0,0,0,0,0,5,22,22,23,24,24,25,25,25,26,26,28,27,27,26,26,25,25,25,26,26,26,27,27,28,29,29
-63,125,20,25,25,23,22,22,21,20,19,17,17,17,17,17,17,17,16,16,15,14,14,13,13,13,12,12,3,0,0,0,0,0,0,0,0,0,4,18,19,20,21,22,23,23,23,23,23,24,24,24,24,24,24,23,23,23,24,24,24,24,25,26,26
-63,125,20,31,30,29,28,27,25,25,24,23,23,23,23,22,22,20,20,20,19,19,18,17,16,15,14,14,3,0,0,0,0,0,0,0,0,0,6,25,25,26,26,27,27,28,29,30,30,30,31,30,30,29,29,29,29,29,29,30,30,30,31,33,33
-63,125,20,29,28,27,26,25,24,23,22,21,21,21,21,20,19,19,19,18,18,17,16,15,14,14,13,13,3,0,0,0,0,0,0,0,0,0,5,22,23,24,25,25,26,26,26,27,28,28,28,28,27,27,27,27,26,27,26,27,27,28,29,30,30
-63,125,20,29,29,27,26,25,25,24,23,23,23,21,21,21,20,21,20,20,19,18,17,17,16,15,14,14,4,0,0,0,0,0,0,0,0,0,6,23,24,25,26,26,26,27,27,27,28,28,29,28,27,28,28,28,26,27,27,28,28,28,29,30,30
-63,125,20,29,27,26,25,24,23,23,21,20,20,21,20,20,20,19,19,19,18,17,16,15,14,14,14,13,3,0,0,0,0,0,0,0,0,0,5,22,23,23,24,24,25,27,26,26,27,27,28,27,27,26,26,26,26,26,26,27,27,27,29,30,30
-63,125,20,25,24,23,22,21,21,20,19,18,18,18,17,17,17,16,16,16,15,15,14,13,13,12,12,12,2,0,0,0,0,0,0,0,0,0,4,18,20,20,21,21,22,23,23,24,24,25,25,24,23,24,24,23,23,23,23,24,24,25,26,26,26
-63,125,20,25,25,24,23,23,22,20,19,19,19,19,18,18,19,18,18,17,16,16,15,15,14,13,13,12,3,0,0,0,0,0,0,0,0,0,6,21,21,21,22,22,22,23,23,24,24,26,25,25,23,23,23,24,23,23,24,25,25,25,26,26,26
-63,125,20,28,28,27,27,25,24,23,22,21,21,21,20,19,19,19,19,19,18,17,16,15,14,14,14,14,3,0,0,0,0,0,0,0,0,0,5,21,22,24,24,25,26,27,27,26,27,28,29,28,27,27,27,27,27,28,28,27,27,27,28,29,31
-63,125,20,28,27,27,26,25,24,22,22,20,21,20,20,20,20,19,19,18,17,17,16,15,15,15,14,13,2,0,0,0,0,0,0,0,0,0,5,21,22,23,23,25,25,26,27,27,27,28,28,28,27,27,27,27,26,26,26,27,27,27,28,29,29
-62,125,20,27,26,26,25,24,23,21,21,20,20,20,19,19,19,19,18,18,17,17,16,15,15,14,13,13,4,0,0,0,0,0,0,0,0,0,6,21,21,22,24,24,25,25,25,25,26,26,27,27,26,26,26,26,25,25,26,26,26,26,27,27,27
-63,125,20,24,23,23,22,21,20,19,18,18,18,17,16,17,16,16,16,15,15,14,13,13,12,12,12,11,2,0,0,0,0,0,0,0,0,0,4,18,19,20,21,21,22,23,23,22,23,24,25,24,24,23,23,23,22,23,23,23,23,23,25,25,25
-63,125,20,25,25,24,23,22,21,20,20,19,19,18,17,17,17,17,16,16,16,15,14,14,13,12,12,12,3,0,0,0,0,0,0,0,0,0,5,19,20,21,22,22,23,24,23,24,24,25,26,25,25,24,24,24,23,24,24,24,24,25,26,27,27
-63,125,20,25,25,25,24,22,21,21,20,19,19,19,18,18,18,18,18,17,17,16,15,15,14,13,13,12,3,0,0,0,0,0,0,0,0,0,5,20,21,21,22,22,23,23,23,24,24,25,25,25,25,25,24,24,24,23,24,24,25,25,26,27,27
-63,125,20,25,25,24,24,23,22,21,20,20,20,19,19,18,18,18,18,17,17,16,15,15,14,13,13,13,4,0,0,0,0,0,0,0,0,0,5,20,21,22,22,23,23,24,24,24,25,26,26,26,25,24,24,24,24,24,25,24,25,25,26,27,27
-63,125,20,29,29,27,26,25,24,23,22,22,22,21,21,21,20,20,20,19,19,18,17,16,15,15,14,14,4,0,0,0,0,0,0,0,0,0,6,23,23,24,25,26,26,26,27,27,28,29,29,28,28,28,28,28,27,27,27,27,27,28,29,30,31
-63,125,20,29,28,26,25,25,24,23,23,22,22,20,21,19,19,19,19,17,17,17,17,15,15,15,13,13,3,0,0,0,0,0,0,0,0,0,5,22,23,24,25,25,26,26,27,27,28,28,29,28,28,28,28,27,26,26,27,27,27,28,29,29,29
-63,125,20,25,24,24,23,22,21,21,20,19,18,18,18,18,18,18,18,17,17,15,15,14,13,13,13,12,3,0,0,0,0,0,0,0,0,0,5,19,20,21,22,23,23,23,23,24,24,25,25,25,24,24,24,24,23,25,25,24,24,24,25,25,26
-62,125,20,28,28,27,26,26,24,23,22,21,21,21,20,20,20,20,19,19,18,17,16,15,14,14,14,14,3,0,0,0,0,0,0,0,0,0,5,22,23,24,25,25,26,26,26,26,27,28,28,28,27,27,27,27,26,26,27,27,27,27,29,31,31
-63,125,20,28,27,26,25,24,23,22,21,21,20,19,19,19,19,19,19,18,17,16,16,15,13,13,13,13,2,0,0,0,0,0,0,0,0,0,4,21,22,22,24,24,25,25,25,26,27,28,27,27,26,26,26,25,25,26,26,26,26,27,28,29,29
-62,125,20,27,26,24,24,23,22,21,20,19,19,19,19,19,18,18,17,17,17,16,15,14,14,13,13,13,3,0,0,0,0,0,0,0,0,0,5,20,21,21,22,22,24,25,25,25,25,26,26,26,25,25,25,25,25,25,25,25,26,25,26,27,26
-63,125,20,25,25,23,22,21,21,21,20,19,19,18,18,18,18,18,18,16,16,15,15,13,13,13,13,13,3,0,0,0,0,0,0,0,0,0,5,20,20,21,22,22,23,24,24,24,25,26,26,25,25,24,24,24,23,23,24,24,25,25,25,26,26
-63,125,20,25,25,24,23,22,21,21,19,18,17,17,17,17,17,17,16,16,15,14,13,13,13,12,12,12,2,0,0,0,0,0,0,0,0,0,4,19,20,20,21,22,23,23,24,24,25,25,25,25,24,24,24,24,23,23,23,24,24,24,25,26,27
-63,125,20,24,23,23,22,21,21,19,15,13,16,17,17,17,16,16,16,16,16,15,14,13,13,12,11,11,3,0,0,0,0,0,0,0,0,0,4,19,20,20,20,20,20,21,22,22,23,25,24,24,23,22,22,22,22,22,22,22,23,23,24,25,25
-62,125,20,28,28,28,25,25,24,23,22,21,21,20,19,19,19,19,19,19,17,17,16,15,14,14,13,13,2,0,0,0,0,0,0,0,0,0,5,21,23,23,24,25,25,26,26,27,28,29,29,28,27,26,27,26,26,26,26,27,27,29,29,29,29
-63,125,20,29,28,27,25,25,24,23,21,21,21,21,20,20,19,19,19,18,17,16,16,15,14,14,14,13,3,0,0,0,0,0,0,0,0,0,5,22,22,24,24,25,25,25,26,27,28,29,28,27,27,26,27,27,26,27,27,27,28,28,29,29,29
-63,125,20,29,28,27,25,25,24,23,21,21,21,21,20,19,20,20,19,19,18,17,17,15,15,14,13,13,3,0,0,0,0,0,0,0,0,0,5,22,23,24,24,25,25,26,26,27,28,29,29,28,27,27,28,27,26,26,27,28,28,28,29,30,30
-63,125,20,26,25,24,23,23,22,20,20,21,21,19,18,18,18,18,18,18,17,16,15,14,14,13,13,12,3,0,0,0,0,0,0,0,0,0,5,20,21,21,23,23,23,24,24,24,25,26,26,25,25,25,25,25,24,24,25,25,25,25,26,26,27
-63,125,20,25,25,23,22,22,21,20,19,19,18,18,18,18,17,17,16,15,15,14,13,13,12,12,12,12,3,0,0,0,0,0,0,0,0,0,4,19,19,20,21,22,23,23,23,23,24,24,24,24,24,24,24,23,23,23,23,24,24,24,25,26,26
-63,125,20,26,25,24,24,23,22,21,21,20,20,19,18,19,18,17,17,17,17,16,15,14,14,14,13,12,3,0,0,0,0,0,0,0,0,0,5,21,21,21,22,22,23,23,24,25,25,25,25,25,24,24,24,25,24,24,24,24,25,25,25,26,26
-63,125,20,24,24,23,22,21,21,20,19,19,19,18,18,16,16,16,16,16,15,14,14,13,13,12,12,12,3,0,0,0,0,0,0,0,0,0,5,19,20,20,21,22,22,23,24,24,24,25,25,24,24,24,24,23,23,23,23,24,24,24,25,26,27
-63,125,20,28,27,26,25,24,24,23,21,20,20,20,20,19,18,18,18,18,17,16,17,15,14,14,13,13,3,0,0,0,0,0,0,0,0,0,5,21,23,23,24,25,25,26,26,27,27,27,28,28,27,27,27,27,26,26,27,26,26,27,28,30,29
-63,125,20,24,23,23,22,21,20,20,20,19,19,16,16,16,16,16,16,16,14,14,13,13,12,12,11,10,2,0,0,0,0,0,0,0,0,0,4,19,19,20,21,21,22,21,22,23,25,24,24,24,23,23,23,22,23,22,22,23,24,24,24,25,25
-62,125,20,28,28,27,26,25,24,22,21,21,21,20,19,20,20,19,19,18,18,17,16,15,14,14,13,13,3,0,0,0,0,0,0,0,0,0,5,22,22,23,24,25,26,27,26,25,27,28,28,27,27,27,27,27,26,27,28,26,27,27,28,29,30
-59,125,20,34,33,31,29,28,27,26,25,24,24,24,24,23,24,24,23,21,20,19,18,18,17,17,15,15,4,0,0,0,0,0,0,0,0,0,6,25,26,27,29,27,28,28,28,29,30,32,33,32,31,31,31,31,28,28,28,29,30,30,32,34,34
-63,125,20,30,28,27,26,25,25,23,23,23,22,21,21,20,20,19,19,19,18,17,17,16,15,15,14,13,3,0,0,0,0,0,0,0,0,0,6,23,23,24,25,26,26,27,27,28,29,29,29,28,28,27,27,28,27,27,27,28,29,29,30,30,30
-63,125,20,25,24,23,23,21,20,20,19,18,18,17,17,17,17,16,16,15,15,14,13,12,13,11,11,12,2,0,0,0,0,0,0,0,0,0,4,19,20,20,20,22,22,23,22,23,23,24,24,24,24,23,23,23,22,23,23,23,23,24,25,26,27
-63,125,20,25,25,23,23,22,21,21,20,19,18,18,18,18,17,17,17,16,16,15,14,13,13,12,12,11,2,0,0,0,0,0,0,0,0,0,4,19,20,21,21,22,22,22,23,24,23,24,25,25,24,24,24,24,23,22,23,23,23,23,24,25,26
-63,125,20,28,27,26,26,24,23,22,21,19,20,20,20,20,19,19,18,18,17,16,15,14,13,13,13,13,3,0,0,0,0,0,0,0,0,0,5,22,22,24,24,25,26,26,26,26,26,27,28,27,27,27,27,26,26,26,26,27,27,27,29,30,30
-63,125,20,25,24,23,22,22,21,20,20,20,19,17,17,18,18,17,17,16,15,14,14,13,12,12,11,11,2,0,0,0,0,0,0,0,0,0,4,20,20,21,22,22,23,24,24,24,25,25,24,24,24,24,24,23,23,23,23,24,24,24,25,27,27
-62,125,20,26,26,24,24,23,22,21,20,20,20,19,19,19,18,18,18,17,16,15,15,15,13,12,12,12,3,0,0,0,0,0,0,0,0,0,5,20,21,22,22,23,23,24,24,25,25,26,26,26,25,24,24,25,24,25,24,24,25,25,26,26,26
-63,125,20,33,31,29,29,28,27,26,26,26,25,24,23,23,22,22,21,20,20,19,19,17,16,16,16,16,4,0,0,0,0,0,0,0,0,0,7,25,27,27,28,29,29,29,29,29,30,32,32,31,32,32,31,30,29,30,30,30,30,31,33,34,34
-63,125,20,24,23,23,22,21,21,20,20,19,19,18,17,17,18,17,17,16,15,15,14,13,13,12,12,11,2,0,0,0,0,0,0,0,0,0,5,20,20,21,21,21,22,23,23,23,23,25,25,23,23,22,22,23,23,23,23,24,23,24,25,25,25
-62,125,20,25,26,25,24,23,21,21,18,15,18,19,19,19,19,18,18,18,17,16,15,14,14,14,13,13,3,0,0,0,0,0,0,0,0,0,5,20,21,21,21,23,23,24,24,23,25,25,25,25,25,23,24,24,24,24,25,25,25,25,26,26,27
-62,125,20,28,27,25,24,23,23,22,21,21,20,20,20,20,19,18,18,17,17,16,16,15,14,14,13,13,4,0,0,0,0,0,0,0,0,0,6,21,22,23,24,24,24,24,25,25,25,25,27,26,26,25,25,25,25,25,25,26,26,26,27,28,28
-63,125,20,26,26,24,23,23,22,21,21,21,20,19,19,19,19,18,17,17,16,16,15,14,14,13,13,13,4,0,0,0,0,0,0,0,0,0,6,21,21,22,23,23,24,24,24,24,25,26,26,25,25,25,25,24,24,24,24,25,26,25,26,27,28
-62,125,20,29,28,27,26,26,24,24,23,22,21,21,21,20,20,20,20,19,18,17,17,16,15,14,14,14,3,0,0,0,0,0,0,0,0,0,5,23,23,24,25,25,26,26,27,27,28,29,29,29,28,28,28,28,27,27,27,27,27,27,29,31,31
-63,125,20,33,33,31,30,29,28,27,26,26,25,24,23,23,22,22,21,21,20,20,19,18,17,17,16,16,4,0,0,0,0,0,0,0,0,0,7,25,26,27,28,29,30,31,31,31,32,33,33,32,31,31,31,31,30,31,31,31,31,32,33,34,34
-62,125,20,26,26,25,24,24,22,21,21,21,21,20,18,18,18,18,18,18,17,16,16,15,14,14,13,12,3,0,0,0,0,0,0,0,0,0,6,21,21,22,23,23,24,24,25,25,27,27,26,26,24,24,24,25,25,25,25,25,26,26,26,27,27
-63,125,20,25,25,25,24,23,21,20,20,20,20,20,19,19,19,18,17,17,17,16,15,14,14,13,13,12,3,0,0,0,0,0,0,0,0,0,5,20,21,21,23,23,23,24,24,25,25,26,26,26,24,24,25,25,24,24,24,25,25,25,25,26,26
-63,125,20,25,24,23,23,23,22,21,20,19,19,18,17,17,17,17,17,16,15,14,14,13,13,12,11,11,2,0,0,0,0,0,0,0,0,0,4,19,20,21,21,22,22,23,23,23,23,25,25,24,23,23,23,23,23,23,24,24,24,24,24,26,27
-63,125,20,26,25,25,25,23,22,21,20,20,19,19,19,19,18,18,17,17,16,15,15,14,13,13,12,12,3,0,0,0,0,0,0,0,0,0,5,20,21,22,22,23,24,25,25,24,25,26,26,26,25,25,25,25,24,25,25,25,25,25,26,26,27
-63,125,20,26,25,24,23,23,22,20,18,18,19,18,19,19,18,18,17,17,16,15,15,14,13,13,13,12,3,0,0,0,0,0,0,0,0,0,5,20,21,22,23,22,23,24,24,24,25,25,25,25,25,24,24,24,24,24,24,24,25,25,26,27,28
-62,125,20,29,29,28,26,25,24,23,23,23,23,22,21,21,20,20,20,20,18,17,17,15,15,15,14,13,3,0,0,0,0,0,0,0,0,0,5,23,23,25,26,26,27,28,27,27,29,29,29,29,28,28,28,27,27,28,28,28,28,29,30,30,30
-63,125,20,29,28,27,27,25,24,23,22,22,22,21,20,20,20,20,20,19,18,18,16,16,15,14,13,13,3,0,0,0,0,0,0,0,0,0,5,23,23,24,25,25,25,26,27,27,28,29,29,28,28,28,28,27,26,26,27,27,27,28,28,29,29
-62,125,20,28,27,26,25,24,24,22,22,22,21,20,20,19,19,19,19,18,17,17,16,15,15,14,13,13,3,0,0,0,0,0,0,0,0,0,5,22,22,23,24,25,26,27,27,27,27,28,28,28,27,27,26,26,27,27,27,27,28,29,29,29,29
-63,125,20,27,27,26,25,24,23,22,21,20,20,20,19,19,19,19,19,18,17,16,16,15,14,14,13,13,3,0,0,0,0,0,0,0,0,0,5,22,22,23,23,24,24,25,25,26,26,26,27,27,26,26,26,26,25,25,26,25,26,26,27,28,29
-63,125,20,29,29,28,26,25,25,24,24,24,23,22,22,21,20,20,20,20,18,18,17,16,15,15,15,13,3,0,0,0,0,0,0,0,0,0,6,23,23,25,25,26,26,27,26,27,28,29,29,28,28,27,27,27,27,27,28,28,28,29,29,30,30
-59,125,20,26,26,24,23,22,21,20,19,19,19,19,19,19,19,19,18,17,16,15,14,14,13,13,12,12,3,0,0,0,0,0,0,0,0,0,4,19,20,21,22,21,22,22,22,22,23,25,25,25,24,24,24,23,21,21,22,22,23,22,24,26,26
-62,125,20,26,25,24,23,22,22,21,20,19,19,18,18,18,18,18,18,17,16,15,14,13,13,13,13,11,2,0,0,0,0,0,0,0,0,0,4,19,20,21,21,21,23,23,24,24,24,25,26,24,24,24,24,24,23,24,24,25,25,25,26,26,26
-63,125,20,28,27,27,26,25,23,23,22,21,21,20,20,19,19,19,19,18,18,17,16,15,14,14,13,13,3,0,0,0,0,0,0,0,0,0,5,22,22,23,24,24,25,25,25,26,26,27,27,27,26,25,26,26,25,26,26,26,27,28,29,29,29
-63,125,20,28,28,27,26,25,24,23,22,21,21,20,20,20,20,20,19,19,17,17,16,16,14,14,14,14,3,0,0,0,0,0,0,0,0,0,5,21,23,24,25,25,26,26,26,26,27,28,28,28,27,27,27,26,25,26,26,27,27,28,28,30,29
-63,125,20,25,23,22,21,21,21,21,20,20,19,18,18,18,17,17,16,16,15,15,13,13,13,12,12,12,2,0,0,0,0,0,0,0,0,0,5,20,20,20,21,21,22,22,22,23,24,24,24,24,24,23,23,23,22,23,23,23,24,24,25,26,25
-63,125,20,26,26,25,24,23,22,21,20,20,20,19,19,19,18,18,18,17,17,16,16,15,14,14,13,13,3,0,0,0,0,0,0,0,0,0,5,20,21,21,23,22,23,24,25,24,24,25,25,25,25,24,24,24,23,24,24,24,24,25,25,27,27
-62,125,20,29,29,28,26,26,25,23,23,24,23,22,20,21,21,21,20,19,19,18,17,16,15,14,14,14,4,0,0,0,0,0,0,0,0,0,6,23,23,24,25,25,26,27,27,27,27,29,29,29,28,28,28,27,27,28,27,28,27,27,29,30,30
-62,125,20,30,29,27,26,26,24,24,23,23,21,21,22,22,20,20,20,19,18,18,17,16,15,15,14,14,3,0,0,0,0,0,0,0,0,0,5,22,23,24,25,25,26,27,26,27,28,29,29,29,28,28,28,27,26,27,27,27,28,28,29,30,30
-63,125,20,29,28,27,26,26,25,24,23,21,22,22,22,21,21,21,20,20,19,18,17,17,16,15,15,15,4,0,0,0,0,0,0,0,0,0,6,23,24,24,25,25,26,26,27,27,27,28,29,28,27,28,28,26,26,27,27,27,27,27,28,30,31
-62,125,20,26,26,25,24,23,23,22,22,21,21,20,20,19,19,19,19,18,17,17,16,15,14,14,13,13,4,0,0,0,0,0,0,0,0,0,6,21,22,22,22,23,24,24,24,25,25,25,26,26,25,25,25,25,24,25,25,25,25,25,26,27,28
-63,125,20,33,32,31,30,29,28,27,26,26,26,24,24,24,23,24,23,22,21,20,19,19,18,17,17,17,5,0,0,0,0,0,0,0,0,0,6,26,26,27,28,28,29,30,30,30,31,32,32,31,31,31,30,30,30,30,31,31,31,32,32,34,34
-62,125,20,26,26,24,23,23,21,20,20,19,19,19,19,19,18,18,18,17,17,16,15,14,13,13,12,12,3,0,0,0,0,0,0,0,0,0,5,20,21,21,22,23,23,23,24,24,24,25,25,25,25,25,25,24,23,24,23,24,24,25,26,28,28
-63,125,20,25,24,23,23,22,21,20,20,19,19,18,17,17,17,17,17,16,15,14,14,13,13,13,12,12,2,0,0,0,0,0,0,0,0,0,4,19,20,21,21,22,22,23,23,24,24,24,25,24,24,24,24,23,23,24,24,23,24,25,25,25,26
-63,125,20,26,26,24,24,23,22,21,20,21,21,19,19,18,18,18,18,17,17,16,15,14,14,13,12,12,3,0,0,0,0,0,0,0,0,0,5,20,21,22,22,23,24,24,24,24,25,25,25,25,25,25,25,24,24,24,24,24,24,25,26,26,26
-63,125,20,29,28,28,26,25,25,23,23,23,22,21,21,21,21,20,20,19,18,18,17,16,15,14,14,13,4,0,0,0,0,0,0,0,0,0,6,23,23,24,24,25,25,26,26,26,28,28,28,27,26,27,27,26,26,26,26,27,27,28,29,30,30
-63,125,20,27,27,26,25,24,23,22,21,21,20,20,20,20,19,19,18,17,17,17,15,15,14,13,13,12,2,0,0,0,0,0,0,0,0,0,5,21,21,22,23,24,24,25,25,26,26,27,27,27,26,25,25,25,25,26,26,26,25,26,27,28,30
-63,125,20,27,27,26,25,24,23,22,21,22,21,21,19,19,19,19,18,18,17,17,16,15,14,13,13,13,2,0,0,0,0,0,0,0,0,0,5,21,21,22,23,23,24,25,26,26,26,27,26,26,26,25,25,26,25,25,26,26,26,27,28,28,28
-63,125,20,26,25,24,23,22,22,21,21,20,20,20,20,19,18,18,18,17,16,16,15,14,13,13,13,13,3,0,0,0,0,0,0,0,0,0,5,21,21,21,23,22,23,23,24,24,24,24,25,25,24,24,24,24,24,24,24,25,25,25,26,27,27
-62,125,20,25,25,25,24,23,23,22,21,21,21,21,19,19,19,19,18,17,17,16,15,15,14,13,13,12,3,0,0,0,0,0,0,0,0,0,6,21,21,21,21,23,23,24,24,24,24,25,25,25,24,24,24,23,22,23,24,24,25,25,25,25,25
-63,125,20,29,28,27,26,25,24,24,24,23,22,21,21,21,21,21,20,19,18,18,18,17,16,15,15,14,4,0,0,0,0,0,0,0,0,0,6,23,24,24,25,25,26,26,26,27,27,28,29,28,28,27,27,27,27,27,27,27,28,28,29,29,30
-63,125,20,25,25,23,22,22,22,20,20,20,19,19,19,18,17,17,17,16,16,15,15,14,13,12,13,13,3,0,0,0,0,0,0,0,0,0,5,19,20,21,21,21,21,23,24,23,23,24,24,23,23,23,24,23,22,23,23,24,24,24,24,26,26
-63,125,20,24,24,23,22,21,21,19,19,19,18,18,18,18,17,17,17,16,15,14,14,13,13,12,12,11,2,0,0,0,0,0,0,0,0,0,4,19,19,20,21,22,22,23,23,23,24,24,24,24,23,23,23,23,23,23,24,23,24,24,24,25,25
-63,125,20,31,31,30,29,29,26,25,23,22,23,23,23,23,22,22,21,21,20,19,18,16,15,15,15,15,3,0,0,0,0,0,0,0,0,0,5,24,25,26,26,28,29,29,29,28,29,30,31,31,31,30,30,29,29,30,30,29,29,29,31,34,34
-63,125,20,27,27,26,25,24,24,23,22,22,21,21,21,20,20,20,19,17,17,16,16,15,14,13,13,13,3,0,0,0,0,0,0,0,0,0,5,21,21,23,24,24,25,25,25,26,26,26,27,27,27,27,26,26,25,25,25,26,27,26,27,29,30
-63,125,20,24,24,23,22,21,21,21,21,20,20,19,18,18,18,17,17,17,16,15,14,13,13,13,12,11,2,0,0,0,0,0,0,0,0,0,4,19,20,20,21,22,22,22,22,24,23,25,25,25,23,23,23,23,22,22,23,23,24,24,25,25,25
-62,125,20,30,29,28,27,26,25,25,23,23,23,22,22,21,21,21,20,19,19,18,18,17,16,15,15,15,4,0,0,0,0,0,0,0,0,0,6,23,23,24,25,26,27,27,27,27,27,28,29,29,28,28,27,28,27,28,28,28,29,29,30,30,31
-63,125,20,29,28,28,27,26,25,24,22,22,22,22,21,21,20,20,20,20,19,18,17,16,16,16,14,14,4,0,0,0,0,0,0,0,0,0,5,22,23,24,25,25,26,26,27,27,28,28,29,28,28,27,27,27,27,27,27,27,27,28,30,30,30
-62,125,20,30,28,27,26,25,24,23,23,23,23,21,21,21,21,20,20,19,18,17,16,16,15,15,14,13,3,0,0,0,0,0,0,0,0,0,5,23,23,24,24,24,26,26,26,26,27,28,28,27,27,27,27,27,26,26,27,27,27,28,29,29,30
-63,125,20,24,23,23,22,21,21,20,18,18,18,18,18,17,17,17,17,16,16,15,14,13,12,12,11,11,2,0,0,0,0,0,0,0,0,0,4,19,19,20,21,21,21,21,21,21,22,24,24,24,23,22,22,23,22,22,23,23,23,24,25,26,26
-63,125,20,24,24,23,22,22,20,20,20,20,19,17,17,17,17,17,17,16,15,14,14,13,12,12,11,11,2,0,0,0,0,0,0,0,0,0,4,19,19,20,20,21,21,22,23,22,23,23,23,23,23,22,22,22,22,22,22,23,23,24,25,26,26
-62,125,20,25,25,24,23,22,21,21,18,15,16,18,18,18,17,18,18,17,16,15,15,13,13,13,12,11,2,0,0,0,0,0,0,0,0,0,4,20,20,21,21,23,23,24,23,23,24,25,25,25,23,23,23,23,23,24,24,23,22,23,24,25,25
-59,125,20,34,34,32,30,29,26,25,25,25,25,24,25,24,23,25,23,22,21,19,18,18,17,17,16,16,4,0,0,0,0,0,0,0,0,0,6,24,26,27,28,27,27,28,28,28,29,31,32,31,30,30,30,30,28,28,29,29,29,29,32,34,34
-63,125,20,25,25,24,22,22,21,21,20,19,19,19,19,18,17,17,17,16,16,16,14,13,13,13,12,12,3,0,0,0,0,0,0,0,0,0,4,20,20,21,21,22,23,22,23,23,24,25,25,25,25,25,25,24,24,23,23,23,25,25,25,26,27
-63,125,20,30,28,27,26,26,25,24,23,22,22,21,21,21,20,20,20,19,19,18,17,16,15,15,15,14,4,0,0,0,0,0,0,0,0,0,6,23,24,25,25,25,26,26,26,27,28,29,28,27,27,28,27,28,27,27,28,27,28,29,30,30,30
-62,125,20,25,25,24,23,22,21,21,19,18,18,18,18,17,18,18,17,17,16,15,15,13,13,13,12,12,2,0,0,0,0,0,0,0,0,0,4,19,20,21,22,21,22,23,23,24,24,25,25,24,24,24,24,24,24,24,23,23,24,25,26,26,26
-63,125,20,25,25,24,23,22,21,20,20,19,19,18,18,18,18,17,17,16,15,15,14,14,13,13,12,12,3,0,0,0,0,0,0,0,0,0,4,19,20,21,21,22,22,23,23,23,23,24,24,24,23,22,22,22,22,23,23,24,24,24,25,26,26
-62,125,20,29,28,27,26,25,24,23,22,21,21,21,20,20,20,20,20,18,18,17,16,15,15,14,14,14,3,0,0,0,0,0,0,0,0,0,5,22,23,23,24,24,25,26,26,27,27,28,28,28,27,27,27,27,26,27,27,27,27,28,29,30,30
-59,125,20,33,33,31,29,28,27,25,25,25,24,24,22,23,23,23,23,22,20,19,18,17,16,16,15,15,3,0,0,0,0,0,0,0,0,0,5,23,24,26,27,26,27,27,27,28,29,31,32,30,29,28,30,29,27,27,28,29,29,29,32,33,33
-62,125,20,26,25,24,23,22,21,20,20,24,24,19,17,18,18,18,17,17,16,15,14,14,14,13,12,11,3,0,0,0,0,0,0,0,0,0,5,19,19,20,21,22,22,23,23,25,26,26,25,24,24,23,23,24,24,24,24,24,25,26,26,26,25
-63,125,20,24,24,23,22,21,21,21,19,18,18,18,18,17,17,17,17,16,16,15,14,13,12,12,11,11,2,0,0,0,0,0,0,0,0,0,4,19,19,19,20,21,21,22,23,23,24,24,24,24,24,23,23,23,22,22,22,23,24,24,25,25,25
-63,125,20,26,25,25,24,23,22,21,21,20,19,18,18,18,18,17,17,17,16,15,14,13,13,13,12,12,3,0,0,0,0,0,0,0,0,0,5,19,20,21,22,22,22,23,23,24,25,25,25,25,24,24,24,24,23,23,23,24,25,25,26,27,26
-63,125,20,29,29,28,27,26,25,24,23,23,23,21,21,20,20,20,20,19,18,17,16,16,15,15,15,14,4,0,0,0,0,0,0,0,0,0,6,23,24,24,26,26,26,27,26,27,28,29,29,29,28,28,28,27,26,27,28,28,29,29,29,30,30
-62,125,20,30,29,27,26,26,24,23,23,21,21,21,21,21,21,20,19,19,18,17,16,15,14,14,13,13,3,0,0,0,0,0,0,0,0,0,5,22,23,23,24,24,25,25,26,27,27,29,29,28,27,27,27,27,27,27,27,28,28,28,30,30,31
-62,125,20,29,29,27,26,25,24,23,22,21,22,22,20,20,21,20,20,19,19,18,17,17,17,16,14,13,4,0,0,0,0,0,0,0,0,0,6,23,23,24,25,25,25,25,26,27,28,29,29,28,27,27,27,27,27,26,27,27,27,29,30,31,30
-63,125,20,25,24,23,23,23,22,20,20,19,18,18,17,17,17,17,17,16,15,15,14,13,13,12,12,11,2,0,0,0,0,0,0,0,0,0,4,19,19,20,21,22,22,22,23,24,24,25,25,25,24,23,23,23,23,24,24,24,24,24,25,26,27
-62,125,20,28,28,28,26,25,24,23,23,22,22,20,19,19,19,19,19,18,17,17,16,15,14,13,13,13,2,0,0,0,0,0,0,0,0,0,5,22,23,24,23,24,25,25,26,26,28,28,28,28,27,26,26,26,26,26,27,27,27,28,29,30,29
-63,125,20,29,28,27,26,25,24,23,22,22,21,21,21,21,19,19,18,19,18,17,16,15,15,14,13,13,3,0,0,0,0,0,0,0,0,0,5,21,23,23,24,24,25,25,25,26,27,27,28,27,27,26,26,27,26,26,27,26,27,27,28,29,30
-62,125,20,26,26,24,23,22,22,21,20,19,19,18,17,17,17,17,17,17,16,15,14,14,13,13,12,12,2,0,0,0,0,0,0,0,0,0,4,20,20,21,21,22,21,23,24,24,24,25,25,24,24,24,24,24,23,24,24,24,24,25,27,27,27
-63,125,20,29,29,28,27,26,25,23,22,22,21,21,21,21,21,20,19,19,18,17,16,17,16,14,14,13,4,0,0,0,0,0,0,0,0,0,6,22,23,24,25,25,26,26,27,28,28,29,29,28,28,28,28,27,26,27,27,27,28,29,29,30,30
-63,125,20,25,25,24,23,22,21,20,19,19,19,18,18,18,18,18,17,16,16,15,14,14,13,12,12,11,2,0,0,0,0,0,0,0,0,0,4,19,19,20,21,21,22,23,23,23,23,25,25,24,24,23,24,23,23,22,23,23,24,25,25,25,26
-63,125,20,30,29,28,27,26,25,24,24,24,23,22,21,21,20,20,19,19,18,18,17,16,15,15,14,14,4,0,0,0,0,0,0,0,0,0,6,23,23,24,25,25,26,26,27,27,27,28,28,28,27,27,27,27,26,27,27,28,28,29,30,31,31
-59,125,20,26,26,25,23,22,21,19,19,19,19,19,18,18,18,19,19,17,16,15,15,14,13,13,12,12,3,0,0,0,0,0,0,0,0,0,4,19,20,22,22,22,21,22,22,22,23,24,26,25,24,23,24,23,21,21,22,22,22,23,24,25,26
-63,125,20,26,25,24,24,24,23,22,20,20,20,20,19,19,18,18,18,18,17,16,15,15,14,14,13,13,3,0,0,0,0,0,0,0,0,0,5,20,21,22,22,22,23,23,23,23,25,25,25,25,24,24,25,24,24,24,24,25,25,25,26,27,27
-63,125,20,28,27,26,25,25,24,23,22,21,20,20,20,20,20,19,19,18,17,16,16,15,14,13,13,13,3,0,0,0,0,0,0,0,0,0,5,21,22,22,23,24,24,25,26,26,27,27,27,27,27,27,27,26,26,26,26,26,27,27,28,29,29
-63,125,20,26,25,23,23,23,22,20,20,20,19,18,18,17,17,17,16,16,15,15,14,14,14,13,12,11,3,0,0,0,0,0,0,0,0,0,5,19,20,21,21,22,22,22,23,24,25,25,25,25,24,24,24,24,24,24,23,23,24,25,26,26,26
-63,125,20,29,29,27,26,25,25,23,22,22,21,20,19,19,19,19,18,18,17,16,15,15,15,14,14,13,3,0,0,0,0,0,0,0,0,0,5,22,22,22,24,24,25,25,25,25,27,28,27,27,27,26,26,26,26,26,26,26,27,27,28,30,31
-62,125,20,25,25,24,23,23,22,21,20,20,20,19,19,19,18,18,17,17,16,16,15,14,13,12,12,12,3,0,0,0,0,0,0,0,0,0,5,20,20,21,21,22,23,23,23,24,24,24,25,25,25,24,24,24,23,23,24,25,25,25,26,27,28
-62,125,20,27,26,25,24,23,23,22,21,20,20,20,19,19,19,18,18,17,17,15,15,14,14,13,13,13,4,0,0,0,0,0,0,0,0,0,5,20,21,22,23,23,24,25,25,25,26,26,26,26,26,26,26,26,25,25,25,26,26,26,27,27,28
-62,125,20,28,28,27,26,25,24,23,22,22,21,20,19,19,20,20,20,20,18,18,16,15,15,14,13,13,3,0,0,0,0,0,0,0,0,0,5,22,22,23,24,24,25,26,26,27,28,29,29,28,27,27,27,27,26,27,27,27,27,28,29,29,29
-63,125,20,32,32,31,30,29,27,26,25,25,25,24,24,24,23,23,23,21,20,19,19,17,17,16,16,16,4,0,0,0,0,0,0,0,0,0,7,25,26,27,28,29,29,30,30,31,31,32,32,31,31,30,31,31,30,31,31,31,31,32,33,34,34
-62,125,20,26,26,25,24,23,22,21,19,18,19,18,18,18,18,18,18,17,16,15,14,13,12,12,13,13,3,0,0,0,0,0,0,0,0,0,4,20,20,21,21,23,23,24,23,23,24,25,26,25,25,25,24,24,24,24,25,24,24,24,25,27,27
-63,125,20,24,24,23,22,21,21,20,20,19,19,18,17,17,17,17,16,16,16,15,14,14,13,12,12,12,3,0,0,0,0,0,0,0,0,0,5,19,19,21,21,21,22,23,23,23,23,24,24,24,24,24,23,23,23,23,23,23,23,23,24,26,27
-63,125,20,29,29,27,26,25,24,23,22,21,21,21,21,21,20,20,19,18,18,17,17,15,14,14,14,13,4,0,0,0,0,0,0,0,0,0,5,22,23,24,25,25,26,26,27,27,27,28,28,28,28,28,28,27,27,27,27,27,27,28,28,30,30
-63,125,20,28,28,27,26,26,25,24,23,22,22,21,21,21,20,19,19,18,18,17,16,15,15,13,13,13,4,0,0,0,0,0,0,0,0,0,5,22,23,23,25,26,26,27,26,26,26,27,28,27,27,27,27,26,26,26,27,27,27,27,28,30,31
-63,125,20,25,24,24,23,23,22,21,19,18,18,18,18,18,17,17,17,17,16,15,14,13,13,13,12,12,3,0,0,0,0,0,0,0,0,0,4,19,20,20,21,21,22,22,23,23,24,24,24,24,23,24,24,23,23,23,23,23,24,24,25,26,26
-62,125,20,28,27,26,26,25,24,23,22,21,21,21,20,20,20,20,19,18,18,17,16,15,15,14,13,13,3,0,0,0,0,0,0,0,0,0,5,22,22,23,24,24,25,25,26,26,26,27,28,27,27,26,26,26,25,26,26,27,28,28,28,29,30
-63,125,20,23,23,23,22,21,20,20,19,19,19,17,16,16,16,16,16,15,15,14,13,13,12,12,11,10,2,0,0,0,0,0,0,0,0,0,4,19,19,20,20,21,21,21,21,22,22,24,24,24,23,22,23,23,22,22,22,23,23,23,24,25,26
-63,125,20,24,24,23,22,21,21,20,19,18,19,18,17,17,17,17,17,15,15,14,14,14,12,12,12,11,2,0,0,0,0,0,0,0,0,0,4,18,19,20,21,21,22,22,23,23,24,24,24,23,22,22,23,23,22,23,23,22,24,24,25,26,26
-63,125,20,27,27,27,25,25,23,22,21,21,21,20,19,19,20,19,19,19,18,17,16,15,15,13,13,12,2,0,0,0,0,0,0,0,0,0,5,21,22,23,23,24,24,25,26,26,26,26,27,26,26,26,26,25,25,26,26,25,26,27,27,28,28
-63,125,20,28,27,27,26,25,24,23,23,23,23,22,21,21,21,21,21,20,19,18,17,17,16,15,15,14,4,0,0,0,0,0,0,0,0,0,6,23,23,24,24,25,25,25,26,26,27,28,28,28,27,25,26,26,26,26,27,27,27,28,29,30,30
-63,125,20,25,24,24,23,22,20,19,20,20,19,18,17,17,18,18,18,16,16,15,14,13,13,12,12,12,2,0,0,0,0,0,0,0,0,0,5,19,19,20,21,21,22,22,22,23,24,24,25,24,23,23,23,23,22,22,23,23,23,24,25,25,25
-63,125,20,27,27,27,25,25,24,23,21,21,21,21,20,20,20,20,19,19,18,17,17,16,15,15,14,13,3,0,0,0,0,0,0,0,0,0,5,22,22,22,24,24,25,25,26,26,26,27,27,26,26,26,26,25,25,26,26,26,26,26,28,28,28
-63,125,20,27,27,26,25,24,24,22,23,23,22,21,21,20,20,20,19,18,18,17,17,15,14,14,14,13,3,0,0,0,0,0,0,0,0,0,5,21,22,23,24,25,25,25,25,26,27,27,27,27,26,26,26,26,26,26,26,25,27,27,28,29,30
-62,125,20,25,25,25,24,23,23,21,20,20,20,19,18,18,18,18,19,18,17,16,15,15,14,14,13,12,3,0,0,0,0,0,0,0,0,0,5,20,20,22,22,23,23,25,24,25,26,26,26,26,24,23,24,24,25,25,25,25,25,26,26,26,26
-63,125,20,32,31,30,29,28,27,26,25,24,24,23,22,22,22,22,22,21,20,20,18,18,17,16,16,15,4,0,0,0,0,0,0,0,0,0,6,25,26,26,28,28,29,29,30,30,31,31,31,31,30,30,30,29,30,30,30,30,30,31,32,34,34
-62,125,20,30,29,28,27,26,26,24,24,24,23,22,22,22,22,21,21,20,19,19,18,17,16,15,15,14,4,0,0,0,0,0,0,0,0,0,5,23,23,24,26,26,26,27,27,27,28,29,29,29,28,28,28,28,27,27,28,28,29,29,30,31,30
-62,125,20,29,28,27,26,26,25,23,22,21,21,20,20,20,19,19,19,19,18,17,16,15,15,14,14,14,3,0,0,0,0,0,0,0,0,0,5,21,22,24,24,25,26,26,27,27,27,28,28,27,27,27,27,27,26,27,27,27,28,28,29,30,30
-63,125,20,26,26,25,24,23,22,21,21,21,20,19,18,18,18,18,18,17,16,16,15,14,14,14,13,13,4,0,0,0,0,0,0,0,0,0,5,20,21,22,22,23,23,24,24,24,24,25,25,25,24,24,24,24,24,24,24,24,25,25,27,27,27
-63,125,20,28,27,27,26,25,25,23,22,21,21,20,20,20,20,20,19,19,18,17,16,15,15,15,14,14,3,0,0,0,0,0,0,0,0,0,5,22,21,23,25,25,25,26,26,26,26,27,27,27,26,26,26,26,26,26,26,26,27,28,29,29,29
-63,125,20,28,29,28,26,25,25,23,23,23,22,22,21,21,20,20,20,19,19,18,17,16,15,15,14,14,4,0,0,0,0,0,0,0,0,0,6,22,23,24,25,25,26,27,27,27,27,28,28,28,27,27,27,27,27,28,27,27,27,27,28,30,30
-63,125,20,28,27,26,25,24,23,22,22,22,22,21,20,19,19,19,19,18,17,17,15,15,14,14,13,13,3,0,0,0,0,0,0,0,0,0,5,22,22,22,24,24,25,26,26,27,27,28,28,28,27,26,27,26,26,26,26,26,27,27,28,29,28
-62,125,20,29,28,28,26,26,25,24,22,22,22,21,20,20,20,20,20,19,18,17,17,15,15,15,14,14,3,0,0,0,0,0,0,0,0,0,5,23,23,24,24,25,26,27,27,27,29,30,30,28,27,27,28,27,27,27,27,27,28,29,29,29,29
-62,125,20,28,28,26,26,25,24,23,22,21,21,21,20,20,20,20,20,19,18,17,16,15,14,13,13,13,3,0,0,0,0,0,0,0,0,0,5,22,22,23,24,25,25,26,25,26,26,27,27,27,27,27,26,26,26,26,27,26,26,26,28,29,31
-63,125,20,28,28,27,26,25,24,23,22,22,22,20,20,20,20,19,19,18,18,17,16,15,15,14,14,13,3,0,0,0,0,0,0,0,0,0,5,22,22,23,24,24,25,26,26,26,26,27,27,26,26,26,26,25,25,26,26,26,27,27,28,29,29
-63,125,20,27,27,26,25,24,23,22,20,19,20,20,19,20,19,19,17,18,17,17,15,14,14,14,14,12,2,0,0,0,0,0,0,0,0,0,5,21,22,22,23,24,25,26,25,25,25,26,27,26,26,26,25,25,25,26,26,26,26,26,28,29,29
-63,125,20,26,25,24,24,23,22,21,20,20,19,18,18,18,18,18,18,17,16,15,15,14,14,13,13,13,4,0,0,0,0,0,0,0,0,0,5,19,20,21,22,22,23,24,24,24,25,26,26,25,25,24,25,24,24,24,24,24,24,25,26,26,26
-62,125,20,29,28,27,27,26,25,24,23,22,22,22,21,21,21,21,20,20,19,18,17,17,16,15,14,14,3,0,0,0,0,0,0,0,0,0,6,23,23,24,25,25,27,26,27,27,28,29,29,29,27,27,28,27,26,27,27,28,29,28,29,30,31
-63,125,20,32,31,30,28,27,27,26,25,25,25,23,22,22,22,22,22,21,20,19,18,18,17,16,15,14,3,0,0,0,0,0,0,0,0,0,6,25,25,26,27,28,28,29,29,30,31,31,31,31,29,30,30,29,29,29,30,29,30,31,32,34,33
-62,125,20,27,26,24,23,23,22,21,20,20,19,19,19,18,18,18,18,17,16,16,15,15,14,13,13,12,3,0,0,0,0,0,0,0,0,0,5,21,21,22,22,23,23,24,24,25,25,25,25,25,25,25,25,25,24,24,25,24,25,25,26,27,28
-63,125,20,28,27,26,25,25,24,23,22,21,21,21,21,21,20,20,19,18,17,17,16,15,14,14,13,13,3,0,0,0,0,0,0,0,0,0,5,22,23,23,24,24,25,25,26,26,26,27,27,27,27,27,26,26,25,26,25,26,26,26,27,28,29
-63,125,20,29,28,28,26,25,25,24,24,23,22,21,21,21,21,20,20,19,19,18,17,16,15,15,14,14,4,0,0,0,0,0,0,0,0,0,6,23,24,25,25,26,27,27,28,28,28,29,29,29,28,28,28,27,27,27,27,28,28,28,29,30,30
-63,125,20,28,27,26,25,25,24,23,21,20,21,20,20,20,20,19,18,18,18,17,16,15,14,14,14,13,3,0,0,0,0,0,0,0,0,0,5,22,23,24,24,25,25,25,25,26,26,27,27,27,27,27,26,26,25,25,26,26,26,26,28,29,30
-63,125,20,28,28,27,25,25,24,23,21,21,21,21,20,20,19,19,19,18,18,17,16,15,15,14,13,13,3,0,0,0,0,0,0,0,0,0,5,22,23,24,24,24,25,26,25,26,27,28,28,28,27,27,26,26,25,26,26,26,26,28,28,30,30
-62,125,20,30,29,27,27,26,25,24,24,23,23,22,22,22,21,21,20,20,19,18,17,17,16,15,15,15,4,0,0,0,0,0,0,0,0,0,6,24,24,25,25,27,27,27,27,28,29,29,29,29,29,29,29,28,27,27,28,29,29,28,29,30,30
-63,125,20,24,24,23,22,21,21,20,19,18,18,18,18,18,17,17,17,15,15,15,14,13,13,13,12,11,2,0,0,0,0,0,0,0,0,0,5,20,20,21,21,22,22,23,23,24,24,25,25,25,24,23,24,23,23,23,23,24,24,24,25,25,26
-63,125,20,27,27,26,25,25,23,23,21,21,20,20,20,20,18,18,18,18,17,16,15,14,13,13,13,13,2,0,0,0,0,0,0,0,0,0,4,21,22,23,23,24,26,26,26,26,26,27,27,27,27,26,26,25,25,26,26,26,26,26,27,29,29
-62,125,20,29,29,28,26,25,25,25,23,22,22,22,21,21,21,21,21,20,19,18,18,17,16,15,14,14,4,0,0,0,0,0,0,0,0,0,5,24,24,25,26,27,26,27,28,28,29,30,30,29,28,28,28,28,27,28,28,28,28,29,30,31,30
-63,125,20,25,24,23,22,21,20,19,19,18,18,17,16,17,17,17,16,16,15,15,13,13,13,13,11,11,2,0,0,0,0,0,0,0,0,0,4,19,19,21,21,21,22,23,23,24,24,24,24,24,23,23,23,22,23,23,23,23,23,24,25,25,26
-63,125,20,28,28,27,25,24,24,23,22,22,22,21,20,19,19,19,19,18,18,17,16,15,14,14,13,13,3,0,0,0,0,0,0,0,0,0,6,22,23,23,24,25,26,26,26,27,28,29,29,27,27,27,27,27,26,26,26,26,27,28,29,29,29
-63,125,20,32,30,30,29,28,27,25,25,24,24,23,22,21,21,22,21,20,19,19,18,17,16,16,15,15,4,0,0,0,0,0,0,0,0,0,6,25,25,26,27,28,29,30,30,31,31,32,31,31,30,30,30,29,29,29,29,30,31,32,32,32,33
-63,125,20,25,25,24,22,20,20,20,18,17,17,17,16,17,17,17,16,15,15,14,13,13,13,11,11,11,2,0,0,0,0,0,0,0,0,0,4,19,19,20,21,21,22,23,23,24,24,25,25,24,24,24,24,23,23,23,23,23,23,23,24,25,25
-63,125,20,25,25,24,23,22,21,20,20,20,20,19,18,18,18,18,17,17,16,16,15,14,14,13,13,12,3,0,0,0,0,0,0,0,0,0,5,21,21,21,22,22,23,24,24,23,25,25,25,25,24,24,24,24,23,24,23,25,25,25,25,25,26
-63,125,20,27,27,26,25,25,24,23,22,21,20,20,19,19,19,19,19,18,17,17,17,15,15,13,13,13,3,0,0,0,0,0,0,0,0,0,5,22,22,24,24,25,25,26,26,27,27,28,28,27,27,26,26,26,26,26,26,26,27,27,28,28,28
-63,125,20,25,25,24,23,21,20,20,16,13,17,18,18,18,17,17,17,17,16,16,14,14,13,13,12,12,3,0,0,0,0,0,0,0,0,0,5,20,21,21,22,22,24,24,24,24,24,24,24,24,24,24,23,23,23,23,23,23,23,24,25,25,25
-63,125,20,29,28,27,26,26,25,23,22,22,22,21,20,20,19,19,19,19,18,17,17,16,15,15,15,14,3,0,0,0,0,0,0,0,0,0,6,22,24,25,25,26,26,26,27,28,28,29,29,28,27,27,27,27,26,27,28,28,28,28,29,30,29
-63,125,20,26,25,24,23,22,21,21,21,22,21,19,18,18,18,18,18,17,17,15,15,15,14,12,12,12,4,0,0,0,0,0,0,0,0,0,5,20,21,22,23,23,24,24,24,24,25,26,25,25,25,25,25,25,24,24,24,24,24,26,26,27,26
-62,125,20,29,29,28,27,25,24,24,22,21,22,22,22,22,21,21,20,19,19,18,17,16,15,15,15,14,4,0,0,0,0,0,0,0,0,0,6,23,24,25,25,26,26,27,27,27,27,29,29,29,28,28,28,28,27,27,27,28,28,28,29,30,31
-63,125,20,27,27,26,25,25,23,23,21,21,20,20,20,20,19,19,19,18,17,16,16,15,14,14,13,13,3,0,0,0,0,0,0,0,0,0,5,22,23,23,24,24,26,26,26,26,26,27,28,28,26,26,26,26,26,26,27,27,27,27,28,28,30
-63,125,20,30,29,28,27,26,25,24,22,21,21,21,21,21,20,20,20,19,19,18,18,16,14,14,14,14,3,0,0,0,0,0,0,0,0,0,5,24,24,25,26,26,27,28,27,28,29,30,30,29,29,29,29,28,27,29,29,29,29,29,31,31,31
-63,125,20,28,28,27,25,24,23,22,21,21,21,21,19,20,20,20,19,19,18,17,16,16,15,14,14,13,3,0,0,0,0,0,0,0,0,0,5,22,23,23,25,25,26,26,26,27,27,28,28,28,27,27,27,26,25,26,26,27,27,28,28,29,29
-63,125,20,28,28,26,26,25,24,23,22,22,21,20,20,19,19,19,19,18,18,16,16,15,14,14,14,13,3,0,0,0,0,0,0,0,0,0,5,22,22,24,24,25,25,26,27,26,27,28,28,28,27,27,27,26,26,26,27,27,27,27,28,29,29
-62,125,20,25,24,23,23,22,21,20,19,18,18,18,17,17,17,17,17,16,16,14,14,13,13,12,12,12,2,0,0,0,0,0,0,0,0,0,4,19,20,21,22,22,23,23,23,24,24,25,26,25,25,24,24,23,24,24,24,24,24,25,26,26,26
-62,125,20,29,28,27,26,25,23,22,21,21,21,20,20,20,20,20,19,18,18,17,16,15,15,14,13,13,3,0,0,0,0,0,0,0,0,0,5,23,23,23,25,25,26,27,26,27,28,28,28,28,27,27,27,26,26,27,27,27,27,27,29,29,28
-62,125,20,25,25,24,23,22,21,20,20,20,20,19,19,18,18,18,18,17,16,16,15,14,13,13,12,12,3,0,0,0,0,0,0,0,0,0,5,20,21,21,22,22,23,24,24,24,25,26,26,26,25,25,25,24,23,24,24,25,25,25,25,26,26
-62,125,20,27,26,25,25,23,23,22,21,20,19,20,19,19,19,18,18,18,18,17,15,15,14,14,13,13,4,0,0,0,0,0,0,0,0,0,5,21,22,23,23,24,24,25,25,25,26,27,27,26,26,26,26,26,25,26,26,26,26,27,28,28,28
-62,125,20,26,26,24,23,23,21,20,19,18,18,18,18,18,18,18,17,17,16,15,14,13,12,12,12,12,3,0,0,0,0,0,0,0,0,0,4,20,20,21,22,22,24,24,24,24,24,25,26,26,25,25,25,25,24,24,25,25,24,23,25,26,27
-62,125,20,25,25,24,23,22,21,20,19,19,19,17,17,17,17,17,17,16,16,15,14,13,12,12,12,12,2,0,0,0,0,0,0,0,0,0,4,19,20,21,22,22,23,23,24,24,25,25,25,25,25,24,24,24,23,23,25,24,24,25,25,27,27
-62,125,20,27,26,25,24,23,22,21,20,20,20,20,19,19,19,19,18,18,18,17,15,15,14,14,13,13,4,0,0,0,0,0,0,0,0,0,5,21,22,22,23,24,25,25,25,26,26,27,27,27,26,26,26,25,25,25,26,26,26,26,27,28,28
-62,125,20,26,26,25,24,23,23,21,20,20,20,19,19,18,18,18,18,17,17,16,15,15,14,13,13,13,3,0,0,0,0,0,0,0,0,0,5,20,21,22,22,23,24,24,24,24,25,26,26,26,25,25,25,24,24,24,24,25,25,25,27,28,28
-62,125,20,25,25,25,23,22,21,21,19,18,19,18,18,17,17,17,17,17,16,15,14,14,12,12,12,12,2,0,0,0,0,0,0,0,0,0,4,20,20,21,21,22,22,23,24,24,25,25,25,25,24,25,25,24,23,24,24,25,24,25,26,26,28
-62,125,20,29,27,26,26,25,24,22,21,21,21,20,20,19,19,19,18,18,17,16,15,15,14,14,13,13,2,0,0,0,0,0,0,0,0,0,5,22,23,24,24,25,25,26,26,26,27,29,29,28,27,26,27,26,26,26,27,27,27,28,29,30,30
-62,125,20,27,26,25,24,23,22,21,20,20,19,19,18,18,18,18,18,17,16,16,15,14,14,13,13,12,3,0,0,0,0,0,0,0,0,0,5,20,21,22,23,23,24,25,25,25,26,26,27,26,26,26,25,25,25,25,25,25,26,26,26,27,27
-62,125,20,26,25,25,24,23,21,21,19,19,19,18,18,18,18,18,17,17,16,15,15,14,14,13,12,12,3,0,0,0,0,0,0,0,0,0,5,20,21,21,22,23,24,25,25,25,26,26,26,26,25,25,25,25,24,25,25,25,25,26,26,27,27
-62,125,20,25,25,24,23,22,21,21,20,19,19,18,18,17,17,17,17,16,15,14,14,13,13,13,12,12,2,0,0,0,0,0,0,0,0,0,5,20,21,21,22,22,23,23,23,24,24,26,26,25,24,24,24,24,24,23,24,24,24,25,26,27,27
-62,125,20,27,27,26,25,24,23,22,21,21,21,20,19,19,18,18,18,18,17,16,16,15,15,14,13,13,4,0,0,0,0,0,0,0,0,0,6,21,22,23,23,24,24,25,25,25,26,27,27,26,26,26,25,25,25,25,26,26,26,26,27,27,27
-62,125,20,29,29,28,27,27,25,25,23,23,22,22,22,21,21,21,20,20,19,18,17,16,15,15,15,14,3,0,0,0,0,0,0,0,0,0,6,24,24,25,26,26,27,28,28,28,29,29,29,29,29,29,29,29,28,28,29,28,29,29,30,31,30
-62,125,20,27,26,24,23,23,22,22,21,20,20,20,20,20,19,19,18,17,17,17,16,15,14,14,13,13,4,0,0,0,0,0,0,0,0,0,5,21,21,22,22,23,23,23,24,25,25,25,26,26,26,25,25,24,25,24,24,25,26,26,26,28,29
-62,125,20,27,26,25,24,23,22,21,20,20,20,19,18,17,18,18,19,17,16,16,15,15,15,13,12,12,3,0,0,0,0,0,0,0,0,0,5,20,20,21,22,23,23,24,25,25,27,26,26,25,24,24,25,25,25,24,24,25,25,26,27,27,26
-62,125,20,26,25,25,24,22,22,21,21,20,20,19,19,18,18,18,18,18,17,15,15,15,14,14,12,13,3,0,0,0,0,0,0,0,0,0,5,21,21,22,22,23,24,24,24,25,25,26,26,26,25,25,25,25,24,24,24,24,25,25,26,27,27
-62,125,20,29,29,27,26,26,25,24,23,23,22,21,21,21,21,21,20,20,18,17,17,16,15,15,15,14,3,0,0,0,0,0,0,0,0,0,6,23,24,25,25,25,26,26,26,27,28,29,29,29,28,28,28,27,27,27,27,28,28,29,29,30,30
-62,125,20,27,26,26,25,24,23,22,21,21,20,20,19,19,18,18,18,18,17,17,16,15,14,14,13,13,3,0,0,0,0,0,0,0,0,0,5,21,21,22,23,23,24,25,25,25,26,27,27,27,26,26,26,25,25,25,25,25,25,26,27,28,28
-62,125,20,28,28,27,26,26,25,23,22,22,21,21,20,20,20,20,19,19,18,17,16,15,15,15,14,13,3,0,0,0,0,0,0,0,0,0,5,22,23,24,25,25,26,26,26,26,27,28,28,28,27,27,27,27,26,27,27,27,28,28,28,30,30
-62,125,20,30,29,28,27,26,25,24,23,23,22,21,20,20,20,20,19,19,18,17,16,16,15,15,15,14,4,0,0,0,0,0,0,0,0,0,6,23,24,25,26,26,27,28,28,28,28,29,30,29,28,28,28,28,28,28,28,28,29,29,30,31,31
-62,125,20,27,25,25,24,23,22,21,20,20,19,19,19,18,18,17,17,17,16,15,15,14,13,12,13,13,2,0,0,0,0,0,0,0,0,0,4,20,21,21,22,23,23,24,24,24,24,25,26,26,25,25,24,25,24,24,24,25,25,25,26,27,27
-62,125,20,30,29,28,27,26,25,24,23,22,22,22,21,21,20,21,20,19,18,18,17,17,16,16,15,14,4,0,0,0,0,0,0,0,0,0,6,23,24,25,26,26,27,27,28,28,29,29,29,28,28,27,28,28,27,27,28,28,29,30,30,31,31
-62,125,20,27,26,25,25,24,23,22,21,20,21,20,19,19,19,19,18,18,18,17,15,15,14,14,13,13,4,0,0,0,0,0,0,0,0,0,5,21,22,22,23,24,25,25,25,25,26,27,27,27,26,26,26,26,25,25,26,26,26,26,27,28,28
-62,125,20,26,25,25,24,23,22,22,21,21,21,20,19,19,19,19,19,18,17,17,16,15,15,14,13,13,4,0,0,0,0,0,0,0,0,0,6,21,22,22,22,22,23,25,25,25,26,26,26,26,25,25,25,24,24,25,25,25,25,26,27,27,26
-62,125,20,28,28,27,26,25,24,22,21,21,21,20,20,20,20,20,19,18,18,17,16,15,14,13,13,13,3,0,0,0,0,0,0,0,0,0,5,22,23,23,24,25,26,26,27,28,27,28,28,28,27,27,27,26,27,27,27,27,28,28,29,30,30
-62,125,20,25,25,24,23,22,21,20,20,20,19,18,17,17,17,17,17,16,16,15,14,13,13,13,13,12,2,0,0,0,0,0,0,0,0,0,4,19,20,21,22,22,23,24,23,24,24,25,26,26,24,24,24,24,23,24,24,24,25,25,26,26,27
-62,125,20,30,30,28,27,25,25,24,24,22,22,22,21,22,21,20,20,19,18,18,17,16,16,15,15,14,4,0,0,0,0,0,0,0,0,0,6,24,24,25,25,26,27,28,28,28,29,30,30,29,29,29,29,29,28,28,28,28,29,30,30,30,30
-62,125,20,27,26,25,25,24,23,22,22,22,21,20,19,19,19,19,18,18,18,17,16,15,14,14,14,13,4,0,0,0,0,0,0,0,0,0,6,21,22,23,24,24,25,25,24,25,25,25,26,27,25,25,25,25,25,25,25,26,26,26,27,28,28
-62,125,20,27,26,25,24,23,22,21,21,21,21,19,18,18,18,18,18,17,16,16,15,14,14,13,13,13,3,0,0,0,0,0,0,0,0,0,5,20,22,22,23,23,24,24,25,25,25,26,26,26,25,26,25,25,24,25,25,25,25,25,26,27,27
-62,125,20,26,25,25,24,23,22,21,20,20,19,18,17,17,17,17,17,16,16,15,14,14,13,13,12,12,3,0,0,0,0,0,0,0,0,0,4,19,20,21,22,23,24,24,24,25,25,26,26,25,25,24,25,24,24,25,25,25,25,26,26,27,27
-62,125,20,26,25,24,24,23,21,20,20,20,19,19,18,18,18,18,18,17,16,15,15,14,13,13,12,12,2,0,0,0,0,0,0,0,0,0,5,20,21,21,22,23,23,24,24,24,25,26,26,25,25,25,25,25,24,24,24,24,25,25,26,26,26
-62,125,20,29,28,28,26,25,25,24,23,22,22,22,21,21,21,20,20,19,19,18,17,16,16,15,14,13,4,0,0,0,0,0,0,0,0,0,6,23,24,25,25,26,26,27,27,28,28,28,29,28,28,28,28,28,27,27,27,28,27,28,30,31,30
-62,125,20,26,26,24,24,23,22,22,20,19,20,19,19,19,19,18,18,18,17,16,16,15,14,13,13,12,3,0,0,0,0,0,0,0,0,0,6,21,21,22,24,24,23,24,24,25,25,26,26,26,26,26,25,25,25,24,24,25,26,26,26,27,27
-62,125,20,28,28,27,25,24,23,23,22,22,22,21,20,20,20,20,20,19,18,17,16,16,15,14,14,13,3,0,0,0,0,0,0,0,0,0,5,22,22,23,24,24,25,26,26,27,28,28,28,27,27,26,27,27,26,26,27,26,27,29,30,29,28
-62,125,20,30,29,28,26,26,25,25,23,23,22,22,21,21,22,21,21,20,19,18,17,17,16,15,15,15,4,0,0,0,0,0,0,0,0,0,6,23,24,25,25,27,27,28,28,28,29,30,30,29,29,28,29,28,27,28,28,28,29,28,29,30,30
-62,125,20,26,26,24,23,23,23,21,20,20,19,19,19,18,19,18,18,17,16,16,14,14,14,14,12,12,2,0,0,0,0,0,0,0,0,0,5,21,21,22,22,23,24,24,24,25,25,26,26,26,25,25,25,24,24,24,25,25,25,25,26,26,27
-62,125,20,25,25,24,23,22,21,21,19,19,19,18,17,17,17,17,17,17,16,15,14,14,13,13,12,11,2,0,0,0,0,0,0,0,0,0,4,20,20,21,22,22,23,24,24,24,25,26,25,25,25,25,25,24,24,24,24,25,25,25,25,26,27
-62,125,20,32,32,31,30,29,28,27,25,24,24,24,24,23,23,23,23,21,21,19,19,17,17,17,15,16,5,0,0,0,0,0,0,0,0,0,7,25,26,27,28,29,30,30,30,30,31,32,32,32,32,31,31,31,30,31,31,30,30,32,32,34,34
-62,125,20,28,27,27,26,25,24,23,21,20,21,20,19,19,19,19,19,18,18,17,16,15,14,15,13,12,2,0,0,0,0,0,0,0,0,0,5,22,22,24,24,24,26,27,26,27,27,28,29,28,26,26,27,27,26,27,27,27,26,27,29,29,29
-62,125,20,26,25,25,23,22,22,21,19,19,19,18,18,18,18,18,17,16,16,15,14,13,13,13,13,12,2,0,0,0,0,0,0,0,0,0,5,20,21,21,22,23,23,24,25,24,25,26,26,26,25,25,24,24,24,24,25,25,24,26,26,27,27
-62,125,20,26,25,25,24,23,22,21,20,20,19,18,18,18,18,18,17,17,16,15,15,14,13,13,13,13,2,0,0,0,0,0,0,0,0,0,5,20,20,22,22,22,23,24,24,24,25,26,26,26,25,25,25,25,24,24,25,25,25,25,26,27,27
-62,125,20,25,25,24,23,23,22,21,20,19,20,19,19,18,18,18,18,17,17,15,15,14,13,13,13,13,2,0,0,0,0,0,0,0,0,0,5,20,21,22,22,23,24,24,23,24,25,26,26,25,25,24,24,24,23,24,24,24,24,26,26,26,26
-62,125,20,25,25,24,23,23,23,22,20,20,19,19,19,18,19,18,17,17,17,15,15,14,13,13,13,13,2,0,0,0,0,0,0,0,0,0,5,19,21,22,22,23,24,24,24,25,25,26,26,26,25,25,24,25,24,24,24,25,25,25,26,28,28
-62,125,20,27,26,26,25,24,23,22,21,20,20,20,19,19,19,19,19,18,18,17,16,15,15,14,14,13,4,0,0,0,0,0,0,0,0,0,6,21,22,23,23,24,24,24,24,24,26,26,26,26,26,25,26,25,24,24,25,25,26,26,27,28,28
-62,125,20,26,26,25,24,23,21,20,20,19,19,19,19,18,18,18,19,18,17,15,15,15,14,14,13,12,3,0,0,0,0,0,0,0,0,0,5,21,21,22,23,23,24,24,24,25,26,26,26,26,25,24,24,24,24,24,24,25,26,26,27,27,27
-62,125,20,30,29,28,27,26,25,24,23,22,22,22,20,21,21,21,20,20,19,18,17,17,16,15,14,14,4,0,0,0,0,0,0,0,0,0,6,24,24,25,26,26,27,28,27,28,29,30,30,29,28,28,28,27,27,28,28,28,28,29,30,30,30
-62,125,20,27,26,25,24,24,23,22,22,22,21,20,19,19,19,19,19,18,17,17,16,15,15,14,14,13,4,0,0,0,0,0,0,0,0,0,6,21,22,23,24,24,24,25,25,25,26,27,27,26,26,26,26,25,25,25,25,26,26,26,27,28,28
-62,125,20,27,27,26,25,24,23,22,21,20,20,19,18,18,18,18,18,18,18,16,15,15,14,14,13,13,4,0,0,0,0,0,0,0,0,0,5,21,21,22,23,24,25,25,25,26,26,27,27,27,26,25,26,26,25,25,26,26,26,26,27,28,28
-62,125,20,27,25,25,24,23,22,22,21,21,20,19,19,19,19,19,18,17,16,15,15,14,14,13,12,12,3,0,0,0,0,0,0,0,0,0,5,20,21,22,22,23,23,24,25,25,26,27,27,26,25,25,26,25,24,25,25,25,26,26,26,27,27
-62,125,20,27,26,24,23,23,22,22,21,20,19,19,19,18,18,18,17,17,16,15,15,14,14,14,12,12,3,0,0,0,0,0,0,0,0,0,5,21,22,22,23,24,24,24,25,26,26,26,26,26,25,25,25,26,25,24,25,25,25,26,26,26,28
-62,125,20,28,27,26,25,25,23,22,22,22,21,21,19,19,19,19,19,18,18,17,16,15,15,14,14,13,2,0,0,0,0,0,0,0,0,0,5,22,22,23,24,25,25,26,26,27,28,28,28,28,27,27,26,27,26,27,27,26,27,27,28,29,29
-62,125,20,26,25,24,24,23,22,21,20,20,20,19,19,19,19,18,18,17,17,16,15,14,13,13,13,12,3,0,0,0,0,0,0,0,0,0,5,20,21,22,23,23,24,24,24,25,25,26,26,26,25,25,25,24,24,24,24,25,25,25,26,27,28
-62,125,20,26,25,24,23,23,22,21,20,19,19,18,18,18,17,17,17,17,16,15,15,14,13,13,13,12,3,0,0,0,0,0,0,0,0,0,5,20,21,21,22,23,23,24,24,25,25,25,25,25,25,24,24,24,23,24,24,25,25,25,26,27,27
-62,125,20,24,24,24,22,22,21,21,19,18,19,18,18,18,18,17,17,16,16,15,14,14,13,12,12,12,2,0,0,0,0,0,0,0,0,0,4,20,20,21,22,22,23,23,24,23,24,25,25,25,25,25,25,24,23,24,24,24,24,24,25,26,26
-62,125,20,30,29,28,27,26,25,24,23,23,22,22,21,21,21,21,20,20,19,18,17,17,16,15,15,15,4,0,0,0,0,0,0,0,0,0,6,23,24,25,26,26,27,27,28,28,28,29,29,29,28,28,28,28,27,28,28,29,29,29,30,31,31
-62,125,20,27,26,25,23,23,22,21,20,20,19,19,18,18,19,19,18,16,16,16,15,14,14,14,12,12,3,0,0,0,0,0,0,0,0,0,5,20,21,21,23,23,24,25,25,25,26,26,26,26,25,25,25,25,25,25,25,25,25,26,26,26,26
-62,125,20,26,26,25,24,24,23,21,20,20,20,20,19,19,19,19,18,18,17,16,16,15,14,14,14,13,4,0,0,0,0,0,0,0,0,0,6,21,22,23,23,23,24,24,25,25,26,26,26,26,26,26,26,25,25,24,25,25,26,26,26,27,27
-62,125,20,29,28,27,26,25,24,23,22,21,21,20,20,20,19,19,19,18,18,17,16,16,15,14,14,14,3,0,0,0,0,0,0,0,0,0,5,23,23,24,25,25,26,26,26,27,28,29,28,28,27,27,27,26,26,26,27,27,28,28,29,29,29
-62,125,20,25,25,24,24,23,22,21,19,18,18,18,18,17,18,18,17,17,17,15,14,14,13,13,12,11,2,0,0,0,0,0,0,0,0,0,4,20,21,21,22,22,23,24,24,24,25,26,26,25,25,24,25,24,24,24,24,24,24,24,25,26,27
-62,125,20,25,24,24,23,22,22,20,19,19,19,18,18,18,18,18,17,17,16,15,15,14,13,13,12,12,2,0,0,0,0,0,0,0,0,0,5,20,21,21,21,23,23,23,24,24,25,25,25,25,24,24,24,24,23,24,24,24,25,25,26,26,27
-62,125,20,26,26,25,24,23,22,21,21,21,21,19,18,18,19,19,18,17,17,16,15,14,14,13,13,13,3,0,0,0,0,0,0,0,0,0,5,21,21,22,23,23,24,24,24,25,26,26,26,25,24,24,25,24,24,24,25,25,25,25,26,26,26
-62,125,20,29,28,27,26,25,24,23,22,22,21,20,20,20,20,20,19,19,18,17,17,16,15,15,14,13,3,0,0,0,0,0,0,0,0,0,5,22,22,24,25,26,27,28,27,27,28,29,29,28,27,27,28,27,26,27,27,28,28,28,29,30,30
-62,125,20,26,25,25,24,23,22,22,20,20,20,19,19,19,18,18,18,17,17,16,15,14,13,13,13,12,3,0,0,0,0,0,0,0,0,0,5,21,21,23,23,23,24,24,24,25,24,25,26,26,25,25,25,24,24,24,24,25,25,25,26,27,27
-62,125,20,26,25,23,22,21,21,21,21,20,19,18,18,18,18,18,18,16,15,14,14,13,13,13,13,12,2,0,0,0,0,0,0,0,0,0,4,20,21,21,22,23,22,23,24,24,25,25,25,25,24,24,24,24,24,23,23,24,25,25,26,26,26
-62,125,20,25,25,23,23,23,21,21,19,18,18,17,17,17,17,17,17,17,16,15,14,14,13,12,12,11,2,0,0,0,0,0,0,0,0,0,4,20,21,21,22,22,24,24,24,24,24,26,25,25,24,24,24,24,23,24,24,24,24,24,25,26,27
-62,125,20,29,27,26,25,25,24,23,21,21,21,21,20,20,20,20,19,19,18,17,16,15,15,14,14,14,3,0,0,0,0,0,0,0,0,0,5,22,22,24,24,25,25,25,26,26,27,28,28,28,27,27,26,26,26,25,26,26,27,27,29,30,29
-62,125,20,28,27,26,26,25,24,23,22,22,22,20,20,20,19,20,19,18,18,17,16,15,15,14,13,13,3,0,0,0,0,0,0,0,0,0,5,22,22,23,24,25,25,26,25,25,27,28,28,27,27,26,26,26,25,25,26,26,27,28,29,29,29
-62,125,20,26,26,25,24,24,23,22,21,21,20,20,20,19,19,18,18,18,17,16,15,15,15,14,14,13,4,0,0,0,0,0,0,0,0,0,5,21,22,22,24,24,24,25,25,25,26,26,26,26,26,26,26,25,25,25,25,26,26,26,26,29,29
-62,125,20,29,29,28,27,25,24,24,23,23,23,22,21,21,21,21,20,20,19,18,17,17,16,16,15,14,4,0,0,0,0,0,0,0,0,0,6,23,24,25,26,26,27,27,28,28,30,30,30,28,27,27,29,28,28,28,28,28,28,29,30,31,31
-62,125,20,26,26,25,24,23,22,21,21,21,21,20,20,19,19,19,18,18,17,17,16,15,14,14,14,14,4,0,0,0,0,0,0,0,0,0,5,21,22,23,23,23,24,25,24,24,24,25,26,26,26,26,25,24,24,25,25,25,25,25,26,27,28
-62,125,20,27,25,24,23,23,22,21,20,21,20,19,19,19,19,18,18,17,17,16,15,14,14,13,12,12,3,0,0,0,0,0,0,0,0,0,5,21,21,21,22,23,24,24,24,24,25,25,25,25,25,25,25,24,24,25,25,25,25,25,26,27,28
-62,125,20,27,26,25,24,24,23,22,20,20,20,20,19,19,19,19,18,18,17,17,16,15,14,14,13,13,4,0,0,0,0,0,0,0,0,0,5,21,22,22,23,24,25,25,25,26,26,27,27,27,26,26,26,25,25,25,25,25,25,26,27,28,28
-62,125,20,28,28,26,26,25,24,23,22,21,21,21,21,21,21,19,19,19,18,18,16,15,14,14,14,14,3,0,0,0,0,0,0,0,0,0,5,23,23,24,24,25,26,27,27,27,28,29,29,29,28,27,27,27,27,27,27,27,27,27,28,29,29
-62,125,20,25,25,24,22,21,21,20,20,20,20,18,17,17,17,17,17,16,16,15,15,13,13,13,12,11,2,0,0,0,0,0,0,0,0,0,5,20,20,21,22,22,23,23,24,24,25,25,25,24,23,23,24,24,24,23,23,23,25,26,26,26,26
-62,125,20,27,26,25,25,24,23,22,21,21,21,19,19,18,18,18,18,18,18,17,17,15,14,14,14,13,3,0,0,0,0,0,0,0,0,0,5,21,21,23,24,23,24,25,25,25,26,27,27,26,26,26,26,25,25,25,25,25,25,25,27,28,28
-62,125,20,25,25,25,25,24,22,21,21,21,20,19,18,19,19,19,19,18,18,17,16,15,15,14,14,13,4,0,0,0,0,0,0,0,0,0,6,21,21,22,22,23,24,25,25,25,26,26,26,25,25,24,25,24,24,25,25,25,25,25,27,27,26
-62,125,20,26,26,24,23,22,22,21,20,19,19,18,18,18,17,17,17,16,16,15,15,14,13,13,12,12,3,0,0,0,0,0,0,0,0,0,4,20,20,21,22,23,24,24,24,24,25,26,26,25,24,24,24,24,24,24,25,25,25,25,26,27,27
-62,125,20,26,26,25,25,23,22,22,21,20,20,19,18,18,19,19,17,17,16,16,15,15,14,14,13,13,4,0,0,0,0,0,0,0,0,0,5,21,21,22,23,23,24,25,25,26,26,27,27,26,26,26,26,25,25,25,25,25,25,25,26,27,27
-62,125,20,26,26,26,25,24,23,22,20,19,20,19,19,19,19,19,18,18,18,16,15,15,15,14,14,13,4,0,0,0,0,0,0,0,0,0,5,21,21,22,23,24,24,24,25,25,26,27,27,26,26,25,26,25,24,25,26,26,26,26,26,27,27
-62,125,20,26,26,25,24,22,22,21,19,19,19,19,17,17,18,18,17,17,16,16,15,14,13,13,13,12,2,0,0,0,0,0,0,0,0,0,5,20,21,22,22,24,23,24,24,25,26,27,26,25,24,24,25,24,24,24,24,24,25,26,27,27,25
-62,125,20,29,27,27,26,26,24,23,22,21,20,20,20,20,20,20,20,19,18,17,16,16,15,15,14,14,3,0,0,0,0,0,0,0,0,0,5,22,23,24,24,26,26,27,26,27,28,29,29,29,28,28,28,27,26,26,27,27,28,28,29,29,29
-62,125,20,26,25,24,23,23,22,20,20,19,19,18,18,18,17,17,17,16,16,15,14,14,13,12,12,12,2,0,0,0,0,0,0,0,0,0,4,19,20,21,22,23,23,23,23,24,25,26,26,25,24,25,25,24,23,24,24,24,24,25,26,26,26
-62,125,20,27,27,26,25,24,23,22,21,20,20,19,19,19,19,18,18,17,17,16,16,15,15,14,14,13,4,0,0,0,0,0,0,0,0,0,6,21,22,23,24,24,25,25,25,25,26,26,26,26,25,25,25,25,25,25,25,26,26,26,27,28,27
-62,125,20,25,25,24,22,22,22,21,20,19,19,19,17,18,17,17,17,17,16,15,14,14,12,12,12,12,2,0,0,0,0,0,0,0,0,0,5,19,20,21,22,22,23,23,23,24,24,25,25,25,24,24,24,23,23,23,23,24,24,25,25,27,27
-62,125,20,26,25,24,23,22,21,20,19,18,19,18,18,18,18,18,17,17,16,15,14,13,13,13,12,12,3,0,0,0,0,0,0,0,0,0,4,20,21,21,22,22,23,24,24,25,25,26,26,25,25,25,25,24,24,24,24,24,25,25,26,26,27
-62,125,20,29,29,28,27,26,25,24,24,24,23,22,21,21,21,21,21,20,19,18,17,17,16,15,14,14,4,0,0,0,0,0,0,0,0,0,6,24,25,25,25,26,27,28,28,28,29,29,30,29,29,28,29,28,28,28,28,28,28,29,30,30,31
-62,125,20,26,26,25,24,24,22,21,19,19,19,19,18,18,18,18,18,17,16,15,15,15,14,14,13,12,2,0,0,0,0,0,0,0,0,0,5,20,21,21,22,23,23,24,24,25,25,26,25,25,25,25,25,25,25,25,25,25,25,26,26,27,28
-62,125,20,30,29,28,27,26,25,24,24,24,24,22,22,22,22,21,21,19,18,18,17,17,16,16,15,15,4,0,0,0,0,0,0,0,0,0,6,23,24,25,26,27,27,27,28,28,29,29,30,29,29,28,28,28,27,28,28,28,28,29,30,31,31
-62,125,20,29,28,27,26,25,24,23,22,21,21,21,20,20,20,20,19,19,18,17,17,16,15,15,14,14,3,0,0,0,0,0,0,0,0,0,5,22,23,24,25,26,26,27,27,27,28,28,29,28,26,26,27,26,26,26,27,27,27,28,29,30,30
-62,125,20,30,29,28,28,27,26,24,23,23,23,22,21,21,20,20,21,20,20,18,17,17,17,16,15,14,4,0,0,0,0,0,0,0,0,0,7,23,24,25,26,26,27,28,27,28,29,30,30,28,28,28,28,27,27,27,27,28,28,29,30,31,30
-62,125,20,27,26,26,24,24,23,21,21,21,20,19,19,20,20,19,19,18,17,17,16,14,14,14,14,13,4,0,0,0,0,0,0,0,0,0,6,21,22,23,23,24,25,25,25,26,26,27,27,26,26,26,26,25,25,25,25,25,25,26,27,28,28
-62,125,20,26,26,24,24,23,22,21,21,21,20,19,19,19,18,18,18,18,17,16,15,15,14,14,13,12,3,0,0,0,0,0,0,0,0,0,5,21,21,22,23,23,24,24,24,24,26,26,26,26,25,24,25,24,24,25,25,25,25,25,26,28,28
-62,125,20,29,28,27,26,25,24,23,22,22,22,20,20,20,19,19,19,19,18,17,16,15,15,14,14,14,3,0,0,0,0,0,0,0,0,0,5,22,22,23,24,25,26,26,26,27,27,28,29,28,27,27,27,27,26,27,28,27,27,28,29,30,30
-62,125,20,26,26,26,24,23,23,21,21,21,21,19,19,19,19,19,18,18,17,17,16,15,14,13,13,13,3,0,0,0,0,0,0,0,0,0,5,21,22,22,23,23,25,25,25,25,26,27,27,26,26,25,26,25,25,24,25,25,25,26,27,28,28
-62,125,20,27,27,25,24,24,23,22,21,20,20,20,20,19,19,18,18,17,17,16,16,15,14,14,13,13,4,0,0,0,0,0,0,0,0,0,6,21,22,23,23,24,24,25,25,25,25,26,26,26,25,25,26,25,25,25,25,25,26,26,26,27,28
-62,125,20,27,26,25,25,24,23,22,21,21,20,20,20,19,19,19,19,18,17,17,16,15,15,14,14,13,4,0,0,0,0,0,0,0,0,0,6,21,22,23,23,24,24,24,25,26,26,27,26,26,26,25,25,25,25,24,25,25,26,26,27,27,27
-62,125,20,25,25,23,23,22,21,19,18,18,18,18,18,18,17,17,16,16,16,15,15,13,13,12,12,12,3,0,0,0,0,0,0,0,0,0,4,19,20,21,22,22,23,24,24,24,24,25,26,26,25,25,25,24,23,24,25,24,24,23,25,27,28
-62,125,20,25,24,23,22,22,21,20,20,21,20,19,19,18,18,18,17,17,16,16,15,14,13,13,12,12,2,0,0,0,0,0,0,0,0,0,5,20,20,21,21,22,23,23,24,23,24,25,25,25,24,23,25,24,23,23,24,25,25,25,25,26,27
-62,125,20,26,25,24,23,23,22,21,20,20,20,18,18,18,18,18,17,17,15,15,14,14,13,12,12,12,2,0,0,0,0,0,0,0,0,0,4,20,20,21,22,23,23,24,24,25,25,26,26,26,25,24,25,24,24,24,24,25,25,25,26,27,27
-62,125,20,28,28,27,26,25,24,23,22,22,21,20,20,19,19,19,19,19,17,17,16,15,15,14,13,13,3,0,0,0,0,0,0,0,0,0,5,22,22,24,24,25,25,26,26,27,28,29,29,28,28,27,27,27,26,26,26,26,26,28,29,29,29
-62,125,20,26,25,24,24,23,22,21,21,20,19,19,18,18,18,18,17,17,17,15,15,14,14,13,13,13,2,0,0,0,0,0,0,0,0,0,5,20,21,21,22,23,24,23,23,24,25,25,26,25,25,24,24,24,23,24,25,25,25,25,26,26,27
-62,125,20,26,25,24,23,22,21,20,19,18,19,18,18,17,17,17,17,16,16,16,14,14,13,13,13,12,3,0,0,0,0,0,0,0,0,0,4,19,21,21,22,23,23,24,24,24,25,26,26,25,24,24,25,24,23,23,24,24,25,25,26,26,26
-62,125,20,27,26,25,24,23,22,21,21,20,20,19,19,19,19,19,18,18,18,17,16,15,14,14,13,13,4,0,0,0,0,0,0,0,0,0,5,21,22,22,23,24,24,24,25,25,26,27,27,27,26,25,26,26,25,25,25,25,25,25,26,27,29
-62,125,20,26,25,24,24,23,22,21,20,20,20,20,20,19,19,19,19,18,18,17,16,15,14,14,14,13,4,0,0,0,0,0,0,0,0,0,6,21,22,22,23,24,24,25,24,25,25,26,26,25,25,25,25,25,25,25,25,25,25,25,26,27,27
-62,125,20,29,29,27,26,25,24,24,23,23,22,22,21,21,20,20,19,19,18,18,18,16,15,14,14,14,3,0,0,0,0,0,0,0,0,0,5,22,23,24,25,25,26,26,27,27,27,28,28,28,28,27,27,26,26,27,27,28,29,28,28,30,31
-62,125,20,25,25,24,23,22,21,21,19,19,19,18,18,17,17,17,17,17,15,15,15,13,13,12,12,12,2,0,0,0,0,0,0,0,0,0,4,19,20,20,22,22,23,24,23,24,25,26,26,25,24,24,24,24,23,24,24,25,25,25,25,27,27
-62,125,20,28,28,26,25,25,24,23,22,22,21,20,20,20,20,19,19,18,17,17,16,15,14,14,13,13,3,0,0,0,0,0,0,0,0,0,5,22,23,23,23,24,26,26,27,27,28,29,29,28,27,27,27,27,26,27,27,27,28,28,29,29,28
-62,125,20,28,27,26,25,25,24,22,22,21,21,20,20,19,19,19,18,18,18,17,16,15,15,14,14,13,3,0,0,0,0,0,0,0,0,0,5,22,22,23,24,25,25,27,26,26,27,29,28,28,26,26,27,26,26,26,26,27,27,28,28,30,30
-62,125,20,26,26,24,24,23,22,21,20,21,21,19,19,19,19,18,18,17,17,16,15,15,14,13,13,12,3,0,0,0,0,0,0,0,0,0,5,21,21,22,22,23,24,24,24,24,25,26,26,25,25,25,25,24,24,24,24,25,25,25,26,28,27
-62,125,20,27,26,25,25,24,22,22,21,21,21,20,19,19,19,19,18,18,18,17,16,15,15,14,14,13,4,0,0,0,0,0,0,0,0,0,5,21,21,23,24,24,24,24,24,25,26,27,27,26,25,25,25,25,24,25,25,26,26,26,27,28,28
-62,125,20,29,29,28,26,26,25,24,24,24,23,22,21,21,21,21,21,20,20,18,17,17,16,15,15,14,4,0,0,0,0,0,0,0,0,0,6,24,24,25,26,26,26,27,27,28,28,29,30,30,29,28,28,28,28,28,28,28,29,29,30,31,31
-62,125,20,25,25,24,23,22,21,20,19,18,18,17,17,17,18,18,17,16,16,14,14,13,13,13,12,11,3,0,0,0,0,0,0,0,0,0,4,19,20,21,22,22,22,23,23,24,25,26,26,25,25,24,24,24,23,24,24,24,25,25,26,27,28
-62,125,20,26,25,25,23,22,22,21,21,20,20,18,18,18,18,18,17,17,16,16,15,14,12,13,13,14,3,0,0,0,0,0,0,0,0,0,5,21,21,21,23,23,24,24,24,25,25,26,26,25,25,24,25,24,24,24,24,25,25,25,25,27,27
-62,125,20,28,28,27,27,26,25,24,23,22,22,22,22,22,21,21,21,20,19,18,17,16,16,15,15,14,4,0,0,0,0,0,0,0,0,0,6,23,24,25,25,26,27,27,27,28,28,29,29,29,28,27,28,27,26,27,27,28,28,28,29,30,31
-62,125,20,26,25,24,23,22,21,20,20,20,19,18,18,18,17,17,17,17,16,15,14,13,13,13,12,12,2,0,0,0,0,0,0,0,0,0,4,20,20,21,22,22,23,23,24,24,25,25,25,25,24,24,24,23,24,24,24,24,24,25,26,26,27
-62,125,20,26,25,24,23,22,21,20,19,20,19,18,18,18,18,17,17,17,15,15,14,13,13,12,12,12,2,0,0,0,0,0,0,0,0,0,4,20,20,21,21,22,22,23,24,24,25,25,25,24,24,24,24,23,24,24,24,24,25,25,26,26,27
-62,125,20,26,26,25,24,23,23,21,21,21,20,20,19,19,19,19,18,18,17,16,16,15,14,14,14,12,3,0,0,0,0,0,0,0,0,0,6,22,22,23,23,24,24,24,24,25,26,27,27,26,26,26,25,25,24,25,26,26,26,26,27,27,27
-62,125,20,25,25,24,23,22,22,21,21,23,20,18,19,19,18,17,17,16,15,14,13,13,13,12,12,12,2,0,0,0,0,0,0,0,0,0,4,19,20,21,21,22,22,24,24,24,25,25,25,25,24,24,24,24,24,24,24,24,24,24,25,26,27
-62,125,20,30,30,28,27,26,26,25,23,23,23,22,22,22,21,21,20,20,20,18,18,16,16,15,15,14,3,0,0,0,0,0,0,0,0,0,6,24,24,25,26,26,27,27,28,29,29,29,29,29,28,28,28,27,28,27,28,28,29,29,30,30,30
-62,125,20,30,29,27,26,25,25,24,23,21,22,21,22,22,20,20,18,18,18,17,17,16,15,14,14,14,4,0,0,0,0,0,0,0,0,0,5,23,24,24,25,26,26,27,27,28,27,28,28,28,28,28,28,27,26,27,27,27,28,28,29,29,30
-62,125,20,25,25,23,22,22,21,20,19,20,19,18,18,18,18,17,17,16,16,15,14,14,13,13,12,12,2,0,0,0,0,0,0,0,0,0,4,20,20,21,21,22,23,24,24,24,24,26,26,25,24,24,24,24,23,23,24,24,25,25,26,27,26
-62,125,20,27,27,26,25,24,23,22,21,22,21,19,18,18,19,19,18,17,17,16,15,15,15,14,13,13,4,0,0,0,0,0,0,0,0,0,5,20,21,22,23,24,25,25,25,26,27,27,26,26,25,25,26,25,25,25,25,25,26,26,27,28,28
-62,125,20,30,29,28,27,26,25,24,23,22,22,22,21,21,21,21,20,19,19,18,17,17,16,15,15,15,4,0,0,0,0,0,0,0,0,0,6,23,24,25,26,26,27,28,28,28,29,29,29,29,28,28,29,28,28,28,28,28,29,29,30,31,31
-62,125,20,27,26,25,24,23,22,22,21,21,20,20,20,20,20,19,18,18,17,17,16,15,15,13,13,13,3,0,0,0,0,0,0,0,0,0,5,21,22,23,23,24,25,25,25,26,26,26,26,26,26,26,26,25,25,25,26,26,26,26,26,28,28
-62,125,20,27,27,25,24,24,23,22,21,21,21,20,19,19,19,18,18,17,17,17,16,15,15,14,14,13,3,0,0,0,0,0,0,0,0,0,5,21,21,22,24,23,25,25,24,25,26,26,26,26,26,25,25,26,25,26,25,25,25,25,27,28,29
-62,125,20,25,25,23,23,23,21,20,19,19,19,18,18,18,17,17,17,17,16,15,14,13,12,12,12,11,2,0,0,0,0,0,0,0,0,0,4,19,20,21,21,22,24,24,24,23,24,25,26,24,24,24,24,24,24,24,25,25,24,24,25,26,27
-62,125,20,30,29,28,27,26,25,24,23,23,23,22,21,21,21,21,20,20,19,18,17,17,16,16,15,14,4,0,0,0,0,0,0,0,0,0,6,23,24,25,25,26,27,28,28,28,29,30,30,29,29,28,28,28,27,28,28,29,28,28,29,30,30
-62,125,20,30,29,26,26,26,25,23,22,22,22,21,21,21,20,20,20,18,18,18,17,15,15,14,14,15,4,0,0,0,0,0,0,0,0,0,5,22,23,25,25,26,26,27,27,26,27,28,29,28,28,28,28,27,26,28,28,28,27,27,29,30,31
-62,125,20,29,29,28,27,26,25,25,24,24,23,22,21,21,21,20,20,20,20,18,18,17,16,15,15,15,4,0,0,0,0,0,0,0,0,0,6,23,24,25,25,26,26,27,28,28,29,30,30,29,28,28,28,27,28,28,28,28,29,29,30,31,30
-62,125,20,29,28,27,26,25,24,23,22,22,21,20,20,19,19,19,19,18,17,16,16,15,15,14,13,13,2,0,0,0,0,0,0,0,0,0,5,22,23,24,24,25,26,26,26,27,27,28,28,27,26,26,27,26,26,26,26,27,27,27,29,29,30
-62,125,20,29,29,27,26,25,24,23,23,23,22,21,20,20,19,19,19,19,18,17,17,16,15,15,13,13,2,0,0,0,0,0,0,0,0,0,5,23,23,24,25,26,26,27,26,27,28,28,28,28,27,27,27,27,27,27,27,27,27,28,29,29,29
-62,125,20,26,25,24,23,22,21,20,20,19,18,18,17,17,17,17,17,17,16,15,15,13,13,12,12,11,2,0,0,0,0,0,0,0,0,0,4,20,20,21,21,22,23,24,24,25,26,26,26,26,25,25,25,25,24,24,24,24,25,25,26,27,27
-62,125,20,26,26,25,24,24,22,21,21,20,20,20,19,19,19,19,18,18,17,17,16,15,14,14,13,13,4,0,0,0,0,0,0,0,0,0,6,21,22,22,23,23,24,25,24,25,25,26,26,26,25,25,25,25,25,24,25,25,26,26,27,28,28
-62,125,20,29,27,27,26,25,24,23,23,22,22,20,20,20,19,19,19,18,18,17,16,15,14,14,14,13,2,0,0,0,0,0,0,0,0,0,5,22,22,24,24,24,26,26,27,27,28,29,29,28,27,26,27,26,26,26,27,27,27,29,29,29,29
-62,125,20,24,23,21,21,20,19,18,16,16,17,17,16,16,16,16,16,15,14,13,13,12,12,12,11,10,2,0,0,0,0,0,0,0,0,0,5,18,19,19,20,20,21,22,22,22,23,23,23,23,22,22,22,22,22,21,21,22,23,23,25,25,24
-62,125,20,29,29,28,27,26,24,23,23,22,22,21,20,20,20,20,20,19,18,17,16,16,15,15,14,14,4,0,0,0,0,0,0,0,0,0,6,23,24,24,25,26,27,28,28,28,29,30,30,29,28,28,29,28,28,28,28,28,28,29,29,30,30
-62,125,20,26,24,24,24,24,22,21,19,19,19,18,18,17,18,18,18,17,16,15,15,15,14,13,12,12,2,0,0,0,0,0,0,0,0,0,4,20,20,21,23,23,23,24,24,25,26,27,27,26,24,24,24,24,24,25,25,25,25,26,26,26,26
-62,125,20,26,26,26,25,23,22,21,21,21,21,19,18,18,18,18,18,17,16,16,16,15,14,14,13,13,3,0,0,0,0,0,0,0,0,0,5,20,20,21,22,23,24,24,25,25,25,26,26,25,25,25,25,25,25,25,26,25,25,26,27,28,28
-62,125,20,26,25,25,24,23,21,21,21,20,19,18,18,18,18,18,18,17,16,15,15,14,13,13,13,12,2,0,0,0,0,0,0,0,0,0,5,20,21,21,22,22,23,24,24,24,25,26,26,25,25,25,25,24,24,24,24,24,24,25,26,26,26
-62,125,20,27,26,26,25,23,23,22,21,21,20,19,19,19,19,19,18,18,17,17,16,15,15,14,13,12,3,0,0,0,0,0,0,0,0,0,6,21,21,23,23,24,24,25,25,25,27,26,26,26,25,25,25,25,25,25,26,25,26,27,28,28,28
-62,125,20,26,25,25,24,23,22,21,21,21,20,18,18,18,18,18,17,17,17,15,14,14,13,13,13,12,2,0,0,0,0,0,0,0,0,0,4,20,21,22,23,23,24,24,25,25,26,26,26,26,26,25,25,24,24,24,25,25,25,25,27,27,28
-62,125,20,26,25,25,23,23,22,21,20,20,20,19,18,18,18,18,17,17,16,16,15,14,13,13,13,12,3,0,0,0,0,0,0,0,0,0,5,20,21,22,22,23,23,23,24,25,25,26,26,25,25,24,25,24,23,24,24,24,25,25,26,27,27
-62,125,20,30,29,28,27,26,25,24,23,22,22,22,22,22,21,21,20,19,19,17,17,17,16,15,15,15,4,0,0,0,0,0,0,0,0,0,6,24,24,25,26,26,26,27,28,28,29,30,30,29,29,28,28,28,27,28,28,28,29,29,30,30,31
-62,125,20,26,25,25,25,24,22,21,21,21,20,19,18,18,18,18,18,17,17,17,16,15,13,13,13,13,3,0,0,0,0,0,0,0,0,0,5,20,20,22,22,23,24,24,24,25,25,26,27,26,25,25,25,25,24,25,25,25,26,25,27,28,28
-62,125,20,27,26,25,25,24,24,23,21,21,21,20,19,19,19,19,19,18,17,17,16,15,15,14,14,13,4,0,0,0,0,0,0,0,0,0,6,21,22,23,23,24,24,24,25,25,26,26,27,26,25,25,25,25,25,24,25,25,25,26,27,28,28
-62,125,20,27,26,25,24,24,23,22,21,20,20,20,18,19,19,18,19,17,17,17,16,15,14,14,14,13,3,0,0,0,0,0,0,0,0,0,5,20,21,22,24,24,24,25,25,25,26,26,26,26,25,25,25,25,25,25,26,25,26,26,27,27,27
-62,125,20,26,26,24,23,21,21,21,20,18,18,18,17,17,17,16,17,15,15,15,15,14,14,14,12,12,3,0,0,0,0,0,0,0,0,0,5,20,20,22,22,23,23,23,24,24,25,25,26,26,24,24,25,25,24,23,23,24,25,25,25,26,25
-62,125,20,26,25,25,23,22,21,20,20,20,19,19,18,18,18,18,18,17,16,15,15,14,14,13,12,12,3,0,0,0,0,0,0,0,0,0,5,20,20,21,22,22,23,24,24,24,25,25,26,25,24,24,24,23,23,24,25,24,25,25,26,27,26
-62,125,20,27,26,25,24,23,23,22,20,20,20,20,19,19,19,19,18,18,17,16,15,15,14,14,13,13,4,0,0,0,0,0,0,0,0,0,5,21,22,22,23,24,24,25,25,26,26,27,27,27,26,26,26,25,25,25,26,26,26,27,27,28,28
-62,125,20,27,27,26,25,24,23,22,21,20,21,21,20,19,19,19,18,18,18,16,15,15,14,14,13,13,4,0,0,0,0,0,0,0,0,0,5,21,22,23,23,24,24,25,25,26,26,27,27,26,26,26,26,26,25,26,26,26,26,26,27,28,28
-62,125,20,26,26,25,24,23,21,20,21,20,19,18,18,18,18,18,17,17,16,15,14,13,13,13,13,12,2,0,0,0,0,0,0,0,0,0,5,20,20,21,22,23,23,24,25,24,25,26,26,26,25,25,25,24,24,25,25,25,25,25,26,27,27
-62,125,20,26,26,25,24,23,23,22,21,21,21,20,19,19,19,19,19,18,17,16,16,16,15,14,13,13,3,0,0,0,0,0,0,0,0,0,6,21,21,22,23,24,24,24,25,25,26,26,27,26,25,25,26,25,25,25,25,25,25,26,27,27,27
-62,125,20,25,25,24,23,23,22,21,20,19,19,18,18,18,18,18,17,17,16,15,14,13,13,13,13,12,2,0,0,0,0,0,0,0,0,0,5,20,21,21,22,22,23,24,24,25,25,26,26,26,26,25,25,25,24,24,25,24,25,25,26,27,27
-62,125,20,26,25,24,23,22,22,21,19,19,18,18,17,17,17,17,17,16,16,15,14,13,13,13,12,12,2,0,0,0,0,0,0,0,0,0,5,20,20,21,21,22,22,23,24,24,25,25,25,25,24,24,24,24,23,23,25,24,25,25,25,26,26
-62,125,20,26,25,25,24,23,22,21,20,19,19,18,18,18,17,17,17,17,16,15,14,14,13,13,12,12,3,0,0,0,0,0,0,0,0,0,4,19,20,21,22,23,24,24,24,24,24,25,25,25,25,24,24,24,24,24,25,25,25,25,26,27,27
-62,125,20,25,26,25,23,22,22,21,20,19,20,19,18,18,18,18,18,17,17,15,15,13,13,13,12,12,2,0,0,0,0,0,0,0,0,0,5,20,21,21,22,22,23,24,24,24,25,26,26,25,25,24,25,24,24,25,25,25,25,25,26,27,27
-62,125,20,26,26,25,24,23,22,21,20,21,21,19,17,17,18,18,17,17,16,15,15,14,14,14,13,13,4,0,0,0,0,0,0,0,0,0,5,20,20,22,23,23,24,24,24,25,26,26,26,26,25,24,25,24,24,24,24,25,25,25,26,27,27
-62,125,20,27,27,26,25,24,23,22,21,21,21,20,20,19,19,19,18,18,17,16,16,15,14,14,13,13,4,0,0,0,0,0,0,0,0,0,5,21,21,22,23,24,25,25,25,25,26,26,27,27,26,26,25,25,24,25,25,25,25,25,27,29,30
-62,125,20,25,25,24,23,23,21,20,19,18,18,18,18,18,17,17,17,16,16,15,14,13,12,12,12,12,2,0,0,0,0,0,0,0,0,0,4,19,20,21,21,21,23,24,24,23,23,24,25,25,25,25,24,24,23,24,24,24,24,24,25,26,28
-62,125,20,26,26,25,24,23,23,22,21,20,20,20,19,19,19,19,18,18,17,16,15,14,14,13,13,13,4,0,0,0,0,0,0,0,0,0,6,21,22,22,23,24,25,25,25,25,25,27,27,26,25,25,25,25,25,25,25,25,26,25,27,28,29
-62,125,20,26,25,24,23,22,21,21,20,19,19,18,18,18,17,17,17,16,16,15,14,13,13,12,12,11,2,0,0,0,0,0,0,0,0,0,5,20,20,21,22,23,23,23,24,24,25,25,26,25,24,24,24,24,24,24,24,24,25,25,26,27,27
-62,125,20,26,26,25,24,23,22,22,20,20,20,19,19,19,19,19,18,18,17,16,16,15,14,14,13,13,4,0,0,0,0,0,0,0,0,0,6,21,21,23,23,23,25,25,25,25,26,26,27,26,26,26,26,25,25,25,25,25,25,26,27,28,28
-62,125,20,26,26,25,24,24,22,21,20,19,20,20,19,19,18,18,17,17,17,15,15,15,14,12,12,13,3,0,0,0,0,0,0,0,0,0,5,21,21,21,22,23,23,24,25,25,25,26,26,26,26,26,25,25,24,24,25,25,25,25,26,27,27
-62,125,20,27,27,25,24,24,22,21,20,20,20,20,20,19,19,19,18,18,17,16,16,15,14,13,13,13,4,0,0,0,0,0,0,0,0,0,6,21,21,22,23,23,25,25,25,25,26,26,27,27,26,26,26,26,24,25,26,26,26,26,26,27,28
-62,125,20,29,29,28,27,26,25,23,23,24,23,22,21,20,20,20,20,19,19,18,17,16,15,15,14,14,4,0,0,0,0,0,0,0,0,0,6,23,24,24,25,26,27,28,28,28,29,30,30,29,29,28,29,29,28,28,28,28,28,29,30,31,30
-62,125,20,26,25,25,24,23,23,21,20,21,20,19,19,19,18,18,18,17,17,16,15,14,14,13,13,13,3,0,0,0,0,0,0,0,0,0,5,21,21,22,23,23,24,25,25,25,26,27,27,26,26,25,26,26,25,25,25,25,25,25,26,27,27
-62,125,20,26,25,25,24,23,22,21,20,20,19,18,17,17,17,17,17,16,15,15,14,14,13,13,12,11,2,0,0,0,0,0,0,0,0,0,4,20,20,21,22,23,23,24,24,24,25,26,26,25,24,24,25,24,24,24,24,25,25,26,26,27,27
-62,125,20,29,29,28,27,26,25,24,23,22,22,21,22,21,21,21,20,20,19,18,17,16,15,15,15,14,4,0,0,0,0,0,0,0,0,0,6,23,24,25,26,26,27,28,28,28,28,29,29,29,29,28,28,28,28,28,29,29,29,28,30,31,32
-62,125,20,28,27,26,25,24,23,23,22,22,23,21,20,20,20,20,19,18,16,16,16,16,15,14,13,12,3,0,0,0,0,0,0,0,0,0,5,22,22,23,24,24,25,25,25,26,26,26,27,27,26,26,26,25,26,25,26,27,27,27,27,28,28
-62,125,20,25,25,24,23,22,21,20,19,20,19,19,18,17,17,17,17,17,16,14,14,13,13,12,12,11,2,0,0,0,0,0,0,0,0,0,4,20,20,21,21,22,23,24,24,24,25,25,26,25,25,24,25,24,24,24,24,25,25,25,26,27,27
-62,125,20,26,25,24,23,22,22,22,21,21,20,19,19,19,18,18,17,17,17,16,16,14,13,13,13,12,3,0,0,0,0,0,0,0,0,0,5,21,21,21,22,23,24,24,24,25,26,27,26,26,25,24,24,24,24,24,24,24,25,25,26,27,27
-62,125,20,30,29,28,26,26,25,24,24,23,23,22,21,21,21,21,20,20,19,18,17,16,16,15,15,14,4,0,0,0,0,0,0,0,0,0,6,24,24,25,26,26,27,28,27,28,29,30,30,29,28,28,29,28,27,28,28,28,28,29,30,31,30
-62,125,20,27,26,25,25,24,23,22,21,20,20,20,20,19,19,19,19,18,17,17,16,15,14,14,13,13,4,0,0,0,0,0,0,0,0,0,6,21,22,23,23,24,24,25,25,25,25,26,27,25,25,25,25,25,24,25,25,25,26,26,27,28,28
-62,125,20,26,26,25,24,23,22,21,21,21,21,19,18,18,18,18,18,18,17,16,15,15,14,13,13,12,3,0,0,0,0,0,0,0,0,0,6,21,21,22,22,23,23,24,24,24,25,26,26,26,24,24,25,24,24,25,25,25,25,26,27,27,26
-62,125,20,27,26,26,24,24,22,21,21,21,20,19,20,20,20,19,19,18,17,17,16,14,14,14,14,13,4,0,0,0,0,0,0,0,0,0,5,21,22,22,24,24,24,25,25,25,26,26,27,26,25,25,26,26,25,25,25,26,25,26,26,27,28
-62,125,20,26,26,24,23,23,22,21,20,19,19,18,18,18,18,17,17,16,16,15,14,14,13,13,12,12,3,0,0,0,0,0,0,0,0,0,4,19,20,21,22,23,23,24,24,24,25,25,25,25,25,25,25,24,24,25,25,25,25,25,26,27,27
-62,125,20,29,28,28,26,26,25,23,22,22,23,21,20,20,21,21,20,19,19,18,17,16,15,15,14,13,3,0,0,0,0,0,0,0,0,0,6,23,24,23,25,25,26,27,26,27,28,29,29,28,27,27,27,27,27,27,28,27,28,29,30,31,30
-62,125,20,27,26,25,24,23,22,21,20,19,19,18,18,18,18,17,17,17,16,15,15,14,13,13,12,12,3,0,0,0,0,0,0,0,0,0,5,20,21,22,23,23,24,24,24,24,25,25,26,25,25,24,24,24,24,24,25,25,25,26,27,27,28
-62,125,20,25,25,24,23,22,21,20,20,20,19,18,18,18,17,17,17,16,16,15,14,13,13,12,12,12,2,0,0,0,0,0,0,0,0,0,4,21,20,22,22,22,23,24,24,25,25,26,26,25,24,24,25,24,24,23,24,24,25,25,26,26,26
-62,125,20,27,26,26,25,24,23,22,21,21,21,20,19,19,20,20,19,19,18,17,16,15,15,14,14,13,3,0,0,0,0,0,0,0,0,0,5,23,22,24,24,25,26,27,27,27,27,29,28,28,27,27,27,27,26,27,26,27,27,27,27,28,28
-62,125,20,26,26,25,24,23,22,22,21,20,20,20,19,19,19,19,18,18,17,17,16,16,15,15,14,13,4,0,0,0,0,0,0,0,0,0,6,21,21,22,23,24,24,25,25,25,26,27,27,26,26,26,26,25,25,25,24,25,25,26,26,27,27
-62,125,20,26,26,24,24,24,23,22,21,20,20,20,20,20,19,19,19,18,18,17,16,15,15,14,14,14,4,0,0,0,0,0,0,0,0,0,5,21,22,23,23,23,24,25,25,25,26,26,27,26,26,26,26,26,24,25,25,25,25,25,26,27,27
-62,125,20,28,28,26,26,24,24,23,23,23,22,21,20,21,21,21,20,19,18,17,17,17,16,15,14,14,3,0,0,0,0,0,0,0,0,0,5,23,23,24,26,26,26,27,27,28,28,29,29,29,28,27,28,27,26,27,27,28,27,28,28,29,29
-62,125,20,27,26,26,25,24,23,22,21,22,21,20,18,18,19,19,19,18,17,16,15,15,14,15,14,13,3,0,0,0,0,0,0,0,0,0,5,22,23,24,24,25,25,26,26,27,29,29,28,28,26,26,26,26,25,25,25,26,27,28,28,28,27
-62,125,20,27,27,26,25,25,24,23,22,21,21,21,20,20,20,20,20,19,18,17,16,16,15,15,14,14,3,0,0,0,0,0,0,0,0,0,5,23,23,24,25,25,25,26,26,26,28,28,28,27,27,27,27,26,25,26,26,26,26,27,27,27,27
-62,125,20,25,25,24,23,22,21,21,20,20,20,19,18,19,18,18,18,17,16,16,15,14,14,13,13,12,3,0,0,0,0,0,0,0,0,0,5,20,21,22,22,22,23,23,23,24,24,25,25,24,24,24,24,24,23,23,23,24,24,24,25,26,26
